weather_key,origin,observed_hour,temp,humid,wind_speed,precip,visib
EWR 2013-01-01 01:00,EWR,2013-01-01 01:00,39.02,59.37,10.36,0,10
EWR 2013-01-01 02:00,EWR,2013-01-01 02:00,39.02,61.63,8.06,0,10
EWR 2013-01-01 03:00,EWR,2013-01-01 03:00,39.02,64.43,11.51,0,10
EWR 2013-01-01 04:00,EWR,2013-01-01 04:00,39.92,62.21,12.66,0,10
EWR 2013-01-01 05:00,EWR,2013-01-01 05:00,39.02,64.43,12.66,0,10
EWR 2013-01-01 06:00,EWR,2013-01-01 06:00,37.94,67.21,11.51,0,10
EWR 2013-01-01 07:00,EWR,2013-01-01 07:00,39.02,64.43,14.96,0,10
EWR 2013-01-01 08:00,EWR,2013-01-01 08:00,39.92,62.21,10.36,0,10
EWR 2013-01-01 09:00,EWR,2013-01-01 09:00,39.92,62.21,14.96,0,10
EWR 2013-01-01 10:00,EWR,2013-01-01 10:00,41,59.65,13.81,0,10
EWR 2013-01-01 11:00,EWR,2013-01-01 11:00,41,57.06,14.96,0,10
EWR 2013-01-01 13:00,EWR,2013-01-01 13:00,39.2,69.67,16.11,0,10
EWR 2013-01-01 14:00,EWR,2013-01-01 14:00,39.02,54.68,13.81,0,10
EWR 2013-01-01 15:00,EWR,2013-01-01 15:00,37.94,57.04,9.21,0,10
EWR 2013-01-01 16:00,EWR,2013-01-01 16:00,37.04,49.62,13.81,0,10
EWR 2013-01-01 17:00,EWR,2013-01-01 17:00,35.96,49.83,11.51,0,10
EWR 2013-01-01 18:00,EWR,2013-01-01 18:00,33.98,45.43,12.66,0,10
EWR 2013-01-01 19:00,EWR,2013-01-01 19:00,33.08,42.84,10.36,0,10
EWR 2013-01-01 20:00,EWR,2013-01-01 20:00,32,49.19,14.96,0,10
EWR 2013-01-01 21:00,EWR,2013-01-01 21:00,30.02,48.48,18.41,0,10
EWR 2013-01-01 22:00,EWR,2013-01-01 22:00,28.94,48.69,18.41,0,10
EWR 2013-01-01 23:00,EWR,2013-01-01 23:00,28.04,48.15,16.11,0,10
EWR 2013-01-02 00:00,EWR,2013-01-02 00:00,26.96,50.34,14.96,0,10
EWR 2013-01-02 01:00,EWR,2013-01-02 01:00,26.06,52.25,12.66,0,10
EWR 2013-01-02 02:00,EWR,2013-01-02 02:00,24.98,54.65,13.81,0,10
EWR 2013-01-02 03:00,EWR,2013-01-02 03:00,24.08,51.93,14.96,0,10
EWR 2013-01-02 04:00,EWR,2013-01-02 04:00,24.08,51.93,12.66,0,10
EWR 2013-01-02 05:00,EWR,2013-01-02 05:00,24.08,51.93,6.9,0,10
EWR 2013-01-02 06:00,EWR,2013-01-02 06:00,24.08,51.93,3.45,0,10
EWR 2013-01-02 07:00,EWR,2013-01-02 07:00,24.98,52.5,6.9,0,10
EWR 2013-01-02 08:00,EWR,2013-01-02 08:00,24.98,52.5,9.21,0,10
EWR 2013-01-02 09:00,EWR,2013-01-02 09:00,26.96,48.36,11.51,0,10
EWR 2013-01-02 10:00,EWR,2013-01-02 10:00,28.94,46.41,9.21,0,10
EWR 2013-01-02 11:00,EWR,2013-01-02 11:00,30.92,44.92,14.96,0,10
EWR 2013-01-02 12:00,EWR,2013-01-02 12:00,32,44.74,12.66,0,10
EWR 2013-01-02 13:00,EWR,2013-01-02 13:00,33.98,41.33,16.11,0,10
EWR 2013-01-02 14:00,EWR,2013-01-02 14:00,33.98,37.86,17.26,0,10
EWR 2013-01-02 15:00,EWR,2013-01-02 15:00,33.98,39.72,13.81,0,10
EWR 2013-01-02 16:00,EWR,2013-01-02 16:00,32,44.74,6.9,0,10
EWR 2013-01-02 17:00,EWR,2013-01-02 17:00,32,44.74,12.66,0,10
EWR 2013-01-02 18:00,EWR,2013-01-02 18:00,30.92,46.74,11.51,0,10
EWR 2013-01-02 19:00,EWR,2013-01-02 19:00,30.92,49.01,6.9,0,10
EWR 2013-01-02 20:00,EWR,2013-01-02 20:00,30.02,50.84,9.21,0,10
EWR 2013-01-02 21:00,EWR,2013-01-02 21:00,30.02,50.84,5.75,0,10
EWR 2013-01-02 22:00,EWR,2013-01-02 22:00,28.94,55.69,8.06,0,10
EWR 2013-01-02 23:00,EWR,2013-01-02 23:00,28.94,55.69,9.21,0,10
EWR 2013-01-03 00:00,EWR,2013-01-03 00:00,28.04,57.79,8.06,0,10
EWR 2013-01-03 01:00,EWR,2013-01-03 01:00,28.04,57.79,10.36,0,10
EWR 2013-01-03 02:00,EWR,2013-01-03 02:00,26.96,60.41,8.06,0,10
EWR 2013-01-03 03:00,EWR,2013-01-03 03:00,26.96,60.41,6.9,0,10
EWR 2013-01-03 04:00,EWR,2013-01-03 04:00,26.06,62.7,5.75,0,10
EWR 2013-01-03 05:00,EWR,2013-01-03 05:00,26.06,62.7,5.75,0,10
EWR 2013-01-03 06:00,EWR,2013-01-03 06:00,26.06,65.21,6.9,0,10
EWR 2013-01-03 07:00,EWR,2013-01-03 07:00,26.06,65.21,5.75,0,10
EWR 2013-01-03 08:00,EWR,2013-01-03 08:00,26.96,65.84,5.75,0,10
EWR 2013-01-03 09:00,EWR,2013-01-03 09:00,28.04,62.97,5.75,0,10
EWR 2013-01-03 10:00,EWR,2013-01-03 10:00,30.92,51.38,9.21,0,10
EWR 2013-01-03 11:00,EWR,2013-01-03 11:00,30.92,49.01,4.6,0,10
EWR 2013-01-03 12:00,EWR,2013-01-03 12:00,33.08,42.84,8.06,0,10
EWR 2013-01-03 13:00,EWR,2013-01-03 13:00,33.98,41.33,9.21,0,10
EWR 2013-01-03 14:00,EWR,2013-01-03 14:00,33.98,41.33,8.06,0,10
EWR 2013-01-03 15:00,EWR,2013-01-03 15:00,33.08,44.92,11.51,0,10
EWR 2013-01-03 16:00,EWR,2013-01-03 16:00,32,46.92,10.36,0,10
EWR 2013-01-03 17:00,EWR,2013-01-03 17:00,30.02,53.29,9.21,0,10
EWR 2013-01-03 18:00,EWR,2013-01-03 18:00,30.92,51.38,10.36,0,10
EWR 2013-01-03 19:00,EWR,2013-01-03 19:00,30.92,51.38,11.51,0,10
EWR 2013-01-03 20:00,EWR,2013-01-03 20:00,30.92,51.38,11.51,0,10
EWR 2013-01-03 21:00,EWR,2013-01-03 21:00,30.92,53.44,12.66,0,10
EWR 2013-01-03 22:00,EWR,2013-01-03 22:00,28.94,60.69,10.36,0,10
EWR 2013-01-03 23:00,EWR,2013-01-03 23:00,30.02,60.38,10.36,0,10
EWR 2013-01-04 00:00,EWR,2013-01-04 00:00,30.02,60.38,13.81,0,10
EWR 2013-01-04 01:00,EWR,2013-01-04 01:00,28.94,63.1,8.06,0,10
EWR 2013-01-04 02:00,EWR,2013-01-04 02:00,30.02,63.24,10.36,0,10
EWR 2013-01-04 03:00,EWR,2013-01-04 03:00,28.94,66.09,11.51,0,10
EWR 2013-01-04 04:00,EWR,2013-01-04 04:00,28.94,68.68,6.9,0,10
EWR 2013-01-04 05:00,EWR,2013-01-04 05:00,30.92,66.34,11.51,0,10
EWR 2013-01-04 06:00,EWR,2013-01-04 06:00,33.08,60.81,16.11,0,10
EWR 2013-01-04 07:00,EWR,2013-01-04 07:00,33.98,60.93,10.36,0,10
EWR 2013-01-04 08:00,EWR,2013-01-04 08:00,35.06,58.37,13.81,0,10
EWR 2013-01-04 09:00,EWR,2013-01-04 09:00,35.96,54.21,14.96,0,10
EWR 2013-01-04 10:00,EWR,2013-01-04 10:00,37.04,47.75,16.11,0,10
EWR 2013-01-04 11:00,EWR,2013-01-04 11:00,37.04,47.75,20.71,0,10
EWR 2013-01-04 12:00,EWR,2013-01-04 12:00,39.92,44.33,17.26,0,10
EWR 2013-01-04 13:00,EWR,2013-01-04 13:00,37.94,46.09,24.17,0,10
EWR 2013-01-04 14:00,EWR,2013-01-04 14:00,37.94,47.89,21.86,0,10
EWR 2013-01-04 15:00,EWR,2013-01-04 15:00,37.94,47.89,18.41,0,10
EWR 2013-01-04 16:00,EWR,2013-01-04 16:00,37.04,49.62,17.26,0,10
EWR 2013-01-04 17:00,EWR,2013-01-04 17:00,35.96,54.21,13.81,0,10
EWR 2013-01-04 18:00,EWR,2013-01-04 18:00,35.06,56.18,9.21,0,10
EWR 2013-01-04 19:00,EWR,2013-01-04 19:00,35.06,56.18,11.51,0,10
EWR 2013-01-04 20:00,EWR,2013-01-04 20:00,35.06,53.66,11.51,0,10
EWR 2013-01-04 21:00,EWR,2013-01-04 21:00,35.06,53.66,13.81,0,10
EWR 2013-01-04 22:00,EWR,2013-01-04 22:00,33.98,53.91,11.51,0,10
EWR 2013-01-04 23:00,EWR,2013-01-04 23:00,33.08,55.89,11.51,0,10
EWR 2013-01-05 00:00,EWR,2013-01-05 00:00,33.08,53.36,10.36,0,10
EWR 2013-01-05 01:00,EWR,2013-01-05 01:00,33.08,51.33,10.36,0,10
EWR 2013-01-05 02:00,EWR,2013-01-05 02:00,32,53.6,12.66,0,10
EWR 2013-01-05 03:00,EWR,2013-01-05 03:00,32,53.6,18.41,0,10
EWR 2013-01-05 04:00,EWR,2013-01-05 04:00,32,53.6,11.51,0,10
EWR 2013-01-05 05:00,EWR,2013-01-05 05:00,32,53.6,12.66,0,10
EWR 2013-01-05 06:00,EWR,2013-01-05 06:00,33.08,53.36,10.36,0,10
EWR 2013-01-05 07:00,EWR,2013-01-05 07:00,32,58.37,9.21,0,10
EWR 2013-01-05 08:00,EWR,2013-01-05 08:00,35.06,53.66,9.21,0,10
EWR 2013-01-05 09:00,EWR,2013-01-05 09:00,37.94,50.14,10.36,0,10
EWR 2013-01-05 10:00,EWR,2013-01-05 10:00,41,44.51,10.36,0,10
EWR 2013-01-05 11:00,EWR,2013-01-05 11:00,42.08,40.77,14.96,0,10
EWR 2013-01-05 12:00,EWR,2013-01-05 12:00,42.98,39.38,13.81,0,10
EWR 2013-01-05 13:00,EWR,2013-01-05 13:00,44.06,37.79,11.51,0,10
EWR 2013-01-05 14:00,EWR,2013-01-05 14:00,44.06,37.79,9.21,0,10
EWR 2013-01-05 15:00,EWR,2013-01-05 15:00,42.98,37.9,8.06,0,10
EWR 2013-01-05 16:00,EWR,2013-01-05 16:00,41,42.51,4.6,0,10
EWR 2013-01-05 17:00,EWR,2013-01-05 17:00,39.92,44.33,4.6,0,10
EWR 2013-01-05 18:00,EWR,2013-01-05 18:00,39.02,49.93,8.06,0,10
EWR 2013-01-05 19:00,EWR,2013-01-05 19:00,35.96,56.32,6.9,0,10
EWR 2013-01-05 20:00,EWR,2013-01-05 20:00,33.98,60.93,4.6,0,10
EWR 2013-01-05 21:00,EWR,2013-01-05 21:00,33.08,66.11,4.6,0,10
EWR 2013-01-05 22:00,EWR,2013-01-05 22:00,33.08,66.11,4.6,0,10
EWR 2013-01-05 23:00,EWR,2013-01-05 23:00,32,69.04,4.6,0,10
EWR 2013-01-06 00:00,EWR,2013-01-06 00:00,33.98,63.77,5.75,0,10
EWR 2013-01-06 01:00,EWR,2013-01-06 01:00,33.98,63.77,9.21,0,10
EWR 2013-01-06 02:00,EWR,2013-01-06 02:00,33.98,63.77,4.6,0,10
EWR 2013-01-06 03:00,EWR,2013-01-06 03:00,33.98,66.72,5.75,0,10
EWR 2013-01-06 04:00,EWR,2013-01-06 04:00,33.08,81.5,8.06,0,10
EWR 2013-01-06 05:00,EWR,2013-01-06 05:00,33.8,88.37,5.75,0,6
EWR 2013-01-06 06:00,EWR,2013-01-06 06:00,33.98,88.42,5.75,0,6
EWR 2013-01-06 07:00,EWR,2013-01-06 07:00,35.06,93.03,9.21,0,6
EWR 2013-01-06 08:00,EWR,2013-01-06 08:00,35.96,86.59,8.06,0,6
EWR 2013-01-06 09:00,EWR,2013-01-06 09:00,37.4,86.59,11.51,0,8
EWR 2013-01-06 10:00,EWR,2013-01-06 10:00,39.92,74.98,11.51,0,9
EWR 2013-01-06 11:00,EWR,2013-01-06 11:00,42.98,59.93,10.36,0,10
EWR 2013-01-06 12:00,EWR,2013-01-06 12:00,46.04,51.03,10.36,0,10
EWR 2013-01-06 13:00,EWR,2013-01-06 13:00,46.94,45.48,13.81,0,10
EWR 2013-01-06 14:00,EWR,2013-01-06 14:00,48.02,40.22,14.96,0,10
EWR 2013-01-06 15:00,EWR,2013-01-06 15:00,46.94,40.35,11.51,0,10
EWR 2013-01-06 16:00,EWR,2013-01-06 16:00,44.96,47.23,6.9,0,10
EWR 2013-01-06 17:00,EWR,2013-01-06 17:00,44.06,48.87,8.06,0,10
EWR 2013-01-06 18:00,EWR,2013-01-06 18:00,44.06,46.73,10.36,0,10
EWR 2013-01-06 19:00,EWR,2013-01-06 19:00,42.98,48.7,10.36,0,10
EWR 2013-01-06 20:00,EWR,2013-01-06 20:00,42.98,50.94,10.36,0,10
EWR 2013-01-06 21:00,EWR,2013-01-06 21:00,42.08,52.73,10.36,0,10
EWR 2013-01-06 22:00,EWR,2013-01-06 22:00,41,57.06,6.9,0,10
EWR 2013-01-06 23:00,EWR,2013-01-06 23:00,39.92,59.5,9.21,0,10
EWR 2013-01-07 00:00,EWR,2013-01-07 00:00,39.92,59.5,8.06,0,10
EWR 2013-01-07 01:00,EWR,2013-01-07 01:00,37.94,64.29,8.06,0,10
EWR 2013-01-07 02:00,EWR,2013-01-07 02:00,35.96,69.51,6.9,0,10
EWR 2013-01-07 03:00,EWR,2013-01-07 03:00,37.04,69.63,6.9,0,10
EWR 2013-01-07 04:00,EWR,2013-01-07 04:00,35.96,72.66,9.21,0,10
EWR 2013-01-07 05:00,EWR,2013-01-07 05:00,35.06,72.03,4.6,0,10
EWR 2013-01-07 06:00,EWR,2013-01-07 06:00,35.96,72.66,6.9,0,10
EWR 2013-01-07 07:00,EWR,2013-01-07 07:00,37.94,69.73,8.06,0,10
EWR 2013-01-07 08:00,EWR,2013-01-07 08:00,39.92,64.54,5.75,0,10
EWR 2013-01-07 09:00,EWR,2013-01-07 09:00,44.06,50.73,13.81,0,10
EWR 2013-01-07 10:00,EWR,2013-01-07 10:00,44.96,43.49,14.96,0,10
EWR 2013-01-07 11:00,EWR,2013-01-07 11:00,46.04,39.9,11.51,0,10
EWR 2013-01-07 12:00,EWR,2013-01-07 12:00,46.94,36.85,14.96,0,10
EWR 2013-01-07 13:00,EWR,2013-01-07 13:00,46.04,35.05,11.51,0,10
EWR 2013-01-07 14:00,EWR,2013-01-07 14:00,46.94,33.88,11.51,0,10
EWR 2013-01-07 15:00,EWR,2013-01-07 15:00,44.96,33.55,8.06,0,10
EWR 2013-01-07 16:00,EWR,2013-01-07 16:00,42.98,36.18,6.9,0,10
EWR 2013-01-07 17:00,EWR,2013-01-07 17:00,42.08,37.46,3.45,0,10
EWR 2013-01-07 18:00,EWR,2013-01-07 18:00,41,40.9,4.6,0,10
EWR 2013-01-07 19:00,EWR,2013-01-07 19:00,39.92,46.41,0,0,10
EWR 2013-01-07 20:00,EWR,2013-01-07 20:00,39.92,46.41,0,0,10
EWR 2013-01-07 21:00,EWR,2013-01-07 21:00,37.04,59.09,0,0,10
EWR 2013-01-07 22:00,EWR,2013-01-07 22:00,35.96,58.94,3.45,0,10
EWR 2013-01-07 23:00,EWR,2013-01-07 23:00,32,69.04,6.9,0,10
EWR 2013-01-08 00:00,EWR,2013-01-08 00:00,32,69.04,3.45,0,10
EWR 2013-01-08 01:00,EWR,2013-01-08 01:00,32,72.24,6.9,0,10
EWR 2013-01-08 02:00,EWR,2013-01-08 02:00,32,75,3.45,0,10
EWR 2013-01-08 03:00,EWR,2013-01-08 03:00,30.92,81.95,4.6,0,10
EWR 2013-01-08 04:00,EWR,2013-01-08 04:00,30.02,81.27,4.6,0,10
EWR 2013-01-08 05:00,EWR,2013-01-08 05:00,28.94,81.8,4.6,0,10
EWR 2013-01-08 06:00,EWR,2013-01-08 06:00,30.92,78.35,0,0,9
EWR 2013-01-08 07:00,EWR,2013-01-08 07:00,30.02,81.27,5.75,0,8
EWR 2013-01-08 08:00,EWR,2013-01-08 08:00,35.06,72.03,6.9,0,9
EWR 2013-01-08 09:00,EWR,2013-01-08 09:00,39.02,66.85,9.21,0,9
EWR 2013-01-08 10:00,EWR,2013-01-08 10:00,44.06,55.02,13.81,0,9
EWR 2013-01-08 11:00,EWR,2013-01-08 11:00,46.04,53.33,10.36,0,10
EWR 2013-01-08 12:00,EWR,2013-01-08 12:00,46.94,51.55,14.96,0,10
EWR 2013-01-08 13:00,EWR,2013-01-08 13:00,48.92,47.86,11.51,0,10
EWR 2013-01-08 14:00,EWR,2013-01-08 14:00,48.92,47.86,11.51,0,10
EWR 2013-01-08 15:00,EWR,2013-01-08 15:00,48.92,44.14,11.51,0,10
EWR 2013-01-08 16:00,EWR,2013-01-08 16:00,46.04,49.19,10.36,0,10
EWR 2013-01-08 17:00,EWR,2013-01-08 17:00,44.06,55.02,6.9,0,10
EWR 2013-01-08 18:00,EWR,2013-01-08 18:00,39.92,69.96,8.06,0,10
EWR 2013-01-08 19:00,EWR,2013-01-08 19:00,39.92,69.96,5.75,0,10
EWR 2013-01-08 20:00,EWR,2013-01-08 20:00,39.02,69.86,5.75,0,10
EWR 2013-01-08 21:00,EWR,2013-01-08 21:00,37.94,69.73,3.45,0,10
EWR 2013-01-08 22:00,EWR,2013-01-08 22:00,37.94,69.73,4.6,0,10
EWR 2013-01-08 23:00,EWR,2013-01-08 23:00,37.04,72.24,4.6,0,10
EWR 2013-01-09 00:00,EWR,2013-01-09 00:00,35.96,75.39,0,0,10
EWR 2013-01-09 01:00,EWR,2013-01-09 01:00,33.98,81.57,0,0,10
EWR 2013-01-09 02:00,EWR,2013-01-09 02:00,35.06,78.13,0,0,10
EWR 2013-01-09 03:00,EWR,2013-01-09 03:00,35.96,78.79,0,0,10
EWR 2013-01-09 04:00,EWR,2013-01-09 04:00,35.96,75.39,0,0,10
EWR 2013-01-09 05:00,EWR,2013-01-09 05:00,35.06,78.13,0,0,9
EWR 2013-01-09 06:00,EWR,2013-01-09 06:00,35.06,78.13,0,0,9
EWR 2013-01-09 07:00,EWR,2013-01-09 07:00,33.98,85.24,4.6,0,6
EWR 2013-01-09 08:00,EWR,2013-01-09 08:00,37.04,78.31,0,0,7
EWR 2013-01-09 09:00,EWR,2013-01-09 09:00,42.08,67.22,0,0,7
EWR 2013-01-09 10:00,EWR,2013-01-09 10:00,44.06,65.07,3.45,0,7
EWR 2013-01-09 11:00,EWR,2013-01-09 11:00,46.94,60.47,5.75,0,7
EWR 2013-01-09 12:00,EWR,2013-01-09 12:00,46.04,62.56,9.21,0,9
EWR 2013-01-09 13:00,EWR,2013-01-09 13:00,46.94,60.47,8.06,0,9
EWR 2013-01-09 14:00,EWR,2013-01-09 14:00,46.94,63.13,8.06,0,8
EWR 2013-01-09 15:00,EWR,2013-01-09 15:00,48.92,63.39,13.81,0,9
EWR 2013-01-09 16:00,EWR,2013-01-09 16:00,50,60.89,11.51,0,10
EWR 2013-01-09 17:00,EWR,2013-01-09 17:00,48.92,63.39,12.66,0,10
EWR 2013-01-09 18:00,EWR,2013-01-09 18:00,48.02,65.56,10.36,0,10
EWR 2013-01-09 19:00,EWR,2013-01-09 19:00,46.94,68.28,11.51,0,10
EWR 2013-01-09 20:00,EWR,2013-01-09 20:00,44.96,73.59,11.51,0,10
EWR 2013-01-09 21:00,EWR,2013-01-09 21:00,44.06,72.98,12.66,0,10
EWR 2013-01-09 22:00,EWR,2013-01-09 22:00,44.06,70.42,12.66,0,10
EWR 2013-01-09 23:00,EWR,2013-01-09 23:00,42.98,67.81,8.06,0,10
EWR 2013-01-10 00:00,EWR,2013-01-10 00:00,41,70.08,8.06,0,10
EWR 2013-01-10 01:00,EWR,2013-01-10 01:00,39.02,69.86,9.21,0,10
EWR 2013-01-10 02:00,EWR,2013-01-10 02:00,39.02,66.85,6.9,0,10
EWR 2013-01-10 03:00,EWR,2013-01-10 03:00,39.92,59.5,5.75,0,10
EWR 2013-01-10 04:00,EWR,2013-01-10 04:00,41,54.97,6.9,0,10
EWR 2013-01-10 05:00,EWR,2013-01-10 05:00,41,54.97,12.66,0,10
EWR 2013-01-10 06:00,EWR,2013-01-10 06:00,39.92,54.81,6.9,0,10
EWR 2013-01-10 07:00,EWR,2013-01-10 07:00,41,52.56,6.9,0,10
EWR 2013-01-10 08:00,EWR,2013-01-10 08:00,42.98,48.7,8.06,0,10
EWR 2013-01-10 09:00,EWR,2013-01-10 09:00,44.96,41.56,17.26,0,10
EWR 2013-01-10 10:00,EWR,2013-01-10 10:00,44.96,39.72,11.51,0,10
EWR 2013-01-10 11:00,EWR,2013-01-10 11:00,46.94,36.85,13.81,0,10
EWR 2013-01-10 12:00,EWR,2013-01-10 12:00,48.92,34.21,14.96,0,10
EWR 2013-01-10 13:00,EWR,2013-01-10 13:00,50,32.86,12.66,0,10
EWR 2013-01-10 14:00,EWR,2013-01-10 14:00,50,32.86,11.51,0,10
EWR 2013-01-10 15:00,EWR,2013-01-10 15:00,48.92,32.93,10.36,0,10
EWR 2013-01-10 16:00,EWR,2013-01-10 16:00,46.94,36.85,8.06,0,10
EWR 2013-01-10 17:00,EWR,2013-01-10 17:00,46.04,38.12,8.06,0,10
EWR 2013-01-10 18:00,EWR,2013-01-10 18:00,44.96,41.56,6.9,0,10
EWR 2013-01-10 19:00,EWR,2013-01-10 19:00,44.06,43.02,4.6,0,10
EWR 2013-01-10 20:00,EWR,2013-01-10 20:00,44.06,43.02,6.9,0,10
EWR 2013-01-10 21:00,EWR,2013-01-10 21:00,41,52.56,8.06,0,10
EWR 2013-01-10 22:00,EWR,2013-01-10 22:00,39.02,56.77,8.06,0,10
EWR 2013-01-10 23:00,EWR,2013-01-10 23:00,39.92,52.79,0,0,10
EWR 2013-01-11 00:00,EWR,2013-01-11 00:00,37.94,59.22,4.6,0,10
EWR 2013-01-11 01:00,EWR,2013-01-11 01:00,37.04,59.09,8.06,0,10
EWR 2013-01-11 02:00,EWR,2013-01-11 02:00,35.06,63.91,5.75,0,10
EWR 2013-01-11 03:00,EWR,2013-01-11 03:00,35.96,61.67,5.75,0,10
EWR 2013-01-11 04:00,EWR,2013-01-11 04:00,35.96,61.67,6.9,0,10
EWR 2013-01-11 05:00,EWR,2013-01-11 05:00,37.04,61.35,0,0,10
EWR 2013-01-11 06:00,EWR,2013-01-11 06:00,37.94,59.22,0,0,10
EWR 2013-01-11 07:00,EWR,2013-01-11 07:00,39.02,59.37,0,0,10
EWR 2013-01-11 08:00,EWR,2013-01-11 08:00,41,61.89,5.75,0,10
EWR 2013-01-11 09:00,EWR,2013-01-11 09:00,42.08,64.35,5.75,0,10
EWR 2013-01-11 10:00,EWR,2013-01-11 10:00,42.98,64.93,5.75,0,10
EWR 2013-01-11 11:00,EWR,2013-01-11 11:00,44.06,65.07,5.75,0,10
EWR 2013-01-11 12:00,EWR,2013-01-11 12:00,44.96,70.52,4.6,0,10
EWR 2013-01-11 13:00,EWR,2013-01-11 13:00,44.96,73.59,5.75,0,10
EWR 2013-01-11 14:00,EWR,2013-01-11 14:00,44.96,76.25,5.75,0,10
EWR 2013-01-11 15:00,EWR,2013-01-11 15:00,44.96,82.38,4.6,0,10
EWR 2013-01-11 16:00,EWR,2013-01-11 16:00,46.4,82.45,4.6,0,10
EWR 2013-01-11 17:00,EWR,2013-01-11 17:00,46.4,93.4,5.75,0.05,3
EWR 2013-01-11 18:00,EWR,2013-01-11 18:00,46.4,95.99,5.75,0.06,3
EWR 2013-01-11 19:00,EWR,2013-01-11 19:00,46.4,95.99,0,0.19,3
EWR 2013-01-11 20:00,EWR,2013-01-11 20:00,46.4,100,6.9,0.07,2.5
EWR 2013-01-11 21:00,EWR,2013-01-11 21:00,42.98,100,5.75,0.09,1
EWR 2013-01-11 22:00,EWR,2013-01-11 22:00,44.6,100,3.45,0.05,1
EWR 2013-01-11 23:00,EWR,2013-01-11 23:00,42.98,100,8.06,0.02,2
EWR 2013-01-12 00:00,EWR,2013-01-12 00:00,44.06,100,5.75,0.01,1.5
EWR 2013-01-12 01:00,EWR,2013-01-12 01:00,44.06,95.95,9.21,0.01,1
EWR 2013-01-12 02:00,EWR,2013-01-12 02:00,44.06,100,6.9,0.01,1.5
EWR 2013-01-12 03:00,EWR,2013-01-12 03:00,44.96,100,9.21,0,6
EWR 2013-01-12 04:00,EWR,2013-01-12 04:00,44.96,100,8.06,0,6
EWR 2013-01-12 05:00,EWR,2013-01-12 05:00,44.96,100,9.21,0,6
EWR 2013-01-12 06:00,EWR,2013-01-12 06:00,44.06,100,8.06,0,6
EWR 2013-01-12 07:00,EWR,2013-01-12 07:00,44.96,96.63,10.36,0,6
EWR 2013-01-12 08:00,EWR,2013-01-12 08:00,44.96,96.63,8.06,0,7
EWR 2013-01-12 09:00,EWR,2013-01-12 09:00,46.04,92.75,6.9,0,6
EWR 2013-01-12 10:00,EWR,2013-01-12 10:00,46.94,92.78,4.6,0,6
EWR 2013-01-12 11:00,EWR,2013-01-12 11:00,48.02,89.08,5.75,0,6
EWR 2013-01-12 12:00,EWR,2013-01-12 12:00,46.94,92.78,4.6,0,6
EWR 2013-01-12 13:00,EWR,2013-01-12 13:00,48.02,89.08,3.45,0,6
EWR 2013-01-12 14:00,EWR,2013-01-12 14:00,48.02,89.08,5.75,0,5
EWR 2013-01-12 15:00,EWR,2013-01-12 15:00,48.2,92.78,3.45,0,2.5
EWR 2013-01-12 16:00,EWR,2013-01-12 16:00,46.94,92.78,4.6,0,2.5
EWR 2013-01-12 17:00,EWR,2013-01-12 17:00,46.94,92.78,6.9,0,2.5
EWR 2013-01-12 18:00,EWR,2013-01-12 18:00,46.94,92.78,0,0,3
EWR 2013-01-12 19:00,EWR,2013-01-12 19:00,46.04,92.75,0,0,3
EWR 2013-01-12 20:00,EWR,2013-01-12 20:00,46.04,92.75,0,0,3
EWR 2013-01-12 21:00,EWR,2013-01-12 21:00,46.04,92.75,0,0,3
EWR 2013-01-12 22:00,EWR,2013-01-12 22:00,46.04,92.75,0,0,3
EWR 2013-01-12 23:00,EWR,2013-01-12 23:00,46.4,95.99,0,0,2
EWR 2013-01-13 00:00,EWR,2013-01-13 00:00,46.4,100,4.6,0,0.25
EWR 2013-01-13 01:00,EWR,2013-01-13 01:00,44.96,100,0,0,0.25
EWR 2013-01-13 02:00,EWR,2013-01-13 02:00,44.96,100,4.6,0,0.25
EWR 2013-01-13 03:00,EWR,2013-01-13 03:00,44.96,100,5.75,0,0.25
EWR 2013-01-13 04:00,EWR,2013-01-13 04:00,44.6,100,5.75,0,0.25
EWR 2013-01-13 05:00,EWR,2013-01-13 05:00,44.6,100,3.45,0,0.25
EWR 2013-01-13 06:00,EWR,2013-01-13 06:00,44.6,100,4.6,0,0.5
EWR 2013-01-13 07:00,EWR,2013-01-13 07:00,44.6,100,5.75,0,0.25
EWR 2013-01-13 08:00,EWR,2013-01-13 08:00,44.06,100,0,0,0.12
EWR 2013-01-13 09:00,EWR,2013-01-13 09:00,44.06,100,0,0,0.12
EWR 2013-01-13 10:00,EWR,2013-01-13 10:00,44.06,100,4.6,0,0.5
EWR 2013-01-13 11:00,EWR,2013-01-13 11:00,46.4,93.4,3.45,0,2
EWR 2013-01-13 12:00,EWR,2013-01-13 12:00,46.94,93.4,4.6,0,3
EWR 2013-01-13 13:00,EWR,2013-01-13 13:00,48.02,89.08,3.45,0,3
EWR 2013-01-13 14:00,EWR,2013-01-13 14:00,48.2,89.08,4.6,0,3
EWR 2013-01-13 15:00,EWR,2013-01-13 15:00,46.94,93.4,5.75,0,3
EWR 2013-01-13 16:00,EWR,2013-01-13 16:00,46.94,89.65,0,0,5
EWR 2013-01-13 17:00,EWR,2013-01-13 17:00,48.02,89.08,0,0,7
EWR 2013-01-13 18:00,EWR,2013-01-13 18:00,48.92,86.13,0,0,10
EWR 2013-01-13 19:00,EWR,2013-01-13 19:00,48.2,96.02,0,0,2
EWR 2013-01-13 20:00,EWR,2013-01-13 20:00,48.2,100,3.45,0,0.5
EWR 2013-01-13 21:00,EWR,2013-01-13 21:00,48.02,100,0,0,0.5
EWR 2013-01-13 22:00,EWR,2013-01-13 22:00,48.02,100,0,0,0.5
EWR 2013-01-13 23:00,EWR,2013-01-13 23:00,48.02,100,0,0,0.5
EWR 2013-01-14 00:00,EWR,2013-01-14 00:00,48.92,100,0,0,0.5
EWR 2013-01-14 01:00,EWR,2013-01-14 01:00,48.92,100,0,0,0.5
EWR 2013-01-14 02:00,EWR,2013-01-14 02:00,48.92,100,0,0,0.5
EWR 2013-01-14 03:00,EWR,2013-01-14 03:00,48.92,100,0,0,0.5
EWR 2013-01-14 04:00,EWR,2013-01-14 04:00,50,100,0,0,0.5
EWR 2013-01-14 05:00,EWR,2013-01-14 05:00,48.92,100,3.45,0,0.5
EWR 2013-01-14 06:00,EWR,2013-01-14 06:00,51.08,100,3.45,0,0.5
EWR 2013-01-14 07:00,EWR,2013-01-14 07:00,51.8,100,6.9,0,2.5
EWR 2013-01-14 08:00,EWR,2013-01-14 08:00,51.98,96.73,4.6,0,2.5
EWR 2013-01-14 09:00,EWR,2013-01-14 09:00,53.6,100,5.75,0,6
EWR 2013-01-14 10:00,EWR,2013-01-14 10:00,55.94,90.03,5.75,0,8
EWR 2013-01-14 11:00,EWR,2013-01-14 11:00,57.92,74.86,11.51,0,9
EWR 2013-01-14 12:00,EWR,2013-01-14 12:00,55.94,66.52,11.51,0,10
EWR 2013-01-14 13:00,EWR,2013-01-14 13:00,57.02,61.81,10.36,0,10
EWR 2013-01-14 14:00,EWR,2013-01-14 14:00,55.94,50.72,12.66,0,10
EWR 2013-01-14 15:00,EWR,2013-01-14 15:00,55.04,54.67,13.81,0,10
EWR 2013-01-14 16:00,EWR,2013-01-14 16:00,53.06,42.58,14.96,0,10
EWR 2013-01-14 17:00,EWR,2013-01-14 17:00,51.08,45.81,10.36,0,10
EWR 2013-01-14 18:00,EWR,2013-01-14 18:00,51.08,44.16,11.51,0,10
EWR 2013-01-14 19:00,EWR,2013-01-14 19:00,48.92,44.14,11.51,0,10
EWR 2013-01-14 20:00,EWR,2013-01-14 20:00,48.02,43.67,12.66,0,10
EWR 2013-01-14 21:00,EWR,2013-01-14 21:00,44.06,59.64,17.26,0,10
EWR 2013-01-14 22:00,EWR,2013-01-14 22:00,41,79.21,11.51,0.04,10
EWR 2013-01-14 23:00,EWR,2013-01-14 23:00,41,82.09,8.06,0.02,10
EWR 2013-01-15 00:00,EWR,2013-01-15 00:00,39.92,85.61,4.6,0.02,10
EWR 2013-01-15 01:00,EWR,2013-01-15 01:00,37.94,89.25,9.21,0.03,10
EWR 2013-01-15 02:00,EWR,2013-01-15 02:00,37.4,93.14,12.66,0.04,9
EWR 2013-01-15 03:00,EWR,2013-01-15 03:00,37.4,93.14,10.36,0,10
EWR 2013-01-15 04:00,EWR,2013-01-15 04:00,35.96,85.37,8.06,0,10
EWR 2013-01-15 05:00,EWR,2013-01-15 05:00,35.96,81.72,10.36,0,10
EWR 2013-01-15 06:00,EWR,2013-01-15 06:00,37.04,75.5,8.06,0,10
EWR 2013-01-15 07:00,EWR,2013-01-15 07:00,37.04,69.63,9.21,0,10
EWR 2013-01-15 08:00,EWR,2013-01-15 08:00,37.04,69.63,12.66,0,10
EWR 2013-01-15 09:00,EWR,2013-01-15 09:00,37.04,66.6,13.81,0,10
EWR 2013-01-15 10:00,EWR,2013-01-15 10:00,37.04,64.17,10.36,0,10
EWR 2013-01-15 11:00,EWR,2013-01-15 11:00,39.02,56.77,11.51,0,10
EWR 2013-01-15 12:00,EWR,2013-01-15 12:00,39.02,59.37,8.06,0,10
EWR 2013-01-15 13:00,EWR,2013-01-15 13:00,39.02,56.77,8.06,0,10
EWR 2013-01-15 14:00,EWR,2013-01-15 14:00,39.02,59.37,9.21,0,10
EWR 2013-01-15 15:00,EWR,2013-01-15 15:00,39.02,59.37,9.21,0,10
EWR 2013-01-15 16:00,EWR,2013-01-15 16:00,39.02,56.77,8.06,0,10
EWR 2013-01-15 17:00,EWR,2013-01-15 17:00,39.02,59.37,8.06,0,10
EWR 2013-01-15 18:00,EWR,2013-01-15 18:00,39.02,59.37,5.75,0,10
EWR 2013-01-15 19:00,EWR,2013-01-15 19:00,37.94,61.94,4.6,0,10
EWR 2013-01-15 20:00,EWR,2013-01-15 20:00,37.94,59.22,6.9,0,10
EWR 2013-01-15 21:00,EWR,2013-01-15 21:00,37.94,64.29,5.75,0,10
EWR 2013-01-15 22:00,EWR,2013-01-15 22:00,37.04,72.24,8.06,0,9
EWR 2013-01-15 23:00,EWR,2013-01-15 23:00,35.96,78.79,9.21,0.02,8
EWR 2013-01-16 00:00,EWR,2013-01-16 00:00,33.98,88.42,10.36,0.05,6
EWR 2013-01-16 01:00,EWR,2013-01-16 01:00,33.08,91.66,12.66,0.07,6
EWR 2013-01-16 02:00,EWR,2013-01-16 02:00,33.08,91.66,10.36,0.06,5
EWR 2013-01-16 03:00,EWR,2013-01-16 03:00,33.08,95.75,11.51,0.13,4
EWR 2013-01-16 04:00,EWR,2013-01-16 04:00,32,100,8.06,0.15,4
EWR 2013-01-16 05:00,EWR,2013-01-16 05:00,32,100,5.75,0.09,4
EWR 2013-01-16 06:00,EWR,2013-01-16 06:00,33.8,95.75,6.9,0.06,4
EWR 2013-01-16 07:00,EWR,2013-01-16 07:00,33.8,95.75,8.06,0.03,2
EWR 2013-01-16 08:00,EWR,2013-01-16 08:00,33.8,95.75,8.06,0.02,3
EWR 2013-01-16 09:00,EWR,2013-01-16 09:00,33.98,96.46,6.9,0,3
EWR 2013-01-16 10:00,EWR,2013-01-16 10:00,33.98,92.36,5.75,0.01,3
EWR 2013-01-16 11:00,EWR,2013-01-16 11:00,33.98,96.46,5.75,0.02,3
EWR 2013-01-16 12:00,EWR,2013-01-16 12:00,33.98,96.46,5.75,0,3
EWR 2013-01-16 13:00,EWR,2013-01-16 13:00,35.06,92.4,5.75,0.01,3
EWR 2013-01-16 14:00,EWR,2013-01-16 14:00,35.6,95.79,11.51,0,3
EWR 2013-01-16 15:00,EWR,2013-01-16 15:00,35.96,93.08,6.9,0,6
EWR 2013-01-16 16:00,EWR,2013-01-16 16:00,35.06,95.79,5.75,0,6
EWR 2013-01-16 17:00,EWR,2013-01-16 17:00,35.96,93.08,8.06,0,6
EWR 2013-01-16 18:00,EWR,2013-01-16 18:00,35.96,92.43,10.36,0,7
EWR 2013-01-16 19:00,EWR,2013-01-16 19:00,35.96,93.08,12.66,0,8
EWR 2013-01-16 20:00,EWR,2013-01-16 20:00,37.4,88.57,12.66,0,9
EWR 2013-01-16 21:00,EWR,2013-01-16 21:00,37.4,88.57,10.36,0,10
EWR 2013-01-16 22:00,EWR,2013-01-16 22:00,35.96,92.43,9.21,0,10
EWR 2013-01-16 23:00,EWR,2013-01-16 23:00,37.04,88.57,6.9,0,10
EWR 2013-01-17 00:00,EWR,2013-01-17 00:00,37.94,82.46,9.21,0,10
EWR 2013-01-17 01:00,EWR,2013-01-17 01:00,39.02,75.69,10.36,0,10
EWR 2013-01-17 02:00,EWR,2013-01-17 02:00,37.94,82.46,10.36,0,10
EWR 2013-01-17 03:00,EWR,2013-01-17 03:00,37.94,82.46,9.21,0,10
EWR 2013-01-17 04:00,EWR,2013-01-17 04:00,39.02,72.46,6.9,0,10
EWR 2013-01-17 05:00,EWR,2013-01-17 05:00,39.02,69.86,9.21,0,10
EWR 2013-01-17 06:00,EWR,2013-01-17 06:00,37.94,72.87,8.06,0,10
EWR 2013-01-17 07:00,EWR,2013-01-17 07:00,39.02,64.43,9.21,0,10
EWR 2013-01-17 08:00,EWR,2013-01-17 08:00,39.02,64.43,8.06,0,10
EWR 2013-01-17 09:00,EWR,2013-01-17 09:00,42.08,59.36,6.9,0,10
EWR 2013-01-17 10:00,EWR,2013-01-17 10:00,42.08,57.22,12.66,0,10
EWR 2013-01-17 11:00,EWR,2013-01-17 11:00,42.98,52.87,11.51,0,10
EWR 2013-01-17 12:00,EWR,2013-01-17 12:00,46.04,47.05,12.66,0,10
EWR 2013-01-17 13:00,EWR,2013-01-17 13:00,44.06,48.87,11.51,0,10
EWR 2013-01-17 14:00,EWR,2013-01-17 14:00,42.98,48.7,12.66,0,10
EWR 2013-01-17 15:00,EWR,2013-01-17 15:00,42.98,48.7,8.06,0,10
EWR 2013-01-17 16:00,EWR,2013-01-17 16:00,42.08,48.56,9.21,0,10
EWR 2013-01-17 17:00,EWR,2013-01-17 17:00,41,52.56,6.9,0,10
EWR 2013-01-17 18:00,EWR,2013-01-17 18:00,41,50.63,3.45,0,10
EWR 2013-01-17 19:00,EWR,2013-01-17 19:00,41,52.56,5.75,0,10
EWR 2013-01-17 20:00,EWR,2013-01-17 20:00,39.02,52.26,11.51,0,10
EWR 2013-01-17 21:00,EWR,2013-01-17 21:00,37.94,59.22,13.81,0,10
EWR 2013-01-17 22:00,EWR,2013-01-17 22:00,37.04,56.48,9.21,0,10
EWR 2013-01-17 23:00,EWR,2013-01-17 23:00,35.96,66.97,9.21,0,10
EWR 2013-01-18 00:00,EWR,2013-01-18 00:00,35.06,61.08,10.36,0,10
EWR 2013-01-18 01:00,EWR,2013-01-18 01:00,33.08,63.17,12.66,0,10
EWR 2013-01-18 02:00,EWR,2013-01-18 02:00,30.92,60.97,12.66,0,10
EWR 2013-01-18 03:00,EWR,2013-01-18 03:00,30.02,58.08,9.21,0,10
EWR 2013-01-18 04:00,EWR,2013-01-18 04:00,30.02,58.08,5.75,0,10
EWR 2013-01-18 05:00,EWR,2013-01-18 05:00,30.02,55.42,12.66,0,10
EWR 2013-01-18 06:00,EWR,2013-01-18 06:00,28.94,55.69,12.66,0,10
EWR 2013-01-18 07:00,EWR,2013-01-18 07:00,28.04,52.57,21.86,0,10
EWR 2013-01-18 08:00,EWR,2013-01-18 08:00,28.04,42.32,16.11,0,10
EWR 2013-01-18 09:00,EWR,2013-01-18 09:00,28.94,38.85,16.11,0,10
EWR 2013-01-18 10:00,EWR,2013-01-18 10:00,30.02,33.97,14.96,0,10
EWR 2013-01-18 11:00,EWR,2013-01-18 11:00,30.92,35.84,12.66,0,10
EWR 2013-01-18 12:00,EWR,2013-01-18 12:00,30.92,32.75,10.36,0,10
EWR 2013-01-18 13:00,EWR,2013-01-18 13:00,30.92,28.44,16.11,0,10
EWR 2013-01-18 14:00,EWR,2013-01-18 14:00,30.92,29.9,9.21,0,10
EWR 2013-01-18 15:00,EWR,2013-01-18 15:00,30.92,28.44,10.36,0,10
EWR 2013-01-18 16:00,EWR,2013-01-18 16:00,28.94,30.82,10.36,0,10
EWR 2013-01-18 17:00,EWR,2013-01-18 17:00,28.94,32.41,8.06,0,10
EWR 2013-01-18 18:00,EWR,2013-01-18 18:00,26.96,38.5,5.75,0,10
EWR 2013-01-18 19:00,EWR,2013-01-18 19:00,28.04,42.32,8.06,0,10
EWR 2013-01-18 20:00,EWR,2013-01-18 20:00,28.94,42.48,8.06,0,10
EWR 2013-01-18 21:00,EWR,2013-01-18 21:00,28.04,48.15,6.9,0,10
EWR 2013-01-18 22:00,EWR,2013-01-18 22:00,28.94,46.41,8.06,0,10
EWR 2013-01-18 23:00,EWR,2013-01-18 23:00,28.94,48.69,9.21,0,10
EWR 2013-01-19 00:00,EWR,2013-01-19 00:00,28.04,52.57,10.36,0,10
EWR 2013-01-19 01:00,EWR,2013-01-19 01:00,28.04,50.52,11.51,0,10
EWR 2013-01-19 02:00,EWR,2013-01-19 02:00,28.94,53.13,13.81,0,10
EWR 2013-01-19 03:00,EWR,2013-01-19 03:00,30.02,55.42,13.81,0,10
EWR 2013-01-19 04:00,EWR,2013-01-19 04:00,28.94,60.69,9.21,0,10
EWR 2013-01-19 05:00,EWR,2013-01-19 05:00,30.02,63.24,10.36,0,10
EWR 2013-01-19 06:00,EWR,2013-01-19 06:00,30.92,66.34,10.36,0,10
EWR 2013-01-19 07:00,EWR,2013-01-19 07:00,32,65.97,13.81,0,10
EWR 2013-01-19 08:00,EWR,2013-01-19 08:00,35.06,63.91,18.41,0,10
EWR 2013-01-19 09:00,EWR,2013-01-19 09:00,37.94,59.22,17.26,0,10
EWR 2013-01-19 10:00,EWR,2013-01-19 10:00,42.98,48.7,23.02,0,10
EWR 2013-01-19 11:00,EWR,2013-01-19 11:00,46.04,43.34,20.71,0,10
EWR 2013-01-19 12:00,EWR,2013-01-19 12:00,48.02,40.22,23.02,0,10
EWR 2013-01-19 13:00,EWR,2013-01-19 13:00,50,35.98,18.41,0,10
EWR 2013-01-19 14:00,EWR,2013-01-19 14:00,51.08,33.04,19.56,0,10
EWR 2013-01-19 15:00,EWR,2013-01-19 15:00,51.98,31.96,19.56,0,10
EWR 2013-01-19 16:00,EWR,2013-01-19 16:00,50,39.07,12.66,0,10
EWR 2013-01-19 17:00,EWR,2013-01-19 17:00,48.02,43.67,13.81,0,10
EWR 2013-01-19 18:00,EWR,2013-01-19 18:00,46.94,45.48,14.96,0,10
EWR 2013-01-19 19:00,EWR,2013-01-19 19:00,46.94,45.48,12.66,0,10
EWR 2013-01-19 20:00,EWR,2013-01-19 20:00,44.96,49.02,18.41,0,10
EWR 2013-01-19 21:00,EWR,2013-01-19 21:00,44.96,49.02,18.41,0,10
EWR 2013-01-19 22:00,EWR,2013-01-19 22:00,44.06,53.03,17.26,0,10
EWR 2013-01-19 23:00,EWR,2013-01-19 23:00,42.98,55.27,16.11,0,10
EWR 2013-01-20 00:00,EWR,2013-01-20 00:00,41,59.65,11.51,0,10
EWR 2013-01-20 01:00,EWR,2013-01-20 01:00,39.92,64.54,9.21,0,10
EWR 2013-01-20 02:00,EWR,2013-01-20 02:00,39.02,66.85,10.36,0,10
EWR 2013-01-20 03:00,EWR,2013-01-20 03:00,37.04,72.24,6.9,0,10
EWR 2013-01-20 04:00,EWR,2013-01-20 04:00,39.02,66.85,4.6,0,10
EWR 2013-01-20 05:00,EWR,2013-01-20 05:00,39.02,66.85,9.21,0,10
EWR 2013-01-20 06:00,EWR,2013-01-20 06:00,39.02,66.85,8.06,0,10
EWR 2013-01-20 07:00,EWR,2013-01-20 07:00,39.92,64.54,9.21,0,10
EWR 2013-01-20 08:00,EWR,2013-01-20 08:00,44.96,51.24,11.51,0,10
EWR 2013-01-20 09:00,EWR,2013-01-20 09:00,48.92,44.14,16.11,0,10
EWR 2013-01-20 10:00,EWR,2013-01-20 10:00,53.96,36.63,19.56,0,10
EWR 2013-01-20 11:00,EWR,2013-01-20 11:00,53.96,35.04,19.56,0,10
EWR 2013-01-20 12:00,EWR,2013-01-20 12:00,55.94,28.93,20.71,0,10
EWR 2013-01-20 13:00,EWR,2013-01-20 13:00,53.96,25.12,25.32,0,10
EWR 2013-01-20 14:00,EWR,2013-01-20 14:00,53.06,20.87,26.47,0,10
EWR 2013-01-20 15:00,EWR,2013-01-20 15:00,51.98,21.72,23.02,0,10
EWR 2013-01-20 16:00,EWR,2013-01-20 16:00,48.02,21.98,21.86,0,10
EWR 2013-01-20 17:00,EWR,2013-01-20 17:00,44.06,24.53,19.56,0,10
EWR 2013-01-20 18:00,EWR,2013-01-20 18:00,42.08,30.08,21.86,0,10
EWR 2013-01-20 19:00,EWR,2013-01-20 19:00,39.02,32.55,14.96,0,10
EWR 2013-01-20 20:00,EWR,2013-01-20 20:00,37.04,38.38,17.26,0,10
EWR 2013-01-20 21:00,EWR,2013-01-20 21:00,33.98,39.72,12.66,0,10
EWR 2013-01-20 22:00,EWR,2013-01-20 22:00,32,40.99,16.11,0,10
EWR 2013-01-20 23:00,EWR,2013-01-20 23:00,30.02,42.66,12.66,0,10
EWR 2013-01-21 00:00,EWR,2013-01-21 00:00,28.94,40.79,11.51,0,10
EWR 2013-01-21 01:00,EWR,2013-01-21 01:00,28.04,42.32,8.06,0,10
EWR 2013-01-21 02:00,EWR,2013-01-21 02:00,28.04,40.31,8.06,0,10
EWR 2013-01-21 03:00,EWR,2013-01-21 03:00,26.96,40.45,5.75,0,10
EWR 2013-01-21 04:00,EWR,2013-01-21 04:00,26.06,43.74,5.75,0,10
EWR 2013-01-21 05:00,EWR,2013-01-21 05:00,26.96,46.08,6.9,0,10
EWR 2013-01-21 06:00,EWR,2013-01-21 06:00,26.06,47.82,6.9,0,10
EWR 2013-01-21 07:00,EWR,2013-01-21 07:00,26.06,47.82,3.45,0,10
EWR 2013-01-21 08:00,EWR,2013-01-21 08:00,26.96,44.25,5.75,0,10
EWR 2013-01-21 09:00,EWR,2013-01-21 09:00,28.04,44.07,3.45,0,10
EWR 2013-01-21 10:00,EWR,2013-01-21 10:00,28.94,42.48,0,0,10
EWR 2013-01-21 11:00,EWR,2013-01-21 11:00,30.02,40.65,6.9,0,10
EWR 2013-01-21 12:00,EWR,2013-01-21 12:00,30.92,41.13,8.06,0,10
EWR 2013-01-21 13:00,EWR,2013-01-21 13:00,32,39.38,9.21,0,10
EWR 2013-01-21 14:00,EWR,2013-01-21 14:00,32,40.99,8.06,0,10
EWR 2013-01-21 15:00,EWR,2013-01-21 15:00,30.92,44.92,6.9,0,10
EWR 2013-01-21 16:00,EWR,2013-01-21 16:00,32,43,0,0,10
EWR 2013-01-21 17:00,EWR,2013-01-21 17:00,32,44.74,3.45,0,10
EWR 2013-01-21 18:00,EWR,2013-01-21 18:00,32,44.74,0,0,10
EWR 2013-01-21 19:00,EWR,2013-01-21 19:00,32,46.92,8.06,0,10
EWR 2013-01-21 20:00,EWR,2013-01-21 20:00,30.02,58.08,9.21,0,10
EWR 2013-01-21 21:00,EWR,2013-01-21 21:00,30.02,55.42,9.21,0,10
EWR 2013-01-21 22:00,EWR,2013-01-21 22:00,28.04,62.97,16.11,0,10
EWR 2013-01-21 23:00,EWR,2013-01-21 23:00,26.96,54.95,12.66,0,10
EWR 2013-01-22 00:00,EWR,2013-01-22 00:00,26.06,41.98,10.36,0,10
EWR 2013-01-22 01:00,EWR,2013-01-22 01:00,24.98,45.74,13.81,0,10
EWR 2013-01-22 02:00,EWR,2013-01-22 02:00,24.08,47.49,18.41,0,10
EWR 2013-01-22 03:00,EWR,2013-01-22 03:00,23,49.69,16.11,0,10
EWR 2013-01-22 04:00,EWR,2013-01-22 04:00,21.02,54.03,16.11,0,10
EWR 2013-01-22 05:00,EWR,2013-01-22 05:00,19.94,54.3,14.96,0,10
EWR 2013-01-22 06:00,EWR,2013-01-22 06:00,19.94,51.68,13.81,0,10
EWR 2013-01-22 07:00,EWR,2013-01-22 07:00,19.94,57.41,16.11,0,9
EWR 2013-01-22 08:00,EWR,2013-01-22 08:00,21.02,45.07,24.17,0,10
EWR 2013-01-22 09:00,EWR,2013-01-22 09:00,21.02,35.6,24.17,0,10
EWR 2013-01-22 10:00,EWR,2013-01-22 10:00,21.92,32.83,18.41,0,10
EWR 2013-01-22 11:00,EWR,2013-01-22 11:00,23,27.09,21.86,0,10
EWR 2013-01-22 12:00,EWR,2013-01-22 12:00,23,25.71,25.32,0,10
EWR 2013-01-22 13:00,EWR,2013-01-22 13:00,23,27.09,19.56,0,10
EWR 2013-01-22 14:00,EWR,2013-01-22 14:00,23,27.09,19.56,0,10
EWR 2013-01-22 15:00,EWR,2013-01-22 15:00,21.02,27.95,21.86,0,10
EWR 2013-01-22 16:00,EWR,2013-01-22 16:00,19.04,32.05,14.96,0,10
EWR 2013-01-22 17:00,EWR,2013-01-22 17:00,19.04,33.47,13.81,0,10
EWR 2013-01-22 18:00,EWR,2013-01-22 18:00,17.96,35.05,19.56,0,10
EWR 2013-01-22 19:00,EWR,2013-01-22 19:00,17.06,34.89,20.71,0,10
EWR 2013-01-22 20:00,EWR,2013-01-22 20:00,15.98,36.56,21.86,0,10
EWR 2013-01-22 21:00,EWR,2013-01-22 21:00,15.98,46.51,14.96,0,10
EWR 2013-01-22 22:00,EWR,2013-01-22 22:00,15.08,36.09,16.11,0,10
EWR 2013-01-22 23:00,EWR,2013-01-22 23:00,14,36.21,14.96,0,10
EWR 2013-01-23 00:00,EWR,2013-01-23 00:00,12.92,39.67,12.66,0,10
EWR 2013-01-23 01:00,EWR,2013-01-23 01:00,12.92,37.97,11.51,0,10
EWR 2013-01-23 02:00,EWR,2013-01-23 02:00,12.02,41.28,10.36,0,10
EWR 2013-01-23 03:00,EWR,2013-01-23 03:00,12.02,43.5,8.06,0,10
EWR 2013-01-23 04:00,EWR,2013-01-23 04:00,12.02,45.43,9.21,0,10
EWR 2013-01-23 05:00,EWR,2013-01-23 05:00,10.94,50.19,10.36,0,10
EWR 2013-01-23 06:00,EWR,2013-01-23 06:00,10.94,50.19,11.51,0,10
EWR 2013-01-23 07:00,EWR,2013-01-23 07:00,12.02,50.37,11.51,0,10
EWR 2013-01-23 08:00,EWR,2013-01-23 08:00,14,48.18,12.66,0,10
EWR 2013-01-23 09:00,EWR,2013-01-23 09:00,15.98,44.19,11.51,0,10
EWR 2013-01-23 10:00,EWR,2013-01-23 10:00,17.96,35.05,14.96,0,10
EWR 2013-01-23 11:00,EWR,2013-01-23 11:00,19.94,30.84,12.66,0,10
EWR 2013-01-23 12:00,EWR,2013-01-23 12:00,19.94,30.84,13.81,0,10
EWR 2013-01-23 13:00,EWR,2013-01-23 13:00,19.94,33.92,11.51,0,10
EWR 2013-01-23 14:00,EWR,2013-01-23 14:00,19.04,32.05,17.26,0,10
EWR 2013-01-23 15:00,EWR,2013-01-23 15:00,19.04,32.05,14.96,0,10
EWR 2013-01-23 16:00,EWR,2013-01-23 16:00,17.96,33.57,11.51,0,10
EWR 2013-01-23 17:00,EWR,2013-01-23 17:00,17.06,34.89,12.66,0,10
EWR 2013-01-23 18:00,EWR,2013-01-23 18:00,17.06,38.38,8.06,0,10
EWR 2013-01-23 19:00,EWR,2013-01-23 19:00,15.98,44.19,5.75,0,10
EWR 2013-01-23 20:00,EWR,2013-01-23 20:00,15.98,48.52,8.06,0,10
EWR 2013-01-23 21:00,EWR,2013-01-23 21:00,15.08,50.46,5.75,0,10
EWR 2013-01-23 22:00,EWR,2013-01-23 22:00,15.08,50.46,4.6,0,10
EWR 2013-01-23 23:00,EWR,2013-01-23 23:00,15.08,53.07,4.6,0,10
EWR 2013-01-24 00:00,EWR,2013-01-24 00:00,14,52.9,4.6,0,10
EWR 2013-01-24 01:00,EWR,2013-01-24 01:00,14,55.64,3.45,0,10
EWR 2013-01-24 02:00,EWR,2013-01-24 02:00,12.92,60.84,4.6,0,10
EWR 2013-01-24 03:00,EWR,2013-01-24 03:00,12.02,63.31,4.6,0,10
EWR 2013-01-24 04:00,EWR,2013-01-24 04:00,12.92,70.07,5.75,0,10
EWR 2013-01-24 05:00,EWR,2013-01-24 05:00,14,61,5.75,0,10
EWR 2013-01-24 06:00,EWR,2013-01-24 06:00,12.92,63.97,9.21,0,10
EWR 2013-01-24 07:00,EWR,2013-01-24 07:00,14,61,9.21,0,10
EWR 2013-01-24 08:00,EWR,2013-01-24 08:00,17.06,50.79,11.51,0,10
EWR 2013-01-24 09:00,EWR,2013-01-24 09:00,19.04,42.52,13.81,0,10
EWR 2013-01-24 10:00,EWR,2013-01-24 10:00,21.92,29.61,18.41,0,10
EWR 2013-01-24 11:00,EWR,2013-01-24 11:00,23,23.34,23.02,0,10
EWR 2013-01-24 12:00,EWR,2013-01-24 12:00,24.08,23.52,24.17,0,10
EWR 2013-01-24 13:00,EWR,2013-01-24 13:00,24.08,24.57,28.77,0,10
EWR 2013-01-24 14:00,EWR,2013-01-24 14:00,24.08,25.89,25.32,0,10
EWR 2013-01-24 15:00,EWR,2013-01-24 15:00,24.08,27.04,16.11,0,10
EWR 2013-01-24 16:00,EWR,2013-01-24 16:00,21.92,31.18,21.86,0,10
EWR 2013-01-24 17:00,EWR,2013-01-24 17:00,21.02,34.11,17.26,0,10
EWR 2013-01-24 18:00,EWR,2013-01-24 18:00,19.94,33.92,18.41,0,10
EWR 2013-01-24 19:00,EWR,2013-01-24 19:00,19.04,37.11,20.71,0,10
EWR 2013-01-24 20:00,EWR,2013-01-24 20:00,17.96,40.57,20.71,0,10
EWR 2013-01-24 21:00,EWR,2013-01-24 21:00,17.96,42.69,12.66,0,10
EWR 2013-01-24 22:00,EWR,2013-01-24 22:00,17.06,42.17,17.26,0,10
EWR 2013-01-24 23:00,EWR,2013-01-24 23:00,15.98,42.34,13.81,0,10
EWR 2013-01-25 00:00,EWR,2013-01-25 00:00,15.08,44.04,16.11,0,10
EWR 2013-01-25 01:00,EWR,2013-01-25 01:00,14,46.17,12.66,0,10
EWR 2013-01-25 02:00,EWR,2013-01-25 02:00,14,48.18,16.11,0,10
EWR 2013-01-25 03:00,EWR,2013-01-25 03:00,12.92,53.17,12.66,0,10
EWR 2013-01-25 04:00,EWR,2013-01-25 04:00,12.92,53.17,5.75,0,10
EWR 2013-01-25 05:00,EWR,2013-01-25 05:00,12.92,55.47,13.81,0,10
EWR 2013-01-25 06:00,EWR,2013-01-25 06:00,12.92,58.34,6.9,0,10
EWR 2013-01-25 07:00,EWR,2013-01-25 07:00,14,58.02,4.6,0,10
EWR 2013-01-25 08:00,EWR,2013-01-25 08:00,15.98,55.95,6.9,0,10
EWR 2013-01-25 09:00,EWR,2013-01-25 09:00,17.96,51.36,6.9,0,10
EWR 2013-01-25 10:00,EWR,2013-01-25 10:00,19.94,44.88,5.75,0,10
EWR 2013-01-25 11:00,EWR,2013-01-25 11:00,21.02,42.87,4.6,0,10
EWR 2013-01-25 12:00,EWR,2013-01-25 12:00,21.92,41.26,4.6,0,10
EWR 2013-01-25 13:00,EWR,2013-01-25 13:00,23,37.81,4.6,0,10
EWR 2013-01-25 14:00,EWR,2013-01-25 14:00,24.08,39.62,6.9,0,10
EWR 2013-01-25 15:00,EWR,2013-01-25 15:00,24.08,39.62,8.06,0,10
EWR 2013-01-25 16:00,EWR,2013-01-25 16:00,23,54.61,8.06,0,1.5
EWR 2013-01-25 17:00,EWR,2013-01-25 17:00,21.2,85.63,11.51,0.01,1.5
EWR 2013-01-25 18:00,EWR,2013-01-25 18:00,19.4,87.64,5.75,0.01,1.5
EWR 2013-01-25 19:00,EWR,2013-01-25 19:00,19.4,85.63,9.21,0.02,2
EWR 2013-01-25 20:00,EWR,2013-01-25 20:00,19.94,85.63,8.06,0,7
EWR 2013-01-25 21:00,EWR,2013-01-25 21:00,17.96,85.51,6.9,0,9
EWR 2013-01-25 22:00,EWR,2013-01-25 22:00,17.96,80.29,6.9,0,9
EWR 2013-01-25 23:00,EWR,2013-01-25 23:00,17.06,83.47,4.6,0,10
EWR 2013-01-26 00:00,EWR,2013-01-26 00:00,15.98,87.47,6.9,0,10
EWR 2013-01-26 01:00,EWR,2013-01-26 01:00,15.08,87.42,8.06,0,10
EWR 2013-01-26 02:00,EWR,2013-01-26 02:00,14,87.36,3.45,0,10
EWR 2013-01-26 03:00,EWR,2013-01-26 03:00,14,83.92,5.75,0,10
EWR 2013-01-26 04:00,EWR,2013-01-26 04:00,15.98,73.34,9.21,0,10
EWR 2013-01-26 05:00,EWR,2013-01-26 05:00,15.08,76.27,9.21,0,10
EWR 2013-01-26 06:00,EWR,2013-01-26 06:00,15.98,70.43,4.6,0,10
EWR 2013-01-26 07:00,EWR,2013-01-26 07:00,17.06,67.21,6.9,0,10
EWR 2013-01-26 08:00,EWR,2013-01-26 08:00,19.04,61.72,10.36,0,10
EWR 2013-01-26 09:00,EWR,2013-01-26 09:00,19.94,61.85,10.36,0,10
EWR 2013-01-26 10:00,EWR,2013-01-26 10:00,23,57.03,11.51,0,10
EWR 2013-01-26 11:00,EWR,2013-01-26 11:00,23,57.03,11.51,0,10
EWR 2013-01-26 12:00,EWR,2013-01-26 12:00,24.08,51.93,9.21,0,10
EWR 2013-01-26 13:00,EWR,2013-01-26 13:00,26.96,48.36,13.81,0,10
EWR 2013-01-26 14:00,EWR,2013-01-26 14:00,28.04,46.26,11.51,0,10
EWR 2013-01-26 15:00,EWR,2013-01-26 15:00,28.04,40.31,16.11,0,10
EWR 2013-01-26 16:00,EWR,2013-01-26 16:00,26.96,40.45,14.96,0,10
EWR 2013-01-26 17:00,EWR,2013-01-26 17:00,24.98,41.8,19.56,0,10
EWR 2013-01-26 18:00,EWR,2013-01-26 18:00,24.08,43.4,14.96,0,10
EWR 2013-01-26 19:00,EWR,2013-01-26 19:00,23,47.7,13.81,0,10
EWR 2013-01-26 20:00,EWR,2013-01-26 20:00,23,47.7,17.26,0,10
EWR 2013-01-26 21:00,EWR,2013-01-26 21:00,21.92,52.01,13.81,0,10
EWR 2013-01-26 22:00,EWR,2013-01-26 22:00,21.02,54.03,12.66,0,10
EWR 2013-01-26 23:00,EWR,2013-01-26 23:00,19.94,56.56,10.36,0,10
EWR 2013-01-27 00:00,EWR,2013-01-27 00:00,19.04,61.72,8.06,0,10
EWR 2013-01-27 01:00,EWR,2013-01-27 01:00,19.04,61.72,9.21,0,10
EWR 2013-01-27 02:00,EWR,2013-01-27 02:00,19.04,64.28,8.06,0.33,10
EWR 2013-01-27 03:00,EWR,2013-01-27 03:00,19.04,64.28,6.9,0.03,10
EWR 2013-01-27 04:00,EWR,2013-01-27 04:00,19.04,64.28,8.06,0.05,10
EWR 2013-01-27 05:00,EWR,2013-01-27 05:00,19.04,61.72,6.9,0.26,10
EWR 2013-01-27 06:00,EWR,2013-01-27 06:00,17.06,67.21,4.6,0.17,10
EWR 2013-01-27 07:00,EWR,2013-01-27 07:00,19.04,64.28,8.06,0.32,10
EWR 2013-01-27 08:00,EWR,2013-01-27 08:00,21.92,59.69,8.06,0,10
EWR 2013-01-27 09:00,EWR,2013-01-27 09:00,26.96,54.95,11.51,0,10
EWR 2013-01-27 10:00,EWR,2013-01-27 10:00,30.02,42.66,12.66,0,10
EWR 2013-01-27 11:00,EWR,2013-01-27 11:00,32,37.52,14.96,0,10
EWR 2013-01-27 12:00,EWR,2013-01-27 12:00,33.98,37.86,14.96,0,10
EWR 2013-01-27 13:00,EWR,2013-01-27 13:00,35.06,33.19,12.66,0,10
EWR 2013-01-27 14:00,EWR,2013-01-27 14:00,35.96,30.76,11.51,0,10
EWR 2013-01-27 15:00,EWR,2013-01-27 15:00,35.96,30.76,8.06,0,10
EWR 2013-01-27 16:00,EWR,2013-01-27 16:00,33.98,33.28,10.36,0,10
EWR 2013-01-27 17:00,EWR,2013-01-27 17:00,33.08,34.5,6.9,0,10
EWR 2013-01-27 18:00,EWR,2013-01-27 18:00,32,36.03,3.45,0,10
EWR 2013-01-27 19:00,EWR,2013-01-27 19:00,32,36.03,0,0,10
EWR 2013-01-27 20:00,EWR,2013-01-27 20:00,30.92,39.19,4.6,0,10
EWR 2013-01-27 21:00,EWR,2013-01-27 21:00,30.02,40.65,0,0,10
EWR 2013-01-27 22:00,EWR,2013-01-27 22:00,30.02,42.66,3.45,0,10
EWR 2013-01-27 23:00,EWR,2013-01-27 23:00,28.04,46.26,0,0,10
EWR 2013-01-28 00:00,EWR,2013-01-28 00:00,26.96,52.81,0,0,10
EWR 2013-01-28 01:00,EWR,2013-01-28 01:00,26.06,57.04,0,0,10
EWR 2013-01-28 02:00,EWR,2013-01-28 02:00,26.06,57.04,0,0,10
EWR 2013-01-28 03:00,EWR,2013-01-28 03:00,26.96,62.83,0,0,10
EWR 2013-01-28 04:00,EWR,2013-01-28 04:00,28.04,57.79,3.45,0,10
EWR 2013-01-28 05:00,EWR,2013-01-28 05:00,28.04,60.1,0,0,10
EWR 2013-01-28 06:00,EWR,2013-01-28 06:00,30.02,58.08,0,0,10
EWR 2013-01-28 07:00,EWR,2013-01-28 07:00,30.02,63.24,4.6,0,7
EWR 2013-01-28 08:00,EWR,2013-01-28 08:00,30.92,63.36,4.6,0,6
EWR 2013-01-28 09:00,EWR,2013-01-28 09:00,30.2,85,6.9,0,2
EWR 2013-01-28 10:00,EWR,2013-01-28 10:00,30.92,92.92,8.06,0,2.5
EWR 2013-01-28 11:00,EWR,2013-01-28 11:00,33.8,86.39,10.36,0,2.5
EWR 2013-01-28 12:00,EWR,2013-01-28 12:00,33.8,88.37,9.21,0,2.5
EWR 2013-01-28 13:00,EWR,2013-01-28 13:00,33.8,91.66,8.06,0,2.5
EWR 2013-01-28 14:00,EWR,2013-01-28 14:00,33.8,95.75,6.9,0,2
EWR 2013-01-28 15:00,EWR,2013-01-28 15:00,33.98,92.36,4.6,0,2
EWR 2013-01-28 16:00,EWR,2013-01-28 16:00,33.98,92.36,11.51,0,2
EWR 2013-01-28 17:00,EWR,2013-01-28 17:00,33.98,96.46,11.51,0,5
EWR 2013-01-28 18:00,EWR,2013-01-28 18:00,33.98,96.46,8.06,0,5
EWR 2013-01-28 19:00,EWR,2013-01-28 19:00,33.98,96.46,6.9,0,5
EWR 2013-01-28 20:00,EWR,2013-01-28 20:00,33.98,96.46,9.21,0,5
EWR 2013-01-28 21:00,EWR,2013-01-28 21:00,35.06,92.4,9.21,0,5
EWR 2013-01-28 22:00,EWR,2013-01-28 22:00,35.6,93.08,11.51,0,5
EWR 2013-01-28 23:00,EWR,2013-01-28 23:00,35.6,93.08,8.06,0,5
EWR 2013-01-29 00:00,EWR,2013-01-29 00:00,35.06,95.79,5.75,0,5
EWR 2013-01-29 01:00,EWR,2013-01-29 01:00,35.96,92.43,6.9,0,5
EWR 2013-01-29 02:00,EWR,2013-01-29 02:00,37.04,92.46,3.45,0,7
EWR 2013-01-29 03:00,EWR,2013-01-29 03:00,37.04,95.82,6.9,0,7
EWR 2013-01-29 04:00,EWR,2013-01-29 04:00,37.94,96.52,0,0,7
EWR 2013-01-29 05:00,EWR,2013-01-29 05:00,37.94,92.49,0,0,7
EWR 2013-01-29 06:00,EWR,2013-01-29 06:00,37.94,92.49,0,0,6
EWR 2013-01-29 07:00,EWR,2013-01-29 07:00,42.08,88.81,0,0,6
EWR 2013-01-29 08:00,EWR,2013-01-29 08:00,42.98,88.85,3.45,0,6
EWR 2013-01-29 09:00,EWR,2013-01-29 09:00,48.02,79.79,0,0,7
EWR 2013-01-29 10:00,EWR,2013-01-29 10:00,51.98,63.33,5.75,0,9
EWR 2013-01-29 11:00,EWR,2013-01-29 11:00,51.98,63.33,5.75,0,10
EWR 2013-01-29 12:00,EWR,2013-01-29 12:00,51.08,63.22,8.06,0,10
EWR 2013-01-29 13:00,EWR,2013-01-29 13:00,44.96,79.54,11.51,0,6
EWR 2013-01-29 14:00,EWR,2013-01-29 14:00,44.96,79.54,6.9,0,6
EWR 2013-01-29 15:00,EWR,2013-01-29 15:00,46.4,75.84,5.75,0,5
EWR 2013-01-29 16:00,EWR,2013-01-29 16:00,44.6,82.31,5.75,0,4
EWR 2013-01-29 17:00,EWR,2013-01-29 17:00,44.6,85.25,6.9,0,4
EWR 2013-01-29 18:00,EWR,2013-01-29 18:00,42.98,88.85,4.6,0.04,4
EWR 2013-01-29 19:00,EWR,2013-01-29 19:00,42.98,93.3,5.75,0.02,4
EWR 2013-01-29 20:00,EWR,2013-01-29 20:00,42.98,93.3,0,0,4
EWR 2013-01-29 21:00,EWR,2013-01-29 21:00,44.6,92.65,0,0,4
EWR 2013-01-29 22:00,EWR,2013-01-29 22:00,42.98,92.65,0,0,3
EWR 2013-01-29 23:00,EWR,2013-01-29 23:00,44.06,92.69,4.6,0,3
EWR 2013-01-30 00:00,EWR,2013-01-30 00:00,42.8,95.9,6.9,0,2.5
EWR 2013-01-30 01:00,EWR,2013-01-30 01:00,41,95.9,6.9,0,2.5
EWR 2013-01-30 02:00,EWR,2013-01-30 02:00,41,95.9,4.6,0,2.5
EWR 2013-01-30 03:00,EWR,2013-01-30 03:00,41,100,6.9,0,0.5
EWR 2013-01-30 04:00,EWR,2013-01-30 04:00,39.92,100,6.9,0,0.25
EWR 2013-01-30 05:00,EWR,2013-01-30 05:00,39.92,100,4.6,0,0.25
EWR 2013-01-30 06:00,EWR,2013-01-30 06:00,39.92,100,3.45,0,0.25
EWR 2013-01-30 07:00,EWR,2013-01-30 07:00,42.08,100,0,0,0.12
EWR 2013-01-30 08:00,EWR,2013-01-30 08:00,44.6,100,4.6,0,0.25
EWR 2013-01-30 09:00,EWR,2013-01-30 09:00,44.96,100,6.9,0,0.25
EWR 2013-01-30 10:00,EWR,2013-01-30 10:00,50,100,5.75,0,1
EWR 2013-01-30 11:00,EWR,2013-01-30 11:00,51.98,87.37,5.75,0,3
EWR 2013-01-30 12:00,EWR,2013-01-30 12:00,55.04,83.08,3.45,0,3
EWR 2013-01-30 13:00,EWR,2013-01-30 13:00,64.04,77.92,10.36,0,10
EWR 2013-01-30 14:00,EWR,2013-01-30 14:00,64.4,80.55,12.66,0.01,10
EWR 2013-01-30 15:00,EWR,2013-01-30 15:00,55.94,83.69,8.06,0,10
EWR 2013-01-30 16:00,EWR,2013-01-30 16:00,59,80.64,9.21,0,10
EWR 2013-01-30 17:00,EWR,2013-01-30 17:00,59,82.12,8.06,0,10
EWR 2013-01-30 18:00,EWR,2013-01-30 18:00,60.8,93.05,6.9,0.02,10
EWR 2013-01-30 19:00,EWR,2013-01-30 19:00,51.98,92.93,3.45,0,9
EWR 2013-01-30 20:00,EWR,2013-01-30 20:00,51.98,96.73,0,0,10
EWR 2013-01-30 21:00,EWR,2013-01-30 21:00,59,86.69,6.9,0,10
EWR 2013-01-30 22:00,EWR,2013-01-30 22:00,62.06,83.54,14.96,0,10
EWR 2013-01-30 23:00,EWR,2013-01-30 23:00,62.06,83.54,21.86,0.01,10
EWR 2013-01-31 00:00,EWR,2013-01-31 00:00,62.6,89.7,25.32,0.09,6
EWR 2013-01-31 01:00,EWR,2013-01-31 01:00,62.06,93.79,23.02,0.07,6
EWR 2013-01-31 02:00,EWR,2013-01-31 02:00,62.06,86.29,31.07,0.05,6
EWR 2013-01-31 03:00,EWR,2013-01-31 03:00,62.06,89.7,27.62,0.19,3
EWR 2013-01-31 04:00,EWR,2013-01-31 04:00,60.8,93.79,40.28,0.3,6
EWR 2013-01-31 05:00,EWR,2013-01-31 05:00,59,87.83,18.41,0.06,10
EWR 2013-01-31 06:00,EWR,2013-01-31 06:00,57.2,87.74,42.58,0.03,10
EWR 2013-01-31 07:00,EWR,2013-01-31 07:00,48.2,61.52,31.07,0.01,10
EWR 2013-01-31 08:00,EWR,2013-01-31 08:00,46.04,53.33,39.13,0,10
EWR 2013-01-31 09:00,EWR,2013-01-31 09:00,44.06,46.73,32.22,0,10
EWR 2013-01-31 10:00,EWR,2013-01-31 10:00,44.96,38.23,33.37,0,10
EWR 2013-01-31 11:00,EWR,2013-01-31 11:00,46.04,33.73,33.37,0,10
EWR 2013-01-31 12:00,EWR,2013-01-31 12:00,46.04,33.73,31.07,0,10
EWR 2013-01-31 13:00,EWR,2013-01-31 13:00,44.96,35.14,23.02,0,10
EWR 2013-01-31 14:00,EWR,2013-01-31 14:00,44.06,34.72,27.62,0,10
EWR 2013-01-31 15:00,EWR,2013-01-31 15:00,42.08,33.06,26.47,0,10
EWR 2013-01-31 16:00,EWR,2013-01-31 16:00,39.02,40.57,31.07,0,10
EWR 2013-01-31 17:00,EWR,2013-01-31 17:00,35.96,38.2,28.77,0,10
EWR 2013-01-31 18:00,EWR,2013-01-31 18:00,35.06,39.58,24.17,0,10
EWR 2013-01-31 19:00,EWR,2013-01-31 19:00,33.08,47.1,20.71,0,10
EWR 2013-01-31 20:00,EWR,2013-01-31 20:00,32,58.37,17.26,0,10
EWR 2013-01-31 21:00,EWR,2013-01-31 21:00,32,39.38,28.77,0,10
EWR 2013-01-31 22:00,EWR,2013-01-31 22:00,30.92,35.84,27.62,0,10
EWR 2013-01-31 23:00,EWR,2013-01-31 23:00,30.02,39.03,14.96,0,10
JFK 2013-01-01 01:00,JFK,2013-01-01 01:00,39.02,59.37,12.66,0,10
JFK 2013-01-01 02:00,JFK,2013-01-01 02:00,39.02,59.37,11.51,0,10
JFK 2013-01-01 03:00,JFK,2013-01-01 03:00,39.92,59.5,14.96,0,10
JFK 2013-01-01 04:00,JFK,2013-01-01 04:00,39.92,62.21,17.26,0,10
JFK 2013-01-01 05:00,JFK,2013-01-01 05:00,39.02,61.63,14.96,0,10
JFK 2013-01-01 06:00,JFK,2013-01-01 06:00,37.94,64.29,13.81,0,10
JFK 2013-01-01 07:00,JFK,2013-01-01 07:00,39.02,64.43,13.81,0,10
JFK 2013-01-01 08:00,JFK,2013-01-01 08:00,39.92,59.5,17.26,0,10
JFK 2013-01-01 09:00,JFK,2013-01-01 09:00,39.92,59.5,16.11,0,10
JFK 2013-01-01 10:00,JFK,2013-01-01 10:00,41,59.65,16.11,0,10
JFK 2013-01-01 11:00,JFK,2013-01-01 11:00,41,57.06,14.96,0,10
JFK 2013-01-01 13:00,JFK,2013-01-01 13:00,37.94,64.7,14.96,0,10
JFK 2013-01-01 14:00,JFK,2013-01-01 14:00,39.02,54.68,11.51,0,10
JFK 2013-01-01 15:00,JFK,2013-01-01 15:00,39.02,52.26,12.66,0,10
JFK 2013-01-01 16:00,JFK,2013-01-01 16:00,37.94,44,17.26,0,10
JFK 2013-01-01 17:00,JFK,2013-01-01 17:00,37.04,43.85,16.11,0,10
JFK 2013-01-01 18:00,JFK,2013-01-01 18:00,35.06,41.51,14.96,0,10
JFK 2013-01-01 19:00,JFK,2013-01-01 19:00,33.08,44.92,13.81,0,10
JFK 2013-01-01 20:00,JFK,2013-01-01 20:00,32,46.92,16.11,0,10
JFK 2013-01-01 21:00,JFK,2013-01-01 21:00,30.02,44.41,21.86,0,10
JFK 2013-01-01 22:00,JFK,2013-01-01 22:00,28.94,46.41,16.11,0,10
JFK 2013-01-01 23:00,JFK,2013-01-01 23:00,26.96,44.25,20.71,0,10
JFK 2013-01-02 00:00,JFK,2013-01-02 00:00,26.06,45.93,18.41,0,10
JFK 2013-01-02 01:00,JFK,2013-01-02 01:00,26.06,45.93,19.56,0,10
JFK 2013-01-02 02:00,JFK,2013-01-02 02:00,24.98,48.03,18.41,0,10
JFK 2013-01-02 03:00,JFK,2013-01-02 03:00,24.98,48.03,17.26,0,10
JFK 2013-01-02 04:00,JFK,2013-01-02 04:00,24.08,49.87,17.26,0,10
JFK 2013-01-02 05:00,JFK,2013-01-02 05:00,23,54.34,11.51,0,10
JFK 2013-01-02 06:00,JFK,2013-01-02 06:00,23,54.34,9.21,0,10
JFK 2013-01-02 07:00,JFK,2013-01-02 07:00,23,54.34,10.36,0,10
JFK 2013-01-02 08:00,JFK,2013-01-02 08:00,24.98,48.03,12.66,0,10
JFK 2013-01-02 09:00,JFK,2013-01-02 09:00,26.96,44.25,12.66,0,10
JFK 2013-01-02 10:00,JFK,2013-01-02 10:00,28.94,42.48,13.81,0,10
JFK 2013-01-02 11:00,JFK,2013-01-02 11:00,30.02,42.66,20.71,0,10
JFK 2013-01-02 12:00,JFK,2013-01-02 12:00,30.92,41.13,14.96,0,10
JFK 2013-01-02 13:00,JFK,2013-01-02 13:00,33.08,39.25,16.11,0,10
JFK 2013-01-02 14:00,JFK,2013-01-02 14:00,35.06,36.26,13.81,0,10
JFK 2013-01-02 15:00,JFK,2013-01-02 15:00,33.98,36.37,19.56,0,10
JFK 2013-01-02 16:00,JFK,2013-01-02 16:00,32,40.99,16.11,0,10
JFK 2013-01-02 17:00,JFK,2013-01-02 17:00,32,40.99,11.51,0,10
JFK 2013-01-02 18:00,JFK,2013-01-02 18:00,30.92,44.92,13.81,0,10
JFK 2013-01-02 19:00,JFK,2013-01-02 19:00,30.92,46.74,10.36,0,10
JFK 2013-01-02 20:00,JFK,2013-01-02 20:00,30.92,46.74,8.06,0,10
JFK 2013-01-02 21:00,JFK,2013-01-02 21:00,30.92,49.01,13.81,0,10
JFK 2013-01-02 22:00,JFK,2013-01-02 22:00,30.02,50.84,12.66,0,10
JFK 2013-01-02 23:00,JFK,2013-01-02 23:00,30.02,50.84,14.96,0,10
JFK 2013-01-03 00:00,JFK,2013-01-03 00:00,28.94,55.69,16.11,0,10
JFK 2013-01-03 01:00,JFK,2013-01-03 01:00,28.94,53.13,16.11,0,10
JFK 2013-01-03 02:00,JFK,2013-01-03 02:00,28.94,53.13,12.66,0,10
JFK 2013-01-03 03:00,JFK,2013-01-03 03:00,26.96,60.41,9.21,0,10
JFK 2013-01-03 04:00,JFK,2013-01-03 04:00,26.96,60.41,12.66,0,10
JFK 2013-01-03 05:00,JFK,2013-01-03 05:00,26.96,60.41,9.21,0,10
JFK 2013-01-03 06:00,JFK,2013-01-03 06:00,26.06,59.81,12.66,0,10
JFK 2013-01-03 07:00,JFK,2013-01-03 07:00,26.06,59.81,6.9,0,10
JFK 2013-01-03 08:00,JFK,2013-01-03 08:00,28.04,55.12,10.36,0,10
JFK 2013-01-03 09:00,JFK,2013-01-03 09:00,28.94,53.13,10.36,0,10
JFK 2013-01-03 10:00,JFK,2013-01-03 10:00,30.92,51.38,8.06,0,10
JFK 2013-01-03 11:00,JFK,2013-01-03 11:00,30.02,46.59,10.36,0,10
JFK 2013-01-03 12:00,JFK,2013-01-03 12:00,33.08,42.84,12.66,0,10
JFK 2013-01-03 13:00,JFK,2013-01-03 13:00,33.08,42.84,11.51,0,10
JFK 2013-01-03 14:00,JFK,2013-01-03 14:00,33.08,41.17,5.75,0,10
JFK 2013-01-03 15:00,JFK,2013-01-03 15:00,32,44.74,8.06,0,10
JFK 2013-01-03 16:00,JFK,2013-01-03 16:00,30.92,51.38,10.36,0,10
JFK 2013-01-03 17:00,JFK,2013-01-03 17:00,30.92,51.38,13.81,0,10
JFK 2013-01-03 18:00,JFK,2013-01-03 18:00,30.92,51.38,14.96,0,10
JFK 2013-01-03 19:00,JFK,2013-01-03 19:00,32,49.19,13.81,0,10
JFK 2013-01-03 20:00,JFK,2013-01-03 20:00,32,51.15,13.81,0,10
JFK 2013-01-03 21:00,JFK,2013-01-03 21:00,32,53.6,13.81,0,10
JFK 2013-01-03 22:00,JFK,2013-01-03 22:00,32,53.6,13.81,0,10
JFK 2013-01-03 23:00,JFK,2013-01-03 23:00,32,58.37,13.81,0,10
JFK 2013-01-04 00:00,JFK,2013-01-04 00:00,32,58.37,16.11,0,10
JFK 2013-01-04 01:00,JFK,2013-01-04 01:00,32,58.37,14.96,0,10
JFK 2013-01-04 02:00,JFK,2013-01-04 02:00,30.92,63.36,11.51,0,10
JFK 2013-01-04 03:00,JFK,2013-01-04 03:00,30.02,65.72,10.36,0,10
JFK 2013-01-04 04:00,JFK,2013-01-04 04:00,30.92,60.97,12.66,0,10
JFK 2013-01-04 05:00,JFK,2013-01-04 05:00,33.08,60.81,13.81,0,10
JFK 2013-01-04 06:00,JFK,2013-01-04 06:00,33.08,60.81,12.66,0,10
JFK 2013-01-04 07:00,JFK,2013-01-04 07:00,33.98,60.93,18.41,0,10
JFK 2013-01-04 08:00,JFK,2013-01-04 08:00,35.06,56.18,14.96,0,10
JFK 2013-01-04 09:00,JFK,2013-01-04 09:00,35.96,54.21,16.11,0,10
JFK 2013-01-04 10:00,JFK,2013-01-04 10:00,35.96,51.78,14.96,0,10
JFK 2013-01-04 11:00,JFK,2013-01-04 11:00,35.96,51.78,17.26,0,10
JFK 2013-01-04 12:00,JFK,2013-01-04 12:00,37.04,49.62,18.41,0,10
JFK 2013-01-04 13:00,JFK,2013-01-04 13:00,37.94,46.09,19.56,0,10
JFK 2013-01-04 14:00,JFK,2013-01-04 14:00,37.94,47.89,20.71,0,10
JFK 2013-01-04 15:00,JFK,2013-01-04 15:00,37.04,49.62,20.71,0,10
JFK 2013-01-04 16:00,JFK,2013-01-04 16:00,35.96,51.78,19.56,0,10
JFK 2013-01-04 17:00,JFK,2013-01-04 17:00,35.96,51.78,18.41,0,10
JFK 2013-01-04 18:00,JFK,2013-01-04 18:00,35.96,54.21,18.41,0,10
JFK 2013-01-04 19:00,JFK,2013-01-04 19:00,35.96,54.21,20.71,0,10
JFK 2013-01-04 20:00,JFK,2013-01-04 20:00,35.96,51.78,16.11,0,10
JFK 2013-01-04 21:00,JFK,2013-01-04 21:00,35.06,53.66,17.26,0,10
JFK 2013-01-04 22:00,JFK,2013-01-04 22:00,33.98,56.02,13.81,0,10
JFK 2013-01-04 23:00,JFK,2013-01-04 23:00,33.98,53.91,13.81,0,10
JFK 2013-01-05 00:00,JFK,2013-01-05 00:00,33.98,51.47,14.96,0,10
JFK 2013-01-05 01:00,JFK,2013-01-05 01:00,33.98,49.51,17.26,0,10
JFK 2013-01-05 02:00,JFK,2013-01-05 02:00,33.98,47.25,18.41,0,10
JFK 2013-01-05 03:00,JFK,2013-01-05 03:00,33.08,48.98,13.81,0,10
JFK 2013-01-05 04:00,JFK,2013-01-05 04:00,33.08,48.98,12.66,0,10
JFK 2013-01-05 05:00,JFK,2013-01-05 05:00,33.08,53.36,16.11,0,10
JFK 2013-01-05 06:00,JFK,2013-01-05 06:00,33.08,53.36,10.36,0,10
JFK 2013-01-05 07:00,JFK,2013-01-05 07:00,33.08,55.89,13.81,0,10
JFK 2013-01-05 08:00,JFK,2013-01-05 08:00,35.06,53.66,12.66,0,10
JFK 2013-01-05 09:00,JFK,2013-01-05 09:00,37.04,49.62,10.36,0,10
JFK 2013-01-05 10:00,JFK,2013-01-05 10:00,41,42.51,20.71,0,10
JFK 2013-01-05 11:00,JFK,2013-01-05 11:00,42.98,37.9,17.26,0,10
JFK 2013-01-05 12:00,JFK,2013-01-05 12:00,44.06,37.79,16.11,0,10
JFK 2013-01-05 13:00,JFK,2013-01-05 13:00,44.06,36.36,9.21,0,10
JFK 2013-01-05 14:00,JFK,2013-01-05 14:00,44.06,36.36,11.51,0,10
JFK 2013-01-05 15:00,JFK,2013-01-05 15:00,42.08,39.23,8.06,0,10
JFK 2013-01-05 16:00,JFK,2013-01-05 16:00,39.02,48.07,8.06,0,10
JFK 2013-01-05 17:00,JFK,2013-01-05 17:00,37.94,50.14,5.75,0,10
JFK 2013-01-05 18:00,JFK,2013-01-05 18:00,35.96,64.03,9.21,0,10
JFK 2013-01-05 19:00,JFK,2013-01-05 19:00,35.06,61.08,8.06,0,10
JFK 2013-01-05 20:00,JFK,2013-01-05 20:00,33.98,63.77,5.75,0,10
JFK 2013-01-05 21:00,JFK,2013-01-05 21:00,33.98,66.72,5.75,0,10
JFK 2013-01-05 22:00,JFK,2013-01-05 22:00,33.98,66.72,8.06,0,10
JFK 2013-01-05 23:00,JFK,2013-01-05 23:00,35.06,66.36,8.06,0,10
JFK 2013-01-06 00:00,JFK,2013-01-06 00:00,35.06,66.36,8.06,0,10
JFK 2013-01-06 01:00,JFK,2013-01-06 01:00,35.06,66.36,6.9,0,10
JFK 2013-01-06 02:00,JFK,2013-01-06 02:00,35.06,69.4,8.06,0,9
JFK 2013-01-06 03:00,JFK,2013-01-06 03:00,35.96,66.97,8.06,0,10
JFK 2013-01-06 04:00,JFK,2013-01-06 04:00,33.8,88.37,11.51,0,3
JFK 2013-01-06 05:00,JFK,2013-01-06 05:00,33.08,91.66,8.06,0,4
JFK 2013-01-06 06:00,JFK,2013-01-06 06:00,33.98,92.36,10.36,0,6
JFK 2013-01-06 07:00,JFK,2013-01-06 07:00,35.6,93.08,11.51,0,10
JFK 2013-01-06 08:00,JFK,2013-01-06 08:00,35.96,93.08,12.66,0,8
JFK 2013-01-06 09:00,JFK,2013-01-06 09:00,37.04,86.59,14.96,0,9
JFK 2013-01-06 10:00,JFK,2013-01-06 10:00,39.2,80.79,11.51,0,9
JFK 2013-01-06 11:00,JFK,2013-01-06 11:00,39.92,73.08,12.66,0,9
JFK 2013-01-06 12:00,JFK,2013-01-06 12:00,42.08,67.22,12.66,0,9
JFK 2013-01-06 13:00,JFK,2013-01-06 13:00,42.98,62.16,10.36,0,10
JFK 2013-01-06 14:00,JFK,2013-01-06 14:00,44.96,55.56,10.36,0,10
JFK 2013-01-06 15:00,JFK,2013-01-06 15:00,44.06,55.02,10.36,0,10
JFK 2013-01-06 16:00,JFK,2013-01-06 16:00,41,59.65,11.51,0,10
JFK 2013-01-06 17:00,JFK,2013-01-06 17:00,41,61.89,10.36,0,10
JFK 2013-01-06 18:00,JFK,2013-01-06 18:00,42.98,50.94,14.96,0,10
JFK 2013-01-06 19:00,JFK,2013-01-06 19:00,42.98,48.7,11.51,0,10
JFK 2013-01-06 20:00,JFK,2013-01-06 20:00,42.98,48.7,12.66,0,10
JFK 2013-01-06 21:00,JFK,2013-01-06 21:00,42.98,50.94,10.36,0,10
JFK 2013-01-06 22:00,JFK,2013-01-06 22:00,42.98,50.94,10.36,0,10
JFK 2013-01-06 23:00,JFK,2013-01-06 23:00,42.98,50.94,12.66,0,10
JFK 2013-01-07 00:00,JFK,2013-01-07 00:00,41,54.97,14.96,0,10
JFK 2013-01-07 01:00,JFK,2013-01-07 01:00,39.92,57.33,10.36,0,10
JFK 2013-01-07 02:00,JFK,2013-01-07 02:00,37.94,61.94,9.21,0,10
JFK 2013-01-07 03:00,JFK,2013-01-07 03:00,37.94,64.29,10.36,0,10
JFK 2013-01-07 04:00,JFK,2013-01-07 04:00,37.94,64.29,10.36,0,10
JFK 2013-01-07 05:00,JFK,2013-01-07 05:00,39.02,61.63,12.66,0,10
JFK 2013-01-07 06:00,JFK,2013-01-07 06:00,37.94,64.29,12.66,0,10
JFK 2013-01-07 07:00,JFK,2013-01-07 07:00,37.94,64.29,4.6,0,10
JFK 2013-01-07 08:00,JFK,2013-01-07 08:00,42.08,54.73,12.66,0,10
JFK 2013-01-07 09:00,JFK,2013-01-07 09:00,44.06,50.73,18.41,0,10
JFK 2013-01-07 10:00,JFK,2013-01-07 10:00,46.04,43.34,11.51,0,10
JFK 2013-01-07 11:00,JFK,2013-01-07 11:00,46.04,39.9,13.81,0,10
JFK 2013-01-07 12:00,JFK,2013-01-07 12:00,46.04,36.7,13.81,0,10
JFK 2013-01-07 13:00,JFK,2013-01-07 13:00,46.04,35.05,11.51,0,10
JFK 2013-01-07 14:00,JFK,2013-01-07 14:00,46.04,35.05,8.06,0,10
JFK 2013-01-07 15:00,JFK,2013-01-07 15:00,44.96,35.14,5.75,0,10
JFK 2013-01-07 16:00,JFK,2013-01-07 16:00,41,40.9,5.75,0,10
JFK 2013-01-07 17:00,JFK,2013-01-07 17:00,37.94,47.89,4.6,0,10
JFK 2013-01-07 18:00,JFK,2013-01-07 18:00,39.92,44.33,0,0,10
JFK 2013-01-07 19:00,JFK,2013-01-07 19:00,37.04,49.62,0,0,10
JFK 2013-01-07 20:00,JFK,2013-01-07 20:00,37.04,53.97,0,0,10
JFK 2013-01-07 21:00,JFK,2013-01-07 21:00,32,65.97,0,0,10
JFK 2013-01-07 22:00,JFK,2013-01-07 22:00,33.08,69.17,0,0,10
JFK 2013-01-07 23:00,JFK,2013-01-07 23:00,33.98,72.45,9.21,0,10
JFK 2013-01-08 00:00,JFK,2013-01-08 00:00,32,78.45,8.06,0,10
JFK 2013-01-08 01:00,JFK,2013-01-08 01:00,32,81.42,8.06,0,10
JFK 2013-01-08 02:00,JFK,2013-01-08 02:00,32,85.12,6.9,0,10
JFK 2013-01-08 03:00,JFK,2013-01-08 03:00,33.98,81.57,10.36,0,10
JFK 2013-01-08 04:00,JFK,2013-01-08 04:00,33.08,81.5,11.51,0,10
JFK 2013-01-08 05:00,JFK,2013-01-08 05:00,33.98,78.62,10.36,0,10
JFK 2013-01-08 06:00,JFK,2013-01-08 06:00,35.06,75.31,13.81,0,10
JFK 2013-01-08 07:00,JFK,2013-01-08 07:00,35.96,75.39,13.81,0,10
JFK 2013-01-08 08:00,JFK,2013-01-08 08:00,39.02,72.46,12.66,0,10
JFK 2013-01-08 09:00,JFK,2013-01-08 09:00,41,67.09,11.51,0,10
JFK 2013-01-08 10:00,JFK,2013-01-08 10:00,42.98,62.16,10.36,0,10
JFK 2013-01-08 11:00,JFK,2013-01-08 11:00,44.96,55.56,9.21,0,10
JFK 2013-01-08 12:00,JFK,2013-01-08 12:00,46.94,53.47,13.81,0,10
JFK 2013-01-08 13:00,JFK,2013-01-08 13:00,48.02,49.5,12.66,0,10
JFK 2013-01-08 14:00,JFK,2013-01-08 14:00,48.02,51.34,11.51,0,10
JFK 2013-01-08 15:00,JFK,2013-01-08 15:00,46.94,53.47,12.66,0,10
JFK 2013-01-08 16:00,JFK,2013-01-08 16:00,44.06,59.64,10.36,0,10
JFK 2013-01-08 17:00,JFK,2013-01-08 17:00,42.98,64.93,11.51,0,10
JFK 2013-01-08 18:00,JFK,2013-01-08 18:00,42.08,67.22,12.66,0,10
JFK 2013-01-08 19:00,JFK,2013-01-08 19:00,42.08,70.2,10.36,0,10
JFK 2013-01-08 20:00,JFK,2013-01-08 20:00,41,73.19,11.51,0,10
JFK 2013-01-08 21:00,JFK,2013-01-08 21:00,37.04,81.8,5.75,0,9
JFK 2013-01-08 22:00,JFK,2013-01-08 22:00,35.06,81.65,6.9,0,9
JFK 2013-01-08 23:00,JFK,2013-01-08 23:00,35.96,81.72,6.9,0,10
JFK 2013-01-09 00:00,JFK,2013-01-09 00:00,35.06,84.69,5.75,0,10
JFK 2013-01-09 01:00,JFK,2013-01-09 01:00,35.06,84.69,3.45,0,10
JFK 2013-01-09 02:00,JFK,2013-01-09 02:00,35.06,88.47,4.6,0,10
JFK 2013-01-09 03:00,JFK,2013-01-09 03:00,35.06,88.47,0,0,9
JFK 2013-01-09 04:00,JFK,2013-01-09 04:00,35.06,92.4,0,0,9
JFK 2013-01-09 05:00,JFK,2013-01-09 05:00,37.04,81.8,0,0,10
JFK 2013-01-09 06:00,JFK,2013-01-09 06:00,37.94,78.96,0,0,9
JFK 2013-01-09 07:00,JFK,2013-01-09 07:00,33.98,88.42,3.45,0,8
JFK 2013-01-09 08:00,JFK,2013-01-09 08:00,39.92,89.34,0,0,7
JFK 2013-01-09 09:00,JFK,2013-01-09 09:00,44.96,73.59,4.6,0,8
JFK 2013-01-09 10:00,JFK,2013-01-09 10:00,46.94,63.13,9.21,0,10
JFK 2013-01-09 11:00,JFK,2013-01-09 11:00,46.04,70.64,6.9,0,10
JFK 2013-01-09 12:00,JFK,2013-01-09 12:00,46.04,62.56,9.21,0,10
JFK 2013-01-09 13:00,JFK,2013-01-09 13:00,46.94,63.13,6.9,0,10
JFK 2013-01-09 14:00,JFK,2013-01-09 14:00,46.4,62.16,9.21,0,10
JFK 2013-01-09 15:00,JFK,2013-01-09 15:00,45.32,70.56,8.06,0,10
JFK 2013-01-09 16:00,JFK,2013-01-09 16:00,46.04,76.35,6.9,0,10
JFK 2013-01-09 17:00,JFK,2013-01-09 17:00,48.02,70.86,8.06,0,10
JFK 2013-01-09 18:00,JFK,2013-01-09 18:00,48.02,65.56,17.26,0,10
JFK 2013-01-09 19:00,JFK,2013-01-09 19:00,48.02,65.56,16.11,0,10
JFK 2013-01-09 20:00,JFK,2013-01-09 20:00,46.94,68.28,16.11,0,10
JFK 2013-01-09 21:00,JFK,2013-01-09 21:00,46.04,67.69,16.11,0,10
JFK 2013-01-09 22:00,JFK,2013-01-09 22:00,46.94,58.33,16.11,0,10
JFK 2013-01-09 23:00,JFK,2013-01-09 23:00,46.94,53.47,18.41,0,10
JFK 2013-01-10 00:00,JFK,2013-01-10 00:00,44.06,59.64,14.96,0,10
JFK 2013-01-10 01:00,JFK,2013-01-10 01:00,42.08,62.04,10.36,0,10
JFK 2013-01-10 02:00,JFK,2013-01-10 02:00,42.08,59.36,8.06,0,10
JFK 2013-01-10 03:00,JFK,2013-01-10 03:00,42.98,50.94,11.51,0,10
JFK 2013-01-10 04:00,JFK,2013-01-10 04:00,41,54.97,14.96,0,10
JFK 2013-01-10 05:00,JFK,2013-01-10 05:00,42.98,44.83,12.66,0,10
JFK 2013-01-10 06:00,JFK,2013-01-10 06:00,41,48.39,10.36,0,10
JFK 2013-01-10 07:00,JFK,2013-01-10 07:00,42.08,46.41,16.11,0,10
JFK 2013-01-10 08:00,JFK,2013-01-10 08:00,44.06,43.02,14.96,0,10
JFK 2013-01-10 09:00,JFK,2013-01-10 09:00,44.96,41.56,21.86,0,10
JFK 2013-01-10 10:00,JFK,2013-01-10 10:00,46.04,38.12,21.86,0,10
JFK 2013-01-10 11:00,JFK,2013-01-10 11:00,46.94,36.85,16.11,0,10
JFK 2013-01-10 12:00,JFK,2013-01-10 12:00,48.02,32.53,14.96,0,10
JFK 2013-01-10 13:00,JFK,2013-01-10 13:00,48.92,31.45,14.96,0,10
JFK 2013-01-10 14:00,JFK,2013-01-10 14:00,48.02,32.53,11.51,0,10
JFK 2013-01-10 15:00,JFK,2013-01-10 15:00,48.02,32.53,12.66,0,10
JFK 2013-01-10 16:00,JFK,2013-01-10 16:00,44.96,36.52,12.66,0,10
JFK 2013-01-10 17:00,JFK,2013-01-10 17:00,44.06,37.79,6.9,0,10
JFK 2013-01-10 18:00,JFK,2013-01-10 18:00,44.06,39.57,6.9,0,10
JFK 2013-01-10 19:00,JFK,2013-01-10 19:00,42.08,42.69,5.75,0,10
JFK 2013-01-10 20:00,JFK,2013-01-10 20:00,41,46.23,6.9,0,10
JFK 2013-01-10 21:00,JFK,2013-01-10 21:00,39.92,50.46,5.75,0,10
JFK 2013-01-10 22:00,JFK,2013-01-10 22:00,39.02,49.93,5.75,0,10
JFK 2013-01-10 23:00,JFK,2013-01-10 23:00,39.02,49.93,4.6,0,10
JFK 2013-01-11 00:00,JFK,2013-01-11 00:00,37.94,54.51,8.06,0,10
JFK 2013-01-11 01:00,JFK,2013-01-11 01:00,37.04,59.09,6.9,0,10
JFK 2013-01-11 02:00,JFK,2013-01-11 02:00,33.98,63.77,4.6,0,10
JFK 2013-01-11 03:00,JFK,2013-01-11 03:00,33.98,66.72,6.9,0,10
JFK 2013-01-11 04:00,JFK,2013-01-11 04:00,35.06,66.36,5.75,0,10
JFK 2013-01-11 05:00,JFK,2013-01-11 05:00,35.96,64.03,4.6,0,10
JFK 2013-01-11 06:00,JFK,2013-01-11 06:00,37.04,61.35,0,0,10
JFK 2013-01-11 07:00,JFK,2013-01-11 07:00,35.96,66.97,0,0,10
JFK 2013-01-11 08:00,JFK,2013-01-11 08:00,39.02,64.43,6.9,0,10
JFK 2013-01-11 09:00,JFK,2013-01-11 09:00,41,61.89,4.6,0,10
JFK 2013-01-11 10:00,JFK,2013-01-11 10:00,42.08,64.35,6.9,0,10
JFK 2013-01-11 11:00,JFK,2013-01-11 11:00,42.98,70.3,11.51,0,10
JFK 2013-01-11 12:00,JFK,2013-01-11 12:00,42.98,70.3,9.21,0,10
JFK 2013-01-11 13:00,JFK,2013-01-11 13:00,42.98,76.06,6.9,0,10
JFK 2013-01-11 14:00,JFK,2013-01-11 14:00,44.06,76.16,8.06,0,10
JFK 2013-01-11 15:00,JFK,2013-01-11 15:00,44.06,82.31,6.9,0,10
JFK 2013-01-11 16:00,JFK,2013-01-11 16:00,44.6,88.9,9.21,0.03,7
JFK 2013-01-11 17:00,JFK,2013-01-11 17:00,44.96,93.35,6.9,0.05,7
JFK 2013-01-11 18:00,JFK,2013-01-11 18:00,46.4,93.4,13.81,0.1,7
JFK 2013-01-11 19:00,JFK,2013-01-11 19:00,46.4,95.99,9.21,0.12,6
JFK 2013-01-11 20:00,JFK,2013-01-11 20:00,46.04,92.75,3.45,0.13,6
JFK 2013-01-11 21:00,JFK,2013-01-11 21:00,44.96,96.63,5.75,0.06,4
JFK 2013-01-11 22:00,JFK,2013-01-11 22:00,46.04,92.75,9.21,0.07,6
JFK 2013-01-11 23:00,JFK,2013-01-11 23:00,46.04,95.99,8.06,0.02,3
JFK 2013-01-12 00:00,JFK,2013-01-12 00:00,48.02,92.81,8.06,0.04,1.5
JFK 2013-01-12 01:00,JFK,2013-01-12 01:00,48.92,96.69,5.75,0.01,1.5
JFK 2013-01-12 02:00,JFK,2013-01-12 02:00,44.96,96.63,10.36,0.01,1.5
JFK 2013-01-12 03:00,JFK,2013-01-12 03:00,44.96,92.72,10.36,0,2
JFK 2013-01-12 04:00,JFK,2013-01-12 04:00,44.96,92.72,10.36,0,4
JFK 2013-01-12 05:00,JFK,2013-01-12 05:00,44.96,96.63,9.21,0,4
JFK 2013-01-12 06:00,JFK,2013-01-12 06:00,44.96,92.72,12.66,0,3
JFK 2013-01-12 07:00,JFK,2013-01-12 07:00,44.06,95.95,8.06,0,7
JFK 2013-01-12 08:00,JFK,2013-01-12 08:00,44.96,92.72,9.21,0,6
JFK 2013-01-12 09:00,JFK,2013-01-12 09:00,44.96,92.72,11.51,0,7
JFK 2013-01-12 10:00,JFK,2013-01-12 10:00,46.04,92.75,4.6,0,1
JFK 2013-01-12 11:00,JFK,2013-01-12 11:00,46.04,92.75,5.75,0,2
JFK 2013-01-12 12:00,JFK,2013-01-12 12:00,46.04,92.75,5.75,0,2.5
JFK 2013-01-12 13:00,JFK,2013-01-12 13:00,46.04,92.75,5.75,0,3
JFK 2013-01-12 14:00,JFK,2013-01-12 14:00,46.04,92.75,0,0,3
JFK 2013-01-12 15:00,JFK,2013-01-12 15:00,46.04,88.99,5.75,0,2
JFK 2013-01-12 16:00,JFK,2013-01-12 16:00,44.96,92.72,0,0,2
JFK 2013-01-12 17:00,JFK,2013-01-12 17:00,44.96,92.72,5.75,0,2
JFK 2013-01-12 18:00,JFK,2013-01-12 18:00,44.06,92.69,4.6,0,1
JFK 2013-01-12 19:00,JFK,2013-01-12 19:00,42.98,96.6,0,0,0.25
JFK 2013-01-12 20:00,JFK,2013-01-12 20:00,42.98,100,5.75,0,0.25
JFK 2013-01-12 21:00,JFK,2013-01-12 21:00,42.98,100,3.45,0,0.25
JFK 2013-01-12 22:00,JFK,2013-01-12 22:00,42.98,100,0,0,0.25
JFK 2013-01-12 23:00,JFK,2013-01-12 23:00,42.98,96.6,4.6,0,0.25
JFK 2013-01-13 00:00,JFK,2013-01-13 00:00,42.98,100,0,0,0.25
JFK 2013-01-13 01:00,JFK,2013-01-13 01:00,42.98,100,0,0,0.25
JFK 2013-01-13 02:00,JFK,2013-01-13 02:00,44.06,95.95,3.45,0,0.25
JFK 2013-01-13 03:00,JFK,2013-01-13 03:00,42.98,100,6.9,0,0.25
JFK 2013-01-13 04:00,JFK,2013-01-13 04:00,42.98,100,5.75,0,0.25
JFK 2013-01-13 05:00,JFK,2013-01-13 05:00,42.98,100,3.45,0,0.25
JFK 2013-01-13 06:00,JFK,2013-01-13 06:00,42.98,100,4.6,0,0.25
JFK 2013-01-13 07:00,JFK,2013-01-13 07:00,42.98,100,8.06,0,0.25
JFK 2013-01-13 08:00,JFK,2013-01-13 08:00,42.98,96.6,6.9,0,0.25
JFK 2013-01-13 09:00,JFK,2013-01-13 09:00,44.06,100,9.21,0,0.25
JFK 2013-01-13 10:00,JFK,2013-01-13 10:00,44.06,100,6.9,0,0.5
JFK 2013-01-13 11:00,JFK,2013-01-13 11:00,44.96,96.63,6.9,0,0.25
JFK 2013-01-13 12:00,JFK,2013-01-13 12:00,44.06,95.95,6.9,0,0.25
JFK 2013-01-13 13:00,JFK,2013-01-13 13:00,44.96,92.72,9.21,0,6
JFK 2013-01-13 14:00,JFK,2013-01-13 14:00,46.4,92.75,9.21,0,9
JFK 2013-01-13 15:00,JFK,2013-01-13 15:00,46.04,92.75,10.36,0,9
JFK 2013-01-13 16:00,JFK,2013-01-13 16:00,46.94,89.65,10.36,0,10
JFK 2013-01-13 17:00,JFK,2013-01-13 17:00,46.94,92.78,12.66,0,10
JFK 2013-01-13 18:00,JFK,2013-01-13 18:00,46.94,96.66,14.96,0,2
JFK 2013-01-13 19:00,JFK,2013-01-13 19:00,46.94,96.66,6.9,0,0.25
JFK 2013-01-13 20:00,JFK,2013-01-13 20:00,46.94,100,4.6,0,0.25
JFK 2013-01-13 21:00,JFK,2013-01-13 21:00,46.94,100,5.75,0,0.25
JFK 2013-01-13 22:00,JFK,2013-01-13 22:00,46.94,96.66,0,0,0.25
JFK 2013-01-13 23:00,JFK,2013-01-13 23:00,46.94,100,4.6,0.01,0.25
JFK 2013-01-14 00:00,JFK,2013-01-14 00:00,46.94,100,0,0,0.25
JFK 2013-01-14 01:00,JFK,2013-01-14 01:00,48.02,96.02,3.45,0,0.25
JFK 2013-01-14 02:00,JFK,2013-01-14 02:00,48.02,96.02,4.6,0,0.25
JFK 2013-01-14 03:00,JFK,2013-01-14 03:00,48.02,96.02,6.9,0,0.25
JFK 2013-01-14 04:00,JFK,2013-01-14 04:00,48.02,96.02,5.75,0,0.25
JFK 2013-01-14 05:00,JFK,2013-01-14 05:00,46.94,100,6.9,0,0.25
JFK 2013-01-14 06:00,JFK,2013-01-14 06:00,48.02,100,6.9,0,0.25
JFK 2013-01-14 07:00,JFK,2013-01-14 07:00,50,100,5.75,0,0.25
JFK 2013-01-14 08:00,JFK,2013-01-14 08:00,50,100,4.6,0,0.25
JFK 2013-01-14 09:00,JFK,2013-01-14 09:00,51.98,100,9.21,0,1.5
JFK 2013-01-14 10:00,JFK,2013-01-14 10:00,55.04,100,9.21,0,5
JFK 2013-01-14 11:00,JFK,2013-01-14 11:00,57.92,77.92,11.51,0,10
JFK 2013-01-14 12:00,JFK,2013-01-14 12:00,57.02,68.95,16.11,0,10
JFK 2013-01-14 13:00,JFK,2013-01-14 13:00,55.04,61.56,14.96,0,10
JFK 2013-01-14 14:00,JFK,2013-01-14 14:00,55.94,54.8,14.96,0,10
JFK 2013-01-14 15:00,JFK,2013-01-14 15:00,55.04,50.58,12.66,0,10
JFK 2013-01-14 16:00,JFK,2013-01-14 16:00,53.96,48.65,11.51,0,10
JFK 2013-01-14 17:00,JFK,2013-01-14 17:00,53.06,48.16,9.21,0,10
JFK 2013-01-14 18:00,JFK,2013-01-14 18:00,51.98,56.58,9.21,0,10
JFK 2013-01-14 19:00,JFK,2013-01-14 19:00,50,61.76,13.81,0,10
JFK 2013-01-14 20:00,JFK,2013-01-14 20:00,48.2,57.26,10.36,0,10
JFK 2013-01-14 21:00,JFK,2013-01-14 21:00,44.96,60.2,14.96,0,10
JFK 2013-01-14 22:00,JFK,2013-01-14 22:00,41,70.08,13.81,0.01,10
JFK 2013-01-14 23:00,JFK,2013-01-14 23:00,39.02,81.95,11.51,0.01,10
JFK 2013-01-15 00:00,JFK,2013-01-15 00:00,37.94,82.46,8.06,0.01,10
JFK 2013-01-15 01:00,JFK,2013-01-15 01:00,37.04,81.8,5.75,0.03,10
JFK 2013-01-15 02:00,JFK,2013-01-15 02:00,37.04,81.8,9.21,0.03,10
JFK 2013-01-15 03:00,JFK,2013-01-15 03:00,35.96,81.72,6.9,0.01,10
JFK 2013-01-15 04:00,JFK,2013-01-15 04:00,35.96,81.72,5.75,0.01,10
JFK 2013-01-15 05:00,JFK,2013-01-15 05:00,35.96,81.72,8.06,0,10
JFK 2013-01-15 06:00,JFK,2013-01-15 06:00,35.96,81.72,11.51,0,10
JFK 2013-01-15 07:00,JFK,2013-01-15 07:00,37.04,72.24,11.51,0,10
JFK 2013-01-15 08:00,JFK,2013-01-15 08:00,37.04,69.63,12.66,0,10
JFK 2013-01-15 09:00,JFK,2013-01-15 09:00,37.04,66.6,11.51,0,10
JFK 2013-01-15 10:00,JFK,2013-01-15 10:00,37.94,61.94,9.21,0,10
JFK 2013-01-15 11:00,JFK,2013-01-15 11:00,37.94,61.94,11.51,0,10
JFK 2013-01-15 12:00,JFK,2013-01-15 12:00,37.94,59.22,10.36,0,10
JFK 2013-01-15 13:00,JFK,2013-01-15 13:00,39.02,56.77,9.21,0,10
JFK 2013-01-15 14:00,JFK,2013-01-15 14:00,39.02,56.77,6.9,0,10
JFK 2013-01-15 15:00,JFK,2013-01-15 15:00,39.02,56.77,6.9,0,10
JFK 2013-01-15 16:00,JFK,2013-01-15 16:00,39.02,56.77,9.21,0,10
JFK 2013-01-15 17:00,JFK,2013-01-15 17:00,39.02,56.77,10.36,0,10
JFK 2013-01-15 18:00,JFK,2013-01-15 18:00,39.02,56.77,9.21,0,10
JFK 2013-01-15 19:00,JFK,2013-01-15 19:00,37.94,57.04,8.06,0,10
JFK 2013-01-15 20:00,JFK,2013-01-15 20:00,39.02,54.68,4.6,0,10
JFK 2013-01-15 21:00,JFK,2013-01-15 21:00,37.94,57.04,6.9,0,10
JFK 2013-01-15 22:00,JFK,2013-01-15 22:00,37.04,64.17,8.06,0,10
JFK 2013-01-15 23:00,JFK,2013-01-15 23:00,35.96,75.39,8.06,0.02,8
JFK 2013-01-16 00:00,JFK,2013-01-16 00:00,35.06,81.65,12.66,0.05,6
JFK 2013-01-16 01:00,JFK,2013-01-16 01:00,33.98,85.24,10.36,0.06,8
JFK 2013-01-16 02:00,JFK,2013-01-16 02:00,33.8,88.37,11.51,0.06,6
JFK 2013-01-16 03:00,JFK,2013-01-16 03:00,33.08,91.66,10.36,0.12,5
JFK 2013-01-16 04:00,JFK,2013-01-16 04:00,33.98,88.42,8.06,0.19,5
JFK 2013-01-16 05:00,JFK,2013-01-16 05:00,33.8,91.66,6.9,0.13,6
JFK 2013-01-16 06:00,JFK,2013-01-16 06:00,33.98,92.36,6.9,0.08,6
JFK 2013-01-16 07:00,JFK,2013-01-16 07:00,33.98,93.03,6.9,0.05,6
JFK 2013-01-16 08:00,JFK,2013-01-16 08:00,35.06,92.4,8.06,0.03,8
JFK 2013-01-16 09:00,JFK,2013-01-16 09:00,35.96,93.08,8.06,0,10
JFK 2013-01-16 10:00,JFK,2013-01-16 10:00,37.04,88.57,6.9,0.02,7
JFK 2013-01-16 11:00,JFK,2013-01-16 11:00,37.04,92.46,8.06,0.03,6
JFK 2013-01-16 12:00,JFK,2013-01-16 12:00,35.96,92.43,6.9,0.01,7
JFK 2013-01-16 13:00,JFK,2013-01-16 13:00,35.96,93.08,9.21,0,5
JFK 2013-01-16 14:00,JFK,2013-01-16 14:00,35.96,89.16,19.56,0,5
JFK 2013-01-16 15:00,JFK,2013-01-16 15:00,35.06,95.79,0,0,6
JFK 2013-01-16 16:00,JFK,2013-01-16 16:00,35.96,92.43,4.6,0,6
JFK 2013-01-16 17:00,JFK,2013-01-16 17:00,37.04,88.57,10.36,0,8
JFK 2013-01-16 18:00,JFK,2013-01-16 18:00,37.4,88.57,10.36,0,9
JFK 2013-01-16 19:00,JFK,2013-01-16 19:00,37.04,88.57,12.66,0,10
JFK 2013-01-16 20:00,JFK,2013-01-16 20:00,37.04,88.57,14.96,0,10
JFK 2013-01-16 21:00,JFK,2013-01-16 21:00,37.94,86.69,13.81,0,10
JFK 2013-01-16 22:00,JFK,2013-01-16 22:00,37.94,85.49,12.66,0,9
JFK 2013-01-16 23:00,JFK,2013-01-16 23:00,37.94,85.49,12.66,0,10
JFK 2013-01-17 00:00,JFK,2013-01-17 00:00,39.02,79.05,10.36,0,10
JFK 2013-01-17 01:00,JFK,2013-01-17 01:00,39.02,75.69,10.36,0,10
JFK 2013-01-17 02:00,JFK,2013-01-17 02:00,39.02,75.69,12.66,0,10
JFK 2013-01-17 03:00,JFK,2013-01-17 03:00,39.02,79.05,11.51,0,10
JFK 2013-01-17 04:00,JFK,2013-01-17 04:00,39.02,72.46,9.21,0,10
JFK 2013-01-17 05:00,JFK,2013-01-17 05:00,39.92,64.54,16.11,0,10
JFK 2013-01-17 06:00,JFK,2013-01-17 06:00,39.02,61.63,13.81,0,10
JFK 2013-01-17 07:00,JFK,2013-01-17 07:00,39.92,59.5,9.21,0,10
JFK 2013-01-17 08:00,JFK,2013-01-17 08:00,41,54.97,12.66,0,10
JFK 2013-01-17 09:00,JFK,2013-01-17 09:00,41,52.56,14.96,0,10
JFK 2013-01-17 10:00,JFK,2013-01-17 10:00,42.08,50.42,13.81,0,10
JFK 2013-01-17 11:00,JFK,2013-01-17 11:00,42.98,50.94,18.41,0,10
JFK 2013-01-17 12:00,JFK,2013-01-17 12:00,42.98,48.7,17.26,0,10
JFK 2013-01-17 13:00,JFK,2013-01-17 13:00,44.06,46.73,13.81,0,10
JFK 2013-01-17 14:00,JFK,2013-01-17 14:00,42.98,48.7,8.06,0,10
JFK 2013-01-17 15:00,JFK,2013-01-17 15:00,42.08,48.56,12.66,0,10
JFK 2013-01-17 16:00,JFK,2013-01-17 16:00,42.08,48.56,9.21,0,10
JFK 2013-01-17 17:00,JFK,2013-01-17 17:00,41,50.63,6.9,0,10
JFK 2013-01-17 18:00,JFK,2013-01-17 18:00,41,46.23,8.06,0,10
JFK 2013-01-17 19:00,JFK,2013-01-17 19:00,41,50.63,9.21,0,10
JFK 2013-01-17 20:00,JFK,2013-01-17 20:00,39.92,52.79,10.36,0,10
JFK 2013-01-17 21:00,JFK,2013-01-17 21:00,39.02,54.68,12.66,0,10
JFK 2013-01-17 22:00,JFK,2013-01-17 22:00,37.04,59.09,10.36,0,10
JFK 2013-01-17 23:00,JFK,2013-01-17 23:00,35.96,56.32,8.06,0,10
JFK 2013-01-18 00:00,JFK,2013-01-18 00:00,35.06,56.18,9.21,0,10
JFK 2013-01-18 01:00,JFK,2013-01-18 01:00,33.98,56.02,13.81,0,10
JFK 2013-01-18 02:00,JFK,2013-01-18 02:00,32,55.72,9.21,0,10
JFK 2013-01-18 03:00,JFK,2013-01-18 03:00,30.02,50.84,13.81,0,10
JFK 2013-01-18 04:00,JFK,2013-01-18 04:00,28.94,53.13,10.36,0,10
JFK 2013-01-18 05:00,JFK,2013-01-18 05:00,28.94,53.13,19.56,0,10
JFK 2013-01-18 06:00,JFK,2013-01-18 06:00,26.96,54.95,12.66,0,10
JFK 2013-01-18 07:00,JFK,2013-01-18 07:00,26.96,50.34,17.26,0,10
JFK 2013-01-18 08:00,JFK,2013-01-18 08:00,26.06,50.2,17.26,0,10
JFK 2013-01-18 09:00,JFK,2013-01-18 09:00,28.04,44.07,10.36,0,10
JFK 2013-01-18 10:00,JFK,2013-01-18 10:00,28.94,40.79,16.11,0,10
JFK 2013-01-18 11:00,JFK,2013-01-18 11:00,28.94,32.41,20.71,0,10
JFK 2013-01-18 12:00,JFK,2013-01-18 12:00,30.02,32.32,13.81,0,10
JFK 2013-01-18 13:00,JFK,2013-01-18 13:00,30.02,29.5,11.51,0,10
JFK 2013-01-18 14:00,JFK,2013-01-18 14:00,30.92,27.27,11.51,0,10
JFK 2013-01-18 15:00,JFK,2013-01-18 15:00,30.02,26.89,9.21,0,10
JFK 2013-01-18 16:00,JFK,2013-01-18 16:00,28.04,29.16,5.75,0,10
JFK 2013-01-18 17:00,JFK,2013-01-18 17:00,28.04,30.67,9.21,0,10
JFK 2013-01-18 18:00,JFK,2013-01-18 18:00,28.94,30.82,10.36,0,10
JFK 2013-01-18 19:00,JFK,2013-01-18 19:00,28.04,36.83,9.21,0,10
JFK 2013-01-18 20:00,JFK,2013-01-18 20:00,28.04,42.32,12.66,0,10
JFK 2013-01-18 21:00,JFK,2013-01-18 21:00,28.94,42.48,14.96,0,10
JFK 2013-01-18 22:00,JFK,2013-01-18 22:00,30.02,44.41,16.11,0,10
JFK 2013-01-18 23:00,JFK,2013-01-18 23:00,30.92,46.74,17.26,0,10
JFK 2013-01-19 00:00,JFK,2013-01-19 00:00,32,44.74,14.96,0,10
JFK 2013-01-19 01:00,JFK,2013-01-19 01:00,32,44.74,18.41,0,10
JFK 2013-01-19 02:00,JFK,2013-01-19 02:00,32,51.15,23.02,0,10
JFK 2013-01-19 03:00,JFK,2013-01-19 03:00,33.08,53.36,18.41,0,10
JFK 2013-01-19 04:00,JFK,2013-01-19 04:00,33.98,51.47,24.17,0,10
JFK 2013-01-19 05:00,JFK,2013-01-19 05:00,33.98,56.02,18.41,0,10
JFK 2013-01-19 06:00,JFK,2013-01-19 06:00,33.08,63.17,16.11,0,10
JFK 2013-01-19 07:00,JFK,2013-01-19 07:00,35.06,63.91,17.26,0,10
JFK 2013-01-19 08:00,JFK,2013-01-19 08:00,37.04,61.35,19.56,0,10
JFK 2013-01-19 09:00,JFK,2013-01-19 09:00,39.92,57.33,17.26,0,10
JFK 2013-01-19 10:00,JFK,2013-01-19 10:00,42.98,48.7,19.56,0,10
JFK 2013-01-19 11:00,JFK,2013-01-19 11:00,46.04,45.33,18.41,0,10
JFK 2013-01-19 12:00,JFK,2013-01-19 12:00,48.92,40.68,17.26,0,10
JFK 2013-01-19 13:00,JFK,2013-01-19 13:00,51.08,37.54,17.26,0,10
JFK 2013-01-19 14:00,JFK,2013-01-19 14:00,50,40.55,11.51,0,10
JFK 2013-01-19 15:00,JFK,2013-01-19 15:00,51.08,42.26,9.21,0,10
JFK 2013-01-19 16:00,JFK,2013-01-19 16:00,46.04,57.78,11.51,0,10
JFK 2013-01-19 17:00,JFK,2013-01-19 17:00,46.94,47.54,11.51,0,10
JFK 2013-01-19 18:00,JFK,2013-01-19 18:00,44.96,60.2,12.66,0,10
JFK 2013-01-19 19:00,JFK,2013-01-19 19:00,44.96,60.2,13.81,0,10
JFK 2013-01-19 20:00,JFK,2013-01-19 20:00,44.06,55.02,13.81,0,10
JFK 2013-01-19 21:00,JFK,2013-01-19 21:00,42.98,59.93,11.51,0,10
JFK 2013-01-19 22:00,JFK,2013-01-19 22:00,44.06,55.02,13.81,0,10
JFK 2013-01-19 23:00,JFK,2013-01-19 23:00,44.06,53.03,16.11,0,10
JFK 2013-01-20 00:00,JFK,2013-01-20 00:00,42.08,57.22,14.96,0,10
JFK 2013-01-20 01:00,JFK,2013-01-20 01:00,42.08,59.36,16.11,0,10
JFK 2013-01-20 02:00,JFK,2013-01-20 02:00,41,61.89,14.96,0,10
JFK 2013-01-20 03:00,JFK,2013-01-20 03:00,39.02,66.85,11.51,0,10
JFK 2013-01-20 04:00,JFK,2013-01-20 04:00,39.02,69.86,10.36,0,10
JFK 2013-01-20 05:00,JFK,2013-01-20 05:00,39.92,67.45,12.66,0,10
JFK 2013-01-20 06:00,JFK,2013-01-20 06:00,41,61.89,16.11,0,10
JFK 2013-01-20 07:00,JFK,2013-01-20 07:00,42.08,59.36,18.41,0,10
JFK 2013-01-20 08:00,JFK,2013-01-20 08:00,44.96,53.17,17.26,0,10
JFK 2013-01-20 09:00,JFK,2013-01-20 09:00,46.94,49.33,14.96,0,10
JFK 2013-01-20 10:00,JFK,2013-01-20 10:00,51.08,45.81,18.41,0,10
JFK 2013-01-20 11:00,JFK,2013-01-20 11:00,51.98,42.72,25.32,0,10
JFK 2013-01-20 12:00,JFK,2013-01-20 12:00,55.04,33.69,26.47,0,10
JFK 2013-01-20 13:00,JFK,2013-01-20 13:00,53.06,26.98,28.77,0,10
JFK 2013-01-20 14:00,JFK,2013-01-20 14:00,53.96,23.98,20.71,0,10
JFK 2013-01-20 15:00,JFK,2013-01-20 15:00,51.98,21.72,20.71,0,10
JFK 2013-01-20 16:00,JFK,2013-01-20 16:00,48.92,18.68,28.77,0,10
JFK 2013-01-20 17:00,JFK,2013-01-20 17:00,46.04,19.03,18.41,0,10
JFK 2013-01-20 18:00,JFK,2013-01-20 18:00,44.06,24.53,19.56,0,10
JFK 2013-01-20 19:00,JFK,2013-01-20 19:00,41,34.47,14.96,0,10
JFK 2013-01-20 20:00,JFK,2013-01-20 20:00,37.04,35.17,14.96,0,10
JFK 2013-01-20 21:00,JFK,2013-01-20 21:00,35.06,34.84,20.71,0,10
JFK 2013-01-20 22:00,JFK,2013-01-20 22:00,33.08,37.7,17.26,0,10
JFK 2013-01-20 23:00,JFK,2013-01-20 23:00,30.92,39.19,14.96,0,10
JFK 2013-01-21 00:00,JFK,2013-01-21 00:00,30.02,37.17,19.56,0,10
JFK 2013-01-21 01:00,JFK,2013-01-21 01:00,28.94,38.85,12.66,0,10
JFK 2013-01-21 02:00,JFK,2013-01-21 02:00,28.04,36.83,11.51,0,10
JFK 2013-01-21 03:00,JFK,2013-01-21 03:00,28.04,35.05,9.21,0,10
JFK 2013-01-21 04:00,JFK,2013-01-21 04:00,26.96,40.45,8.06,0,10
JFK 2013-01-21 05:00,JFK,2013-01-21 05:00,26.96,40.45,9.21,0,10
JFK 2013-01-21 06:00,JFK,2013-01-21 06:00,26.06,43.74,8.06,0,10
JFK 2013-01-21 07:00,JFK,2013-01-21 07:00,26.96,42.14,4.6,0,10
JFK 2013-01-21 08:00,JFK,2013-01-21 08:00,28.94,42.48,3.45,0,10
JFK 2013-01-21 09:00,JFK,2013-01-21 09:00,28.94,42.48,0,0,10
JFK 2013-01-21 10:00,JFK,2013-01-21 10:00,30.92,41.13,6.9,0,10
JFK 2013-01-21 11:00,JFK,2013-01-21 11:00,30.92,46.74,9.21,0,10
JFK 2013-01-21 12:00,JFK,2013-01-21 12:00,32,49.19,8.06,0,10
JFK 2013-01-21 13:00,JFK,2013-01-21 13:00,32,43,12.66,0,10
JFK 2013-01-21 14:00,JFK,2013-01-21 14:00,32,40.99,9.21,0,10
JFK 2013-01-21 15:00,JFK,2013-01-21 15:00,32,43,8.06,0,10
JFK 2013-01-21 16:00,JFK,2013-01-21 16:00,30.92,49.01,0,0,9
JFK 2013-01-21 17:00,JFK,2013-01-21 17:00,30.92,63.36,4.6,0,10
JFK 2013-01-21 18:00,JFK,2013-01-21 18:00,32,60.66,3.45,0,10
JFK 2013-01-21 19:00,JFK,2013-01-21 19:00,30.2,68.81,4.6,0,7
JFK 2013-01-21 20:00,JFK,2013-01-21 20:00,28.94,81.8,10.36,0.03,6
JFK 2013-01-21 21:00,JFK,2013-01-21 21:00,30.2,63.75,14.96,0,10
JFK 2013-01-21 22:00,JFK,2013-01-21 22:00,30.02,58.08,19.56,0,10
JFK 2013-01-21 23:00,JFK,2013-01-21 23:00,28.04,55.12,16.11,0,10
JFK 2013-01-22 00:00,JFK,2013-01-22 00:00,26.96,46.08,18.41,0,10
JFK 2013-01-22 01:00,JFK,2013-01-22 01:00,24.98,48.03,13.81,0,10
JFK 2013-01-22 02:00,JFK,2013-01-22 02:00,24.98,43.91,16.11,0,10
JFK 2013-01-22 03:00,JFK,2013-01-22 03:00,24.08,43.4,16.11,0,10
JFK 2013-01-22 04:00,JFK,2013-01-22 04:00,23,43.21,19.56,0,10
JFK 2013-01-22 05:00,JFK,2013-01-22 05:00,21.92,54.61,18.41,0,10
JFK 2013-01-22 06:00,JFK,2013-01-22 06:00,21.02,56.73,17.26,0,10
JFK 2013-01-22 07:00,JFK,2013-01-22 07:00,19.94,49.19,18.41,0,10
JFK 2013-01-22 08:00,JFK,2013-01-22 08:00,21.02,49.37,16.11,0,7
JFK 2013-01-22 09:00,JFK,2013-01-22 09:00,21.02,51.86,14.96,0,10
JFK 2013-01-22 10:00,JFK,2013-01-22 10:00,21.02,34.11,24.17,0,10
JFK 2013-01-22 11:00,JFK,2013-01-22 11:00,21.02,34.11,19.56,0,10
JFK 2013-01-22 12:00,JFK,2013-01-22 12:00,23,28.29,18.41,0,10
JFK 2013-01-22 13:00,JFK,2013-01-22 13:00,23,24.61,17.26,0,10
JFK 2013-01-22 14:00,JFK,2013-01-22 14:00,21.92,26.91,18.41,0,10
JFK 2013-01-22 15:00,JFK,2013-01-22 15:00,21.02,27.95,20.71,0,10
JFK 2013-01-22 16:00,JFK,2013-01-22 16:00,19.04,32.05,19.56,0,10
JFK 2013-01-22 17:00,JFK,2013-01-22 17:00,19.04,35.25,17.26,0,10
JFK 2013-01-22 18:00,JFK,2013-01-22 18:00,17.96,35.05,14.96,0,10
JFK 2013-01-22 19:00,JFK,2013-01-22 19:00,17.96,38.87,19.56,0,10
JFK 2013-01-22 20:00,JFK,2013-01-22 20:00,17.06,36.44,16.11,0,10
JFK 2013-01-22 21:00,JFK,2013-01-22 21:00,15.08,53.07,21.86,0,9
JFK 2013-01-22 22:00,JFK,2013-01-22 22:00,15.08,31.34,24.17,0,10
JFK 2013-01-22 23:00,JFK,2013-01-22 23:00,14,32.86,21.86,0,10
JFK 2013-01-23 00:00,JFK,2013-01-23 00:00,14,32.86,19.56,0,10
JFK 2013-01-23 01:00,JFK,2013-01-23 01:00,12.92,36.02,20.71,0,10
JFK 2013-01-23 02:00,JFK,2013-01-23 02:00,12.92,37.97,14.96,0,10
JFK 2013-01-23 03:00,JFK,2013-01-23 03:00,12.92,39.67,11.51,0,10
JFK 2013-01-23 04:00,JFK,2013-01-23 04:00,12.02,41.28,12.66,0,10
JFK 2013-01-23 05:00,JFK,2013-01-23 05:00,12.02,45.43,14.96,0,10
JFK 2013-01-23 06:00,JFK,2013-01-23 06:00,12.02,45.43,13.81,0,10
JFK 2013-01-23 07:00,JFK,2013-01-23 07:00,12.92,45.98,13.81,0,10
JFK 2013-01-23 08:00,JFK,2013-01-23 08:00,15.08,41.82,13.81,0,10
JFK 2013-01-23 09:00,JFK,2013-01-23 09:00,15.98,40.22,12.66,0,10
JFK 2013-01-23 10:00,JFK,2013-01-23 10:00,15.98,38.19,16.11,0,10
JFK 2013-01-23 11:00,JFK,2013-01-23 11:00,17.96,30.49,12.66,0,10
JFK 2013-01-23 12:00,JFK,2013-01-23 12:00,19.04,29.11,13.81,0,10
JFK 2013-01-23 13:00,JFK,2013-01-23 13:00,19.94,28.01,17.26,0,10
JFK 2013-01-23 14:00,JFK,2013-01-23 14:00,19.04,30.41,16.11,0,10
JFK 2013-01-23 15:00,JFK,2013-01-23 15:00,19.04,27.61,13.81,0,10
JFK 2013-01-23 16:00,JFK,2013-01-23 16:00,17.96,28.92,17.26,0,10
JFK 2013-01-23 17:00,JFK,2013-01-23 17:00,17.96,31.85,10.36,0,10
JFK 2013-01-23 18:00,JFK,2013-01-23 18:00,17.06,30.06,16.11,0,10
JFK 2013-01-23 19:00,JFK,2013-01-23 19:00,17.06,33.11,14.96,0,10
JFK 2013-01-23 20:00,JFK,2013-01-23 20:00,15.98,38.19,11.51,0,10
JFK 2013-01-23 21:00,JFK,2013-01-23 21:00,15.08,39.71,9.21,0,10
JFK 2013-01-23 22:00,JFK,2013-01-23 22:00,15.08,41.82,6.9,0,10
JFK 2013-01-23 23:00,JFK,2013-01-23 23:00,15.08,44.04,5.75,0,10
JFK 2013-01-24 00:00,JFK,2013-01-24 00:00,14,46.17,3.45,0,10
JFK 2013-01-24 01:00,JFK,2013-01-24 01:00,12.92,50.52,3.45,0,10
JFK 2013-01-24 02:00,JFK,2013-01-24 02:00,14,50.71,4.6,0,10
JFK 2013-01-24 03:00,JFK,2013-01-24 03:00,14,48.18,5.75,0,10
JFK 2013-01-24 04:00,JFK,2013-01-24 04:00,15.08,48.37,5.75,0,10
JFK 2013-01-24 05:00,JFK,2013-01-24 05:00,15.08,48.37,8.06,0,10
JFK 2013-01-24 06:00,JFK,2013-01-24 06:00,14,52.9,10.36,0,10
JFK 2013-01-24 07:00,JFK,2013-01-24 07:00,14,55.64,11.51,0,10
JFK 2013-01-24 08:00,JFK,2013-01-24 08:00,17.06,48.7,14.96,0,10
JFK 2013-01-24 09:00,JFK,2013-01-24 09:00,19.04,40.76,14.96,0,10
JFK 2013-01-24 10:00,JFK,2013-01-24 10:00,21.02,32.39,18.41,0,10
JFK 2013-01-24 11:00,JFK,2013-01-24 11:00,23,23.34,19.56,0,10
JFK 2013-01-24 12:00,JFK,2013-01-24 12:00,23,23.34,24.17,0,10
JFK 2013-01-24 13:00,JFK,2013-01-24 13:00,24.08,23.52,27.62,0,10
JFK 2013-01-24 14:00,JFK,2013-01-24 14:00,24.08,23.52,27.62,0,10
JFK 2013-01-24 15:00,JFK,2013-01-24 15:00,23,25.71,23.02,0,10
JFK 2013-01-24 16:00,JFK,2013-01-24 16:00,21.92,28.35,18.41,0,10
JFK 2013-01-24 17:00,JFK,2013-01-24 17:00,21.02,30.76,17.26,0,10
JFK 2013-01-24 18:00,JFK,2013-01-24 18:00,21.02,30.76,19.56,0,10
JFK 2013-01-24 19:00,JFK,2013-01-24 19:00,19.94,29.26,23.02,0,10
JFK 2013-01-24 20:00,JFK,2013-01-24 20:00,17.96,36.92,16.11,0,10
JFK 2013-01-24 21:00,JFK,2013-01-24 21:00,17.96,36.92,18.41,0,10
JFK 2013-01-24 22:00,JFK,2013-01-24 22:00,17.06,38.38,19.56,0,10
JFK 2013-01-24 23:00,JFK,2013-01-24 23:00,17.06,40.41,16.11,0,10
JFK 2013-01-25 00:00,JFK,2013-01-25 00:00,15.98,40.22,11.51,0,10
JFK 2013-01-25 01:00,JFK,2013-01-25 01:00,15.08,41.82,10.36,0,10
JFK 2013-01-25 02:00,JFK,2013-01-25 02:00,14,46.17,17.26,0,10
JFK 2013-01-25 03:00,JFK,2013-01-25 03:00,14,48.18,16.11,0,10
JFK 2013-01-25 04:00,JFK,2013-01-25 04:00,14,50.71,10.36,0,10
JFK 2013-01-25 05:00,JFK,2013-01-25 05:00,14,52.9,10.36,0,10
JFK 2013-01-25 06:00,JFK,2013-01-25 06:00,14,52.9,10.36,0,10
JFK 2013-01-25 07:00,JFK,2013-01-25 07:00,15.08,53.07,11.51,0,10
JFK 2013-01-25 08:00,JFK,2013-01-25 08:00,17.06,48.7,11.51,0,10
JFK 2013-01-25 09:00,JFK,2013-01-25 09:00,17.96,46.85,6.9,0,10
JFK 2013-01-25 10:00,JFK,2013-01-25 10:00,21.02,41.11,6.9,0,10
JFK 2013-01-25 11:00,JFK,2013-01-25 11:00,21.92,39.57,0,0,10
JFK 2013-01-25 12:00,JFK,2013-01-25 12:00,21.92,39.57,0,0,10
JFK 2013-01-25 13:00,JFK,2013-01-25 13:00,21.92,43.38,6.9,0,10
JFK 2013-01-25 14:00,JFK,2013-01-25 14:00,23,43.21,5.75,0,10
JFK 2013-01-25 15:00,JFK,2013-01-25 15:00,21.92,52.01,5.75,0,10
JFK 2013-01-25 16:00,JFK,2013-01-25 16:00,23,49.69,4.6,0,10
JFK 2013-01-25 17:00,JFK,2013-01-25 17:00,21.2,70.46,10.36,0,3
JFK 2013-01-25 18:00,JFK,2013-01-25 18:00,19.94,84.33,6.9,0.01,2.5
JFK 2013-01-25 19:00,JFK,2013-01-25 19:00,21.2,85.74,9.21,0.02,1.5
JFK 2013-01-25 20:00,JFK,2013-01-25 20:00,21.2,85.74,12.66,0.02,1.5
JFK 2013-01-25 21:00,JFK,2013-01-25 21:00,19.94,85.63,11.51,0,9
JFK 2013-01-25 22:00,JFK,2013-01-25 22:00,19.94,73.77,10.36,0,10
JFK 2013-01-25 23:00,JFK,2013-01-25 23:00,19.04,73.67,10.36,0,10
JFK 2013-01-26 00:00,JFK,2013-01-26 00:00,19.04,70.22,8.06,0,10
JFK 2013-01-26 01:00,JFK,2013-01-26 01:00,17.96,70.66,10.36,0,10
JFK 2013-01-26 02:00,JFK,2013-01-26 02:00,17.96,70.66,8.06,0,10
JFK 2013-01-26 03:00,JFK,2013-01-26 03:00,17.06,69.99,10.36,0,10
JFK 2013-01-26 04:00,JFK,2013-01-26 04:00,17.06,67.21,10.36,0.01,10
JFK 2013-01-26 05:00,JFK,2013-01-26 05:00,15.98,70.43,8.06,0,10
JFK 2013-01-26 06:00,JFK,2013-01-26 06:00,15.98,67.07,11.51,0,10
JFK 2013-01-26 07:00,JFK,2013-01-26 07:00,15.98,70.43,3.45,0,10
JFK 2013-01-26 08:00,JFK,2013-01-26 08:00,19.04,64.28,10.36,0,10
JFK 2013-01-26 09:00,JFK,2013-01-26 09:00,19.94,61.85,13.81,0,10
JFK 2013-01-26 10:00,JFK,2013-01-26 10:00,21.92,59.69,12.66,0,10
JFK 2013-01-26 11:00,JFK,2013-01-26 11:00,23,57.03,11.51,0,10
JFK 2013-01-26 12:00,JFK,2013-01-26 12:00,24.98,52.5,10.36,0,10
JFK 2013-01-26 13:00,JFK,2013-01-26 13:00,26.96,48.36,12.66,0,10
JFK 2013-01-26 14:00,JFK,2013-01-26 14:00,26.06,45.93,12.66,0,10
JFK 2013-01-26 15:00,JFK,2013-01-26 15:00,26.96,42.14,12.66,0,10
JFK 2013-01-26 16:00,JFK,2013-01-26 16:00,26.96,40.45,13.81,0,10
JFK 2013-01-26 17:00,JFK,2013-01-26 17:00,24.98,41.8,23.02,0,10
JFK 2013-01-26 18:00,JFK,2013-01-26 18:00,24.08,41.3,24.17,0,10
JFK 2013-01-26 19:00,JFK,2013-01-26 19:00,21.92,45.22,18.41,0,10
JFK 2013-01-26 20:00,JFK,2013-01-26 20:00,21.02,46.98,16.11,0,10
JFK 2013-01-26 21:00,JFK,2013-01-26 21:00,21.02,49.37,16.11,0,10
JFK 2013-01-26 22:00,JFK,2013-01-26 22:00,19.94,51.68,16.11,0,10
JFK 2013-01-26 23:00,JFK,2013-01-26 23:00,19.94,51.68,11.51,0,10
JFK 2013-01-27 00:00,JFK,2013-01-27 00:00,19.94,54.3,10.36,0,10
JFK 2013-01-27 01:00,JFK,2013-01-27 01:00,19.94,54.3,12.66,0,10
JFK 2013-01-27 02:00,JFK,2013-01-27 02:00,17.96,59.1,6.9,0,10
JFK 2013-01-27 03:00,JFK,2013-01-27 03:00,19.94,56.56,5.75,0,10
JFK 2013-01-27 04:00,JFK,2013-01-27 04:00,19.94,61.85,10.36,0,10
JFK 2013-01-27 05:00,JFK,2013-01-27 05:00,19.94,64.92,12.66,0,10
JFK 2013-01-27 06:00,JFK,2013-01-27 06:00,21.02,62,11.51,0,10
JFK 2013-01-27 07:00,JFK,2013-01-27 07:00,21.92,62.13,11.51,0,10
JFK 2013-01-27 08:00,JFK,2013-01-27 08:00,24.08,56.74,14.96,0,10
JFK 2013-01-27 09:00,JFK,2013-01-27 09:00,26.06,50.2,16.11,0,10
JFK 2013-01-27 10:00,JFK,2013-01-27 10:00,28.04,48.15,11.51,0,10
JFK 2013-01-27 11:00,JFK,2013-01-27 11:00,30.92,41.13,9.21,0,10
JFK 2013-01-27 12:00,JFK,2013-01-27 12:00,33.08,32.85,12.66,0,10
JFK 2013-01-27 13:00,JFK,2013-01-27 13:00,33.98,30.42,8.06,0,10
JFK 2013-01-27 14:00,JFK,2013-01-27 14:00,35.06,27.74,11.51,0,10
JFK 2013-01-27 15:00,JFK,2013-01-27 15:00,35.06,29.14,6.9,0,10
JFK 2013-01-27 16:00,JFK,2013-01-27 16:00,33.08,32.85,9.21,0,10
JFK 2013-01-27 17:00,JFK,2013-01-27 17:00,33.08,34.5,10.36,0,10
JFK 2013-01-27 18:00,JFK,2013-01-27 18:00,33.08,34.5,10.36,0,10
JFK 2013-01-27 19:00,JFK,2013-01-27 19:00,32,36.03,11.51,0,10
JFK 2013-01-27 20:00,JFK,2013-01-27 20:00,28.04,42.32,5.75,0,10
JFK 2013-01-27 21:00,JFK,2013-01-27 21:00,30.02,40.65,5.75,0,10
JFK 2013-01-27 22:00,JFK,2013-01-27 22:00,26.96,46.08,0,0,10
JFK 2013-01-27 23:00,JFK,2013-01-27 23:00,26.06,57.04,0,0,10
JFK 2013-01-28 00:00,JFK,2013-01-28 00:00,24.98,54.65,0,0,10
JFK 2013-01-28 01:00,JFK,2013-01-28 01:00,28.04,62.97,4.6,0,10
JFK 2013-01-28 02:00,JFK,2013-01-28 02:00,24.08,68.09,3.45,0,10
JFK 2013-01-28 03:00,JFK,2013-01-28 03:00,28.04,68.57,4.6,0,10
JFK 2013-01-28 04:00,JFK,2013-01-28 04:00,28.94,66.09,3.45,0,10
JFK 2013-01-28 05:00,JFK,2013-01-28 05:00,28.94,68.68,0,0,10
JFK 2013-01-28 06:00,JFK,2013-01-28 06:00,30.92,66.34,4.6,0,10
JFK 2013-01-28 07:00,JFK,2013-01-28 07:00,32,60.66,8.06,0,9
JFK 2013-01-28 08:00,JFK,2013-01-28 08:00,33.08,58.08,10.36,0,10
JFK 2013-01-28 09:00,JFK,2013-01-28 09:00,32,69.04,14.96,0,2.5
JFK 2013-01-28 10:00,JFK,2013-01-28 10:00,32,86.28,11.51,0,2
JFK 2013-01-28 11:00,JFK,2013-01-28 11:00,33.08,86.39,16.11,0,3
JFK 2013-01-28 12:00,JFK,2013-01-28 12:00,33.8,84.56,17.26,0.01,3
JFK 2013-01-28 13:00,JFK,2013-01-28 13:00,33.98,85.24,17.26,0.03,5
JFK 2013-01-28 14:00,JFK,2013-01-28 14:00,33.98,85.24,17.26,0.02,5
JFK 2013-01-28 15:00,JFK,2013-01-28 15:00,33.98,88.42,17.26,0.05,5
JFK 2013-01-28 16:00,JFK,2013-01-28 16:00,33.98,88.42,9.21,0.03,5
JFK 2013-01-28 17:00,JFK,2013-01-28 17:00,33.98,88.42,6.9,0,6
JFK 2013-01-28 18:00,JFK,2013-01-28 18:00,33.98,92.36,10.36,0,7
JFK 2013-01-28 19:00,JFK,2013-01-28 19:00,33.98,92.36,10.36,0.03,6
JFK 2013-01-28 20:00,JFK,2013-01-28 20:00,35.06,92.4,9.21,0.02,5
JFK 2013-01-28 21:00,JFK,2013-01-28 21:00,35.6,93.08,9.21,0,5
JFK 2013-01-28 22:00,JFK,2013-01-28 22:00,35.06,92.4,5.75,0,5
JFK 2013-01-28 23:00,JFK,2013-01-28 23:00,35.06,92.4,6.9,0,5
JFK 2013-01-29 00:00,JFK,2013-01-29 00:00,35.6,92.4,10.36,0,5
JFK 2013-01-29 01:00,JFK,2013-01-29 01:00,35.96,93.08,11.51,0,5
JFK 2013-01-29 02:00,JFK,2013-01-29 02:00,37.04,88.57,6.9,0,5
JFK 2013-01-29 03:00,JFK,2013-01-29 03:00,35.06,92.4,6.9,0,5
JFK 2013-01-29 04:00,JFK,2013-01-29 04:00,35.96,96.49,0,0,4
JFK 2013-01-29 05:00,JFK,2013-01-29 05:00,35.96,96.49,3.45,0,5
JFK 2013-01-29 06:00,JFK,2013-01-29 06:00,37.04,92.46,4.6,0,5
JFK 2013-01-29 07:00,JFK,2013-01-29 07:00,39.92,89.34,5.75,0,5
JFK 2013-01-29 08:00,JFK,2013-01-29 08:00,42.98,85.79,5.75,0,6
JFK 2013-01-29 09:00,JFK,2013-01-29 09:00,46.04,85.97,0,0,6
JFK 2013-01-29 10:00,JFK,2013-01-29 10:00,44.96,79.54,9.21,0,7
JFK 2013-01-29 11:00,JFK,2013-01-29 11:00,46.04,76.35,10.36,0,7
JFK 2013-01-29 12:00,JFK,2013-01-29 12:00,44.06,76.16,11.51,0,7
JFK 2013-01-29 13:00,JFK,2013-01-29 13:00,42.08,78.74,13.81,0,7
JFK 2013-01-29 14:00,JFK,2013-01-29 14:00,42.08,82.17,11.51,0,7
JFK 2013-01-29 15:00,JFK,2013-01-29 15:00,42.08,82.17,11.51,0,7
JFK 2013-01-29 16:00,JFK,2013-01-29 16:00,42.08,82.17,8.06,0,7
JFK 2013-01-29 17:00,JFK,2013-01-29 17:00,42.8,82.17,9.21,0,8
JFK 2013-01-29 18:00,JFK,2013-01-29 18:00,41,88.76,10.36,0.02,5
JFK 2013-01-29 19:00,JFK,2013-01-29 19:00,41,93.24,5.75,0.01,6
JFK 2013-01-29 20:00,JFK,2013-01-29 20:00,42.08,93.24,5.75,0,6
JFK 2013-01-29 21:00,JFK,2013-01-29 21:00,41,92.59,5.75,0,4
JFK 2013-01-29 22:00,JFK,2013-01-29 22:00,41,95.9,4.6,0,4
JFK 2013-01-29 23:00,JFK,2013-01-29 23:00,41,95.9,4.6,0,4
JFK 2013-01-30 00:00,JFK,2013-01-30 00:00,42.08,91.98,3.45,0,4
JFK 2013-01-30 01:00,JFK,2013-01-30 01:00,44.06,93.3,4.6,0,5
JFK 2013-01-30 02:00,JFK,2013-01-30 02:00,44.6,95.95,5.75,0,2
JFK 2013-01-30 03:00,JFK,2013-01-30 03:00,46.04,100,5.75,0,0.12
JFK 2013-01-30 04:00,JFK,2013-01-30 04:00,46.4,100,8.06,0,0
JFK 2013-01-30 05:00,JFK,2013-01-30 05:00,46.04,95.99,8.06,0,0
JFK 2013-01-30 06:00,JFK,2013-01-30 06:00,44.06,100,9.21,0,0
JFK 2013-01-30 07:00,JFK,2013-01-30 07:00,44.06,100,10.36,0,0
JFK 2013-01-30 08:00,JFK,2013-01-30 08:00,44.96,100,12.66,0,0
JFK 2013-01-30 09:00,JFK,2013-01-30 09:00,46.4,100,16.11,0.01,2
JFK 2013-01-30 10:00,JFK,2013-01-30 10:00,46.04,95.99,20.71,0,0.75
JFK 2013-01-30 11:00,JFK,2013-01-30 11:00,46.4,100,20.71,0,0.12
JFK 2013-01-30 12:00,JFK,2013-01-30 12:00,48.92,100,21.86,0.01,0.25
JFK 2013-01-30 13:00,JFK,2013-01-30 13:00,50,89.17,20.71,0,0.25
JFK 2013-01-30 14:00,JFK,2013-01-30 14:00,48.92,92.84,19.56,0.01,0.25
JFK 2013-01-30 15:00,JFK,2013-01-30 15:00,48.92,92.84,24.17,0,0.25
JFK 2013-01-30 16:00,JFK,2013-01-30 16:00,48.92,96.69,25.32,0.01,0.25
JFK 2013-01-30 17:00,JFK,2013-01-30 17:00,48.92,92.84,25.32,0,0.25
JFK 2013-01-30 18:00,JFK,2013-01-30 18:00,48.92,100,20.71,0,1.5
JFK 2013-01-30 19:00,JFK,2013-01-30 19:00,50,100,19.56,0,7
JFK 2013-01-30 20:00,JFK,2013-01-30 20:00,51.08,92.28,24.17,0,6
JFK 2013-01-30 21:00,JFK,2013-01-30 21:00,51.8,96.05,29.92,0,1
JFK 2013-01-30 22:00,JFK,2013-01-30 22:00,51.08,96.07,32.22,0,0.5
JFK 2013-01-30 23:00,JFK,2013-01-30 23:00,51.08,96.07,31.07,0.02,0.5
JFK 2013-01-31 00:00,JFK,2013-01-31 00:00,51.98,96.73,29.92,0.02,0.5
JFK 2013-01-31 01:00,JFK,2013-01-31 01:00,53.06,92.96,35.67,0.01,0.5
JFK 2013-01-31 02:00,JFK,2013-01-31 02:00,50,100,27.62,0.05,0.5
JFK 2013-01-31 03:00,JFK,2013-01-31 03:00,53.06,100,36.82,0.07,1
JFK 2013-01-31 04:00,JFK,2013-01-31 04:00,53.6,100,42.58,0.2,2
JFK 2013-01-31 05:00,JFK,2013-01-31 05:00,55.4,96.76,19.56,0.1,10
JFK 2013-01-31 06:00,JFK,2013-01-31 06:00,51.98,89.26,28.77,0.01,8
JFK 2013-01-31 07:00,JFK,2013-01-31 07:00,51.8,81.74,36.82,0,10
JFK 2013-01-31 08:00,JFK,2013-01-31 08:00,46.94,51.55,35.67,0,10
JFK 2013-01-31 09:00,JFK,2013-01-31 09:00,44.96,45.15,28.77,0,10
JFK 2013-01-31 10:00,JFK,2013-01-31 10:00,46.04,38.12,26.47,0,10
JFK 2013-01-31 11:00,JFK,2013-01-31 11:00,46.94,35.47,27.62,0,10
JFK 2013-01-31 12:00,JFK,2013-01-31 12:00,46.94,32.6,27.62,0,10
JFK 2013-01-31 13:00,JFK,2013-01-31 13:00,46.04,32.2,26.47,0,10
JFK 2013-01-31 14:00,JFK,2013-01-31 14:00,42.98,34.81,35.67,0,10
JFK 2013-01-31 15:00,JFK,2013-01-31 15:00,42.08,28.9,33.37,0,10
JFK 2013-01-31 16:00,JFK,2013-01-31 16:00,39.02,33.87,28.77,0,10
JFK 2013-01-31 17:00,JFK,2013-01-31 17:00,35.96,45.76,34.52,0,10
JFK 2013-01-31 18:00,JFK,2013-01-31 18:00,35.06,38.04,21.86,0,10
JFK 2013-01-31 19:00,JFK,2013-01-31 19:00,33.98,39.72,26.47,0,10
JFK 2013-01-31 20:00,JFK,2013-01-31 20:00,33.08,53.36,29.92,0,8
JFK 2013-01-31 21:00,JFK,2013-01-31 21:00,32,53.6,27.62,0,10
JFK 2013-01-31 22:00,JFK,2013-01-31 22:00,30.92,37.63,29.92,0,10
JFK 2013-01-31 23:00,JFK,2013-01-31 23:00,30.02,37.17,23.02,0,10
LGA 2013-01-01 01:00,LGA,2013-01-01 01:00,39.92,57.33,13.81,0,10
LGA 2013-01-01 02:00,LGA,2013-01-01 02:00,41,54.97,17.26,0,10
LGA 2013-01-01 03:00,LGA,2013-01-01 03:00,41,54.97,16.11,0,10
LGA 2013-01-01 04:00,LGA,2013-01-01 04:00,41,54.97,17.26,0,10
LGA 2013-01-01 05:00,LGA,2013-01-01 05:00,39.92,54.81,14.96,0,10
LGA 2013-01-01 06:00,LGA,2013-01-01 06:00,39.92,54.81,16.11,0,10
LGA 2013-01-01 07:00,LGA,2013-01-01 07:00,39.92,57.33,14.96,0,10
LGA 2013-01-01 08:00,LGA,2013-01-01 08:00,39.92,57.33,14.96,0,10
LGA 2013-01-01 09:00,LGA,2013-01-01 09:00,39.92,57.33,18.41,0,10
LGA 2013-01-01 10:00,LGA,2013-01-01 10:00,39.92,57.33,12.66,0,10
LGA 2013-01-01 11:00,LGA,2013-01-01 11:00,39.92,57.33,16.11,0,10
LGA 2013-01-01 12:00,LGA,2013-01-01 12:00,37.94,69.67,17.26,0,10
LGA 2013-01-01 13:00,LGA,2013-01-01 13:00,37.94,59.22,16.11,0,9
LGA 2013-01-01 14:00,LGA,2013-01-01 14:00,39.02,54.68,9.21,0,10
LGA 2013-01-01 15:00,LGA,2013-01-01 15:00,39.02,49.93,12.66,0,10
LGA 2013-01-01 16:00,LGA,2013-01-01 16:00,37.94,50.14,11.51,0,10
LGA 2013-01-01 17:00,LGA,2013-01-01 17:00,35.96,45.76,18.41,0,10
LGA 2013-01-01 18:00,LGA,2013-01-01 18:00,33.98,47.25,14.96,0,10
LGA 2013-01-01 19:00,LGA,2013-01-01 19:00,33.08,44.92,13.81,0,10
LGA 2013-01-01 20:00,LGA,2013-01-01 20:00,32,49.19,12.66,0,10
LGA 2013-01-01 21:00,LGA,2013-01-01 21:00,30.02,50.84,16.11,0,10
LGA 2013-01-01 22:00,LGA,2013-01-01 22:00,28.94,48.69,24.17,0,10
LGA 2013-01-01 23:00,LGA,2013-01-01 23:00,28.04,50.52,14.96,0,10
LGA 2013-01-02 00:00,LGA,2013-01-02 00:00,26.96,50.34,16.11,0,10
LGA 2013-01-02 01:00,LGA,2013-01-02 01:00,26.96,54.95,17.26,0,10
LGA 2013-01-02 02:00,LGA,2013-01-02 02:00,26.06,54.82,16.11,0,10
LGA 2013-01-02 03:00,LGA,2013-01-02 03:00,24.98,52.5,13.81,0,10
LGA 2013-01-02 04:00,LGA,2013-01-02 04:00,24.08,54.51,9.21,0,10
LGA 2013-01-02 05:00,LGA,2013-01-02 05:00,24.08,54.51,10.36,0,10
LGA 2013-01-02 06:00,LGA,2013-01-02 06:00,24.08,54.51,6.9,0,10
LGA 2013-01-02 07:00,LGA,2013-01-02 07:00,24.08,51.93,8.06,0,10
LGA 2013-01-02 08:00,LGA,2013-01-02 08:00,24.98,52.5,13.81,0,10
LGA 2013-01-02 09:00,LGA,2013-01-02 09:00,26.96,48.36,12.66,0,10
LGA 2013-01-02 10:00,LGA,2013-01-02 10:00,28.04,48.15,11.51,0,10
LGA 2013-01-02 11:00,LGA,2013-01-02 11:00,28.94,48.69,12.66,0,10
LGA 2013-01-02 12:00,LGA,2013-01-02 12:00,30.92,46.74,18.41,0,10
LGA 2013-01-02 13:00,LGA,2013-01-02 13:00,32,44.74,14.96,0,10
LGA 2013-01-02 14:00,LGA,2013-01-02 14:00,33.98,43.33,17.26,0,10
LGA 2013-01-02 15:00,LGA,2013-01-02 15:00,33.08,42.84,18.41,0,10
LGA 2013-01-02 16:00,LGA,2013-01-02 16:00,33.08,47.1,14.96,0,10
LGA 2013-01-02 17:00,LGA,2013-01-02 17:00,32,46.92,16.11,0,10
LGA 2013-01-02 18:00,LGA,2013-01-02 18:00,32,46.92,14.96,0,10
LGA 2013-01-02 19:00,LGA,2013-01-02 19:00,30.92,49.01,12.66,0,10
LGA 2013-01-02 20:00,LGA,2013-01-02 20:00,30.92,49.01,9.21,0,10
LGA 2013-01-02 21:00,LGA,2013-01-02 21:00,30.92,53.44,14.96,0,10
LGA 2013-01-02 22:00,LGA,2013-01-02 22:00,30.92,53.44,12.66,0,10
LGA 2013-01-02 23:00,LGA,2013-01-02 23:00,30.02,55.42,13.81,0,10
LGA 2013-01-03 00:00,LGA,2013-01-03 00:00,30.02,60.38,14.96,0,10
LGA 2013-01-03 01:00,LGA,2013-01-03 01:00,30.02,58.08,11.51,0,10
LGA 2013-01-03 02:00,LGA,2013-01-03 02:00,28.94,60.69,14.96,0,10
LGA 2013-01-03 03:00,LGA,2013-01-03 03:00,28.94,57.92,13.81,0,10
LGA 2013-01-03 04:00,LGA,2013-01-03 04:00,28.04,60.1,11.51,0,10
LGA 2013-01-03 05:00,LGA,2013-01-03 05:00,26.96,60.41,8.06,0,10
LGA 2013-01-03 06:00,LGA,2013-01-03 06:00,26.06,62.7,12.66,0,10
LGA 2013-01-03 07:00,LGA,2013-01-03 07:00,26.06,62.7,10.36,0,10
LGA 2013-01-03 08:00,LGA,2013-01-03 08:00,26.06,62.7,9.21,0,10
LGA 2013-01-03 09:00,LGA,2013-01-03 09:00,26.06,62.7,8.06,0,10
LGA 2013-01-03 10:00,LGA,2013-01-03 10:00,26.96,60.41,9.21,0,10
LGA 2013-01-03 11:00,LGA,2013-01-03 11:00,28.94,53.13,5.75,0,10
LGA 2013-01-03 12:00,LGA,2013-01-03 12:00,30.92,46.74,6.9,0,10
LGA 2013-01-03 13:00,LGA,2013-01-03 13:00,32,43,10.36,0,10
LGA 2013-01-03 14:00,LGA,2013-01-03 14:00,33.08,41.17,5.75,0,10
LGA 2013-01-03 15:00,LGA,2013-01-03 15:00,33.08,41.17,10.36,0,10
LGA 2013-01-03 16:00,LGA,2013-01-03 16:00,33.08,42.84,13.81,0,10
LGA 2013-01-03 17:00,LGA,2013-01-03 17:00,32,46.92,10.36,0,10
LGA 2013-01-03 18:00,LGA,2013-01-03 18:00,32,46.92,12.66,0,10
LGA 2013-01-03 19:00,LGA,2013-01-03 19:00,33.08,44.92,11.51,0,10
LGA 2013-01-03 20:00,LGA,2013-01-03 20:00,33.08,44.92,10.36,0,10
LGA 2013-01-03 21:00,LGA,2013-01-03 21:00,33.08,47.1,17.26,0,10
LGA 2013-01-03 22:00,LGA,2013-01-03 22:00,33.98,47.25,14.96,0,10
LGA 2013-01-03 23:00,LGA,2013-01-03 23:00,33.98,49.51,11.51,0,10
LGA 2013-01-04 00:00,LGA,2013-01-04 00:00,33.98,51.47,12.66,0,10
LGA 2013-01-04 01:00,LGA,2013-01-04 01:00,33.98,51.47,17.26,0,10
LGA 2013-01-04 02:00,LGA,2013-01-04 02:00,33.98,51.47,11.51,0,10
LGA 2013-01-04 03:00,LGA,2013-01-04 03:00,33.98,51.47,14.96,0,10
LGA 2013-01-04 04:00,LGA,2013-01-04 04:00,33.98,53.91,14.96,0,10
LGA 2013-01-04 05:00,LGA,2013-01-04 05:00,35.06,51.64,16.11,0,10
LGA 2013-01-04 06:00,LGA,2013-01-04 06:00,35.06,53.66,14.96,0,10
LGA 2013-01-04 07:00,LGA,2013-01-04 07:00,35.06,51.64,19.56,0,10
LGA 2013-01-04 08:00,LGA,2013-01-04 08:00,35.06,53.66,16.11,0,10
LGA 2013-01-04 09:00,LGA,2013-01-04 09:00,35.06,56.18,19.56,0,10
LGA 2013-01-04 10:00,LGA,2013-01-04 10:00,35.96,49.83,13.81,0,10
LGA 2013-01-04 11:00,LGA,2013-01-04 11:00,35.96,47.57,18.41,0,10
LGA 2013-01-04 12:00,LGA,2013-01-04 12:00,37.04,47.75,17.26,0,10
LGA 2013-01-04 13:00,LGA,2013-01-04 13:00,37.94,44,13.81,0,10
LGA 2013-01-04 14:00,LGA,2013-01-04 14:00,37.94,46.09,14.96,0,10
LGA 2013-01-04 15:00,LGA,2013-01-04 15:00,37.94,46.09,17.26,0,10
LGA 2013-01-04 16:00,LGA,2013-01-04 16:00,37.04,47.75,17.26,0,10
LGA 2013-01-04 17:00,LGA,2013-01-04 17:00,37.04,49.62,16.11,0,10
LGA 2013-01-04 18:00,LGA,2013-01-04 18:00,37.04,49.62,17.26,0,10
LGA 2013-01-04 19:00,LGA,2013-01-04 19:00,37.04,47.75,18.41,0,10
LGA 2013-01-04 20:00,LGA,2013-01-04 20:00,35.96,49.83,13.81,0,10
LGA 2013-01-04 21:00,LGA,2013-01-04 21:00,35.96,49.83,10.36,0,10
LGA 2013-01-04 22:00,LGA,2013-01-04 22:00,35.96,47.57,12.66,0,10
LGA 2013-01-04 23:00,LGA,2013-01-04 23:00,35.96,47.57,10.36,0,10
LGA 2013-01-05 00:00,LGA,2013-01-05 00:00,35.96,45.76,10.36,0,10
LGA 2013-01-05 01:00,LGA,2013-01-05 01:00,35.06,47.42,13.81,0,10
LGA 2013-01-05 02:00,LGA,2013-01-05 02:00,35.06,45.26,13.81,0,10
LGA 2013-01-05 03:00,LGA,2013-01-05 03:00,33.98,49.51,10.36,0,10
LGA 2013-01-05 04:00,LGA,2013-01-05 04:00,33.98,49.51,14.96,0,10
LGA 2013-01-05 05:00,LGA,2013-01-05 05:00,33.98,49.51,11.51,0,10
LGA 2013-01-05 06:00,LGA,2013-01-05 06:00,33.98,49.51,11.51,0,10
LGA 2013-01-05 07:00,LGA,2013-01-05 07:00,33.98,51.47,11.51,0,10
LGA 2013-01-05 08:00,LGA,2013-01-05 08:00,35.96,49.83,13.81,0,10
LGA 2013-01-05 09:00,LGA,2013-01-05 09:00,37.94,46.09,8.06,0,10
LGA 2013-01-05 10:00,LGA,2013-01-05 10:00,39.92,46.41,17.26,0,10
LGA 2013-01-05 11:00,LGA,2013-01-05 11:00,41,44.51,18.41,0,10
LGA 2013-01-05 12:00,LGA,2013-01-05 12:00,42.08,42.69,12.66,0,10
LGA 2013-01-05 13:00,LGA,2013-01-05 13:00,42.98,42.84,10.36,0,10
LGA 2013-01-05 14:00,LGA,2013-01-05 14:00,42.98,39.38,9.21,0,10
LGA 2013-01-05 15:00,LGA,2013-01-05 15:00,42.98,37.9,8.06,0,10
LGA 2013-01-05 16:00,LGA,2013-01-05 16:00,42.08,42.69,5.75,0,10
LGA 2013-01-05 17:00,LGA,2013-01-05 17:00,41,40.9,9.21,0,10
LGA 2013-01-05 18:00,LGA,2013-01-05 18:00,39.92,48.21,0,0,10
LGA 2013-01-05 19:00,LGA,2013-01-05 19:00,39.92,46.41,5.75,0,10
LGA 2013-01-05 20:00,LGA,2013-01-05 20:00,39.02,49.93,3.45,0,10
LGA 2013-01-05 21:00,LGA,2013-01-05 21:00,39.02,48.07,8.06,0,10
LGA 2013-01-05 22:00,LGA,2013-01-05 22:00,37.94,50.14,3.45,0,10
LGA 2013-01-05 23:00,LGA,2013-01-05 23:00,37.94,50.14,5.75,0,10
LGA 2013-01-06 00:00,LGA,2013-01-06 00:00,37.94,50.14,5.75,0,10
LGA 2013-01-06 01:00,LGA,2013-01-06 01:00,37.04,51.95,6.9,0,10
LGA 2013-01-06 02:00,LGA,2013-01-06 02:00,35.96,54.21,10.36,0,10
LGA 2013-01-06 03:00,LGA,2013-01-06 03:00,37.04,51.95,6.9,0,10
LGA 2013-01-06 04:00,LGA,2013-01-06 04:00,35.06,72.03,10.36,0,6
LGA 2013-01-06 05:00,LGA,2013-01-06 05:00,35.6,75.31,8.06,0,8
LGA 2013-01-06 07:00,LGA,2013-01-06 07:00,35.96,81.72,10.36,0,8
LGA 2013-01-06 08:00,LGA,2013-01-06 08:00,35.96,81.72,10.36,0,7
LGA 2013-01-06 09:00,LGA,2013-01-06 09:00,37.04,75.5,6.9,0,7
LGA 2013-01-06 10:00,LGA,2013-01-06 10:00,39.2,69.86,8.06,0,9
LGA 2013-01-06 11:00,LGA,2013-01-06 11:00,41,61.89,9.21,0,8
LGA 2013-01-06 12:00,LGA,2013-01-06 12:00,42.98,52.87,10.36,0,8
LGA 2013-01-06 13:00,LGA,2013-01-06 13:00,44.96,49.02,6.9,0,9
LGA 2013-01-06 14:00,LGA,2013-01-06 14:00,46.04,47.05,6.9,0,10
LGA 2013-01-06 15:00,LGA,2013-01-06 15:00,46.04,43.34,6.9,0,10
LGA 2013-01-06 16:00,LGA,2013-01-06 16:00,46.04,39.9,11.51,0,10
LGA 2013-01-06 17:00,LGA,2013-01-06 17:00,44.96,43.49,13.81,0,10
LGA 2013-01-06 18:00,LGA,2013-01-06 18:00,44.96,43.49,16.11,0,10
LGA 2013-01-06 19:00,LGA,2013-01-06 19:00,44.06,45.01,13.81,0,10
LGA 2013-01-06 20:00,LGA,2013-01-06 20:00,44.06,46.73,11.51,0,10
LGA 2013-01-06 21:00,LGA,2013-01-06 21:00,44.06,48.87,12.66,0,10
LGA 2013-01-06 22:00,LGA,2013-01-06 22:00,42.98,50.94,10.36,0,10
LGA 2013-01-06 23:00,LGA,2013-01-06 23:00,42.98,52.87,10.36,0,10
LGA 2013-01-07 00:00,LGA,2013-01-07 00:00,42.08,54.73,11.51,0,10
LGA 2013-01-07 01:00,LGA,2013-01-07 01:00,41,57.06,13.81,0,10
LGA 2013-01-07 02:00,LGA,2013-01-07 02:00,39.92,59.5,13.81,0,10
LGA 2013-01-07 03:00,LGA,2013-01-07 03:00,39.92,59.5,13.81,0,10
LGA 2013-01-07 04:00,LGA,2013-01-07 04:00,39.92,62.21,16.11,0,10
LGA 2013-01-07 05:00,LGA,2013-01-07 05:00,39.92,62.21,10.36,0,10
LGA 2013-01-07 06:00,LGA,2013-01-07 06:00,39.02,64.43,12.66,0,10
LGA 2013-01-07 07:00,LGA,2013-01-07 07:00,39.92,64.54,13.81,0,10
LGA 2013-01-07 08:00,LGA,2013-01-07 08:00,41,59.65,16.11,0,10
LGA 2013-01-07 09:00,LGA,2013-01-07 09:00,42.08,54.73,14.96,0,10
LGA 2013-01-07 10:00,LGA,2013-01-07 10:00,42.98,50.94,12.66,0,10
LGA 2013-01-07 11:00,LGA,2013-01-07 11:00,42.98,46.91,13.81,0,10
LGA 2013-01-07 12:00,LGA,2013-01-07 12:00,44.06,39.57,8.06,0,10
LGA 2013-01-07 13:00,LGA,2013-01-07 13:00,44.96,39.72,8.06,0,10
LGA 2013-01-07 14:00,LGA,2013-01-07 14:00,44.96,39.72,10.36,0,10
LGA 2013-01-07 15:00,LGA,2013-01-07 15:00,44.96,35.14,6.9,0,10
LGA 2013-01-07 16:00,LGA,2013-01-07 16:00,42.98,42.84,0,0,10
LGA 2013-01-07 17:00,LGA,2013-01-07 17:00,41,44.51,0,0,10
LGA 2013-01-07 18:00,LGA,2013-01-07 18:00,39.92,46.41,0,0,10
LGA 2013-01-07 19:00,LGA,2013-01-07 19:00,41,40.9,0,0,10
LGA 2013-01-07 20:00,LGA,2013-01-07 20:00,41,42.51,0,0,10
LGA 2013-01-07 21:00,LGA,2013-01-07 21:00,39.92,46.41,8.06,0,10
LGA 2013-01-07 22:00,LGA,2013-01-07 22:00,37.94,54.51,5.75,0,10
LGA 2013-01-07 23:00,LGA,2013-01-07 23:00,39.02,48.07,6.9,0,10
LGA 2013-01-08 00:00,LGA,2013-01-08 00:00,39.02,52.26,4.6,0,10
LGA 2013-01-08 01:00,LGA,2013-01-08 01:00,37.94,59.22,4.6,0,10
LGA 2013-01-08 02:00,LGA,2013-01-08 02:00,37.04,61.35,5.75,0,10
LGA 2013-01-08 03:00,LGA,2013-01-08 03:00,37.04,59.09,6.9,0,10
LGA 2013-01-08 04:00,LGA,2013-01-08 04:00,37.04,61.35,5.75,0,10
LGA 2013-01-08 05:00,LGA,2013-01-08 05:00,37.04,61.35,8.06,0,10
LGA 2013-01-08 06:00,LGA,2013-01-08 06:00,37.04,64.17,6.9,0,10
LGA 2013-01-08 07:00,LGA,2013-01-08 07:00,37.94,61.94,9.21,0,10
LGA 2013-01-08 08:00,LGA,2013-01-08 08:00,37.94,64.29,9.21,0,10
LGA 2013-01-08 09:00,LGA,2013-01-08 09:00,39.92,59.5,10.36,0,10
LGA 2013-01-08 10:00,LGA,2013-01-08 10:00,42.08,52.73,17.26,0,10
LGA 2013-01-08 11:00,LGA,2013-01-08 11:00,44.96,51.24,17.26,0,10
LGA 2013-01-08 12:00,LGA,2013-01-08 12:00,46.94,49.33,14.96,0,10
LGA 2013-01-08 13:00,LGA,2013-01-08 13:00,48.02,47.36,9.21,0,10
LGA 2013-01-08 14:00,LGA,2013-01-08 14:00,48.92,45.79,8.06,0,10
LGA 2013-01-08 15:00,LGA,2013-01-08 15:00,48.02,47.36,10.36,0,10
LGA 2013-01-08 16:00,LGA,2013-01-08 16:00,48.02,49.5,11.51,0,10
LGA 2013-01-08 17:00,LGA,2013-01-08 17:00,46.94,51.55,9.21,0,10
LGA 2013-01-08 18:00,LGA,2013-01-08 18:00,44.96,57.63,8.06,0,10
LGA 2013-01-08 19:00,LGA,2013-01-08 19:00,44.96,53.17,8.06,0,10
LGA 2013-01-08 20:00,LGA,2013-01-08 20:00,44.96,53.17,8.06,0,10
LGA 2013-01-08 21:00,LGA,2013-01-08 21:00,42.98,57.35,3.45,0,10
LGA 2013-01-08 22:00,LGA,2013-01-08 22:00,42.98,55.27,3.45,0,10
LGA 2013-01-08 23:00,LGA,2013-01-08 23:00,42.98,55.27,0,0,10
LGA 2013-01-09 00:00,LGA,2013-01-09 00:00,39.92,59.5,0,0,10
LGA 2013-01-09 01:00,LGA,2013-01-09 01:00,41,57.06,0,0,10
LGA 2013-01-09 02:00,LGA,2013-01-09 02:00,39.92,62.21,0,0,9
LGA 2013-01-09 03:00,LGA,2013-01-09 03:00,39.02,72.46,0,0,8
LGA 2013-01-09 04:00,LGA,2013-01-09 04:00,39.92,62.21,0,0,9
LGA 2013-01-09 05:00,LGA,2013-01-09 05:00,37.94,75.58,4.6,0,7
LGA 2013-01-09 06:00,LGA,2013-01-09 06:00,37.94,82.46,5.75,0,7
LGA 2013-01-09 07:00,LGA,2013-01-09 07:00,37.04,85.43,4.6,0,5
LGA 2013-01-09 08:00,LGA,2013-01-09 08:00,39.02,79.05,0,0,6
LGA 2013-01-09 09:00,LGA,2013-01-09 09:00,44.06,67.45,0,0,5
LGA 2013-01-09 10:00,LGA,2013-01-09 10:00,46.94,55.85,9.21,0,10
LGA 2013-01-09 11:00,LGA,2013-01-09 11:00,46.94,58.33,8.06,0,10
LGA 2013-01-09 12:00,LGA,2013-01-09 12:00,48.02,53.63,10.36,0,10
LGA 2013-01-09 13:00,LGA,2013-01-09 13:00,48.02,56.01,9.21,0,10
LGA 2013-01-09 14:00,LGA,2013-01-09 14:00,48.02,58.07,14.96,0,10
LGA 2013-01-09 15:00,LGA,2013-01-09 15:00,48.92,58.61,10.36,0,10
LGA 2013-01-09 16:00,LGA,2013-01-09 16:00,50,58.34,5.75,0,10
LGA 2013-01-09 17:00,LGA,2013-01-09 17:00,50,58.34,14.96,0,10
LGA 2013-01-09 18:00,LGA,2013-01-09 18:00,50,56.3,17.26,0,10
LGA 2013-01-09 19:00,LGA,2013-01-09 19:00,50,58.34,23.02,0,10
LGA 2013-01-09 20:00,LGA,2013-01-09 20:00,50,56.3,20.71,0,10
LGA 2013-01-09 21:00,LGA,2013-01-09 21:00,48.92,54.15,18.41,0,10
LGA 2013-01-09 22:00,LGA,2013-01-09 22:00,48.92,51.85,18.41,0,10
LGA 2013-01-09 23:00,LGA,2013-01-09 23:00,48.02,51.34,17.26,0,10
LGA 2013-01-10 00:00,LGA,2013-01-10 00:00,46.94,51.55,13.81,0,10
LGA 2013-01-10 01:00,LGA,2013-01-10 01:00,46.04,49.19,13.81,0,10
LGA 2013-01-10 02:00,LGA,2013-01-10 02:00,46.04,43.34,16.11,0,10
LGA 2013-01-10 03:00,LGA,2013-01-10 03:00,44.06,48.87,10.36,0,10
LGA 2013-01-10 04:00,LGA,2013-01-10 04:00,44.06,46.73,19.56,0,10
LGA 2013-01-10 05:00,LGA,2013-01-10 05:00,42.98,46.91,12.66,0,10
LGA 2013-01-10 06:00,LGA,2013-01-10 06:00,42.08,48.56,14.96,0,10
LGA 2013-01-10 07:00,LGA,2013-01-10 07:00,42.08,50.42,14.96,0,10
LGA 2013-01-10 08:00,LGA,2013-01-10 08:00,42.98,48.7,9.21,0,10
LGA 2013-01-10 09:00,LGA,2013-01-10 09:00,44.06,46.73,13.81,0,10
LGA 2013-01-10 10:00,LGA,2013-01-10 10:00,44.06,45.01,16.11,0,10
LGA 2013-01-10 11:00,LGA,2013-01-10 11:00,44.96,39.72,16.11,0,10
LGA 2013-01-10 12:00,LGA,2013-01-10 12:00,46.04,38.12,16.11,0,10
LGA 2013-01-10 13:00,LGA,2013-01-10 13:00,46.94,35.47,16.11,0,10
LGA 2013-01-10 14:00,LGA,2013-01-10 14:00,48.02,35.38,11.51,0,10
LGA 2013-01-10 15:00,LGA,2013-01-10 15:00,46.94,38.56,11.51,0,10
LGA 2013-01-10 16:00,LGA,2013-01-10 16:00,46.04,39.9,10.36,0,10
LGA 2013-01-10 17:00,LGA,2013-01-10 17:00,44.96,45.15,9.21,0,10
LGA 2013-01-10 18:00,LGA,2013-01-10 18:00,44.96,45.15,8.06,0,10
LGA 2013-01-10 19:00,LGA,2013-01-10 19:00,44.06,46.73,8.06,0,10
LGA 2013-01-10 20:00,LGA,2013-01-10 20:00,44.06,45.01,6.9,0,10
LGA 2013-01-10 21:00,LGA,2013-01-10 21:00,42.08,48.56,5.75,0,10
LGA 2013-01-10 22:00,LGA,2013-01-10 22:00,39.92,54.81,3.45,0,10
LGA 2013-01-10 23:00,LGA,2013-01-10 23:00,39.92,54.81,4.6,0,10
LGA 2013-01-11 00:00,LGA,2013-01-11 00:00,39.02,56.77,3.45,0,10
LGA 2013-01-11 01:00,LGA,2013-01-11 01:00,39.02,54.68,5.75,0,10
LGA 2013-01-11 02:00,LGA,2013-01-11 02:00,37.94,57.04,6.9,0,10
LGA 2013-01-11 03:00,LGA,2013-01-11 03:00,37.94,57.04,4.6,0,10
LGA 2013-01-11 04:00,LGA,2013-01-11 04:00,37.04,61.35,5.75,0,10
LGA 2013-01-11 05:00,LGA,2013-01-11 05:00,37.94,59.22,6.9,0,10
LGA 2013-01-11 06:00,LGA,2013-01-11 06:00,37.94,61.94,4.6,0,10
LGA 2013-01-11 07:00,LGA,2013-01-11 07:00,37.94,61.94,5.75,0,10
LGA 2013-01-11 08:00,LGA,2013-01-11 08:00,39.92,54.81,8.06,0,10
LGA 2013-01-11 09:00,LGA,2013-01-11 09:00,39.02,61.63,6.9,0,10
LGA 2013-01-11 10:00,LGA,2013-01-11 10:00,39.92,62.21,9.21,0,10
LGA 2013-01-11 11:00,LGA,2013-01-11 11:00,39.92,62.21,10.36,0,10
LGA 2013-01-11 12:00,LGA,2013-01-11 12:00,41,64.68,9.21,0,10
LGA 2013-01-11 13:00,LGA,2013-01-11 13:00,41,73.19,10.36,0,10
LGA 2013-01-11 14:00,LGA,2013-01-11 14:00,39.92,76.32,9.21,0,10
LGA 2013-01-11 15:00,LGA,2013-01-11 15:00,39.92,82.6,9.21,0.01,9
LGA 2013-01-11 16:00,LGA,2013-01-11 16:00,41,82.09,8.06,0,10
LGA 2013-01-11 17:00,LGA,2013-01-11 17:00,41,86.89,9.21,0.02,5
LGA 2013-01-11 18:00,LGA,2013-01-11 18:00,41,93.19,9.21,0.06,7
LGA 2013-01-11 19:00,LGA,2013-01-11 19:00,42.8,93.3,6.9,0.05,5
LGA 2013-01-11 20:00,LGA,2013-01-11 20:00,44.6,93.35,6.9,0.1,4
LGA 2013-01-11 21:00,LGA,2013-01-11 21:00,44.6,100,6.9,0.06,4
LGA 2013-01-11 22:00,LGA,2013-01-11 22:00,42.98,96.6,8.06,0.05,5
LGA 2013-01-11 23:00,LGA,2013-01-11 23:00,44.6,100,10.36,0.03,2.5
LGA 2013-01-12 00:00,LGA,2013-01-12 00:00,44.6,93.35,6.9,0.02,0.75
LGA 2013-01-12 01:00,LGA,2013-01-12 01:00,44.96,92.72,5.75,0.01,0.75
LGA 2013-01-12 02:00,LGA,2013-01-12 02:00,44.06,92.69,8.06,0.01,0.75
LGA 2013-01-12 03:00,LGA,2013-01-12 03:00,44.96,93.35,8.06,0.01,0.5
LGA 2013-01-12 04:00,LGA,2013-01-12 04:00,44.96,93.35,9.21,0,3
LGA 2013-01-12 05:00,LGA,2013-01-12 05:00,44.96,92.72,8.06,0,3
LGA 2013-01-12 06:00,LGA,2013-01-12 06:00,44.06,92.69,8.06,0,2
LGA 2013-01-12 07:00,LGA,2013-01-12 07:00,44.96,93.35,9.21,0,2
LGA 2013-01-12 08:00,LGA,2013-01-12 08:00,44.6,93.35,12.66,0,6
LGA 2013-01-12 09:00,LGA,2013-01-12 09:00,44.06,92.69,9.21,0,7
LGA 2013-01-12 10:00,LGA,2013-01-12 10:00,44.06,92.69,8.06,0,7
LGA 2013-01-12 11:00,LGA,2013-01-12 11:00,44.06,92.69,5.75,0,7
LGA 2013-01-12 12:00,LGA,2013-01-12 12:00,44.6,93.35,9.21,0,1.5
LGA 2013-01-12 13:00,LGA,2013-01-12 13:00,44.6,93.35,5.75,0,5
LGA 2013-01-12 14:00,LGA,2013-01-12 14:00,44.06,92.69,4.6,0,6
LGA 2013-01-12 15:00,LGA,2013-01-12 15:00,44.06,92.69,6.9,0,5
LGA 2013-01-12 16:00,LGA,2013-01-12 16:00,44.06,92.69,5.75,0,2.5
LGA 2013-01-12 17:00,LGA,2013-01-12 17:00,42.98,96.6,6.9,0,2.5
LGA 2013-01-12 18:00,LGA,2013-01-12 18:00,42.98,96.6,6.9,0,1
LGA 2013-01-12 19:00,LGA,2013-01-12 19:00,42.08,95.92,3.45,0,1
LGA 2013-01-12 20:00,LGA,2013-01-12 20:00,42.8,95.92,0,0,0.5
LGA 2013-01-12 21:00,LGA,2013-01-12 21:00,42.08,95.92,0,0,0.5
LGA 2013-01-12 22:00,LGA,2013-01-12 22:00,42.08,95.92,5.75,0,0.5
LGA 2013-01-12 23:00,LGA,2013-01-12 23:00,42.8,95.92,0,0,0.5
LGA 2013-01-13 00:00,LGA,2013-01-13 00:00,42.8,95.92,4.6,0,0.5
LGA 2013-01-13 01:00,LGA,2013-01-13 01:00,42.8,95.92,4.6,0,0.25
LGA 2013-01-13 02:00,LGA,2013-01-13 02:00,42.08,100,4.6,0,0.25
LGA 2013-01-13 03:00,LGA,2013-01-13 03:00,44.06,95.95,5.75,0,0.25
LGA 2013-01-13 04:00,LGA,2013-01-13 04:00,44.06,95.95,4.6,0,0.25
LGA 2013-01-13 05:00,LGA,2013-01-13 05:00,44.06,95.95,5.75,0,0.12
LGA 2013-01-13 06:00,LGA,2013-01-13 06:00,44.6,95.95,6.9,0,0.25
LGA 2013-01-13 07:00,LGA,2013-01-13 07:00,42.98,100,8.06,0,0.12
LGA 2013-01-13 08:00,LGA,2013-01-13 08:00,42.98,100,5.75,0,0.25
LGA 2013-01-13 09:00,LGA,2013-01-13 09:00,44.06,95.95,8.06,0,0.25
LGA 2013-01-13 10:00,LGA,2013-01-13 10:00,44.96,93.35,9.21,0,1.5
LGA 2013-01-13 11:00,LGA,2013-01-13 11:00,44.96,93.35,8.06,0,3
LGA 2013-01-13 12:00,LGA,2013-01-13 12:00,46.4,93.4,5.75,0,5
LGA 2013-01-13 13:00,LGA,2013-01-13 13:00,46.94,89.65,6.9,0,5
LGA 2013-01-13 14:00,LGA,2013-01-13 14:00,46.94,86.02,6.9,0,6
LGA 2013-01-13 15:00,LGA,2013-01-13 15:00,46.94,86.02,9.21,0,6
LGA 2013-01-13 16:00,LGA,2013-01-13 16:00,46.94,86.02,9.21,0,10
LGA 2013-01-13 17:00,LGA,2013-01-13 17:00,48.02,87.19,9.21,0,10
LGA 2013-01-13 18:00,LGA,2013-01-13 18:00,48.02,89.08,4.6,0,10
LGA 2013-01-13 19:00,LGA,2013-01-13 19:00,48.92,89.73,5.75,0,3
LGA 2013-01-13 20:00,LGA,2013-01-13 20:00,48.92,93.45,0,0,1
LGA 2013-01-13 21:00,LGA,2013-01-13 21:00,50,93.5,5.75,0,1.5
LGA 2013-01-13 22:00,LGA,2013-01-13 22:00,46.94,100,4.6,0,1
LGA 2013-01-13 23:00,LGA,2013-01-13 23:00,48.92,96.69,3.45,0,1
LGA 2013-01-14 00:00,LGA,2013-01-14 00:00,48.92,100,5.75,0,1.5
LGA 2013-01-14 01:00,LGA,2013-01-14 01:00,50,93.5,5.75,0,2
LGA 2013-01-14 02:00,LGA,2013-01-14 02:00,50,100,6.9,0,2
LGA 2013-01-14 03:00,LGA,2013-01-14 03:00,48.92,96.69,4.6,0,0.5
LGA 2013-01-14 04:00,LGA,2013-01-14 04:00,48.92,96.69,4.6,0,0.5
LGA 2013-01-14 05:00,LGA,2013-01-14 05:00,48.92,96.69,6.9,0.01,0.5
LGA 2013-01-14 06:00,LGA,2013-01-14 06:00,48.92,96.69,5.75,0,0.25
LGA 2013-01-14 07:00,LGA,2013-01-14 07:00,50,96.05,4.6,0,0.25
LGA 2013-01-14 08:00,LGA,2013-01-14 08:00,51.8,93.5,4.6,0,3
LGA 2013-01-14 09:00,LGA,2013-01-14 09:00,53.6,93.6,10.36,0,9
LGA 2013-01-14 10:00,LGA,2013-01-14 10:00,53.96,83,9.21,0,10
LGA 2013-01-14 11:00,LGA,2013-01-14 11:00,55.04,77.15,6.9,0,10
LGA 2013-01-14 12:00,LGA,2013-01-14 12:00,53.96,61.41,18.41,0,10
LGA 2013-01-14 13:00,LGA,2013-01-14 13:00,53.06,60.87,11.51,0,10
LGA 2013-01-14 14:00,LGA,2013-01-14 14:00,53.06,56.34,12.66,0,10
LGA 2013-01-14 15:00,LGA,2013-01-14 15:00,51.98,54.22,12.66,0,10
LGA 2013-01-14 16:00,LGA,2013-01-14 16:00,51.98,50.11,11.51,0,10
LGA 2013-01-14 17:00,LGA,2013-01-14 17:00,51.08,49.97,8.06,0,10
LGA 2013-01-14 18:00,LGA,2013-01-14 18:00,50,60.89,5.75,0,10
LGA 2013-01-14 19:00,LGA,2013-01-14 19:00,48.02,58.07,11.51,0,10
LGA 2013-01-14 20:00,LGA,2013-01-14 20:00,46.04,55.32,10.36,0,10
LGA 2013-01-14 21:00,LGA,2013-01-14 21:00,44.06,57.5,17.26,0,10
LGA 2013-01-14 22:00,LGA,2013-01-14 22:00,39.92,79.12,10.36,0.02,7
LGA 2013-01-14 23:00,LGA,2013-01-14 23:00,39.02,79.05,5.75,0.03,10
LGA 2013-01-15 00:00,LGA,2013-01-15 00:00,39.02,69.86,10.36,0,10
LGA 2013-01-15 01:00,LGA,2013-01-15 01:00,37.94,78.96,8.06,0.03,10
LGA 2013-01-15 02:00,LGA,2013-01-15 02:00,37.04,78.31,9.21,0.04,8
LGA 2013-01-15 03:00,LGA,2013-01-15 03:00,35.96,81.72,8.06,0.01,10
LGA 2013-01-15 04:00,LGA,2013-01-15 04:00,35.96,75.39,6.9,0,10
LGA 2013-01-15 05:00,LGA,2013-01-15 05:00,37.04,72.24,6.9,0,10
LGA 2013-01-15 06:00,LGA,2013-01-15 06:00,37.04,66.6,8.06,0,10
LGA 2013-01-15 07:00,LGA,2013-01-15 07:00,37.04,69.63,10.36,0,10
LGA 2013-01-15 08:00,LGA,2013-01-15 08:00,37.04,64.17,10.36,0,10
LGA 2013-01-15 09:00,LGA,2013-01-15 09:00,37.04,61.35,8.06,0,10
LGA 2013-01-15 10:00,LGA,2013-01-15 10:00,37.94,59.22,8.06,0,10
LGA 2013-01-15 11:00,LGA,2013-01-15 11:00,37.94,59.22,8.06,0,10
LGA 2013-01-15 12:00,LGA,2013-01-15 12:00,37.94,59.22,6.9,0,10
LGA 2013-01-15 13:00,LGA,2013-01-15 13:00,37.94,57.04,8.06,0,10
LGA 2013-01-15 14:00,LGA,2013-01-15 14:00,37.94,57.04,6.9,0,10
LGA 2013-01-15 15:00,LGA,2013-01-15 15:00,39.02,56.77,6.9,0,10
LGA 2013-01-15 16:00,LGA,2013-01-15 16:00,39.02,54.68,6.9,0,10
LGA 2013-01-15 17:00,LGA,2013-01-15 17:00,39.02,54.68,6.9,0,10
LGA 2013-01-15 18:00,LGA,2013-01-15 18:00,39.02,56.77,8.06,0,10
LGA 2013-01-15 19:00,LGA,2013-01-15 19:00,39.02,56.77,9.21,0,10
LGA 2013-01-15 20:00,LGA,2013-01-15 20:00,37.94,54.51,5.75,0,10
LGA 2013-01-15 21:00,LGA,2013-01-15 21:00,37.94,57.04,8.06,0,10
LGA 2013-01-15 22:00,LGA,2013-01-15 22:00,37.04,64.17,8.06,0,10
LGA 2013-01-15 23:00,LGA,2013-01-15 23:00,35.96,69.51,8.06,0.02,10
LGA 2013-01-16 00:00,LGA,2013-01-16 00:00,35.6,75.31,10.36,0.04,8
LGA 2013-01-16 01:00,LGA,2013-01-16 01:00,33.08,84.56,10.36,0.05,8
LGA 2013-01-16 02:00,LGA,2013-01-16 02:00,33.8,88.37,10.36,0.05,7
LGA 2013-01-16 03:00,LGA,2013-01-16 03:00,33.8,91.66,10.36,0.1,5
LGA 2013-01-16 04:00,LGA,2013-01-16 04:00,33.08,88.37,8.06,0.16,5
LGA 2013-01-16 05:00,LGA,2013-01-16 05:00,33.8,91.66,8.06,0.12,6
LGA 2013-01-16 06:00,LGA,2013-01-16 06:00,33.98,88.42,9.21,0.06,6
LGA 2013-01-16 07:00,LGA,2013-01-16 07:00,33.98,93.03,8.06,0.04,9
LGA 2013-01-16 08:00,LGA,2013-01-16 08:00,35.06,93.03,8.06,0.02,9
LGA 2013-01-16 09:00,LGA,2013-01-16 09:00,35.06,88.47,5.75,0,7
LGA 2013-01-16 10:00,LGA,2013-01-16 10:00,35.06,88.47,3.45,0.02,5
LGA 2013-01-16 11:00,LGA,2013-01-16 11:00,35.06,88.47,8.06,0.01,5
LGA 2013-01-16 12:00,LGA,2013-01-16 12:00,33.98,88.42,9.21,0.01,5
LGA 2013-01-16 13:00,LGA,2013-01-16 13:00,35.06,88.47,9.21,0,4
LGA 2013-01-16 14:00,LGA,2013-01-16 14:00,35.06,88.47,3.45,0,4
LGA 2013-01-16 15:00,LGA,2013-01-16 15:00,35.96,86.59,5.75,0,6
LGA 2013-01-16 16:00,LGA,2013-01-16 16:00,35.96,89.16,4.6,0,6
LGA 2013-01-16 17:00,LGA,2013-01-16 17:00,37.4,93.08,8.06,0,6
LGA 2013-01-16 18:00,LGA,2013-01-16 18:00,37.94,86.69,8.06,0,7
LGA 2013-01-16 19:00,LGA,2013-01-16 19:00,37.94,82.46,9.21,0,10
LGA 2013-01-16 20:00,LGA,2013-01-16 20:00,37.94,82.46,10.36,0,10
LGA 2013-01-16 21:00,LGA,2013-01-16 21:00,37.94,82.46,4.6,0,10
LGA 2013-01-16 22:00,LGA,2013-01-16 22:00,37.94,82.46,8.06,0,10
LGA 2013-01-16 23:00,LGA,2013-01-16 23:00,39.02,75.69,8.06,0,10
LGA 2013-01-17 00:00,LGA,2013-01-17 00:00,39.02,75.69,6.9,0,10
LGA 2013-01-17 01:00,LGA,2013-01-17 01:00,39.92,69.96,3.45,0,10
LGA 2013-01-17 02:00,LGA,2013-01-17 02:00,39.92,64.54,8.06,0,10
LGA 2013-01-17 03:00,LGA,2013-01-17 03:00,41,59.65,11.51,0,10
LGA 2013-01-17 04:00,LGA,2013-01-17 04:00,39.92,62.21,10.36,0,10
LGA 2013-01-17 05:00,LGA,2013-01-17 05:00,39.92,59.5,11.51,0,10
LGA 2013-01-17 06:00,LGA,2013-01-17 06:00,39.92,57.33,12.66,0,10
LGA 2013-01-17 07:00,LGA,2013-01-17 07:00,39.92,57.33,14.96,0,10
LGA 2013-01-17 08:00,LGA,2013-01-17 08:00,39.92,57.33,11.51,0,10
LGA 2013-01-17 09:00,LGA,2013-01-17 09:00,41,54.97,13.81,0,10
LGA 2013-01-17 10:00,LGA,2013-01-17 10:00,41,54.97,13.81,0,10
LGA 2013-01-17 11:00,LGA,2013-01-17 11:00,42.08,52.73,17.26,0,10
LGA 2013-01-17 12:00,LGA,2013-01-17 12:00,42.98,52.87,12.66,0,10
LGA 2013-01-17 13:00,LGA,2013-01-17 13:00,42.98,50.94,11.51,0,10
LGA 2013-01-17 14:00,LGA,2013-01-17 14:00,42.98,48.7,13.81,0,10
LGA 2013-01-17 15:00,LGA,2013-01-17 15:00,42.08,50.42,8.06,0,10
LGA 2013-01-17 16:00,LGA,2013-01-17 16:00,42.08,52.73,8.06,0,10
LGA 2013-01-17 17:00,LGA,2013-01-17 17:00,41,52.56,8.06,0,10
LGA 2013-01-17 18:00,LGA,2013-01-17 18:00,41,50.63,8.06,0,10
LGA 2013-01-17 19:00,LGA,2013-01-17 19:00,41,50.63,8.06,0,10
LGA 2013-01-17 20:00,LGA,2013-01-17 20:00,39.92,52.79,11.51,0,10
LGA 2013-01-17 21:00,LGA,2013-01-17 21:00,37.94,59.22,10.36,0,10
LGA 2013-01-17 22:00,LGA,2013-01-17 22:00,37.04,56.48,11.51,0,10
LGA 2013-01-17 23:00,LGA,2013-01-17 23:00,35.96,58.94,8.06,0,10
LGA 2013-01-18 00:00,LGA,2013-01-18 00:00,35.06,58.37,11.51,0,10
LGA 2013-01-18 01:00,LGA,2013-01-18 01:00,33.08,55.89,10.36,0,10
LGA 2013-01-18 02:00,LGA,2013-01-18 02:00,32,51.15,9.21,0,10
LGA 2013-01-18 03:00,LGA,2013-01-18 03:00,30.02,55.42,6.9,0,9
LGA 2013-01-18 04:00,LGA,2013-01-18 04:00,30.02,53.29,8.06,0,10
LGA 2013-01-18 05:00,LGA,2013-01-18 05:00,28.94,53.13,13.81,0,10
LGA 2013-01-18 06:00,LGA,2013-01-18 06:00,28.04,52.57,13.81,0,10
LGA 2013-01-18 07:00,LGA,2013-01-18 07:00,26.06,57.04,12.66,0,10
LGA 2013-01-18 08:00,LGA,2013-01-18 08:00,26.06,52.25,10.36,0,10
LGA 2013-01-18 09:00,LGA,2013-01-18 09:00,26.06,52.25,13.81,0,10
LGA 2013-01-18 10:00,LGA,2013-01-18 10:00,26.96,46.08,16.11,0,10
LGA 2013-01-18 11:00,LGA,2013-01-18 11:00,28.04,36.83,13.81,0,10
LGA 2013-01-18 12:00,LGA,2013-01-18 12:00,28.94,39.39,14.96,0,10
LGA 2013-01-18 13:00,LGA,2013-01-18 13:00,30.02,37.17,16.11,0,10
LGA 2013-01-18 14:00,LGA,2013-01-18 14:00,30.02,32.32,12.66,0,10
LGA 2013-01-18 15:00,LGA,2013-01-18 15:00,30.02,29.5,13.81,0,10
LGA 2013-01-18 16:00,LGA,2013-01-18 16:00,28.94,32.41,8.06,0,10
LGA 2013-01-18 17:00,LGA,2013-01-18 17:00,30.02,28.29,10.36,0,10
LGA 2013-01-18 18:00,LGA,2013-01-18 18:00,30.02,29.5,12.66,0,10
LGA 2013-01-18 19:00,LGA,2013-01-18 19:00,30.02,31.01,10.36,0,10
LGA 2013-01-18 20:00,LGA,2013-01-18 20:00,30.02,32.32,8.06,0,10
LGA 2013-01-18 21:00,LGA,2013-01-18 21:00,30.02,37.17,9.21,0,10
LGA 2013-01-18 22:00,LGA,2013-01-18 22:00,30.02,40.65,10.36,0,10
LGA 2013-01-18 23:00,LGA,2013-01-18 23:00,30.92,39.19,9.21,0,10
LGA 2013-01-19 00:00,LGA,2013-01-19 00:00,30.92,39.19,12.66,0,10
LGA 2013-01-19 01:00,LGA,2013-01-19 01:00,30.92,42.82,13.81,0,10
LGA 2013-01-19 02:00,LGA,2013-01-19 02:00,30.92,44.92,9.21,0,10
LGA 2013-01-19 03:00,LGA,2013-01-19 03:00,32,46.92,11.51,0,10
LGA 2013-01-19 04:00,LGA,2013-01-19 04:00,33.08,48.98,12.66,0,10
LGA 2013-01-19 05:00,LGA,2013-01-19 05:00,33.08,53.36,13.81,0,10
LGA 2013-01-19 06:00,LGA,2013-01-19 06:00,33.08,58.08,18.41,0,10
LGA 2013-01-19 07:00,LGA,2013-01-19 07:00,33.98,60.93,12.66,0,10
LGA 2013-01-19 08:00,LGA,2013-01-19 08:00,35.96,58.94,17.26,0,10
LGA 2013-01-19 09:00,LGA,2013-01-19 09:00,39.02,54.68,10.36,0,10
LGA 2013-01-19 10:00,LGA,2013-01-19 10:00,41,48.39,19.56,0,10
LGA 2013-01-19 11:00,LGA,2013-01-19 11:00,44.06,45.01,14.96,0,10
LGA 2013-01-19 12:00,LGA,2013-01-19 12:00,46.94,40.35,17.26,0,10
LGA 2013-01-19 13:00,LGA,2013-01-19 13:00,48.92,37.46,13.81,0,10
LGA 2013-01-19 14:00,LGA,2013-01-19 14:00,51.08,33.04,10.36,0,10
LGA 2013-01-19 15:00,LGA,2013-01-19 15:00,51.98,30.53,14.96,0,10
LGA 2013-01-19 16:00,LGA,2013-01-19 16:00,51.08,33.04,11.51,0,10
LGA 2013-01-19 17:00,LGA,2013-01-19 17:00,50,35.98,14.96,0,10
LGA 2013-01-19 18:00,LGA,2013-01-19 18:00,50,35.98,13.81,0,10
LGA 2013-01-19 19:00,LGA,2013-01-19 19:00,48.02,40.22,16.11,0,10
LGA 2013-01-19 20:00,LGA,2013-01-19 20:00,46.94,41.89,16.11,0,10
LGA 2013-01-19 21:00,LGA,2013-01-19 21:00,46.04,43.34,14.96,0,10
LGA 2013-01-19 22:00,LGA,2013-01-19 22:00,46.04,43.34,13.81,0,10
LGA 2013-01-19 23:00,LGA,2013-01-19 23:00,44.96,47.23,11.51,0,10
LGA 2013-01-20 00:00,LGA,2013-01-20 00:00,44.06,48.87,13.81,0,10
LGA 2013-01-20 01:00,LGA,2013-01-20 01:00,42.08,54.73,11.51,0,10
LGA 2013-01-20 02:00,LGA,2013-01-20 02:00,42.08,54.73,8.06,0,10
LGA 2013-01-20 03:00,LGA,2013-01-20 03:00,42.08,54.73,9.21,0,10
LGA 2013-01-20 04:00,LGA,2013-01-20 04:00,42.08,54.73,11.51,0,10
LGA 2013-01-20 05:00,LGA,2013-01-20 05:00,42.08,54.73,12.66,0,10
LGA 2013-01-20 06:00,LGA,2013-01-20 06:00,42.08,54.73,11.51,0,10
LGA 2013-01-20 07:00,LGA,2013-01-20 07:00,42.98,52.87,16.11,0,10
LGA 2013-01-20 08:00,LGA,2013-01-20 08:00,44.06,50.73,14.96,0,10
LGA 2013-01-20 09:00,LGA,2013-01-20 09:00,48.02,43.67,17.26,0,10
LGA 2013-01-20 10:00,LGA,2013-01-20 10:00,51.98,37.68,12.66,0,10
LGA 2013-01-20 11:00,LGA,2013-01-20 11:00,53.06,34.89,21.86,0,10
LGA 2013-01-20 12:00,LGA,2013-01-20 12:00,53.96,29.72,21.86,0,10
LGA 2013-01-20 13:00,LGA,2013-01-20 13:00,53.06,28.25,25.32,0,10
LGA 2013-01-20 14:00,LGA,2013-01-20 14:00,53.06,23.84,19.56,0,10
LGA 2013-01-20 15:00,LGA,2013-01-20 15:00,51.08,16.42,25.32,0,10
LGA 2013-01-20 16:00,LGA,2013-01-20 16:00,48.92,19.45,27.62,0,10
LGA 2013-01-20 17:00,LGA,2013-01-20 17:00,46.04,24.85,25.32,0,10
LGA 2013-01-20 18:00,LGA,2013-01-20 18:00,42.08,37.46,20.71,0,10
LGA 2013-01-20 19:00,LGA,2013-01-20 19:00,39.02,38.72,18.41,0,10
LGA 2013-01-20 20:00,LGA,2013-01-20 20:00,37.04,38.38,18.41,0,10
LGA 2013-01-20 21:00,LGA,2013-01-20 21:00,35.06,39.58,16.11,0,10
LGA 2013-01-20 22:00,LGA,2013-01-20 22:00,33.08,41.17,13.81,0,10
LGA 2013-01-20 23:00,LGA,2013-01-20 23:00,30.92,42.82,16.11,0,10
LGA 2013-01-21 00:00,LGA,2013-01-21 00:00,30.02,42.66,18.41,0,10
LGA 2013-01-21 01:00,LGA,2013-01-21 01:00,30.02,42.66,17.26,0,10
LGA 2013-01-21 02:00,LGA,2013-01-21 02:00,28.94,38.85,13.81,0,10
LGA 2013-01-21 03:00,LGA,2013-01-21 03:00,28.94,37.29,6.9,0,10
LGA 2013-01-21 04:00,LGA,2013-01-21 04:00,28.04,40.31,9.21,0,10
LGA 2013-01-21 05:00,LGA,2013-01-21 05:00,28.04,40.31,4.6,0,10
LGA 2013-01-21 06:00,LGA,2013-01-21 06:00,28.04,42.32,5.75,0,10
LGA 2013-01-21 07:00,LGA,2013-01-21 07:00,28.04,42.32,5.75,0,10
LGA 2013-01-21 08:00,LGA,2013-01-21 08:00,28.94,42.48,4.6,0,10
LGA 2013-01-21 09:00,LGA,2013-01-21 09:00,28.94,37.29,0,0,10
LGA 2013-01-21 10:00,LGA,2013-01-21 10:00,30.02,37.17,0,0,10
LGA 2013-01-21 11:00,LGA,2013-01-21 11:00,30.92,35.84,9.21,0,10
LGA 2013-01-21 12:00,LGA,2013-01-21 12:00,30.92,39.19,9.21,0,10
LGA 2013-01-21 13:00,LGA,2013-01-21 13:00,32,36.03,10.36,0,10
LGA 2013-01-21 14:00,LGA,2013-01-21 14:00,32,39.38,10.36,0,10
LGA 2013-01-21 15:00,LGA,2013-01-21 15:00,32,40.99,8.06,0,10
LGA 2013-01-21 16:00,LGA,2013-01-21 16:00,30.92,44.92,8.06,0,10
LGA 2013-01-21 17:00,LGA,2013-01-21 17:00,32,46.92,5.75,0,10
LGA 2013-01-21 18:00,LGA,2013-01-21 18:00,32,46.92,5.75,0,10
LGA 2013-01-21 19:00,LGA,2013-01-21 19:00,32,49.19,11.51,0,10
LGA 2013-01-21 20:00,LGA,2013-01-21 20:00,30.02,60.38,16.11,0,10
LGA 2013-01-21 21:00,LGA,2013-01-21 21:00,30.92,53.44,12.66,0,10
LGA 2013-01-21 22:00,LGA,2013-01-21 22:00,30.02,60.38,12.66,0,10
LGA 2013-01-21 23:00,LGA,2013-01-21 23:00,28.94,63.1,12.66,0,10
LGA 2013-01-22 00:00,LGA,2013-01-22 00:00,28.04,50.52,17.26,0,10
LGA 2013-01-22 01:00,LGA,2013-01-22 01:00,26.96,46.08,18.41,0,10
LGA 2013-01-22 02:00,LGA,2013-01-22 02:00,26.06,39.96,24.17,0,10
LGA 2013-01-22 03:00,LGA,2013-01-22 03:00,24.98,43.91,19.56,0,10
LGA 2013-01-22 04:00,LGA,2013-01-22 04:00,24.08,45.59,17.26,0,10
LGA 2013-01-22 05:00,LGA,2013-01-22 05:00,24.08,54.51,14.96,0,10
LGA 2013-01-22 06:00,LGA,2013-01-22 06:00,21.92,56.87,17.26,0,9
LGA 2013-01-22 07:00,LGA,2013-01-22 07:00,21.02,54.03,16.11,0,10
LGA 2013-01-22 08:00,LGA,2013-01-22 08:00,21.02,49.37,18.41,0,10
LGA 2013-01-22 09:00,LGA,2013-01-22 09:00,19.94,59.4,18.41,0,10
LGA 2013-01-22 10:00,LGA,2013-01-22 10:00,21.02,41.11,19.56,0,10
LGA 2013-01-22 11:00,LGA,2013-01-22 11:00,21.02,39.08,21.86,0,10
LGA 2013-01-22 12:00,LGA,2013-01-22 12:00,21.92,32.83,24.17,0,10
LGA 2013-01-22 13:00,LGA,2013-01-22 13:00,21.92,28.35,24.17,0,10
LGA 2013-01-22 14:00,LGA,2013-01-22 14:00,23,34.46,24.17,0,10
LGA 2013-01-22 15:00,LGA,2013-01-22 15:00,21.92,31.18,19.56,0,10
LGA 2013-01-22 16:00,LGA,2013-01-22 16:00,19.94,44.88,20.71,0,10
LGA 2013-01-22 17:00,LGA,2013-01-22 17:00,19.94,40.92,24.17,0,10
LGA 2013-01-22 18:00,LGA,2013-01-22 18:00,19.04,44.73,19.56,0,10
LGA 2013-01-22 19:00,LGA,2013-01-22 19:00,17.96,53.54,16.11,0,10
LGA 2013-01-22 20:00,LGA,2013-01-22 20:00,17.06,48.7,17.26,0,10
LGA 2013-01-22 21:00,LGA,2013-01-22 21:00,17.06,40.41,21.86,0,10
LGA 2013-01-22 22:00,LGA,2013-01-22 22:00,15.98,44.19,23.02,0,10
LGA 2013-01-22 23:00,LGA,2013-01-22 23:00,15.08,38.03,18.41,0,10
LGA 2013-01-23 00:00,LGA,2013-01-23 00:00,14,41.63,16.11,0,10
LGA 2013-01-23 01:00,LGA,2013-01-23 01:00,14,41.63,19.56,0,10
LGA 2013-01-23 02:00,LGA,2013-01-23 02:00,14,41.63,14.96,0,10
LGA 2013-01-23 03:00,LGA,2013-01-23 03:00,14,43.85,19.56,0,10
LGA 2013-01-23 04:00,LGA,2013-01-23 04:00,12.92,45.98,12.66,0,10
LGA 2013-01-23 05:00,LGA,2013-01-23 05:00,14,48.18,10.36,0,10
LGA 2013-01-23 06:00,LGA,2013-01-23 06:00,12.02,50.37,17.26,0,10
LGA 2013-01-23 07:00,LGA,2013-01-23 07:00,12.92,50.52,12.66,0,10
LGA 2013-01-23 08:00,LGA,2013-01-23 08:00,14,55.64,13.81,0,10
LGA 2013-01-23 09:00,LGA,2013-01-23 09:00,15.08,45.96,14.96,0,10
LGA 2013-01-23 10:00,LGA,2013-01-23 10:00,15.98,42.34,12.66,0,10
LGA 2013-01-23 11:00,LGA,2013-01-23 11:00,17.06,40.41,18.41,0,10
LGA 2013-01-23 12:00,LGA,2013-01-23 12:00,17.06,33.11,14.96,0,10
LGA 2013-01-23 13:00,LGA,2013-01-23 13:00,19.04,38.73,18.41,0,10
LGA 2013-01-23 14:00,LGA,2013-01-23 14:00,19.94,37.27,11.51,0,10
LGA 2013-01-23 15:00,LGA,2013-01-23 15:00,19.94,35.71,12.66,0,10
LGA 2013-01-23 16:00,LGA,2013-01-23 16:00,19.04,38.73,12.66,0,10
LGA 2013-01-23 17:00,LGA,2013-01-23 17:00,19.04,35.25,17.26,0,10
LGA 2013-01-23 18:00,LGA,2013-01-23 18:00,17.96,38.87,17.26,0,10
LGA 2013-01-23 19:00,LGA,2013-01-23 19:00,17.96,42.69,12.66,0,10
LGA 2013-01-23 20:00,LGA,2013-01-23 20:00,17.06,46.3,11.51,0,10
LGA 2013-01-23 21:00,LGA,2013-01-23 21:00,17.06,44.38,9.21,0,10
LGA 2013-01-23 22:00,LGA,2013-01-23 22:00,17.06,44.38,6.9,0,10
LGA 2013-01-23 23:00,LGA,2013-01-23 23:00,17.06,44.38,9.21,0,10
LGA 2013-01-24 00:00,LGA,2013-01-24 00:00,17.06,44.38,9.21,0,10
LGA 2013-01-24 01:00,LGA,2013-01-24 01:00,17.06,46.3,6.9,0,10
LGA 2013-01-24 02:00,LGA,2013-01-24 02:00,15.98,51.03,6.9,0,10
LGA 2013-01-24 03:00,LGA,2013-01-24 03:00,15.98,51.03,8.06,0,10
LGA 2013-01-24 04:00,LGA,2013-01-24 04:00,15.98,48.52,9.21,0,10
LGA 2013-01-24 05:00,LGA,2013-01-24 05:00,15.98,55.95,5.75,0,10
LGA 2013-01-24 06:00,LGA,2013-01-24 06:00,15.08,58.19,5.75,0,10
LGA 2013-01-24 07:00,LGA,2013-01-24 07:00,15.08,58.19,10.36,0,10
LGA 2013-01-24 08:00,LGA,2013-01-24 08:00,15.98,58.32,9.21,0,10
LGA 2013-01-24 09:00,LGA,2013-01-24 09:00,17.96,51.36,14.96,0,10
LGA 2013-01-24 10:00,LGA,2013-01-24 10:00,19.94,43.04,13.81,0,10
LGA 2013-01-24 11:00,LGA,2013-01-24 11:00,21.02,37.46,17.26,0,10
LGA 2013-01-24 12:00,LGA,2013-01-24 12:00,21.92,37.62,24.17,0,10
LGA 2013-01-24 13:00,LGA,2013-01-24 13:00,23,34.46,28.77,0,10
LGA 2013-01-24 14:00,LGA,2013-01-24 14:00,24.08,34.36,23.02,0,10
LGA 2013-01-24 15:00,LGA,2013-01-24 15:00,23,35.95,19.56,0,10
LGA 2013-01-24 16:00,LGA,2013-01-24 16:00,23,37.81,17.26,0,10
LGA 2013-01-24 17:00,LGA,2013-01-24 17:00,23,37.81,25.32,0,10
LGA 2013-01-24 18:00,LGA,2013-01-24 18:00,21.92,41.26,24.17,0,10
LGA 2013-01-24 19:00,LGA,2013-01-24 19:00,19.94,40.92,20.71,0,10
LGA 2013-01-24 20:00,LGA,2013-01-24 20:00,19.04,42.52,14.96,0,10
LGA 2013-01-24 21:00,LGA,2013-01-24 21:00,17.96,48.85,17.26,0,10
LGA 2013-01-24 22:00,LGA,2013-01-24 22:00,17.96,46.85,23.02,0,10
LGA 2013-01-24 23:00,LGA,2013-01-24 23:00,17.96,48.85,19.56,0,10
LGA 2013-01-25 00:00,LGA,2013-01-25 00:00,17.06,48.7,17.26,0,10
LGA 2013-01-25 01:00,LGA,2013-01-25 01:00,15.98,48.52,14.96,0,10
LGA 2013-01-25 02:00,LGA,2013-01-25 02:00,15.08,50.46,14.96,0,10
LGA 2013-01-25 03:00,LGA,2013-01-25 03:00,15.08,53.07,11.51,0,10
LGA 2013-01-25 04:00,LGA,2013-01-25 04:00,15.08,53.07,16.11,0,10
LGA 2013-01-25 05:00,LGA,2013-01-25 05:00,15.08,55.35,17.26,0,10
LGA 2013-01-25 06:00,LGA,2013-01-25 06:00,15.08,55.35,11.51,0,10
LGA 2013-01-25 07:00,LGA,2013-01-25 07:00,15.98,55.95,14.96,0,10
LGA 2013-01-25 08:00,LGA,2013-01-25 08:00,15.98,55.95,10.36,0,10
LGA 2013-01-25 09:00,LGA,2013-01-25 09:00,17.06,50.79,5.75,0,10
LGA 2013-01-25 10:00,LGA,2013-01-25 10:00,19.04,46.64,0,0,10
LGA 2013-01-25 11:00,LGA,2013-01-25 11:00,21.02,42.87,0,0,10
LGA 2013-01-25 12:00,LGA,2013-01-25 12:00,21.02,42.87,3.45,0,10
LGA 2013-01-25 13:00,LGA,2013-01-25 13:00,21.92,43.38,0,0,10
LGA 2013-01-25 14:00,LGA,2013-01-25 14:00,23,43.21,3.45,0,10
LGA 2013-01-25 15:00,LGA,2013-01-25 15:00,24.08,34.36,5.75,0,10
LGA 2013-01-25 16:00,LGA,2013-01-25 16:00,24.08,37.68,6.9,0,10
LGA 2013-01-25 17:00,LGA,2013-01-25 17:00,24.8,84.33,9.21,0.01,4
LGA 2013-01-25 18:00,LGA,2013-01-25 18:00,21.2,79.31,5.75,0.01,1.5
LGA 2013-01-25 19:00,LGA,2013-01-25 19:00,21.2,80.55,8.06,0.01,1.5
LGA 2013-01-25 20:00,LGA,2013-01-25 20:00,21.2,85.74,9.21,0.01,1.5
LGA 2013-01-25 21:00,LGA,2013-01-25 21:00,21.2,70.46,8.06,0,6
LGA 2013-01-25 22:00,LGA,2013-01-25 22:00,21.2,73.13,10.36,0,10
LGA 2013-01-25 23:00,LGA,2013-01-25 23:00,19.94,73.77,11.51,0,10
LGA 2013-01-26 00:00,LGA,2013-01-26 00:00,19.94,70.89,11.51,0,10
LGA 2013-01-26 01:00,LGA,2013-01-26 01:00,19.04,76.66,11.51,0,10
LGA 2013-01-26 02:00,LGA,2013-01-26 02:00,19.04,70.22,18.41,0,10
LGA 2013-01-26 03:00,LGA,2013-01-26 03:00,19.04,70.22,13.81,0,10
LGA 2013-01-26 04:00,LGA,2013-01-26 04:00,19.04,67.46,11.51,0,10
LGA 2013-01-26 05:00,LGA,2013-01-26 05:00,17.96,67.33,12.66,0,10
LGA 2013-01-26 06:00,LGA,2013-01-26 06:00,17.96,64.65,10.36,0,10
LGA 2013-01-26 07:00,LGA,2013-01-26 07:00,17.96,67.33,12.66,0,10
LGA 2013-01-26 08:00,LGA,2013-01-26 08:00,19.04,64.28,12.66,0,10
LGA 2013-01-26 09:00,LGA,2013-01-26 09:00,19.94,59.4,12.66,0,10
LGA 2013-01-26 10:00,LGA,2013-01-26 10:00,21.92,59.69,10.36,0,10
LGA 2013-01-26 11:00,LGA,2013-01-26 11:00,23,57.03,10.36,0,10
LGA 2013-01-26 12:00,LGA,2013-01-26 12:00,24.98,50.02,11.51,0,10
LGA 2013-01-26 13:00,LGA,2013-01-26 13:00,26.06,45.93,9.21,0,10
LGA 2013-01-26 14:00,LGA,2013-01-26 14:00,26.96,42.14,13.81,0,10
LGA 2013-01-26 15:00,LGA,2013-01-26 15:00,28.94,40.79,13.81,0,10
LGA 2013-01-26 16:00,LGA,2013-01-26 16:00,28.04,40.31,21.86,0,10
LGA 2013-01-26 17:00,LGA,2013-01-26 17:00,26.06,41.98,20.71,0,10
LGA 2013-01-26 18:00,LGA,2013-01-26 18:00,24.98,43.91,17.26,0,10
LGA 2013-01-26 19:00,LGA,2013-01-26 19:00,24.08,43.4,20.71,0,10
LGA 2013-01-26 20:00,LGA,2013-01-26 20:00,24.08,45.59,18.41,0,10
LGA 2013-01-26 21:00,LGA,2013-01-26 21:00,23,47.7,19.56,0,10
LGA 2013-01-26 22:00,LGA,2013-01-26 22:00,21.92,54.61,18.41,0,10
LGA 2013-01-26 23:00,LGA,2013-01-26 23:00,21.92,54.61,17.26,0,10
LGA 2013-01-27 00:00,LGA,2013-01-27 00:00,21.92,54.61,19.56,0,10
LGA 2013-01-27 01:00,LGA,2013-01-27 01:00,21.92,54.61,16.11,0,10
LGA 2013-01-27 02:00,LGA,2013-01-27 02:00,21.92,56.87,16.11,0,10
LGA 2013-01-27 03:00,LGA,2013-01-27 03:00,21.02,62,13.81,0,10
LGA 2013-01-27 04:00,LGA,2013-01-27 04:00,21.02,62,10.36,0,10
LGA 2013-01-27 05:00,LGA,2013-01-27 05:00,21.02,64.54,8.06,0,10
LGA 2013-01-27 06:00,LGA,2013-01-27 06:00,21.92,62.13,14.96,0,10
LGA 2013-01-27 07:00,LGA,2013-01-27 07:00,21.92,62.13,12.66,0,10
LGA 2013-01-27 08:00,LGA,2013-01-27 08:00,23,59.37,11.51,0,10
LGA 2013-01-27 09:00,LGA,2013-01-27 09:00,24.98,54.65,12.66,0,10
LGA 2013-01-27 10:00,LGA,2013-01-27 10:00,28.04,46.26,11.51,0,10
LGA 2013-01-27 11:00,LGA,2013-01-27 11:00,30.02,40.65,11.51,0,10
LGA 2013-01-27 12:00,LGA,2013-01-27 12:00,30.92,35.84,8.06,0,10
LGA 2013-01-27 13:00,LGA,2013-01-27 13:00,32,34.31,9.21,0,10
LGA 2013-01-27 14:00,LGA,2013-01-27 14:00,33.98,34.65,9.21,0,10
LGA 2013-01-27 15:00,LGA,2013-01-27 15:00,33.98,33.28,6.9,0,10
LGA 2013-01-27 16:00,LGA,2013-01-27 16:00,33.98,31.69,12.66,0,10
LGA 2013-01-27 17:00,LGA,2013-01-27 17:00,33.98,33.28,9.21,0,10
LGA 2013-01-27 18:00,LGA,2013-01-27 18:00,33.08,34.5,11.51,0,10
LGA 2013-01-27 19:00,LGA,2013-01-27 19:00,33.08,37.7,9.21,0,10
LGA 2013-01-27 20:00,LGA,2013-01-27 20:00,33.08,42.84,9.21,0,10
LGA 2013-01-27 21:00,LGA,2013-01-27 21:00,32,43,8.06,0,10
LGA 2013-01-27 22:00,LGA,2013-01-27 22:00,32,40.99,5.75,0,10
LGA 2013-01-27 23:00,LGA,2013-01-27 23:00,30.92,41.13,5.75,0,10
LGA 2013-01-28 00:00,LGA,2013-01-28 00:00,30.92,44.92,5.75,0,10
LGA 2013-01-28 01:00,LGA,2013-01-28 01:00,30.92,44.92,4.6,0,10
LGA 2013-01-28 02:00,LGA,2013-01-28 02:00,30.02,44.41,0,0,10
LGA 2013-01-28 03:00,LGA,2013-01-28 03:00,30.02,48.48,0,0,10
LGA 2013-01-28 04:00,LGA,2013-01-28 04:00,30.02,50.84,3.45,0,10
LGA 2013-01-28 05:00,LGA,2013-01-28 05:00,32,43,4.6,0,10
LGA 2013-01-28 06:00,LGA,2013-01-28 06:00,32,44.74,6.9,0,10
LGA 2013-01-28 07:00,LGA,2013-01-28 07:00,33.08,47.1,6.9,0,10
LGA 2013-01-28 08:00,LGA,2013-01-28 08:00,33.08,53.36,9.21,0,10
LGA 2013-01-28 09:00,LGA,2013-01-28 09:00,33.8,78.35,11.51,0,2.5
LGA 2013-01-28 10:00,LGA,2013-01-28 10:00,32,86.28,10.36,0.02,1.5
LGA 2013-01-28 11:00,LGA,2013-01-28 11:00,33.8,86.39,12.66,0,2
LGA 2013-01-28 12:00,LGA,2013-01-28 12:00,33.8,81.5,12.66,0.02,4
LGA 2013-01-28 13:00,LGA,2013-01-28 13:00,33.98,81.57,11.51,0,5
LGA 2013-01-28 14:00,LGA,2013-01-28 14:00,33.98,85.24,12.66,0.02,3
LGA 2013-01-28 15:00,LGA,2013-01-28 15:00,33.98,86.49,12.66,0.07,2
LGA 2013-01-28 16:00,LGA,2013-01-28 16:00,35.06,84.69,8.06,0.06,2
LGA 2013-01-28 17:00,LGA,2013-01-28 17:00,35.6,84.69,11.51,0,3
LGA 2013-01-28 18:00,LGA,2013-01-28 18:00,35.06,84.69,6.9,0.01,5
LGA 2013-01-28 19:00,LGA,2013-01-28 19:00,35.6,88.47,9.21,0.02,7
LGA 2013-01-28 20:00,LGA,2013-01-28 20:00,35.96,81.72,8.06,0,8
LGA 2013-01-28 21:00,LGA,2013-01-28 21:00,35.96,85.37,11.51,0,7
LGA 2013-01-28 22:00,LGA,2013-01-28 22:00,35.96,85.37,5.75,0,7
LGA 2013-01-28 23:00,LGA,2013-01-28 23:00,37.04,81.8,6.9,0,6
LGA 2013-01-29 00:00,LGA,2013-01-29 00:00,37.04,85.43,4.6,0,6
LGA 2013-01-29 01:00,LGA,2013-01-29 01:00,37.94,86.69,8.06,0,6
LGA 2013-01-29 02:00,LGA,2013-01-29 02:00,39.02,85.55,0,0,6
LGA 2013-01-29 03:00,LGA,2013-01-29 03:00,39.02,85.55,4.6,0,6
LGA 2013-01-29 04:00,LGA,2013-01-29 04:00,39.02,85.55,4.6,0,6
LGA 2013-01-29 05:00,LGA,2013-01-29 05:00,41,85.67,6.9,0,8
LGA 2013-01-29 06:00,LGA,2013-01-29 06:00,42.08,82.17,4.6,0,9
LGA 2013-01-29 07:00,LGA,2013-01-29 07:00,42.08,85.13,6.9,0,8
LGA 2013-01-29 08:00,LGA,2013-01-29 08:00,44.96,76.25,4.6,0,9
LGA 2013-01-29 09:00,LGA,2013-01-29 09:00,44.06,78.91,11.51,0,9
LGA 2013-01-29 10:00,LGA,2013-01-29 10:00,37.94,82.46,16.11,0,5
LGA 2013-01-29 11:00,LGA,2013-01-29 11:00,39.02,81.95,13.81,0,5
LGA 2013-01-29 12:00,LGA,2013-01-29 12:00,39.02,81.95,11.51,0,5
LGA 2013-01-29 13:00,LGA,2013-01-29 13:00,39.02,79.05,9.21,0,6
LGA 2013-01-29 14:00,LGA,2013-01-29 14:00,37.94,85.49,11.51,0,5
LGA 2013-01-29 15:00,LGA,2013-01-29 15:00,44.96,73.59,10.36,0,7
LGA 2013-01-29 16:00,LGA,2013-01-29 16:00,39.92,82.6,6.9,0,5
LGA 2013-01-29 17:00,LGA,2013-01-29 17:00,37.94,86.69,11.51,0,5
LGA 2013-01-29 18:00,LGA,2013-01-29 18:00,37.94,93.14,12.66,0.06,5
LGA 2013-01-29 19:00,LGA,2013-01-29 19:00,39.92,89.34,4.6,0.02,4
LGA 2013-01-29 20:00,LGA,2013-01-29 20:00,42.8,93.19,8.06,0.01,5
LGA 2013-01-29 21:00,LGA,2013-01-29 21:00,37.94,93.14,8.06,0,1.5
LGA 2013-01-29 22:00,LGA,2013-01-29 22:00,37.94,93.14,8.06,0,1.5
LGA 2013-01-29 23:00,LGA,2013-01-29 23:00,37.94,93.14,10.36,0,1.5
LGA 2013-01-30 00:00,LGA,2013-01-30 00:00,37.04,92.46,5.75,0,1.5
LGA 2013-01-30 01:00,LGA,2013-01-30 01:00,37.04,95.82,6.9,0,1.5
LGA 2013-01-30 02:00,LGA,2013-01-30 02:00,37.4,95.82,5.75,0,1.5
LGA 2013-01-30 03:00,LGA,2013-01-30 03:00,37.4,95.82,4.6,0,0.25
LGA 2013-01-30 04:00,LGA,2013-01-30 04:00,37.94,96.52,3.45,0,0.25
LGA 2013-01-30 05:00,LGA,2013-01-30 05:00,39.02,100,0,0,0.25
LGA 2013-01-30 06:00,LGA,2013-01-30 06:00,46.04,95.99,6.9,0,0.25
LGA 2013-01-30 07:00,LGA,2013-01-30 07:00,44.06,95.95,10.36,0,0.25
LGA 2013-01-30 08:00,LGA,2013-01-30 08:00,44.06,95.95,5.75,0,0.25
LGA 2013-01-30 09:00,LGA,2013-01-30 09:00,46.94,93.4,9.21,0,1.5
LGA 2013-01-30 10:00,LGA,2013-01-30 10:00,48.2,89.08,13.81,0,3
LGA 2013-01-30 11:00,LGA,2013-01-30 11:00,51.08,87.28,10.36,0,4
LGA 2013-01-30 12:00,LGA,2013-01-30 12:00,53.6,82.94,9.21,0,5
LGA 2013-01-30 13:00,LGA,2013-01-30 13:00,51.08,89.22,12.66,0,9
LGA 2013-01-30 14:00,LGA,2013-01-30 14:00,51.98,86.3,17.26,0,10
LGA 2013-01-30 15:00,LGA,2013-01-30 15:00,51.8,89.22,19.56,0,10
LGA 2013-01-30 16:00,LGA,2013-01-30 16:00,51.8,89.22,16.11,0,10
LGA 2013-01-30 17:00,LGA,2013-01-30 17:00,51.8,89.22,13.81,0.01,10
LGA 2013-01-30 18:00,LGA,2013-01-30 18:00,51.98,89.26,8.06,0,10
LGA 2013-01-30 19:00,LGA,2013-01-30 19:00,51.08,89.22,5.75,0,6
LGA 2013-01-30 20:00,LGA,2013-01-30 20:00,51.98,89.26,10.36,0,10
LGA 2013-01-30 21:00,LGA,2013-01-30 21:00,53.06,89.31,16.11,0,9
LGA 2013-01-30 22:00,LGA,2013-01-30 22:00,53.6,93.6,20.71,0.01,8
LGA 2013-01-30 23:00,LGA,2013-01-30 23:00,53.06,92.96,20.71,0.01,7
LGA 2013-01-31 00:00,LGA,2013-01-31 00:00,55.4,93.65,18.41,0.09,8
LGA 2013-01-31 01:00,LGA,2013-01-31 01:00,57.02,89.48,19.56,0.05,7
LGA 2013-01-31 02:00,LGA,2013-01-31 02:00,55.94,93.65,31.07,0.07,8
LGA 2013-01-31 03:00,LGA,2013-01-31 03:00,57.02,93.65,35.67,0.15,2
LGA 2013-01-31 04:00,LGA,2013-01-31 04:00,59,93.69,40.28,0.41,8
LGA 2013-01-31 05:00,LGA,2013-01-31 05:00,57.92,80.55,13.81,0.09,10
LGA 2013-01-31 06:00,LGA,2013-01-31 06:00,57.02,77.32,23.02,0,8
LGA 2013-01-31 07:00,LGA,2013-01-31 07:00,53.6,71.45,31.07,0.02,10
LGA 2013-01-31 08:00,LGA,2013-01-31 08:00,48.02,47.36,32.22,0,10
LGA 2013-01-31 09:00,LGA,2013-01-31 09:00,44.96,45.15,28.77,0,10
LGA 2013-01-31 10:00,LGA,2013-01-31 10:00,46.04,33.73,31.07,0,10
LGA 2013-01-31 11:00,LGA,2013-01-31 11:00,46.04,30.97,34.52,0,10
LGA 2013-01-31 12:00,LGA,2013-01-31 12:00,44.96,32.27,25.32,0,10
LGA 2013-01-31 13:00,LGA,2013-01-31 13:00,44.96,33.55,27.62,0,10
LGA 2013-01-31 14:00,LGA,2013-01-31 14:00,44.06,31.87,20.71,0,10
LGA 2013-01-31 15:00,LGA,2013-01-31 15:00,42.08,31.54,31.07,0,10
LGA 2013-01-31 16:00,LGA,2013-01-31 16:00,39.92,32.7,28.77,0,10
LGA 2013-01-31 17:00,LGA,2013-01-31 17:00,35.96,36.71,21.86,0,10
LGA 2013-01-31 18:00,LGA,2013-01-31 18:00,35.96,34.99,17.26,0,10
LGA 2013-01-31 19:00,LGA,2013-01-31 19:00,35.06,38.04,23.02,0,10
LGA 2013-01-31 20:00,LGA,2013-01-31 20:00,33.08,44.92,19.56,0,10
LGA 2013-01-31 21:00,LGA,2013-01-31 21:00,32,40.99,21.86,0,10
LGA 2013-01-31 22:00,LGA,2013-01-31 22:00,30.92,37.63,19.56,0,10
LGA 2013-01-31 23:00,LGA,2013-01-31 23:00,30.92,35.84,18.41,0,10
