station_day,station,date,month,season,recorded_hours,pm25_valid_hours,pm25,pm10,so2,no2,co,o3,temp,wspm,pm25_coverage_pct
Aotizhongxin 2016-01-01,Aotizhongxin,2016-01-01,01 Jan,Winter,24,24,165,194.7,45.7,122.6,3929,10.7,-2,1,100
Aotizhongxin 2016-01-02,Aotizhongxin,2016-01-02,01 Jan,Winter,24,24,272.8,289.2,49.5,143.9,5613,14.3,-0.9,0.9,100
Aotizhongxin 2016-01-03,Aotizhongxin,2016-01-03,01 Jan,Winter,24,24,263.4,269.1,21.9,106.2,4296,13.8,-1.4,1,100
Aotizhongxin 2016-01-04,Aotizhongxin,2016-01-04,01 Jan,Winter,24,24,45.5,47,8.1,40.9,1158,48,-1.1,2.5,100
Aotizhongxin 2016-01-05,Aotizhongxin,2016-01-05,01 Jan,Winter,24,24,31.2,42,7.8,46.7,1017,35.2,-3.2,2.3,100
Aotizhongxin 2016-01-06,Aotizhongxin,2016-01-06,01 Jan,Winter,24,24,23.9,37.6,11.5,43.9,954,37,-2.8,2.5,100
Aotizhongxin 2016-01-07,Aotizhongxin,2016-01-07,01 Jan,Winter,24,24,11.9,23.2,7.7,28,554,48.2,-3.1,3.4,100
Aotizhongxin 2016-01-08,Aotizhongxin,2016-01-08,01 Jan,Winter,24,24,31,46.3,14.5,45.3,925,39.7,-3,2,100
Aotizhongxin 2016-01-09,Aotizhongxin,2016-01-09,01 Jan,Winter,24,24,68,83.7,25.7,85.7,1846,15.8,-3,1,100
Aotizhongxin 2016-01-10,Aotizhongxin,2016-01-10,01 Jan,Winter,24,24,43.7,58.5,18.8,66.9,1567,25,-3.3,1.4,100
Aotizhongxin 2016-01-11,Aotizhongxin,2016-01-11,01 Jan,Winter,24,23,11.7,26.9,2.3,26.5,696,52.9,-5.9,2.9,95.8
Aotizhongxin 2016-01-12,Aotizhongxin,2016-01-12,01 Jan,Winter,24,24,12.8,26.5,8.8,30.1,663,48.2,-5.7,2.7,100
Aotizhongxin 2016-01-13,Aotizhongxin,2016-01-13,01 Jan,Winter,24,24,19.6,44.1,14.5,53.5,863,36,-2.8,2.1,100
Aotizhongxin 2016-01-14,Aotizhongxin,2016-01-14,01 Jan,Winter,24,24,60.5,87.5,25.1,84.3,1729,26.4,-2,1.2,100
Aotizhongxin 2016-01-15,Aotizhongxin,2016-01-15,01 Jan,Winter,24,24,88.7,121.8,34.8,99,2421,14.8,-2.3,1.2,100
Aotizhongxin 2016-01-16,Aotizhongxin,2016-01-16,01 Jan,Winter,24,24,121.9,142.6,49.8,83.9,2867,10.4,-2.7,1.4,100
Aotizhongxin 2016-01-17,Aotizhongxin,2016-01-17,01 Jan,Winter,24,24,42.6,50.8,8.2,34.6,1100,49.7,-6,2.8,100
Aotizhongxin 2016-01-18,Aotizhongxin,2016-01-18,01 Jan,Winter,24,23,8.9,49.4,2.7,17.8,542,45.2,-9.2,3.6,95.8
Aotizhongxin 2016-01-19,Aotizhongxin,2016-01-19,01 Jan,Winter,24,24,54.2,77.5,20.4,72.3,1596,17.2,-8.4,1.4,100
Aotizhongxin 2016-01-20,Aotizhongxin,2016-01-20,01 Jan,Winter,24,24,126.5,149.6,68.2,92.9,4100,11.9,-7,1.5,100
Aotizhongxin 2016-01-21,Aotizhongxin,2016-01-21,01 Jan,Winter,24,24,137.4,140.6,35.9,78.8,3350,11,-5.9,1.4,100
Aotizhongxin 2016-01-22,Aotizhongxin,2016-01-22,01 Jan,Winter,24,24,17.8,31.1,5.3,19.6,800,58.3,-10.2,4,100
Aotizhongxin 2016-01-23,Aotizhongxin,2016-01-23,01 Jan,Winter,24,23,9.7,42.7,2,13.2,635,56.9,-15.2,3.9,95.8
Aotizhongxin 2016-01-24,Aotizhongxin,2016-01-24,01 Jan,Winter,24,24,12.5,55,7.5,25.2,813,52,-9.6,3.6,100
Aotizhongxin 2016-01-25,Aotizhongxin,2016-01-25,01 Jan,Winter,24,24,20.2,38.9,21.2,16.9,967,47.8,-2.4,2.4,100
Aotizhongxin 2016-01-26,Aotizhongxin,2016-01-26,01 Jan,Winter,24,21,33.1,59.9,17.2,10,1024,45.6,-1.8,2.8,87.5
Aotizhongxin 2016-01-27,Aotizhongxin,2016-01-27,01 Jan,Winter,24,20,104.5,116.2,41.1,,2435,17.3,-3.7,1.1,83.3
Aotizhongxin 2016-01-28,Aotizhongxin,2016-01-28,01 Jan,Winter,24,24,142.7,153.2,56.9,,3277,22.7,-2.7,1.3,100
Aotizhongxin 2016-01-29,Aotizhongxin,2016-01-29,01 Jan,Winter,24,24,61.3,94.3,42.7,57.1,2163,20.5,-4.7,1.6,100
Aotizhongxin 2016-01-30,Aotizhongxin,2016-01-30,01 Jan,Winter,24,24,52.8,66.1,26,54.6,1600,26.7,-5.5,1.7,100
Aotizhongxin 2016-01-31,Aotizhongxin,2016-01-31,01 Jan,Winter,24,24,11.2,23.7,8.3,20.8,550,57.9,-3.6,2.8,100
Aotizhongxin 2016-02-01,Aotizhongxin,2016-02-01,02 Feb,Winter,24,24,13.7,26.4,10.9,29.3,683,53.9,-1.5,2.4,100
Aotizhongxin 2016-02-02,Aotizhongxin,2016-02-02,02 Feb,Winter,24,24,24.8,30.9,16.8,47.3,933,44.8,-1.3,1.5,100
Aotizhongxin 2016-02-03,Aotizhongxin,2016-02-03,02 Feb,Winter,24,24,34,40.8,23.3,56,1129,35.1,-0.7,1.1,100
Aotizhongxin 2016-02-04,Aotizhongxin,2016-02-04,02 Feb,Winter,24,24,12,21.4,15,18.3,504,68.8,0.8,2.3,100
Aotizhongxin 2016-02-05,Aotizhongxin,2016-02-05,02 Feb,Winter,24,24,12.5,35.5,8.4,13.5,442,71.1,-0.1,3.5,100
Aotizhongxin 2016-02-06,Aotizhongxin,2016-02-06,02 Feb,Winter,24,24,18.2,28.8,9.1,27.1,675,58.3,0.2,1.8,100
Aotizhongxin 2016-02-07,Aotizhongxin,2016-02-07,02 Feb,Winter,24,24,36.9,65.2,20.8,36.7,1063,54.2,0.9,1.9,100
Aotizhongxin 2016-02-08,Aotizhongxin,2016-02-08,02 Feb,Winter,24,24,220.8,251.1,72.9,41.1,1271,47.7,4.5,2.5,100
Aotizhongxin 2016-02-09,Aotizhongxin,2016-02-09,02 Feb,Winter,24,24,38.8,47.9,21.2,39.8,1054,54.5,3.8,1.5,100
Aotizhongxin 2016-02-10,Aotizhongxin,2016-02-10,02 Feb,Winter,24,24,102.1,110.5,63.5,72.2,3100,24.4,1.6,1.1,100
Aotizhongxin 2016-02-11,Aotizhongxin,2016-02-11,02 Feb,Winter,24,24,161.7,176.3,59.5,66.4,3933,17.8,3.7,0.7,100
Aotizhongxin 2016-02-12,Aotizhongxin,2016-02-12,02 Feb,Winter,24,24,155.1,156.1,23.2,48.3,2558,30.1,5.2,1.3,100
Aotizhongxin 2016-02-13,Aotizhongxin,2016-02-13,02 Feb,Winter,24,24,9.8,12.1,6.1,8.8,404,62.2,0.6,4.8,100
Aotizhongxin 2016-02-14,Aotizhongxin,2016-02-14,02 Feb,Winter,24,24,6.5,13.5,2,6.8,358,67.7,-4.3,4.7,100
Aotizhongxin 2016-02-15,Aotizhongxin,2016-02-15,02 Feb,Winter,24,24,6.8,55.8,8.1,10.3,325,68.2,-0.4,4.1,100
Aotizhongxin 2016-02-16,Aotizhongxin,2016-02-16,02 Feb,Winter,24,24,6.4,43.1,19.6,13.5,292,71.2,4.2,3.9,100
Aotizhongxin 2016-02-17,Aotizhongxin,2016-02-17,02 Feb,Winter,24,22,47.3,54.6,13.5,49,1121,39.4,3.7,1.7,91.7
Aotizhongxin 2016-02-18,Aotizhongxin,2016-02-18,02 Feb,Winter,24,24,16.9,33.4,3.4,23.1,508,67.3,5.8,4,100
Aotizhongxin 2016-02-19,Aotizhongxin,2016-02-19,02 Feb,Winter,24,24,15.6,28.8,3.3,24.2,517,60.2,2.7,2.6,100
Aotizhongxin 2016-02-20,Aotizhongxin,2016-02-20,02 Feb,Winter,24,23,13.7,19.4,6.4,19.7,422,65.4,-0.1,3,95.8
Aotizhongxin 2016-02-21,Aotizhongxin,2016-02-21,02 Feb,Winter,24,24,78.1,104.4,28.9,56.4,1542,31,-0.3,1.8,100
Aotizhongxin 2016-02-22,Aotizhongxin,2016-02-22,02 Feb,Winter,24,23,82.9,96.5,19,42.8,1475,42.7,1.8,3.2,95.8
Aotizhongxin 2016-02-23,Aotizhongxin,2016-02-23,02 Feb,Winter,24,24,13.5,20,7.5,15.5,404,67.5,-0.2,2.8,100
Aotizhongxin 2016-02-24,Aotizhongxin,2016-02-24,02 Feb,Winter,24,24,25.8,45,11.5,36.2,842,47.1,0,2.1,100
Aotizhongxin 2016-02-25,Aotizhongxin,2016-02-25,02 Feb,Winter,24,24,22.6,45.7,9.4,36.5,742,47.6,2.5,2.2,100
Aotizhongxin 2016-02-26,Aotizhongxin,2016-02-26,02 Feb,Winter,24,24,33.6,60.5,12.7,33.2,729,54.9,3.3,2.4,100
Aotizhongxin 2016-02-27,Aotizhongxin,2016-02-27,02 Feb,Winter,24,24,20.5,30.3,8.8,27.2,579,57,4.1,1.8,100
Aotizhongxin 2016-02-28,Aotizhongxin,2016-02-28,02 Feb,Winter,24,24,35.5,56.7,8.6,31,904,45.3,0.8,3,100
Aotizhongxin 2016-02-29,Aotizhongxin,2016-02-29,02 Feb,Winter,24,24,32.7,47.1,12.3,36.6,717,48.9,-1,1.5,100
Aotizhongxin 2016-03-01,Aotizhongxin,2016-03-01,03 Mar,Spring,24,24,125.2,138.9,35.2,75.6,2238,25.8,3.3,1.5,100
Aotizhongxin 2016-03-02,Aotizhongxin,2016-03-02,03 Mar,Spring,24,24,170,183.2,42.7,96.3,2963,27.9,7.8,1.2,100
Aotizhongxin 2016-03-03,Aotizhongxin,2016-03-03,03 Mar,Spring,24,24,303.2,312.3,58.8,100.6,4221,20.1,7.8,1.2,100
Aotizhongxin 2016-03-04,Aotizhongxin,2016-03-04,03 Mar,Spring,24,24,348.9,361.5,65.9,100.1,5429,8.4,6.1,1.3,100
Aotizhongxin 2016-03-05,Aotizhongxin,2016-03-05,03 Mar,Spring,24,24,70.4,351.2,4.5,18.5,421,66.2,8.9,3.4,100
Aotizhongxin 2016-03-06,Aotizhongxin,2016-03-06,03 Mar,Spring,24,24,75.3,197.4,31.5,61.3,1563,21.4,5,1.2,100
Aotizhongxin 2016-03-07,Aotizhongxin,2016-03-07,03 Mar,Spring,24,24,50,100.7,14.8,30.4,992,53.3,5.8,3.5,100
Aotizhongxin 2016-03-08,Aotizhongxin,2016-03-08,03 Mar,Spring,24,22,15.6,25.9,3.5,12.1,305,68.8,1.8,3.1,91.7
Aotizhongxin 2016-03-09,Aotizhongxin,2016-03-09,03 Mar,Spring,24,15,,40.4,4.6,12.5,342,66.1,1.3,3.6,62.5
Aotizhongxin 2016-03-10,Aotizhongxin,2016-03-10,03 Mar,Spring,24,13,,57.4,5.6,16.2,388,70.3,2.7,3.3,54.2
Aotizhongxin 2016-03-11,Aotizhongxin,2016-03-11,03 Mar,Spring,24,23,26,58.2,10.2,33.4,625,58.4,3,1.9,95.8
Aotizhongxin 2016-03-12,Aotizhongxin,2016-03-12,03 Mar,Spring,24,24,112.6,154.7,47.6,69.3,2133,25.9,3.6,1.3,100
Aotizhongxin 2016-03-13,Aotizhongxin,2016-03-13,03 Mar,Spring,24,24,27.8,50.9,11,26.6,654,71.2,7.4,3.3,100
Aotizhongxin 2016-03-14,Aotizhongxin,2016-03-14,03 Mar,Spring,24,21,78.6,132.7,22,49.6,1264,43.9,8.5,1.9,87.5
Aotizhongxin 2016-03-15,Aotizhongxin,2016-03-15,03 Mar,Spring,24,20,147.7,231.6,54.4,57.8,1480,31.4,9.3,1.7,83.3
Aotizhongxin 2016-03-16,Aotizhongxin,2016-03-16,03 Mar,Spring,24,23,260.7,299.2,41.8,62.9,2539,63,9.4,1.4,95.8
Aotizhongxin 2016-03-17,Aotizhongxin,2016-03-17,03 Mar,Spring,24,24,293.9,298.2,29.1,74,2533,48.6,10.7,1.1,100
Aotizhongxin 2016-03-18,Aotizhongxin,2016-03-18,03 Mar,Spring,24,24,213.1,216.7,13.5,57.3,1779,61.6,13.6,1.8,100
Aotizhongxin 2016-03-19,Aotizhongxin,2016-03-19,03 Mar,Spring,24,24,70.8,142.9,16,32.8,1158,64.8,11.3,1.9,100
Aotizhongxin 2016-03-20,Aotizhongxin,2016-03-20,03 Mar,Spring,24,24,64.1,126.8,7.4,47.9,1071,50.3,11.6,1.5,100
Aotizhongxin 2016-03-21,Aotizhongxin,2016-03-21,03 Mar,Spring,24,24,129.9,235.3,18.7,64,1365,54.7,11.9,1.6,100
Aotizhongxin 2016-03-22,Aotizhongxin,2016-03-22,03 Mar,Spring,24,24,118.3,253.6,26.3,68,1725,33.9,12.4,1.9,100
Aotizhongxin 2016-03-23,Aotizhongxin,2016-03-23,03 Mar,Spring,24,23,21.2,44.4,3.9,25.9,500,65.1,9.3,2.2,95.8
Aotizhongxin 2016-03-24,Aotizhongxin,2016-03-24,03 Mar,Spring,24,22,14.2,30.1,2.6,35,409,58.3,8.8,1.7,91.7
Aotizhongxin 2016-03-25,Aotizhongxin,2016-03-25,03 Mar,Spring,24,24,16.3,31.8,2,34,442,62.4,9.1,1.6,100
Aotizhongxin 2016-03-26,Aotizhongxin,2016-03-26,03 Mar,Spring,24,24,10.8,28.8,9.5,26.1,400,71.2,13.8,2.5,100
Aotizhongxin 2016-03-27,Aotizhongxin,2016-03-27,03 Mar,Spring,24,24,13.1,40.6,10.9,33.9,438,67,16.7,2.4,100
Aotizhongxin 2016-03-28,Aotizhongxin,2016-03-28,03 Mar,Spring,24,24,76.8,229.6,22.4,62.5,854,40.8,16.2,2,100
Aotizhongxin 2016-03-29,Aotizhongxin,2016-03-29,03 Mar,Spring,24,24,17.9,80.3,11.1,24.7,350,75.1,16.6,2.4,100
Aotizhongxin 2016-03-30,Aotizhongxin,2016-03-30,03 Mar,Spring,24,24,27.5,75.2,15,36.6,525,64.8,16,2.1,100
Aotizhongxin 2016-03-31,Aotizhongxin,2016-03-31,03 Mar,Spring,24,24,152.5,263.5,51.3,61.9,1579,59.2,15.5,1.9,100
Aotizhongxin 2016-04-01,Aotizhongxin,2016-04-01,04 Apr,Spring,24,24,34.9,127.8,13.5,21.8,388,69.1,17.7,3.4,100
Aotizhongxin 2016-04-02,Aotizhongxin,2016-04-02,04 Apr,Spring,24,24,6.7,22.9,9.5,15,200,76.1,15.1,2.9,100
Aotizhongxin 2016-04-03,Aotizhongxin,2016-04-03,04 Apr,Spring,24,24,15.3,48.7,2.8,18.4,263,80.3,14.6,2.3,100
Aotizhongxin 2016-04-04,Aotizhongxin,2016-04-04,04 Apr,Spring,24,24,68.9,120.3,9.8,36.7,588,72.5,15.5,2.4,100
Aotizhongxin 2016-04-05,Aotizhongxin,2016-04-05,04 Apr,Spring,24,23,114.3,155,19.2,42.7,961,82.2,15.4,2.7,95.8
Aotizhongxin 2016-04-06,Aotizhongxin,2016-04-06,04 Apr,Spring,24,24,146.1,172.9,35.6,52.6,2063,63.1,14.5,1.3,100
Aotizhongxin 2016-04-07,Aotizhongxin,2016-04-07,04 Apr,Spring,24,24,88,139.7,3.3,39.3,1054,60.9,17.7,2.7,100
Aotizhongxin 2016-04-08,Aotizhongxin,2016-04-08,04 Apr,Spring,24,23,25.1,96.6,5.5,28.8,296,76,18.3,3.5,95.8
Aotizhongxin 2016-04-09,Aotizhongxin,2016-04-09,04 Apr,Spring,24,13,,264.7,14.7,46.4,709,58.1,16,2.2,54.2
Aotizhongxin 2016-04-10,Aotizhongxin,2016-04-10,04 Apr,Spring,24,6,,213,18,39.6,817,66.8,12.8,1.8,25
Aotizhongxin 2016-04-11,Aotizhongxin,2016-04-11,04 Apr,Spring,24,22,44.3,122.8,11,38.4,505,60.8,10.2,2.4,91.7
Aotizhongxin 2016-04-12,Aotizhongxin,2016-04-12,04 Apr,Spring,24,24,77.1,100.1,7.5,47.9,567,39.4,11.6,1.5,100
Aotizhongxin 2016-04-13,Aotizhongxin,2016-04-13,04 Apr,Spring,24,24,102.1,146.6,6,47.4,842,64.9,16.8,2,100
Aotizhongxin 2016-04-14,Aotizhongxin,2016-04-14,04 Apr,Spring,24,24,24.7,101.8,3.3,24,333,91.9,17.8,2.6,100
Aotizhongxin 2016-04-15,Aotizhongxin,2016-04-15,04 Apr,Spring,24,24,61.9,117,20.8,50.3,1133,51.6,15.8,1.8,100
Aotizhongxin 2016-04-16,Aotizhongxin,2016-04-16,04 Apr,Spring,24,24,26.2,77.2,3.7,15.7,279,65,15.4,3.6,100
Aotizhongxin 2016-04-17,Aotizhongxin,2016-04-17,04 Apr,Spring,24,24,12,35,2.2,10.1,238,89.8,15.7,3.9,100
Aotizhongxin 2016-04-18,Aotizhongxin,2016-04-18,04 Apr,Spring,24,24,14.1,31.3,3,16.9,283,82.5,15.1,2.7,100
Aotizhongxin 2016-04-19,Aotizhongxin,2016-04-19,04 Apr,Spring,24,24,70,96,19.4,49.2,1292,33.1,13.1,2,100
Aotizhongxin 2016-04-20,Aotizhongxin,2016-04-20,04 Apr,Spring,24,23,67.5,93.3,8.3,32.4,722,78.3,18.3,2.1,95.8
Aotizhongxin 2016-04-21,Aotizhongxin,2016-04-21,04 Apr,Spring,24,23,105.8,174.8,7.3,50.7,926,70.2,20.3,2,95.8
Aotizhongxin 2016-04-22,Aotizhongxin,2016-04-22,04 Apr,Spring,24,24,36.5,98,2,18.7,233,93.1,19.8,3,100
Aotizhongxin 2016-04-23,Aotizhongxin,2016-04-23,04 Apr,Spring,24,24,23.5,46.5,3.2,29.2,263,71,16.6,2.1,100
Aotizhongxin 2016-04-24,Aotizhongxin,2016-04-24,04 Apr,Spring,24,24,85.5,128.4,22.4,41.5,875,75.8,17.4,2.2,100
Aotizhongxin 2016-04-25,Aotizhongxin,2016-04-25,04 Apr,Spring,24,24,84.6,122.2,14.2,25.4,725,111.2,21.4,2.9,100
Aotizhongxin 2016-04-26,Aotizhongxin,2016-04-26,04 Apr,Spring,24,24,69.6,101.3,29,36.8,1454,97.2,17.5,2.2,100
Aotizhongxin 2016-04-27,Aotizhongxin,2016-04-27,04 Apr,Spring,24,23,89,93.8,11.8,49,1161,71,15.2,1.2,95.8
Aotizhongxin 2016-04-28,Aotizhongxin,2016-04-28,04 Apr,Spring,24,24,91.4,105.6,7.5,44.4,983,91.2,18.3,2.1,100
Aotizhongxin 2016-04-29,Aotizhongxin,2016-04-29,04 Apr,Spring,24,24,121.2,130.3,18.3,48.5,1354,99.2,18.2,1.8,100
Aotizhongxin 2016-04-30,Aotizhongxin,2016-04-30,04 Apr,Spring,24,24,163.5,173.3,10.1,49.3,1371,124.1,21.8,2.1,100
Aotizhongxin 2016-05-01,Aotizhongxin,2016-05-01,05 May,Spring,24,24,191.7,191.7,26.2,31.3,2175,153.5,22.8,1.4,100
Aotizhongxin 2016-05-02,Aotizhongxin,2016-05-02,05 May,Spring,24,24,46.8,83.3,2.8,15.4,325,70.5,15.4,2.8,100
Aotizhongxin 2016-05-03,Aotizhongxin,2016-05-03,05 May,Spring,24,24,20.4,56.2,2.1,28.4,321,66.1,19,3.1,100
Aotizhongxin 2016-05-04,Aotizhongxin,2016-05-04,05 May,Spring,24,24,24.3,54.3,4.5,56.4,596,58.5,20.5,1.5,100
Aotizhongxin 2016-05-05,Aotizhongxin,2016-05-05,05 May,Spring,24,24,48.7,88.6,14.8,41,946,82.1,20.3,2.2,100
Aotizhongxin 2016-05-06,Aotizhongxin,2016-05-06,05 May,Spring,24,24,64.8,155.8,2,13.1,183,88.1,20.4,3.5,100
Aotizhongxin 2016-05-07,Aotizhongxin,2016-05-07,05 May,Spring,24,23,19.7,35.7,3,27.3,250,86.7,21.8,2.2,95.8
Aotizhongxin 2016-05-08,Aotizhongxin,2016-05-08,05 May,Spring,24,24,62.4,83.4,15.6,33.8,763,84.4,20.3,2.5,100
Aotizhongxin 2016-05-09,Aotizhongxin,2016-05-09,05 May,Spring,24,24,40.2,54.3,4.9,27.3,533,57.4,18.1,1.6,100
Aotizhongxin 2016-05-10,Aotizhongxin,2016-05-10,05 May,Spring,24,23,47.7,64.3,4.7,29.7,596,93.7,21.3,2,95.8
Aotizhongxin 2016-05-11,Aotizhongxin,2016-05-11,05 May,Spring,24,24,147.7,152.1,14.4,24.1,1088,138.6,23.1,2.5,100
Aotizhongxin 2016-05-12,Aotizhongxin,2016-05-12,05 May,Spring,24,24,36,53,2.5,21.7,438,69.7,17.6,2.6,100
Aotizhongxin 2016-05-13,Aotizhongxin,2016-05-13,05 May,Spring,24,24,33.9,48.1,5.8,35.5,521,67.9,17.6,2.3,100
Aotizhongxin 2016-05-14,Aotizhongxin,2016-05-14,05 May,Spring,24,24,39.7,46.5,2.6,26.3,533,71,14.1,1.8,100
Aotizhongxin 2016-05-15,Aotizhongxin,2016-05-15,05 May,Spring,24,23,40.9,50.2,2.6,31,546,46.3,17.6,1.5,95.8
Aotizhongxin 2016-05-16,Aotizhongxin,2016-05-16,05 May,Spring,24,24,26.5,46.3,4,39.5,492,64.7,22.5,2.7,100
Aotizhongxin 2016-05-17,Aotizhongxin,2016-05-17,05 May,Spring,24,24,62.5,83.9,11.3,41,658,123,24.7,2.3,100
Aotizhongxin 2016-05-18,Aotizhongxin,2016-05-18,05 May,Spring,24,24,57.2,71.2,9.3,22.1,579,142.4,25.2,2.7,100
Aotizhongxin 2016-05-19,Aotizhongxin,2016-05-19,05 May,Spring,24,21,81.5,91.7,15.5,26.9,826,181.7,24.8,2,87.5
Aotizhongxin 2016-05-20,Aotizhongxin,2016-05-20,05 May,Spring,24,24,89,94.5,23.6,36.4,1200,153.9,22.9,1.9,100
Aotizhongxin 2016-05-21,Aotizhongxin,2016-05-21,05 May,Spring,24,24,72.9,76.1,19.5,39.5,854,135.8,22.6,1.7,100
Aotizhongxin 2016-05-22,Aotizhongxin,2016-05-22,05 May,Spring,24,24,48.4,67,8.4,46,650,119.3,23.6,1.5,100
Aotizhongxin 2016-05-23,Aotizhongxin,2016-05-23,05 May,Spring,24,24,58.6,69,16.6,33.7,904,103.8,21.3,2,100
Aotizhongxin 2016-05-24,Aotizhongxin,2016-05-24,05 May,Spring,24,24,19.8,29.1,4.4,23.2,346,87,21.6,2.4,100
Aotizhongxin 2016-05-25,Aotizhongxin,2016-05-25,05 May,Spring,24,24,10.9,23,3.8,18.7,279,99.9,22.6,2.2,100
Aotizhongxin 2016-05-26,Aotizhongxin,2016-05-26,05 May,Spring,24,24,22.7,54.7,4,23.5,308,91.8,24.7,2.2,100
Aotizhongxin 2016-05-27,Aotizhongxin,2016-05-27,05 May,Spring,24,24,44.8,87.7,14.6,34.8,595,115.8,24.5,2.7,100
Aotizhongxin 2016-05-28,Aotizhongxin,2016-05-28,05 May,Spring,24,24,40.9,68.1,12.4,26,623,134.4,24.8,2.6,100
Aotizhongxin 2016-05-29,Aotizhongxin,2016-05-29,05 May,Spring,24,23,33.7,65.5,6.6,27.5,438,117.1,25.1,2.4,95.8
Aotizhongxin 2016-05-30,Aotizhongxin,2016-05-30,05 May,Spring,24,24,77.2,122.3,20.5,36.8,1114,164.8,26.3,1.5,100
Aotizhongxin 2016-05-31,Aotizhongxin,2016-05-31,05 May,Spring,24,24,43.4,93.5,11,29.2,783,84.6,25,2.2,100
Aotizhongxin 2016-06-01,Aotizhongxin,2016-06-01,06 Jun,Summer,24,24,29.2,53.6,6.1,35.3,617,96.5,24.5,1.5,100
Aotizhongxin 2016-06-02,Aotizhongxin,2016-06-02,06 Jun,Summer,24,24,44.7,71.5,10.1,39.1,733,129.8,26,1.9,100
Aotizhongxin 2016-06-03,Aotizhongxin,2016-06-03,06 Jun,Summer,24,24,81,105.4,25.3,46.8,1329,130,25,1.6,100
Aotizhongxin 2016-06-04,Aotizhongxin,2016-06-04,06 Jun,Summer,24,24,80.8,94.5,17.5,23.8,896,169.8,26.9,2,100
Aotizhongxin 2016-06-05,Aotizhongxin,2016-06-05,06 Jun,Summer,24,24,70.3,83.5,15,28.4,896,135.4,24.7,2,100
Aotizhongxin 2016-06-06,Aotizhongxin,2016-06-06,06 Jun,Summer,24,24,88.1,109.9,8.3,26.3,888,146.6,24.5,1.7,100
Aotizhongxin 2016-06-07,Aotizhongxin,2016-06-07,06 Jun,Summer,24,24,57.5,71,2.3,18.6,833,120.1,22.2,1.8,100
Aotizhongxin 2016-06-08,Aotizhongxin,2016-06-08,06 Jun,Summer,24,24,123,123.2,3.2,25.1,1188,147.5,24.7,1.7,100
Aotizhongxin 2016-06-09,Aotizhongxin,2016-06-09,06 Jun,Summer,24,24,109,124.3,7.7,26.8,1038,140.8,27,2.6,100
Aotizhongxin 2016-06-10,Aotizhongxin,2016-06-10,06 Jun,Summer,24,24,52.4,52.7,2.7,16.3,567,135.8,24.4,1.8,100
Aotizhongxin 2016-06-11,Aotizhongxin,2016-06-11,06 Jun,Summer,24,24,10,21.8,2.5,22.5,296,80.5,25.7,1.9,100
Aotizhongxin 2016-06-12,Aotizhongxin,2016-06-12,06 Jun,Summer,24,23,67.9,82.8,6,26.9,952,137.3,25.3,1.6,95.8
Aotizhongxin 2016-06-13,Aotizhongxin,2016-06-13,06 Jun,Summer,24,21,43.6,46.3,2.3,22.2,591,99.5,20.4,1.7,87.5
Aotizhongxin 2016-06-14,Aotizhongxin,2016-06-14,06 Jun,Summer,24,24,36.9,38.9,2,21.3,583,78.4,19.5,1.8,100
Aotizhongxin 2016-06-15,Aotizhongxin,2016-06-15,06 Jun,Summer,24,24,17.5,27.6,2.7,27.6,438,93.2,23.5,1.6,100
Aotizhongxin 2016-06-16,Aotizhongxin,2016-06-16,06 Jun,Summer,24,21,23.3,42,2.1,38.1,492,82.7,26.8,1.5,87.5
Aotizhongxin 2016-06-17,Aotizhongxin,2016-06-17,06 Jun,Summer,24,22,13.4,44,2,41,571,53.1,25.8,1.6,91.7
Aotizhongxin 2016-06-18,Aotizhongxin,2016-06-18,06 Jun,Summer,24,23,28.4,65.9,4.2,35.2,600,113.1,26.9,2,95.8
Aotizhongxin 2016-06-19,Aotizhongxin,2016-06-19,06 Jun,Summer,24,24,62.6,88.3,4.5,28.4,779,155.2,29.5,2.1,100
Aotizhongxin 2016-06-20,Aotizhongxin,2016-06-20,06 Jun,Summer,24,24,87,93.2,5.8,23.1,1117,188.6,28.5,1.8,100
Aotizhongxin 2016-06-21,Aotizhongxin,2016-06-21,06 Jun,Summer,24,24,91.3,98.5,2.9,24,921,156.8,28.4,1.8,100
Aotizhongxin 2016-06-22,Aotizhongxin,2016-06-22,06 Jun,Summer,24,24,51.7,66,2.6,24.4,675,149.1,27.7,1.9,100
Aotizhongxin 2016-06-23,Aotizhongxin,2016-06-23,06 Jun,Summer,24,23,79.9,101.2,5.7,30.7,1030,110,27.4,1.6,95.8
Aotizhongxin 2016-06-24,Aotizhongxin,2016-06-24,06 Jun,Summer,24,24,15.8,21.5,2,27.4,375,66.6,27.6,2.2,100
Aotizhongxin 2016-06-25,Aotizhongxin,2016-06-25,06 Jun,Summer,24,24,16.3,28.2,2.2,25.8,300,79.9,30.8,2,100
Aotizhongxin 2016-06-26,Aotizhongxin,2016-06-26,06 Jun,Summer,24,21,39.9,65.3,4.9,35.1,454,119.2,30.1,2.2,87.5
Aotizhongxin 2016-06-27,Aotizhongxin,2016-06-27,06 Jun,Summer,24,24,58,82.5,6.9,30.3,663,126.9,26.5,2.1,100
Aotizhongxin 2016-06-28,Aotizhongxin,2016-06-28,06 Jun,Summer,24,24,73.7,74.3,2,24.5,729,85,21.1,1.4,100
Aotizhongxin 2016-06-29,Aotizhongxin,2016-06-29,06 Jun,Summer,24,24,113.1,114.1,2,26,888,97,24.2,1.3,100
Aotizhongxin 2016-06-30,Aotizhongxin,2016-06-30,06 Jun,Summer,24,24,55,61.1,2.1,25.6,617,123.7,26.6,1.5,100
Aotizhongxin 2016-07-01,Aotizhongxin,2016-07-01,07 Jul,Summer,24,24,13.5,23,2,21.5,342,94.4,28.1,2.1,100
Aotizhongxin 2016-07-02,Aotizhongxin,2016-07-02,07 Jul,Summer,24,24,52.2,64.6,3,29.5,654,117.8,28.2,1.9,100
Aotizhongxin 2016-07-03,Aotizhongxin,2016-07-03,07 Jul,Summer,24,24,82.5,99,8.4,36.9,954,129,28.6,1.8,100
Aotizhongxin 2016-07-04,Aotizhongxin,2016-07-04,07 Jul,Summer,24,24,136.8,137.7,4.7,25.1,1196,138,27.8,2,100
Aotizhongxin 2016-07-05,Aotizhongxin,2016-07-05,07 Jul,Summer,24,24,96.2,98.6,4.4,23.6,942,146.5,27.9,1.7,100
Aotizhongxin 2016-07-06,Aotizhongxin,2016-07-06,07 Jul,Summer,24,24,68.8,79.5,5.2,32.6,875,155.2,29.3,1.8,100
Aotizhongxin 2016-07-07,Aotizhongxin,2016-07-07,07 Jul,Summer,24,24,108.5,116,7.8,29.8,1233,162.4,29,2,100
Aotizhongxin 2016-07-08,Aotizhongxin,2016-07-08,07 Jul,Summer,24,24,91,97.6,6.1,35.7,1163,122.9,28.3,1.9,100
Aotizhongxin 2016-07-09,Aotizhongxin,2016-07-09,07 Jul,Summer,24,24,78.7,82.7,4.4,34.5,729,114.2,30.4,1.9,100
Aotizhongxin 2016-07-10,Aotizhongxin,2016-07-10,07 Jul,Summer,24,24,88.6,91.8,5.5,31.9,692,129.1,31.8,2.1,100
Aotizhongxin 2016-07-11,Aotizhongxin,2016-07-11,07 Jul,Summer,24,24,87.8,92.8,8.2,27.4,588,132,32.1,2.8,100
Aotizhongxin 2016-07-12,Aotizhongxin,2016-07-12,07 Jul,Summer,24,24,25.8,36.8,3.6,29.1,475,78.3,28,1.9,100
Aotizhongxin 2016-07-13,Aotizhongxin,2016-07-13,07 Jul,Summer,24,24,22.7,27.9,2.1,36.6,383,103.5,30.1,1.6,100
Aotizhongxin 2016-07-14,Aotizhongxin,2016-07-14,07 Jul,Summer,24,24,39.6,63.1,4.9,47.9,817,94.9,29,1.7,100
Aotizhongxin 2016-07-15,Aotizhongxin,2016-07-15,07 Jul,Summer,24,24,42.8,43.2,2,29,675,72.1,22.1,1.3,100
Aotizhongxin 2016-07-16,Aotizhongxin,2016-07-16,07 Jul,Summer,24,24,42.2,44.5,2.3,42.8,700,58.5,23.8,1.3,100
Aotizhongxin 2016-07-17,Aotizhongxin,2016-07-17,07 Jul,Summer,24,23,81.2,86.5,2.6,45.6,957,118.4,26.6,1.4,95.8
Aotizhongxin 2016-07-18,Aotizhongxin,2016-07-18,07 Jul,Summer,24,24,102.5,103.2,3.3,57,1125,95.7,25.8,1.1,100
Aotizhongxin 2016-07-19,Aotizhongxin,2016-07-19,07 Jul,Summer,24,24,97.8,98.4,2.2,47,1113,41.6,24,1.3,100
Aotizhongxin 2016-07-20,Aotizhongxin,2016-07-20,07 Jul,Summer,24,24,40.8,40.9,2,21.8,658,55.2,21.9,3.1,100
Aotizhongxin 2016-07-21,Aotizhongxin,2016-07-21,07 Jul,Summer,24,24,25.9,28,2,20.7,721,43,24,1.2,100
Aotizhongxin 2016-07-22,Aotizhongxin,2016-07-22,07 Jul,Summer,24,24,84.5,84.5,2,21.4,971,87.9,27.6,1.3,100
Aotizhongxin 2016-07-23,Aotizhongxin,2016-07-23,07 Jul,Summer,24,24,136.3,136.3,2,27.6,1104,109.3,28.8,1.5,100
Aotizhongxin 2016-07-24,Aotizhongxin,2016-07-24,07 Jul,Summer,24,24,70.1,71.7,2,28.1,813,106,28.5,1.4,100
Aotizhongxin 2016-07-25,Aotizhongxin,2016-07-25,07 Jul,Summer,24,16,,,,,,,28.3,1.4,66.7
Aotizhongxin 2016-07-26,Aotizhongxin,2016-07-26,07 Jul,Summer,24,6,,,,,,,29.2,1.5,25
Aotizhongxin 2016-07-27,Aotizhongxin,2016-07-27,07 Jul,Summer,24,24,47,57.1,2,48.6,746,125.9,28.9,1.7,100
Aotizhongxin 2016-07-28,Aotizhongxin,2016-07-28,07 Jul,Summer,24,24,49.4,53,2,46.8,729,113.7,28,1.2,100
Aotizhongxin 2016-07-29,Aotizhongxin,2016-07-29,07 Jul,Summer,24,24,117,117,2,58,1250,133.4,29.2,1.6,100
Aotizhongxin 2016-07-30,Aotizhongxin,2016-07-30,07 Jul,Summer,24,22,144.8,144.8,2,51.5,1514,77.2,27.8,1.7,91.7
Aotizhongxin 2016-07-31,Aotizhongxin,2016-07-31,07 Jul,Summer,24,24,52.4,52.4,2,52.9,1000,75.3,25.7,1.3,100
Aotizhongxin 2016-08-01,Aotizhongxin,2016-08-01,08 Aug,Summer,24,22,65.6,65.6,2.3,43.8,1171,105.6,28.4,1.3,91.7
Aotizhongxin 2016-08-02,Aotizhongxin,2016-08-02,08 Aug,Summer,24,22,57.2,57.2,2,40.7,978,100,29.7,1.6,91.7
Aotizhongxin 2016-08-03,Aotizhongxin,2016-08-03,08 Aug,Summer,24,24,54.4,54.4,2,35.6,800,138.8,30.7,1.4,100
Aotizhongxin 2016-08-04,Aotizhongxin,2016-08-04,08 Aug,Summer,24,24,108.3,108.3,2,37.9,1383,157.3,30.5,1.7,100
Aotizhongxin 2016-08-05,Aotizhongxin,2016-08-05,08 Aug,Summer,24,24,63,63,2.1,27.3,788,115.4,29.6,1.6,100
Aotizhongxin 2016-08-06,Aotizhongxin,2016-08-06,08 Aug,Summer,24,24,105.3,105.3,2.8,39.4,904,114.1,29.9,1.6,100
Aotizhongxin 2016-08-07,Aotizhongxin,2016-08-07,08 Aug,Summer,24,24,18.6,18.6,2.1,22.9,638,99.6,27.6,1.5,100
Aotizhongxin 2016-08-08,Aotizhongxin,2016-08-08,08 Aug,Summer,24,24,33.6,33.6,2.1,31.7,742,103.7,28.8,1.8,100
Aotizhongxin 2016-08-09,Aotizhongxin,2016-08-09,08 Aug,Summer,24,24,43.8,43.8,4.4,45.8,1079,116.8,27.8,1.6,100
Aotizhongxin 2016-08-10,Aotizhongxin,2016-08-10,08 Aug,Summer,24,23,76.7,76.7,2.1,23.1,787,126.6,30.5,2.3,95.8
Aotizhongxin 2016-08-11,Aotizhongxin,2016-08-11,08 Aug,Summer,24,24,83.1,83.1,3.3,25.3,842,119,32,1.9,100
Aotizhongxin 2016-08-12,Aotizhongxin,2016-08-12,08 Aug,Summer,24,23,60.3,60.3,2,35.1,813,64.4,29.4,1.6,95.8
Aotizhongxin 2016-08-13,Aotizhongxin,2016-08-13,08 Aug,Summer,24,24,22.7,22.7,2.7,47.5,675,27.3,27.9,1.4,100
Aotizhongxin 2016-08-14,Aotizhongxin,2016-08-14,08 Aug,Summer,24,24,20.3,20.3,2.5,43.1,517,97.3,29.2,1.4,100
Aotizhongxin 2016-08-15,Aotizhongxin,2016-08-15,08 Aug,Summer,24,24,21.8,21.8,2,35.5,571,69.6,25.6,1.6,100
Aotizhongxin 2016-08-16,Aotizhongxin,2016-08-16,08 Aug,Summer,24,24,23.7,23.7,2,34.2,496,90,26.4,1.6,100
Aotizhongxin 2016-08-17,Aotizhongxin,2016-08-17,08 Aug,Summer,24,24,64.2,64.2,2,65.8,900,34.9,25.5,1,100
Aotizhongxin 2016-08-18,Aotizhongxin,2016-08-18,08 Aug,Summer,24,24,82.4,82.4,2,49.7,1583,29.2,23.4,1.3,100
Aotizhongxin 2016-08-19,Aotizhongxin,2016-08-19,08 Aug,Summer,24,24,19.8,19.8,2,31.9,846,73.6,27.9,2,100
Aotizhongxin 2016-08-20,Aotizhongxin,2016-08-20,08 Aug,Summer,24,24,56.4,56.4,2,38.2,1021,130.2,27.7,1.1,100
Aotizhongxin 2016-08-21,Aotizhongxin,2016-08-21,08 Aug,Summer,24,24,51.1,51.1,2,43.1,779,145.2,28.9,1.4,100
Aotizhongxin 2016-08-22,Aotizhongxin,2016-08-22,08 Aug,Summer,24,24,44.2,44.2,6.5,27.6,821,125.8,29.4,1.7,100
Aotizhongxin 2016-08-23,Aotizhongxin,2016-08-23,08 Aug,Summer,24,24,65.6,65.6,7.8,36,717,101.5,27.9,1.5,100
Aotizhongxin 2016-08-24,Aotizhongxin,2016-08-24,08 Aug,Summer,24,24,77.8,80.7,3.4,52.6,939,94.3,27.9,1,100
Aotizhongxin 2016-08-25,Aotizhongxin,2016-08-25,08 Aug,Summer,24,24,19.2,25.6,2.1,32,333,57.7,27.3,2.9,100
Aotizhongxin 2016-08-26,Aotizhongxin,2016-08-26,08 Aug,Summer,24,24,9.9,19.7,2,39.6,225,54.1,24.6,1.5,100
Aotizhongxin 2016-08-27,Aotizhongxin,2016-08-27,08 Aug,Summer,24,24,13.9,29.9,3,47.8,342,40,24.5,1.4,100
Aotizhongxin 2016-08-28,Aotizhongxin,2016-08-28,08 Aug,Summer,24,24,11,22.3,2.6,38.9,188,61.7,25.7,1.7,100
Aotizhongxin 2016-08-29,Aotizhongxin,2016-08-29,08 Aug,Summer,24,24,17.6,35.4,2.4,47.5,288,64.9,25.5,1.5,100
Aotizhongxin 2016-08-30,Aotizhongxin,2016-08-30,08 Aug,Summer,24,24,31.2,53,2.3,52.3,638,115.2,26.3,1.5,100
Aotizhongxin 2016-08-31,Aotizhongxin,2016-08-31,08 Aug,Summer,24,23,17.7,26.7,2.5,47.3,670,55.6,27.4,2.7,95.8
Aotizhongxin 2016-09-01,Aotizhongxin,2016-09-01,09 Sep,Autumn,24,24,6.2,24.4,2.5,28.2,279,50.4,25.2,2.3,100
Aotizhongxin 2016-09-02,Aotizhongxin,2016-09-02,09 Sep,Autumn,24,24,11.8,25.8,2,25,404,27.8,24,1.5,100
Aotizhongxin 2016-09-03,Aotizhongxin,2016-09-03,09 Sep,Autumn,24,24,18.5,30,2.5,29.8,358,74.4,25.9,1.4,100
Aotizhongxin 2016-09-04,Aotizhongxin,2016-09-04,09 Sep,Autumn,24,24,79.8,91.7,4.4,51.2,988,94,26.1,1.7,100
Aotizhongxin 2016-09-05,Aotizhongxin,2016-09-05,09 Sep,Autumn,24,24,27,36.2,2.2,28.4,408,90.5,25.6,1.8,100
Aotizhongxin 2016-09-06,Aotizhongxin,2016-09-06,09 Sep,Autumn,24,18,,,,,,,26.2,1.7,75
Aotizhongxin 2016-09-07,Aotizhongxin,2016-09-07,09 Sep,Autumn,24,11,,,,,,,24.7,2.1,45.8
Aotizhongxin 2016-09-08,Aotizhongxin,2016-09-08,09 Sep,Autumn,24,24,20.7,37,2,49,479,52.6,24.1,1.3,100
Aotizhongxin 2016-09-09,Aotizhongxin,2016-09-09,09 Sep,Autumn,24,24,19.9,42.6,3.5,52.3,408,37.3,24.9,1.6,100
Aotizhongxin 2016-09-10,Aotizhongxin,2016-09-10,09 Sep,Autumn,24,24,14.8,37.8,2.5,45.9,321,52.7,25.3,1.5,100
Aotizhongxin 2016-09-11,Aotizhongxin,2016-09-11,09 Sep,Autumn,24,24,36.6,53.5,2.2,33.9,704,90.6,21.7,1.8,100
Aotizhongxin 2016-09-12,Aotizhongxin,2016-09-12,09 Sep,Autumn,24,24,29.5,43,2,34.5,583,82,22.6,1.2,100
Aotizhongxin 2016-09-13,Aotizhongxin,2016-09-13,09 Sep,Autumn,24,24,90.8,98.2,2,56.1,946,74.4,23.1,1.3,100
Aotizhongxin 2016-09-14,Aotizhongxin,2016-09-14,09 Sep,Autumn,24,24,101.8,110.3,2.7,54.5,1000,86,24.4,1.7,100
Aotizhongxin 2016-09-15,Aotizhongxin,2016-09-15,09 Sep,Autumn,24,24,73.4,89.8,2.9,49.5,758,99.8,25.2,1.3,100
Aotizhongxin 2016-09-16,Aotizhongxin,2016-09-16,09 Sep,Autumn,24,24,136.9,141.4,3.6,47.4,1042,106.9,24.9,1.5,100
Aotizhongxin 2016-09-17,Aotizhongxin,2016-09-17,09 Sep,Autumn,24,24,43.6,53.8,2,45.2,600,37,21.6,1.2,100
Aotizhongxin 2016-09-18,Aotizhongxin,2016-09-18,09 Sep,Autumn,24,24,20.9,23.8,2,35.6,392,21.9,19.1,1.3,100
Aotizhongxin 2016-09-19,Aotizhongxin,2016-09-19,09 Sep,Autumn,24,24,10.7,18.6,2,38.3,296,35.7,19.3,1.4,100
Aotizhongxin 2016-09-20,Aotizhongxin,2016-09-20,09 Sep,Autumn,24,24,18.3,37,2,50,425,44.9,19.8,1.2,100
Aotizhongxin 2016-09-21,Aotizhongxin,2016-09-21,09 Sep,Autumn,24,24,67.3,99.2,7.4,85.8,896,22.8,19.2,1.2,100
Aotizhongxin 2016-09-22,Aotizhongxin,2016-09-22,09 Sep,Autumn,24,24,106.7,112.3,8.9,69.1,983,60.2,20.2,1.4,100
Aotizhongxin 2016-09-23,Aotizhongxin,2016-09-23,09 Sep,Autumn,24,22,136.9,137.3,2.5,57.6,1155,114.4,21.6,1.3,91.7
Aotizhongxin 2016-09-24,Aotizhongxin,2016-09-24,09 Sep,Autumn,24,24,121.6,129,2.8,68.8,1000,94.2,22.3,1.1,100
Aotizhongxin 2016-09-25,Aotizhongxin,2016-09-25,09 Sep,Autumn,24,24,166,167.8,2.3,55,1329,79.6,,,100
Aotizhongxin 2016-09-26,Aotizhongxin,2016-09-26,09 Sep,Autumn,24,24,57,57.8,2,50.4,1004,53.2,19.6,1.3,100
Aotizhongxin 2016-09-27,Aotizhongxin,2016-09-27,09 Sep,Autumn,24,23,26.3,33,2,31.2,562,40.2,18.3,3.7,95.8
Aotizhongxin 2016-09-28,Aotizhongxin,2016-09-28,09 Sep,Autumn,24,22,15.9,32.8,,,,,15.5,1.9,91.7
Aotizhongxin 2016-09-29,Aotizhongxin,2016-09-29,09 Sep,Autumn,24,24,54.1,78.5,4.2,61.7,724,33,14.9,1.3,100
Aotizhongxin 2016-09-30,Aotizhongxin,2016-09-30,09 Sep,Autumn,24,24,100.6,120.6,5.6,84.8,991,64.8,17.6,1.1,100
Aotizhongxin 2016-10-01,Aotizhongxin,2016-10-01,10 Oct,Autumn,24,24,164.1,175.8,8.3,101.3,1350,62,18.8,1,100
Aotizhongxin 2016-10-02,Aotizhongxin,2016-10-02,10 Oct,Autumn,24,24,189.6,191.3,3.3,80.4,1304,76.2,19.5,1,100
Aotizhongxin 2016-10-03,Aotizhongxin,2016-10-03,10 Oct,Autumn,24,24,119.8,131.5,2.4,69.9,1092,62,22.3,1.3,100
Aotizhongxin 2016-10-04,Aotizhongxin,2016-10-04,10 Oct,Autumn,24,24,34.8,47.9,2.1,39.6,917,22.8,16.8,2.2,100
Aotizhongxin 2016-10-05,Aotizhongxin,2016-10-05,10 Oct,Autumn,24,24,55.8,62.1,2,46.7,1175,26.9,16.7,1.4,100
Aotizhongxin 2016-10-06,Aotizhongxin,2016-10-06,10 Oct,Autumn,24,24,70.9,75.7,2,55.3,1663,6,15.4,1.6,100
Aotizhongxin 2016-10-07,Aotizhongxin,2016-10-07,10 Oct,Autumn,24,24,41.2,41.3,2,48.5,1621,11.3,13.5,1.6,100
Aotizhongxin 2016-10-08,Aotizhongxin,2016-10-08,10 Oct,Autumn,24,24,11,19.3,2.2,27.7,338,48.8,12.6,2.4,100
Aotizhongxin 2016-10-09,Aotizhongxin,2016-10-09,10 Oct,Autumn,24,24,30.4,57.9,3.9,56.3,675,16.7,10.2,1.2,100
Aotizhongxin 2016-10-10,Aotizhongxin,2016-10-10,10 Oct,Autumn,24,22,92.3,116.7,8.6,85,1192,15.3,11.6,0.9,91.7
Aotizhongxin 2016-10-11,Aotizhongxin,2016-10-11,10 Oct,Autumn,24,24,115.6,120.2,5.3,71.4,1371,28.9,13.7,1.7,100
Aotizhongxin 2016-10-12,Aotizhongxin,2016-10-12,10 Oct,Autumn,24,24,76.1,87.5,2.6,66.3,1108,29.5,14.9,1.1,100
Aotizhongxin 2016-10-13,Aotizhongxin,2016-10-13,10 Oct,Autumn,24,24,161.3,169.4,2.6,90.7,1571,34.8,15.4,0.7,100
Aotizhongxin 2016-10-14,Aotizhongxin,2016-10-14,10 Oct,Autumn,24,24,240.3,244.2,3.2,120.8,1913,30,16,0.8,100
Aotizhongxin 2016-10-15,Aotizhongxin,2016-10-15,10 Oct,Autumn,24,22,199.5,201.3,3.1,109.3,2055,2,14.1,0.7,91.7
Aotizhongxin 2016-10-16,Aotizhongxin,2016-10-16,10 Oct,Autumn,24,24,112.5,113.2,2.5,66.7,1004,28.7,16,1,100
Aotizhongxin 2016-10-17,Aotizhongxin,2016-10-17,10 Oct,Autumn,24,23,70.6,85.5,2.1,58.7,879,30.3,15.9,1.4,95.8
Aotizhongxin 2016-10-18,Aotizhongxin,2016-10-18,10 Oct,Autumn,24,24,115.3,146.5,3.4,77.3,1917,7.2,15.9,1.2,100
Aotizhongxin 2016-10-19,Aotizhongxin,2016-10-19,10 Oct,Autumn,24,24,230.2,230.4,3.4,97.8,2317,14.5,17,1,100
Aotizhongxin 2016-10-20,Aotizhongxin,2016-10-20,10 Oct,Autumn,24,24,93.8,110.3,4.5,68.2,1400,12.9,14,1.8,100
Aotizhongxin 2016-10-21,Aotizhongxin,2016-10-21,10 Oct,Autumn,24,24,46.4,47.4,2,51,758,13.4,10.8,1.1,100
Aotizhongxin 2016-10-22,Aotizhongxin,2016-10-22,10 Oct,Autumn,24,24,15.6,19.6,2,32.7,500,16.4,12.1,2.3,100
Aotizhongxin 2016-10-23,Aotizhongxin,2016-10-23,10 Oct,Autumn,24,24,26.7,42.9,2.4,41.1,563,18.4,11.1,1.2,100
Aotizhongxin 2016-10-24,Aotizhongxin,2016-10-24,10 Oct,Autumn,24,24,69.3,126.3,2.3,72,1171,2.2,10,0.9,100
Aotizhongxin 2016-10-25,Aotizhongxin,2016-10-25,10 Oct,Autumn,24,24,101.9,128.5,2.1,84.2,1404,4.1,11.4,1.2,100
Aotizhongxin 2016-10-26,Aotizhongxin,2016-10-26,10 Oct,Autumn,24,24,48,79.8,4.7,57.3,817,19.3,12.6,2.1,100
Aotizhongxin 2016-10-27,Aotizhongxin,2016-10-27,10 Oct,Autumn,24,24,33,52,4.5,56.3,1117,4.2,9.1,1.7,100
Aotizhongxin 2016-10-28,Aotizhongxin,2016-10-28,10 Oct,Autumn,24,24,10.2,19.9,2.5,30.8,346,34.4,9.5,2.1,100
Aotizhongxin 2016-10-29,Aotizhongxin,2016-10-29,10 Oct,Autumn,24,24,20.6,47,3.1,52,446,19.1,6.9,1.9,100
Aotizhongxin 2016-10-30,Aotizhongxin,2016-10-30,10 Oct,Autumn,24,24,47.9,78.6,2.8,50.1,808,23.1,6.5,2.3,100
Aotizhongxin 2016-10-31,Aotizhongxin,2016-10-31,10 Oct,Autumn,24,24,7,17.6,5.1,19,221,47.4,3.2,2.9,100
Aotizhongxin 2016-11-01,Aotizhongxin,2016-11-01,11 Nov,Autumn,24,24,39,60.6,11.2,59.8,638,20,2.7,1.3,100
Aotizhongxin 2016-11-02,Aotizhongxin,2016-11-02,11 Nov,Autumn,24,22,102.6,139.5,9,85.1,1457,9.5,5.2,1.3,91.7
Aotizhongxin 2016-11-03,Aotizhongxin,2016-11-03,11 Nov,Autumn,24,24,196.8,229.7,7,118.6,2875,5,5.6,1,100
Aotizhongxin 2016-11-04,Aotizhongxin,2016-11-04,11 Nov,Autumn,24,24,246.4,274.7,3.9,130.5,3942,5,6.1,1,100
Aotizhongxin 2016-11-05,Aotizhongxin,2016-11-05,11 Nov,Autumn,24,24,175.5,177.6,3,99.5,3533,20.3,8.7,1.6,100
Aotizhongxin 2016-11-06,Aotizhongxin,2016-11-06,11 Nov,Autumn,24,24,67,74.4,7.4,55.4,1567,27.7,7.9,1.6,100
Aotizhongxin 2016-11-07,Aotizhongxin,2016-11-07,11 Nov,Autumn,24,24,43.9,50,2.2,48.5,1221,23.4,8.4,2.2,100
Aotizhongxin 2016-11-08,Aotizhongxin,2016-11-08,11 Nov,Autumn,24,24,35.7,55.1,6.6,62.8,952,17.4,5.3,1.2,100
Aotizhongxin 2016-11-09,Aotizhongxin,2016-11-09,11 Nov,Autumn,24,22,159.1,181,14.2,96.1,2630,3.7,3.3,1,91.7
Aotizhongxin 2016-11-10,Aotizhongxin,2016-11-10,11 Nov,Autumn,24,24,147.6,164.7,5.6,75.7,1730,10.6,7,1.5,100
Aotizhongxin 2016-11-11,Aotizhongxin,2016-11-11,11 Nov,Autumn,24,24,74.8,109.6,7.3,77.9,1461,6.1,4.8,1,100
Aotizhongxin 2016-11-12,Aotizhongxin,2016-11-12,11 Nov,Autumn,24,24,72.7,115.9,7.5,73,1400,10.8,6.9,1.2,100
Aotizhongxin 2016-11-13,Aotizhongxin,2016-11-13,11 Nov,Autumn,24,24,96.6,147,6,76,2283,2.1,8.1,1,100
Aotizhongxin 2016-11-14,Aotizhongxin,2016-11-14,11 Nov,Autumn,24,24,44.1,71.8,3.4,40.4,992,41,9.4,3,100
Aotizhongxin 2016-11-15,Aotizhongxin,2016-11-15,11 Nov,Autumn,24,24,41.3,49.3,10.7,70.5,1342,12.4,4.2,1,100
Aotizhongxin 2016-11-16,Aotizhongxin,2016-11-16,11 Nov,Autumn,24,24,106.8,119.1,12.4,92.1,2592,9.4,5.3,0.9,100
Aotizhongxin 2016-11-17,Aotizhongxin,2016-11-17,11 Nov,Autumn,24,24,113.6,149.6,14,76.9,2692,2.9,5.9,1.1,100
Aotizhongxin 2016-11-18,Aotizhongxin,2016-11-18,11 Nov,Autumn,24,24,193.2,261.6,11,88.8,3883,2,6.7,1,100
Aotizhongxin 2016-11-19,Aotizhongxin,2016-11-19,11 Nov,Autumn,24,24,127.6,153.4,5.6,67.8,1946,21.5,10.1,1.7,100
Aotizhongxin 2016-11-20,Aotizhongxin,2016-11-20,11 Nov,Autumn,24,24,51.5,58.3,2.2,42.5,1154,9.5,3.8,2.4,100
Aotizhongxin 2016-11-21,Aotizhongxin,2016-11-21,11 Nov,Autumn,24,24,9.8,20.5,4,15,421,59.9,-1.3,3.8,100
Aotizhongxin 2016-11-22,Aotizhongxin,2016-11-22,11 Nov,Autumn,24,24,8.2,19.5,5.2,18.3,358,53.4,-3.3,3.8,100
Aotizhongxin 2016-11-23,Aotizhongxin,2016-11-23,11 Nov,Autumn,24,24,16,26.2,7.9,32.2,533,38.7,-0.6,2.4,100
Aotizhongxin 2016-11-24,Aotizhongxin,2016-11-24,11 Nov,Autumn,24,22,70.7,88.1,16.2,78.2,1421,12.2,-0.2,1.3,91.7
Aotizhongxin 2016-11-25,Aotizhongxin,2016-11-25,11 Nov,Autumn,24,24,165.8,191.3,24,107.7,2863,4.2,0.6,1,100
Aotizhongxin 2016-11-26,Aotizhongxin,2016-11-26,11 Nov,Autumn,24,24,277.9,365.2,18.5,130.8,4029,7,2.1,1,100
Aotizhongxin 2016-11-27,Aotizhongxin,2016-11-27,11 Nov,Autumn,24,24,59.5,75.7,8,58.6,1154,31.4,2.8,1.8,100
Aotizhongxin 2016-11-28,Aotizhongxin,2016-11-28,11 Nov,Autumn,24,24,58.7,87.4,17.9,90.3,1904,4.9,0.8,0.9,100
Aotizhongxin 2016-11-29,Aotizhongxin,2016-11-29,11 Nov,Autumn,24,24,110,146.8,28.9,93.7,2946,2.6,1.3,1.1,100
Aotizhongxin 2016-11-30,Aotizhongxin,2016-11-30,11 Nov,Autumn,24,24,93.9,122.1,12.9,73.9,2333,24.7,5,2,100
Aotizhongxin 2016-12-01,Aotizhongxin,2016-12-01,12 Dec,Winter,24,24,29.9,43.8,7.8,48.3,650,41.7,5.1,1.4,100
Aotizhongxin 2016-12-02,Aotizhongxin,2016-12-02,12 Dec,Winter,24,24,86.7,100.3,17.3,87.8,1804,10.1,3.1,1,100
Aotizhongxin 2016-12-03,Aotizhongxin,2016-12-03,12 Dec,Winter,24,24,206.8,226.5,23.2,119.5,3417,5.6,2.1,0.9,100
Aotizhongxin 2016-12-04,Aotizhongxin,2016-12-04,12 Dec,Winter,24,24,310,322.1,14.3,125.8,4367,8.4,2.9,0.7,100
Aotizhongxin 2016-12-05,Aotizhongxin,2016-12-05,12 Dec,Winter,24,24,38.5,49.1,5.9,45.6,892,33,2.6,2.4,100
Aotizhongxin 2016-12-06,Aotizhongxin,2016-12-06,12 Dec,Winter,24,24,88,123.3,21.4,109.3,2542,5.3,0,0.9,100
Aotizhongxin 2016-12-07,Aotizhongxin,2016-12-07,12 Dec,Winter,24,24,139.7,167.3,30.5,116,2871,5.4,3,1.6,100
Aotizhongxin 2016-12-08,Aotizhongxin,2016-12-08,12 Dec,Winter,24,24,94.6,115.2,9.3,55.2,1900,38.3,4.4,2.6,100
Aotizhongxin 2016-12-09,Aotizhongxin,2016-12-09,12 Dec,Winter,24,24,21.5,35.9,6.6,40.7,667,36.9,1.5,1.6,100
Aotizhongxin 2016-12-10,Aotizhongxin,2016-12-10,12 Dec,Winter,24,24,44.5,61,14.8,67.3,1433,10.8,-0.7,0.9,100
Aotizhongxin 2016-12-11,Aotizhongxin,2016-12-11,12 Dec,Winter,24,24,176.8,206.4,34.8,114.9,3938,4.5,-0.7,1.2,100
Aotizhongxin 2016-12-12,Aotizhongxin,2016-12-12,12 Dec,Winter,24,24,211.8,213.8,38.6,105.6,2733,6.6,2.5,1,100
Aotizhongxin 2016-12-13,Aotizhongxin,2016-12-13,12 Dec,Winter,24,24,48.5,59.3,7.7,53.9,1108,28.5,1.2,1.6,100
Aotizhongxin 2016-12-14,Aotizhongxin,2016-12-14,12 Dec,Winter,24,24,24.9,35,10.6,47.9,688,33.8,-0.8,2,100
Aotizhongxin 2016-12-15,Aotizhongxin,2016-12-15,12 Dec,Winter,24,24,27.5,52.6,13,47.7,938,34,0.1,2.4,100
Aotizhongxin 2016-12-16,Aotizhongxin,2016-12-16,12 Dec,Winter,24,24,85,106,19.9,97.7,1958,8.8,-0.1,1,100
Aotizhongxin 2016-12-17,Aotizhongxin,2016-12-17,12 Dec,Winter,24,24,211.7,222.9,35.7,120.5,3675,5.6,-0.1,0.9,100
Aotizhongxin 2016-12-18,Aotizhongxin,2016-12-18,12 Dec,Winter,24,24,228.1,231.8,30.7,117.3,4129,5.7,0.1,0.5,100
Aotizhongxin 2016-12-19,Aotizhongxin,2016-12-19,12 Dec,Winter,24,24,229.5,229.5,29.9,129.5,4688,5.1,0.5,0.7,100
Aotizhongxin 2016-12-20,Aotizhongxin,2016-12-20,12 Dec,Winter,24,24,336,336.6,6.3,131.8,7450,5.1,-1.3,1.2,100
Aotizhongxin 2016-12-21,Aotizhongxin,2016-12-21,12 Dec,Winter,24,24,370.9,370.9,9.5,154.3,7488,5,1,1,100
Aotizhongxin 2016-12-22,Aotizhongxin,2016-12-22,12 Dec,Winter,24,24,68.1,68.1,8,34.6,1308,47.5,2.9,3.3,100
Aotizhongxin 2016-12-23,Aotizhongxin,2016-12-23,12 Dec,Winter,24,24,29.9,33,7.4,51.4,708,26.5,-0.6,1.5,100
Aotizhongxin 2016-12-24,Aotizhongxin,2016-12-24,12 Dec,Winter,24,24,129.6,147.8,29.8,100.3,2996,5.5,-0.6,1.2,100
Aotizhongxin 2016-12-25,Aotizhongxin,2016-12-25,12 Dec,Winter,24,24,159,165.5,35.6,109.7,3179,2.7,-1.2,1,100
Aotizhongxin 2016-12-26,Aotizhongxin,2016-12-26,12 Dec,Winter,24,24,50.8,52,20.6,51.2,1092,28.5,1.5,1.6,100
Aotizhongxin 2016-12-27,Aotizhongxin,2016-12-27,12 Dec,Winter,24,23,33,47.8,9.9,40.4,782,35,-0.9,2.1,95.8
Aotizhongxin 2016-12-28,Aotizhongxin,2016-12-28,12 Dec,Winter,24,24,64.5,75.4,8.1,44,938,33.1,-0.8,2.7,100
Aotizhongxin 2016-12-29,Aotizhongxin,2016-12-29,12 Dec,Winter,24,24,54.9,71.2,12,56,858,26.7,-1.2,1.6,100
Aotizhongxin 2016-12-30,Aotizhongxin,2016-12-30,12 Dec,Winter,24,24,200.6,220.5,20.7,104.8,3200,6.8,-3.1,1.1,100
Aotizhongxin 2016-12-31,Aotizhongxin,2016-12-31,12 Dec,Winter,24,24,301.2,319.5,18.5,139.9,4446,6.3,-2.5,0.9,100
Changping 2016-01-01,Changping,2016-01-01,01 Jan,Winter,24,24,128.8,171.3,19.8,112.7,3054,3.8,-1.3,1.1,100
Changping 2016-01-02,Changping,2016-01-02,01 Jan,Winter,24,23,193.1,244,19.3,110.4,4157,6.3,-0.2,1.1,95.8
Changping 2016-01-03,Changping,2016-01-03,01 Jan,Winter,24,24,235.1,287.2,10.8,98.6,4358,6.5,-1.9,1,100
Changping 2016-01-04,Changping,2016-01-04,01 Jan,Winter,24,23,11.8,16,6.3,39.7,588,47.7,-0.7,2.8,95.8
Changping 2016-01-05,Changping,2016-01-05,01 Jan,Winter,24,24,14.5,20.7,7,32.2,742,42.2,-2.8,2.9,100
Changping 2016-01-06,Changping,2016-01-06,01 Jan,Winter,24,24,17.5,38.3,12,39.8,829,33.9,-1.6,3.3,100
Changping 2016-01-07,Changping,2016-01-07,01 Jan,Winter,24,24,13.8,27.3,8.1,32.1,808,41.6,-3.6,3.5,100
Changping 2016-01-08,Changping,2016-01-08,01 Jan,Winter,24,22,15.9,27,10.4,33.8,730,37.5,-1.5,3.7,91.7
Changping 2016-01-09,Changping,2016-01-09,01 Jan,Winter,24,24,71.8,100.6,26.7,77.7,2492,9.1,-2.3,1.2,100
Changping 2016-01-10,Changping,2016-01-10,01 Jan,Winter,24,24,76.1,100.6,23.7,65.2,2358,22.9,-2.6,1.3,100
Changping 2016-01-11,Changping,2016-01-11,01 Jan,Winter,24,24,12.9,29.5,8.7,35.5,646,47.5,-5.7,2.8,100
Changping 2016-01-12,Changping,2016-01-12,01 Jan,Winter,24,24,13.5,39.3,7.4,29.1,517,43.3,-5.7,4,100
Changping 2016-01-13,Changping,2016-01-13,01 Jan,Winter,24,24,15.8,38.2,9,37.9,629,44.5,-2.4,2.6,100
Changping 2016-01-14,Changping,2016-01-14,01 Jan,Winter,24,24,32.1,71.8,20.4,56.5,1158,27.1,-0.9,2.5,100
Changping 2016-01-15,Changping,2016-01-15,01 Jan,Winter,24,24,75.3,119.4,31,85.9,2117,9.9,-0.8,1.3,100
Changping 2016-01-16,Changping,2016-01-16,01 Jan,Winter,24,24,116.7,162.3,35.5,88.5,2450,7.6,-1.6,1.8,100
Changping 2016-01-17,Changping,2016-01-17,01 Jan,Winter,24,24,34.7,45.3,9,46.5,971,45.1,-6.4,3.1,100
Changping 2016-01-18,Changping,2016-01-18,01 Jan,Winter,24,24,11.6,49.4,5.3,24.7,542,46.7,-9.3,4.2,100
Changping 2016-01-19,Changping,2016-01-19,01 Jan,Winter,24,24,44.1,71.2,19,60.3,1533,19.8,-7.7,1.5,100
Changping 2016-01-20,Changping,2016-01-20,01 Jan,Winter,24,24,95,131.5,36,79.1,2821,7,-6.2,1.2,100
Changping 2016-01-21,Changping,2016-01-21,01 Jan,Winter,24,21,106.6,131.7,18.4,73.6,2417,10.1,-5.2,1.5,87.5
Changping 2016-01-22,Changping,2016-01-22,01 Jan,Winter,24,24,10.7,51.5,6.5,27.2,588,47.3,-10.5,3.9,100
Changping 2016-01-23,Changping,2016-01-23,01 Jan,Winter,24,24,8.7,43.3,4.8,14,742,56,-15,4.1,100
Changping 2016-01-24,Changping,2016-01-24,01 Jan,Winter,24,24,10.8,78.7,5.7,17.3,363,45.9,-9.6,7.2,100
Changping 2016-01-25,Changping,2016-01-25,01 Jan,Winter,24,24,17.1,28.7,12,31.1,263,44.1,-2.2,6.3,100
Changping 2016-01-26,Changping,2016-01-26,01 Jan,Winter,24,24,30,63.7,20.5,51,938,33.6,-2.2,3.3,100
Changping 2016-01-27,Changping,2016-01-27,01 Jan,Winter,24,24,70.1,91.5,30.4,82.3,2033,10.5,-3.3,1.2,100
Changping 2016-01-28,Changping,2016-01-28,01 Jan,Winter,24,24,81.7,91.3,28.8,74.7,1600,19.9,-1.8,1.4,100
Changping 2016-01-29,Changping,2016-01-29,01 Jan,Winter,24,24,79.3,84.3,32.1,75.5,2338,10.3,-4.3,1.6,100
Changping 2016-01-30,Changping,2016-01-30,01 Jan,Winter,24,24,31.4,31.4,15.8,49.9,950,32.5,-5.4,1.8,100
Changping 2016-01-31,Changping,2016-01-31,01 Jan,Winter,24,24,13.1,13.1,8.8,33.4,617,51.5,-4,3.7,100
Changping 2016-02-01,Changping,2016-02-01,02 Feb,Winter,24,22,11.4,16.1,7.9,32.8,529,51.2,-1.3,3.6,91.7
Changping 2016-02-02,Changping,2016-02-02,02 Feb,Winter,24,24,14.7,21.9,10,34.3,621,54.6,0.3,2.8,100
Changping 2016-02-03,Changping,2016-02-03,02 Feb,Winter,24,24,36.8,47.5,21.3,53.2,1304,38.7,0.6,2.4,100
Changping 2016-02-04,Changping,2016-02-04,02 Feb,Winter,24,24,11.7,20.5,7.6,33.5,529,62.8,0.9,2.6,100
Changping 2016-02-05,Changping,2016-02-05,02 Feb,Winter,24,24,10.7,33.9,7.9,33,446,57.6,-0.4,4.5,100
Changping 2016-02-06,Changping,2016-02-06,02 Feb,Winter,24,24,16.9,30.9,11,38.8,746,52.2,0.8,2.4,100
Changping 2016-02-07,Changping,2016-02-07,02 Feb,Winter,24,24,34.4,79,16.7,36.7,729,52.6,2.2,3,100
Changping 2016-02-08,Changping,2016-02-08,02 Feb,Winter,24,22,122.7,155.2,43.6,46.3,1283,44.6,5.2,2.8,91.7
Changping 2016-02-09,Changping,2016-02-09,02 Feb,Winter,24,24,42.3,56,19.4,49.2,1196,42.7,4.5,1.6,100
Changping 2016-02-10,Changping,2016-02-10,02 Feb,Winter,24,24,73.1,83.4,32.6,64.2,2158,30.3,2.9,1.3,100
Changping 2016-02-11,Changping,2016-02-11,02 Feb,Winter,24,24,160.8,177.6,36.2,84.7,3829,5.4,4.2,0.8,100
Changping 2016-02-12,Changping,2016-02-12,02 Feb,Winter,24,24,136.3,142.9,9.8,64.6,2458,17.5,4.2,1.2,100
Changping 2016-02-13,Changping,2016-02-13,02 Feb,Winter,24,24,10.5,11.7,4.4,34.3,371,51.9,0.2,4.1,100
Changping 2016-02-14,Changping,2016-02-14,02 Feb,Winter,24,24,9.9,20.7,3.2,27.2,642,57.3,-4.8,4.7,100
Changping 2016-02-15,Changping,2016-02-15,02 Feb,Winter,24,24,8.8,64.3,3.3,25.8,358,54.7,-0.6,5.4,100
Changping 2016-02-16,Changping,2016-02-16,02 Feb,Winter,24,24,7.8,50.3,3.6,25.5,333,59.4,3.7,5.2,100
Changping 2016-02-17,Changping,2016-02-17,02 Feb,Winter,24,24,29.1,36.7,13.7,48,833,40.8,4.9,1.7,100
Changping 2016-02-18,Changping,2016-02-18,02 Feb,Winter,24,24,13.5,36.7,6.3,39.4,525,57.6,5.3,3.4,100
Changping 2016-02-19,Changping,2016-02-19,02 Feb,Winter,24,24,21.3,43.5,7.4,38.6,750,44.8,2.4,2.5,100
Changping 2016-02-20,Changping,2016-02-20,02 Feb,Winter,24,23,15.3,27.9,8.7,25.8,639,54.2,-0.4,3.4,95.8
Changping 2016-02-21,Changping,2016-02-21,02 Feb,Winter,24,24,61.7,93.6,19.7,60.7,1179,30.3,-0.4,1.8,100
Changping 2016-02-22,Changping,2016-02-22,02 Feb,Winter,24,24,60.8,88.8,11.5,68.8,1083,36,1.8,2.8,100
Changping 2016-02-23,Changping,2016-02-23,02 Feb,Winter,24,23,12.7,31.9,7.2,31,486,56.2,-1.3,2.2,95.8
Changping 2016-02-24,Changping,2016-02-24,02 Feb,Winter,24,24,24,53.3,,38.3,863,42.2,-0.6,2.4,100
Changping 2016-02-25,Changping,2016-02-25,02 Feb,Winter,24,24,23.6,49.6,13.1,45.1,779,34.7,0.9,2,100
Changping 2016-02-26,Changping,2016-02-26,02 Feb,Winter,24,24,30.9,55.3,13.9,50.8,821,42.9,2.4,1.8,100
Changping 2016-02-27,Changping,2016-02-27,02 Feb,Winter,24,23,17.1,28.7,10.2,46.4,561,48.1,3.8,2.1,95.8
Changping 2016-02-28,Changping,2016-02-28,02 Feb,Winter,24,24,29.9,48.6,4.8,46.7,654,44.5,0.8,3,100
Changping 2016-02-29,Changping,2016-02-29,02 Feb,Winter,24,24,33.7,50.5,13.2,48.3,692,40.8,-0.5,1.9,100
Changping 2016-03-01,Changping,2016-03-01,03 Mar,Spring,24,24,95.2,123.5,23.2,86.6,1671,17.1,2.5,1.2,100
Changping 2016-03-02,Changping,2016-03-02,03 Mar,Spring,24,23,131.2,153.2,24.3,99.4,1917,23.4,8.3,1.7,95.8
Changping 2016-03-03,Changping,2016-03-03,03 Mar,Spring,24,24,225.8,253.1,32.6,114.7,3188,25.7,8,1.2,100
Changping 2016-03-04,Changping,2016-03-04,03 Mar,Spring,24,24,291.9,325.4,27,116.1,4108,11.1,7.2,1.3,100
Changping 2016-03-05,Changping,2016-03-05,03 Mar,Spring,24,24,43.5,316.7,3.9,55.8,529,54.4,8.6,3.8,100
Changping 2016-03-06,Changping,2016-03-06,03 Mar,Spring,24,24,54.3,182.2,19.5,83,1242,24,5.3,1.2,100
Changping 2016-03-07,Changping,2016-03-07,03 Mar,Spring,24,22,26.3,87.2,6.4,59.6,796,43.1,5.4,3.8,91.7
Changping 2016-03-08,Changping,2016-03-08,03 Mar,Spring,24,24,8.9,26.5,3.3,28.8,367,60.3,1.6,3.2,100
Changping 2016-03-09,Changping,2016-03-09,03 Mar,Spring,24,24,11,31.6,4.2,35.4,538,53.9,0.9,3.5,100
Changping 2016-03-10,Changping,2016-03-10,03 Mar,Spring,24,24,11.6,69,4.8,31.1,476,47.5,1.8,3.2,100
Changping 2016-03-11,Changping,2016-03-11,03 Mar,Spring,24,24,20.2,46.9,3.6,33.8,575,53.5,3.3,2.3,100
Changping 2016-03-12,Changping,2016-03-12,03 Mar,Spring,24,24,87.4,131.2,20.5,81,1675,16.5,2.1,1.2,100
Changping 2016-03-13,Changping,2016-03-13,03 Mar,Spring,24,24,19.4,39.2,6.1,37.7,579,58,6.7,2.9,100
Changping 2016-03-14,Changping,2016-03-14,03 Mar,Spring,24,23,57.2,100.7,13.8,63.1,1261,30,7.1,1.5,95.8
Changping 2016-03-15,Changping,2016-03-15,03 Mar,Spring,24,21,105.8,164.8,25.9,82.6,1705,21.7,7.9,1.4,87.5
Changping 2016-03-16,Changping,2016-03-16,03 Mar,Spring,24,24,198.7,254.9,26.2,94.8,1983,37.5,8.7,1.2,100
Changping 2016-03-17,Changping,2016-03-17,03 Mar,Spring,24,24,260.1,282.3,20.3,113.7,2346,38.9,9.8,1.1,100
Changping 2016-03-18,Changping,2016-03-18,03 Mar,Spring,24,24,127.5,146.5,9.7,56.6,1183,50.9,13.9,1.9,100
Changping 2016-03-19,Changping,2016-03-19,03 Mar,Spring,24,24,39.4,100.3,9.7,54.5,950,38.2,10.7,1.9,100
Changping 2016-03-20,Changping,2016-03-20,03 Mar,Spring,24,24,49,97.1,7.5,54.9,788,38.1,11.5,1.5,100
Changping 2016-03-21,Changping,2016-03-21,03 Mar,Spring,24,24,84.6,140.1,11.7,68.2,1008,58,11.9,1.4,100
Changping 2016-03-22,Changping,2016-03-22,03 Mar,Spring,24,24,86.1,182.6,16.5,70.3,1163,33,13.1,1.3,100
Changping 2016-03-23,Changping,2016-03-23,03 Mar,Spring,24,22,8,18.9,2,19.8,309,74.3,10.3,2.8,91.7
Changping 2016-03-24,Changping,2016-03-24,03 Mar,Spring,24,24,8.4,13.3,3.7,23.3,417,63,8.9,2.1,100
Changping 2016-03-25,Changping,2016-03-25,03 Mar,Spring,24,24,8.8,15.6,2.4,22.4,442,72.6,10.2,2.2,100
Changping 2016-03-26,Changping,2016-03-26,03 Mar,Spring,24,24,8.5,25.1,5.1,23,454,65.3,13.4,2.9,100
Changping 2016-03-27,Changping,2016-03-27,03 Mar,Spring,24,23,12.5,42.1,5.9,38.9,578,54.7,14.9,2.4,95.8
Changping 2016-03-28,Changping,2016-03-28,03 Mar,Spring,24,24,38,158.4,8.9,64.9,833,30.4,13.6,1.9,100
Changping 2016-03-29,Changping,2016-03-29,03 Mar,Spring,24,22,11.6,45.8,3,33.1,445,61,16.2,2.9,91.7
Changping 2016-03-30,Changping,2016-03-30,03 Mar,Spring,24,24,20.7,70.9,7.3,43.8,,55.6,15.5,2,100
Changping 2016-03-31,Changping,2016-03-31,03 Mar,Spring,24,24,114.2,229,29.5,76.2,1371,62.6,15.1,2,100
Changping 2016-04-01,Changping,2016-04-01,04 Apr,Spring,24,24,27.9,152,5.8,31.6,346,56.5,17.2,3.6,100
Changping 2016-04-02,Changping,2016-04-02,04 Apr,Spring,24,24,7.3,26.5,2.4,20.2,338,71.8,14.7,3.1,100
Changping 2016-04-03,Changping,2016-04-03,04 Apr,Spring,24,24,14.3,46.7,3.6,28.7,496,59.6,14.3,1.8,100
Changping 2016-04-04,Changping,2016-04-04,04 Apr,Spring,24,24,46.3,93.4,6.2,44.6,654,66.1,14.1,1.9,100
Changping 2016-04-05,Changping,2016-04-05,04 Apr,Spring,24,24,76.9,130.3,12.5,48.9,854,82,15.5,2.1,100
Changping 2016-04-06,Changping,2016-04-06,04 Apr,Spring,24,24,97.8,162.5,27.2,81.3,2108,42,13.9,1.3,100
Changping 2016-04-07,Changping,2016-04-07,04 Apr,Spring,24,24,43.6,117.5,5.4,35.3,608,53.8,17.6,2.9,100
Changping 2016-04-08,Changping,2016-04-08,04 Apr,Spring,24,24,12.9,74.8,4,31.2,529,67.4,18.2,3.5,100
Changping 2016-04-09,Changping,2016-04-09,04 Apr,Spring,24,24,37.8,229.8,7,51.4,838,45.9,16.9,2.6,100
Changping 2016-04-10,Changping,2016-04-10,04 Apr,Spring,24,24,46,204.5,6.7,48.4,879,58.6,13.6,2.4,100
Changping 2016-04-11,Changping,2016-04-11,04 Apr,Spring,24,21,33.9,129,,47.7,678,51.1,11,2.8,87.5
Changping 2016-04-12,Changping,2016-04-12,04 Apr,Spring,24,24,75,79.4,3,53.8,763,30.5,11,1.5,100
Changping 2016-04-13,Changping,2016-04-13,04 Apr,Spring,24,24,82.3,119,5,46.8,646,43.6,16.7,2.7,100
Changping 2016-04-14,Changping,2016-04-14,04 Apr,Spring,24,24,27,106.5,2.8,27.7,429,73.5,17.8,2.6,100
Changping 2016-04-15,Changping,2016-04-15,04 Apr,Spring,24,24,51,89.2,12.3,58.7,904,36.8,15.2,1.9,100
Changping 2016-04-16,Changping,2016-04-16,04 Apr,Spring,24,24,27.8,99,2.2,26.6,329,55.2,15.4,3.7,100
Changping 2016-04-17,Changping,2016-04-17,04 Apr,Spring,24,24,12.5,44.9,3.2,26.4,454,60,15.1,4.4,100
Changping 2016-04-18,Changping,2016-04-18,04 Apr,Spring,24,24,15.1,31.2,2.3,19.7,,63.8,14.5,2.3,100
Changping 2016-04-19,Changping,2016-04-19,04 Apr,Spring,24,24,68,103.2,14.9,62.4,1283,26.8,12.4,1.9,100
Changping 2016-04-20,Changping,2016-04-20,04 Apr,Spring,24,23,78.5,100.9,7.4,45.1,626,64.4,18.4,1.6,95.8
Changping 2016-04-21,Changping,2016-04-21,04 Apr,Spring,24,22,73.5,79.8,5,43.2,550,65.6,20.2,2.7,91.7
Changping 2016-04-22,Changping,2016-04-22,04 Apr,Spring,24,24,34.4,42.5,2.1,22,395,73.8,19.7,3.9,100
Changping 2016-04-23,Changping,2016-04-23,04 Apr,Spring,24,24,21.5,64.1,2.6,21.6,342,69,17.6,2.7,100
Changping 2016-04-24,Changping,2016-04-24,04 Apr,Spring,24,24,83.7,136.5,14.7,62.8,892,56,16.8,1.7,100
Changping 2016-04-25,Changping,2016-04-25,04 Apr,Spring,24,22,98.4,138.3,10.2,36.5,655,89.3,20.8,2.8,91.7
Changping 2016-04-26,Changping,2016-04-26,04 Apr,Spring,24,24,93.5,124.6,19,50.5,1267,87.5,18.1,1.9,100
Changping 2016-04-27,Changping,2016-04-27,04 Apr,Spring,24,22,91.5,103.5,6.2,65.5,923,46.8,15.3,1.3,91.7
Changping 2016-04-28,Changping,2016-04-28,04 Apr,Spring,24,24,76.6,89.8,5.7,51.4,854,81.4,18.3,2,100
Changping 2016-04-29,Changping,2016-04-29,04 Apr,Spring,24,23,118.7,129,11.3,53.2,1174,87.7,17.3,1.6,95.8
Changping 2016-04-30,Changping,2016-04-30,04 Apr,Spring,24,24,131.9,149.2,6,59.2,1117,121.3,22.1,2,100
Changping 2016-05-01,Changping,2016-05-01,05 May,Spring,24,23,196.6,196.7,12.7,39.4,1852,127.9,22.7,1.4,95.8
Changping 2016-05-02,Changping,2016-05-02,05 May,Spring,24,22,47.3,82.8,2,19.5,323,52.5,14.8,2.3,91.7
Changping 2016-05-03,Changping,2016-05-03,05 May,Spring,24,24,23.1,54.6,3.1,28.2,371,53.6,18.8,3.3,100
Changping 2016-05-04,Changping,2016-05-04,05 May,Spring,24,22,32.5,50.2,3.9,45.6,646,59.6,20.7,1.9,91.7
Changping 2016-05-05,Changping,2016-05-05,05 May,Spring,24,22,53.6,112.3,11.1,45.4,690,66.2,20.9,1.9,91.7
Changping 2016-05-06,Changping,2016-05-06,05 May,Spring,24,24,50.2,133.1,2.1,18.8,283,74.4,19.9,4.2,100
Changping 2016-05-07,Changping,2016-05-07,05 May,Spring,24,24,21.2,40.7,2.9,24.7,296,76.6,20.5,2.2,100
Changping 2016-05-08,Changping,2016-05-08,05 May,Spring,24,24,59.3,100.3,9.4,44.7,613,78.8,19.6,1.9,100
Changping 2016-05-09,Changping,2016-05-09,05 May,Spring,24,24,30.1,57,3.3,32.9,375,45.8,17.6,1.5,100
Changping 2016-05-10,Changping,2016-05-10,05 May,Spring,24,24,33.9,54.7,2.2,33.5,383,78.2,20.6,1.7,100
Changping 2016-05-11,Changping,2016-05-11,05 May,Spring,24,24,151.9,161.1,6.8,35.3,1004,103.8,21.7,1.6,100
Changping 2016-05-12,Changping,2016-05-12,05 May,Spring,24,24,29.5,44.6,2,29.8,333,55,17.5,3.3,100
Changping 2016-05-13,Changping,2016-05-13,05 May,Spring,24,24,24.5,47.5,5.5,36.2,408,59.8,17.1,2.7,100
Changping 2016-05-14,Changping,2016-05-14,05 May,Spring,24,24,35.8,42.5,2.7,33.6,421,55.9,14,1.5,100
Changping 2016-05-15,Changping,2016-05-15,05 May,Spring,24,24,19.5,26.1,2.8,25.5,392,42.5,17.4,1.9,100
Changping 2016-05-16,Changping,2016-05-16,05 May,Spring,24,24,15.4,38.5,2.4,32.6,583,61.4,22.3,2.4,100
Changping 2016-05-17,Changping,2016-05-17,05 May,Spring,24,24,45.5,82.6,9.5,35.5,517,116.9,23.9,2.2,100
Changping 2016-05-18,Changping,2016-05-18,05 May,Spring,24,24,57.8,97.2,6.4,35.4,408,111.8,23.7,2,100
Changping 2016-05-19,Changping,2016-05-19,05 May,Spring,24,23,81.6,103.6,8.3,36,678,137.3,23.3,2.2,95.8
Changping 2016-05-20,Changping,2016-05-20,05 May,Spring,24,23,89.2,104.3,14.1,41.2,1017,151.3,23,2,95.8
Changping 2016-05-21,Changping,2016-05-21,05 May,Spring,24,24,67.3,81.6,13.2,36.4,746,126,22.6,1.7,100
Changping 2016-05-22,Changping,2016-05-22,05 May,Spring,24,24,42.9,70.7,5.7,38.3,621,122.7,23.3,1.7,100
Changping 2016-05-23,Changping,2016-05-23,05 May,Spring,24,24,58.6,82.1,9.6,46.5,775,67,19.3,2,100
Changping 2016-05-24,Changping,2016-05-24,05 May,Spring,24,24,14.2,29.3,2.4,34.7,346,56.8,20.6,2.8,100
Changping 2016-05-25,Changping,2016-05-25,05 May,Spring,24,24,12.5,21.3,2.7,23.7,300,73.8,21.2,2.2,100
Changping 2016-05-26,Changping,2016-05-26,05 May,Spring,24,24,20.9,50.9,2.2,41.6,363,62.3,23.6,2.8,100
Changping 2016-05-27,Changping,2016-05-27,05 May,Spring,24,24,37,77.2,9.9,34.5,525,97.9,23.2,2.1,100
Changping 2016-05-28,Changping,2016-05-28,05 May,Spring,24,24,62.5,95.5,9.3,38.5,725,120.5,23.4,1.9,100
Changping 2016-05-29,Changping,2016-05-29,05 May,Spring,24,23,20.5,45.4,3.1,23.1,409,96.4,25.2,2.2,95.8
Changping 2016-05-30,Changping,2016-05-30,05 May,Spring,24,24,71,126.5,8.6,44.3,1033,154.3,26,1.5,100
Changping 2016-05-31,Changping,2016-05-31,05 May,Spring,24,19,,,,31.6,960,85.4,24.6,1.8,79.2
Changping 2016-06-01,Changping,2016-06-01,06 Jun,Summer,24,23,73.3,81.8,,39.7,670,94.4,24.1,1.9,95.8
Changping 2016-06-02,Changping,2016-06-02,06 Jun,Summer,24,23,88,93.2,5.5,40.4,675,134.8,24.8,1.9,95.8
Changping 2016-06-03,Changping,2016-06-03,06 Jun,Summer,24,22,91.5,107.6,11,62.5,895,113.4,23.8,1.4,91.7
Changping 2016-06-04,Changping,2016-06-04,06 Jun,Summer,24,24,86,115.4,12,39.8,900,139,25.8,1.7,100
Changping 2016-06-05,Changping,2016-06-05,06 Jun,Summer,24,24,80.5,107.2,11.2,46.4,854,135.6,24.7,1.9,100
Changping 2016-06-06,Changping,2016-06-06,06 Jun,Summer,24,24,69.2,83.3,5.8,32.4,767,132.3,24.3,1.7,100
Changping 2016-06-07,Changping,2016-06-07,06 Jun,Summer,24,24,58.9,72.8,2,38.6,729,85.1,22.5,1.7,100
Changping 2016-06-08,Changping,2016-06-08,06 Jun,Summer,24,24,93.3,97.3,2.5,36.6,975,114.6,24.4,1.7,100
Changping 2016-06-09,Changping,2016-06-09,06 Jun,Summer,24,24,111.1,132,4.7,37.1,1058,132.9,26.3,2.6,100
Changping 2016-06-10,Changping,2016-06-10,06 Jun,Summer,24,24,36,42.8,2.6,23.5,521,91.8,24.5,2.1,100
Changping 2016-06-11,Changping,2016-06-11,06 Jun,Summer,24,24,7,18,2.3,22.8,421,71,26.3,3,100
Changping 2016-06-12,Changping,2016-06-12,06 Jun,Summer,24,24,66.4,80.7,4.8,33.6,913,118.3,24.6,1.6,100
Changping 2016-06-13,Changping,2016-06-13,06 Jun,Summer,24,22,31.3,32.1,2,23.8,379,62.4,19.4,1.4,91.7
Changping 2016-06-14,Changping,2016-06-14,06 Jun,Summer,24,24,30.4,30.5,2.5,30.4,546,49.5,18.9,1.3,100
Changping 2016-06-15,Changping,2016-06-15,06 Jun,Summer,24,24,14.4,23.2,2,26.3,508,82,24.2,1.5,100
Changping 2016-06-16,Changping,2016-06-16,06 Jun,Summer,24,24,17.7,32,2.8,29.8,442,63.5,27,1.8,100
Changping 2016-06-17,Changping,2016-06-17,06 Jun,Summer,24,24,18,34.3,2.3,24.5,454,66.4,25.1,1.7,100
Changping 2016-06-18,Changping,2016-06-18,06 Jun,Summer,24,24,29.1,56.2,3.5,32.5,521,95,26.4,1.9,100
Changping 2016-06-19,Changping,2016-06-19,06 Jun,Summer,24,24,36.7,62.4,2.5,31.4,517,117.1,27.8,1.7,100
Changping 2016-06-20,Changping,2016-06-20,06 Jun,Summer,24,24,78.8,93.8,3.9,24.5,821,130,27.4,1.6,100
Changping 2016-06-21,Changping,2016-06-21,06 Jun,Summer,24,24,59.8,71.3,2.5,19.6,579,122.2,26.9,1.9,100
Changping 2016-06-22,Changping,2016-06-22,06 Jun,Summer,24,24,56.9,73.2,2.5,28.4,679,120.6,27.4,1.7,100
Changping 2016-06-23,Changping,2016-06-23,06 Jun,Summer,24,22,62.2,74.5,2.3,34.3,871,82.4,28.4,1.5,91.7
Changping 2016-06-24,Changping,2016-06-24,06 Jun,Summer,24,23,6.8,22.1,3.5,19.1,433,62.4,28.1,2.9,95.8
Changping 2016-06-25,Changping,2016-06-25,06 Jun,Summer,24,23,14.6,30.9,2.3,20.2,552,86.3,30.9,2.6,95.8
Changping 2016-06-26,Changping,2016-06-26,06 Jun,Summer,24,24,32.5,71.3,4,36,638,115.6,30.1,2.4,100
Changping 2016-06-27,Changping,2016-06-27,06 Jun,Summer,24,24,47.6,79.7,3.3,37.8,563,109.6,25.7,1.8,100
Changping 2016-06-28,Changping,2016-06-28,06 Jun,Summer,24,24,54.2,54.3,2.7,28.2,388,61.7,20.4,1.8,100
Changping 2016-06-29,Changping,2016-06-29,06 Jun,Summer,24,24,96.4,96.8,2,27.6,583,94,24.1,1.3,100
Changping 2016-06-30,Changping,2016-06-30,06 Jun,Summer,24,24,42.2,49,2.7,23.8,600,77.8,27.4,1.7,100
Changping 2016-07-01,Changping,2016-07-01,07 Jul,Summer,24,24,7.8,18.3,2,15.5,429,79.5,27.5,1.8,100
Changping 2016-07-02,Changping,2016-07-02,07 Jul,Summer,24,24,21.9,43,2.8,29.1,683,96.1,27.3,1.9,100
Changping 2016-07-03,Changping,2016-07-03,07 Jul,Summer,24,24,63.1,89.3,4.2,31.7,1038,133.3,26.8,1.6,100
Changping 2016-07-04,Changping,2016-07-04,07 Jul,Summer,24,22,126.3,151.4,3.5,24.9,1339,136.4,27.9,2.1,91.7
Changping 2016-07-05,Changping,2016-07-05,07 Jul,Summer,24,24,83.8,101.2,3.7,24,1146,147.5,28,2.2,100
Changping 2016-07-06,Changping,2016-07-06,07 Jul,Summer,24,24,75.8,98.9,3.5,28.2,1021,143.7,28.2,1.8,100
Changping 2016-07-07,Changping,2016-07-07,07 Jul,Summer,24,24,94.7,123.9,4.6,27,1300,157.5,28.3,2,100
Changping 2016-07-08,Changping,2016-07-08,07 Jul,Summer,24,24,82.9,101.8,5.4,25.6,1283,121.5,28.4,2.3,100
Changping 2016-07-09,Changping,2016-07-09,07 Jul,Summer,24,23,65.5,83.2,3,23.2,757,126.5,30.4,2.1,95.8
Changping 2016-07-10,Changping,2016-07-10,07 Jul,Summer,24,24,80.4,103.8,3.5,19.7,908,138.3,31.1,1.9,100
Changping 2016-07-11,Changping,2016-07-11,07 Jul,Summer,24,24,71.2,107.2,3.4,24.2,738,132,31.3,2.2,100
Changping 2016-07-12,Changping,2016-07-12,07 Jul,Summer,24,24,27.1,39,2.8,19.2,613,64.3,27.1,1.7,100
Changping 2016-07-13,Changping,2016-07-13,07 Jul,Summer,24,23,12.6,25.9,2,21.8,462,80.1,29.4,1.5,95.8
Changping 2016-07-14,Changping,2016-07-14,07 Jul,Summer,24,24,30.1,57,3.2,36.9,821,80.2,27.1,1.6,100
Changping 2016-07-15,Changping,2016-07-15,07 Jul,Summer,24,24,28.6,30,2,23.1,604,62.5,21.2,1.3,100
Changping 2016-07-16,Changping,2016-07-16,07 Jul,Summer,24,24,25.4,34.1,2.8,29.3,742,40.2,22,1,100
Changping 2016-07-17,Changping,2016-07-17,07 Jul,Summer,24,23,61.2,73.8,2.4,24.7,1096,119.5,25.8,1.4,95.8
Changping 2016-07-18,Changping,2016-07-18,07 Jul,Summer,24,24,93.6,95.5,3.9,31.5,1233,98.9,25.6,1.6,100
Changping 2016-07-19,Changping,2016-07-19,07 Jul,Summer,24,22,63.1,63.8,2,34,1036,45,23.5,1.1,91.7
Changping 2016-07-20,Changping,2016-07-20,07 Jul,Summer,24,24,26.4,26.8,2.8,22.8,813,34.8,22.1,1.7,100
Changping 2016-07-21,Changping,2016-07-21,07 Jul,Summer,24,24,15.8,19.3,2,24.8,842,34.3,24.1,1.2,100
Changping 2016-07-22,Changping,2016-07-22,07 Jul,Summer,24,24,52.4,55.5,2.7,18.9,1117,92,27.3,1.3,100
Changping 2016-07-23,Changping,2016-07-23,07 Jul,Summer,24,24,91.4,96.5,2,24.8,1183,100.4,28.7,1.7,100
Changping 2016-07-24,Changping,2016-07-24,07 Jul,Summer,24,24,35.6,49.6,6.4,25.3,871,77.8,28.2,1.6,100
Changping 2016-07-25,Changping,2016-07-25,07 Jul,Summer,24,24,35.1,39.1,2,31.7,850,53.9,27.7,1.4,100
Changping 2016-07-26,Changping,2016-07-26,07 Jul,Summer,24,22,17.1,25.3,4.8,26.9,775,67.6,28.3,1.4,91.7
Changping 2016-07-27,Changping,2016-07-27,07 Jul,Summer,24,24,26.2,41.7,2.2,27.7,846,110.9,27.8,1.8,100
Changping 2016-07-28,Changping,2016-07-28,07 Jul,Summer,24,24,31.8,41.5,3.2,26.3,779,117.3,27.2,1.3,100
Changping 2016-07-29,Changping,2016-07-29,07 Jul,Summer,24,24,103.5,111,2,40.2,1375,120,29,1.7,100
Changping 2016-07-30,Changping,2016-07-30,07 Jul,Summer,24,22,112.6,114.8,2.6,49.1,1936,69.7,27.5,1.7,91.7
Changping 2016-07-31,Changping,2016-07-31,07 Jul,Summer,24,24,39.3,41.6,2,35.1,1017,72.2,25.7,1.4,100
Changping 2016-08-01,Changping,2016-08-01,08 Aug,Summer,24,24,52.2,60.1,2.7,27.5,1158,97.8,28.5,1.3,100
Changping 2016-08-02,Changping,2016-08-02,08 Aug,Summer,24,24,32.4,40.6,2,17.5,888,89.8,29.4,1.4,100
Changping 2016-08-03,Changping,2016-08-03,08 Aug,Summer,24,24,25.6,44.7,2.7,21,746,97.3,29.8,1.4,100
Changping 2016-08-04,Changping,2016-08-04,08 Aug,Summer,24,24,71,94.8,2,28.2,1321,141,29.7,1.8,100
Changping 2016-08-05,Changping,2016-08-05,08 Aug,Summer,24,24,62.8,72.4,3.6,21.6,963,95.8,29.5,1.8,100
Changping 2016-08-06,Changping,2016-08-06,08 Aug,Summer,24,24,83.9,98.3,2,27.2,1017,108.3,29.1,1.8,100
Changping 2016-08-07,Changping,2016-08-07,08 Aug,Summer,24,24,13,20.6,3.1,17.6,725,72,27,1.7,100
Changping 2016-08-08,Changping,2016-08-08,08 Aug,Summer,24,24,20.4,34.6,2,24.5,817,85,27.9,1.5,100
Changping 2016-08-09,Changping,2016-08-09,08 Aug,Summer,24,24,38.7,62.5,4.7,27.8,1217,121.3,27.7,1.8,100
Changping 2016-08-10,Changping,2016-08-10,08 Aug,Summer,24,24,69.3,90.1,2.1,28.8,1067,105,29.7,1.8,100
Changping 2016-08-11,Changping,2016-08-11,08 Aug,Summer,24,22,87.3,108.5,,30.3,1209,100,30.6,1.4,91.7
Changping 2016-08-12,Changping,2016-08-12,08 Aug,Summer,24,21,62.2,68.4,,52.7,1145,38,28.1,1.4,87.5
Changping 2016-08-13,Changping,2016-08-13,08 Aug,Summer,24,24,17.8,32.5,4.4,35.2,813,19.3,26.2,1.5,100
Changping 2016-08-14,Changping,2016-08-14,08 Aug,Summer,24,24,11,30,3.9,25.2,808,70.5,28.7,1.4,100
Changping 2016-08-15,Changping,2016-08-15,08 Aug,Summer,24,24,13.8,28.6,2.9,28.9,604,57.7,24.8,1.5,100
Changping 2016-08-16,Changping,2016-08-16,08 Aug,Summer,24,24,19.5,36.8,2,27,592,76.7,25.8,1.8,100
Changping 2016-08-17,Changping,2016-08-17,08 Aug,Summer,24,24,43.3,60.3,2.8,36.6,883,32.8,24.6,1,100
Changping 2016-08-18,Changping,2016-08-18,08 Aug,Summer,24,23,55.4,55.4,2,31.1,1600,32.7,22.9,1,95.8
Changping 2016-08-19,Changping,2016-08-19,08 Aug,Summer,24,24,12.1,23.5,2.8,15.4,954,59.5,27.9,1.7,100
Changping 2016-08-20,Changping,2016-08-20,08 Aug,Summer,24,24,37.4,51.3,2,24.4,975,85.8,26.8,1.4,100
Changping 2016-08-21,Changping,2016-08-21,08 Aug,Summer,24,24,40.5,65.7,2.8,26.9,946,123,28.3,1.5,100
Changping 2016-08-22,Changping,2016-08-22,08 Aug,Summer,24,24,54.2,73.6,2.5,28.5,1158,108.6,28.2,1.7,100
Changping 2016-08-23,Changping,2016-08-23,08 Aug,Summer,24,24,65.7,86,3.2,35.4,1079,72.6,25.9,1.6,100
Changping 2016-08-24,Changping,2016-08-24,08 Aug,Summer,24,23,63.7,86,2.3,33.1,1061,92.9,27.4,1.3,95.8
Changping 2016-08-25,Changping,2016-08-25,08 Aug,Summer,24,24,9.6,18.5,2.8,16.5,554,58,27,3,100
Changping 2016-08-26,Changping,2016-08-26,08 Aug,Summer,24,24,7.6,21.5,2.1,24.4,867,54,23.8,1.7,100
Changping 2016-08-27,Changping,2016-08-27,08 Aug,Summer,24,23,11.5,29.3,5.6,33.9,513,38.7,23.8,1.7,95.8
Changping 2016-08-28,Changping,2016-08-28,08 Aug,Summer,24,24,8.9,21.4,3.4,23.8,313,56.7,26.3,2.5,100
Changping 2016-08-29,Changping,2016-08-29,08 Aug,Summer,24,24,14.8,39.3,3.3,30.1,450,70.4,24.4,1.3,100
Changping 2016-08-30,Changping,2016-08-30,08 Aug,Summer,24,24,20,44.5,2.1,28.7,296,101,25.5,1.5,100
Changping 2016-08-31,Changping,2016-08-31,08 Aug,Summer,24,24,11.5,30.3,4.8,29.8,492,57.6,27.4,2.5,100
Changping 2016-09-01,Changping,2016-09-01,09 Sep,Autumn,24,22,6.8,21.9,3.3,34.6,667,,24.5,2.1,91.7
Changping 2016-09-02,Changping,2016-09-02,09 Sep,Autumn,24,24,9.1,19.2,3.5,31.3,354,22.6,23.8,1.5,100
Changping 2016-09-03,Changping,2016-09-03,09 Sep,Autumn,24,24,16.1,36.8,2.4,32.7,204,55.8,24.9,1.5,100
Changping 2016-09-04,Changping,2016-09-04,09 Sep,Autumn,24,24,86.4,98.9,3.3,35.6,1279,97.2,24.3,1.4,100
Changping 2016-09-05,Changping,2016-09-05,09 Sep,Autumn,24,24,27,31.4,2.3,38.8,492,47.1,24.2,1.8,100
Changping 2016-09-06,Changping,2016-09-06,09 Sep,Autumn,24,18,,,,,,,25.2,1.8,75
Changping 2016-09-07,Changping,2016-09-07,09 Sep,Autumn,24,13,,,,,,,23.4,1.9,54.2
Changping 2016-09-08,Changping,2016-09-08,09 Sep,Autumn,24,24,13,28.1,4.9,41.7,600,39.4,23.7,2,100
Changping 2016-09-09,Changping,2016-09-09,09 Sep,Autumn,24,24,11.8,28.5,5.3,30.9,683,45,24.4,1.7,100
Changping 2016-09-10,Changping,2016-09-10,09 Sep,Autumn,24,24,14,38.9,6.2,39.8,575,48.6,24.8,1.7,100
Changping 2016-09-11,Changping,2016-09-11,09 Sep,Autumn,24,24,21.8,31,2,29.8,546,72.3,21.6,1.6,100
Changping 2016-09-12,Changping,2016-09-12,09 Sep,Autumn,24,24,27.5,38.5,3,,771,61.8,22.6,1.4,100
Changping 2016-09-13,Changping,2016-09-13,09 Sep,Autumn,24,24,85.3,86.7,2.5,,1250,82,22.5,1.4,100
Changping 2016-09-14,Changping,2016-09-14,09 Sep,Autumn,24,24,90.5,95.3,3.3,39.2,1213,81.7,22.4,1.6,100
Changping 2016-09-15,Changping,2016-09-15,09 Sep,Autumn,24,24,35.5,50.9,5.1,34.3,854,74.8,24.2,1.4,100
Changping 2016-09-16,Changping,2016-09-16,09 Sep,Autumn,24,24,107.5,121.1,4,32.3,1258,99.6,23.9,1.5,100
Changping 2016-09-17,Changping,2016-09-17,09 Sep,Autumn,24,24,33.9,43,2,36.6,717,27.5,20.6,1.1,100
Changping 2016-09-18,Changping,2016-09-18,09 Sep,Autumn,24,24,20.3,21.8,2.8,28.3,638,18.2,18.1,1.5,100
Changping 2016-09-19,Changping,2016-09-19,09 Sep,Autumn,24,24,8.8,15,2,27.7,546,36.9,18.9,1.6,100
Changping 2016-09-20,Changping,2016-09-20,09 Sep,Autumn,24,24,16.5,30.5,3,37.1,533,41.7,19.4,1.5,100
Changping 2016-09-21,Changping,2016-09-21,09 Sep,Autumn,24,24,50.9,63.7,2.9,55.5,813,30.3,17.5,1.2,100
Changping 2016-09-22,Changping,2016-09-22,09 Sep,Autumn,24,24,81,84.2,4.5,37.4,1046,58.8,18.4,1.1,100
Changping 2016-09-23,Changping,2016-09-23,09 Sep,Autumn,24,24,103.3,104,2,34.6,1038,98.2,21,1.3,100
Changping 2016-09-24,Changping,2016-09-24,09 Sep,Autumn,24,24,72.3,83.5,3.1,31.1,996,95.8,21.9,1.4,100
Changping 2016-09-25,Changping,2016-09-25,09 Sep,Autumn,24,24,136,147,2.1,55.6,1504,48.4,,,100
Changping 2016-09-26,Changping,2016-09-26,09 Sep,Autumn,24,24,51.6,54.2,3.3,36.6,1183,40.8,19.6,1.2,100
Changping 2016-09-27,Changping,2016-09-27,09 Sep,Autumn,24,24,20.5,35.9,2.1,21.4,775,43.5,17.6,3.3,100
Changping 2016-09-28,Changping,2016-09-28,09 Sep,Autumn,24,21,11.4,28.9,3,22.3,471,40.1,14.8,1.4,87.5
Changping 2016-09-29,Changping,2016-09-29,09 Sep,Autumn,24,23,38.2,59.1,3.2,48.6,600,51.8,14.5,1.3,95.8
Changping 2016-09-30,Changping,2016-09-30,09 Sep,Autumn,24,24,92.1,118.6,4.7,73.1,850,70.6,17,1.3,100
Changping 2016-10-01,Changping,2016-10-01,10 Oct,Autumn,24,24,164.7,183.5,6.3,100.3,1296,76.5,18.8,1.3,100
Changping 2016-10-02,Changping,2016-10-02,10 Oct,Autumn,24,24,171.3,176.2,5.3,86,1367,66.9,18.9,1.2,100
Changping 2016-10-03,Changping,2016-10-03,10 Oct,Autumn,24,24,141.6,152.6,2.3,82.2,1246,57.8,21.9,1.3,100
Changping 2016-10-04,Changping,2016-10-04,10 Oct,Autumn,24,24,33.2,47.9,3,40.4,1283,18.3,16.4,1.8,100
Changping 2016-10-05,Changping,2016-10-05,10 Oct,Autumn,24,24,48.5,58.8,2,50.9,1375,29,15.8,1.4,100
Changping 2016-10-06,Changping,2016-10-06,10 Oct,Autumn,24,24,68.3,76.2,3.8,52.6,1979,4,14.8,1.6,100
Changping 2016-10-07,Changping,2016-10-07,10 Oct,Autumn,24,24,34,34.1,2.1,49.7,1954,8.8,12.4,1.6,100
Changping 2016-10-08,Changping,2016-10-08,10 Oct,Autumn,24,24,10.8,32.1,3.7,31,608,33.4,11.8,2.6,100
Changping 2016-10-09,Changping,2016-10-09,10 Oct,Autumn,24,24,29,61,2.8,58.2,1008,17.5,9.6,1.1,100
Changping 2016-10-10,Changping,2016-10-10,10 Oct,Autumn,24,24,68.5,94.6,6.6,73.5,996,15.5,11.3,1.2,100
Changping 2016-10-11,Changping,2016-10-11,10 Oct,Autumn,24,24,87.4,106.3,3.9,66.3,1217,26.1,14.4,1.7,100
Changping 2016-10-12,Changping,2016-10-12,10 Oct,Autumn,24,22,81.6,104,3.8,64.1,1317,14.1,13.8,1.3,91.7
Changping 2016-10-13,Changping,2016-10-13,10 Oct,Autumn,24,24,122.8,128.5,2.5,53,1371,45.7,14.8,1,100
Changping 2016-10-14,Changping,2016-10-14,10 Oct,Autumn,24,24,243,246.3,4.8,75.6,2000,40.6,15.9,1.2,100
Changping 2016-10-15,Changping,2016-10-15,10 Oct,Autumn,24,24,206.2,206.9,2.2,68.1,1933,4.9,14.4,0.9,100
Changping 2016-10-16,Changping,2016-10-16,10 Oct,Autumn,24,24,148.5,148.5,3,65,1400,15.8,15.2,1.3,100
Changping 2016-10-17,Changping,2016-10-17,10 Oct,Autumn,24,24,43.5,66.5,2.2,49.5,938,29,15.9,1.8,100
Changping 2016-10-18,Changping,2016-10-18,10 Oct,Autumn,24,22,116.8,147.2,4.3,67.2,1854,5.4,14.9,1.5,91.7
Changping 2016-10-19,Changping,2016-10-19,10 Oct,Autumn,24,23,191.2,207.1,3.9,76.4,2383,22.7,17.4,1.1,95.8
Changping 2016-10-20,Changping,2016-10-20,10 Oct,Autumn,24,24,100.5,113,4,48.3,1179,15.8,14,1.7,100
Changping 2016-10-21,Changping,2016-10-21,10 Oct,Autumn,24,24,44.4,44.4,2,38.5,800,16.2,10.1,1,100
Changping 2016-10-22,Changping,2016-10-22,10 Oct,Autumn,24,24,15.9,24.9,2.8,28.9,567,19.4,12.4,1.5,100
Changping 2016-10-23,Changping,2016-10-23,10 Oct,Autumn,24,24,26.5,46.5,2.1,46.6,733,7.9,9.9,1.1,100
Changping 2016-10-24,Changping,2016-10-24,10 Oct,Autumn,24,24,49,81.8,3.5,49,1179,4.3,8.8,1.1,100
Changping 2016-10-25,Changping,2016-10-25,10 Oct,Autumn,24,24,78.8,107.2,2.6,66.9,1514,2.7,10.6,1.2,100
Changping 2016-10-26,Changping,2016-10-26,10 Oct,Autumn,24,23,35.5,77.7,3,41.5,,12.7,12.1,1.7,95.8
Changping 2016-10-27,Changping,2016-10-27,10 Oct,Autumn,24,24,31.2,55.8,2.3,29.3,529,6.2,8.8,1.5,100
Changping 2016-10-28,Changping,2016-10-28,10 Oct,Autumn,24,24,12.5,21.8,3,18.6,133,30.3,8.6,2.4,100
Changping 2016-10-29,Changping,2016-10-29,10 Oct,Autumn,24,24,24.6,48.6,4.1,33.8,125,20.1,6.2,1.3,100
Changping 2016-10-30,Changping,2016-10-30,10 Oct,Autumn,24,24,33.3,61.6,5.3,33.3,308,25,5.8,2.6,100
Changping 2016-10-31,Changping,2016-10-31,10 Oct,Autumn,24,24,13.1,26.5,,16.5,650,38,1.9,3.2,100
Changping 2016-11-01,Changping,2016-11-01,11 Nov,Autumn,24,24,39.7,62,,46.7,717,10.4,1.7,1.3,100
Changping 2016-11-02,Changping,2016-11-02,11 Nov,Autumn,24,24,68.6,104.6,6.1,60.4,1033,12.9,5.4,1.7,100
Changping 2016-11-03,Changping,2016-11-03,11 Nov,Autumn,24,24,130.4,170.8,8.6,91.6,1779,5.4,5.9,1.1,100
Changping 2016-11-04,Changping,2016-11-04,11 Nov,Autumn,24,24,221.9,255.8,5.5,128.5,3146,4.2,6.6,1.2,100
Changping 2016-11-05,Changping,2016-11-05,11 Nov,Autumn,24,24,170,189.3,6,97,3458,10.6,8.4,1.5,100
Changping 2016-11-06,Changping,2016-11-06,11 Nov,Autumn,24,24,73.4,82.8,7,57.6,1183,19.8,8,2.1,100
Changping 2016-11-07,Changping,2016-11-07,11 Nov,Autumn,24,24,30.2,36.3,4.3,31.2,770,23.5,7.9,2.2,100
Changping 2016-11-08,Changping,2016-11-08,11 Nov,Autumn,24,24,31.3,50.8,9.2,41.5,975,19.3,6,1.6,100
Changping 2016-11-09,Changping,2016-11-09,11 Nov,Autumn,24,24,130.6,162.1,11.4,74.5,2521,2.2,3,1.3,100
Changping 2016-11-10,Changping,2016-11-10,11 Nov,Autumn,24,24,146.9,174.3,9.7,81.5,2467,9.3,6.8,1.9,100
Changping 2016-11-11,Changping,2016-11-11,11 Nov,Autumn,24,24,56,110.2,8.9,56.1,1425,10.7,5.3,1.2,100
Changping 2016-11-12,Changping,2016-11-12,11 Nov,Autumn,24,24,89,147.4,10.5,73.3,2088,6.8,6.8,1.5,100
Changping 2016-11-13,Changping,2016-11-13,11 Nov,Autumn,24,24,84.5,127.9,7.3,61.8,1850,2.5,7.6,1.4,100
Changping 2016-11-14,Changping,2016-11-14,11 Nov,Autumn,24,24,41.5,70.4,3.7,35.5,1225,25.5,7.8,2.4,100
Changping 2016-11-15,Changping,2016-11-15,11 Nov,Autumn,24,24,46.9,80.4,13.9,52.5,1404,7.7,4,1.4,100
Changping 2016-11-16,Changping,2016-11-16,11 Nov,Autumn,24,24,93.9,130.3,18.3,80.6,2275,3.2,5.5,1.2,100
Changping 2016-11-17,Changping,2016-11-17,11 Nov,Autumn,24,24,119,158.1,18,74.1,2796,2.8,5.8,1.2,100
Changping 2016-11-18,Changping,2016-11-18,11 Nov,Autumn,24,24,177.6,265.5,14.8,88.8,3654,2,6.4,1,100
Changping 2016-11-19,Changping,2016-11-19,11 Nov,Autumn,24,24,102,143.2,8.2,48.3,1558,20.8,10.1,2.3,100
Changping 2016-11-20,Changping,2016-11-20,11 Nov,Autumn,24,24,54.6,55.3,2.3,36.6,1246,8.9,3.3,2.2,100
Changping 2016-11-21,Changping,2016-11-21,11 Nov,Autumn,24,24,11.8,18.1,3.3,15.7,433,40.7,-1.4,3.8,100
Changping 2016-11-22,Changping,2016-11-22,11 Nov,Autumn,24,24,10.8,23.7,4.7,19.4,754,41.1,-4.5,3.5,100
Changping 2016-11-23,Changping,2016-11-23,11 Nov,Autumn,24,24,19.1,32.5,10,27.2,768,25.7,-2,2.7,100
Changping 2016-11-24,Changping,2016-11-24,11 Nov,Autumn,24,24,52.6,71.8,17,58,1225,14.3,-0.8,1.5,100
Changping 2016-11-25,Changping,2016-11-25,11 Nov,Autumn,24,24,120.6,154,19,83.6,2692,2.3,-1,1.2,100
Changping 2016-11-26,Changping,2016-11-26,11 Nov,Autumn,24,24,162.5,280.4,13.5,94.9,2829,8,1.9,1.7,100
Changping 2016-11-27,Changping,2016-11-27,11 Nov,Autumn,24,24,46.5,95.8,9.2,38.3,917,28.3,3,2.7,100
Changping 2016-11-28,Changping,2016-11-28,11 Nov,Autumn,24,24,55.2,83.6,17.3,67.8,1754,6.8,1,1.2,100
Changping 2016-11-29,Changping,2016-11-29,11 Nov,Autumn,24,24,100.7,136.4,17.6,74.6,2752,2.3,0.7,1.3,100
Changping 2016-11-30,Changping,2016-11-30,11 Nov,Autumn,24,24,85.8,116.8,8.4,60.2,2238,20.3,4.3,2,100
Changping 2016-12-01,Changping,2016-12-01,12 Dec,Winter,24,24,21.5,38.7,8.8,34.5,808,29.8,4.2,2.5,100
Changping 2016-12-02,Changping,2016-12-02,12 Dec,Winter,24,24,77,99.9,18.5,75.5,2467,4,1.9,1,100
Changping 2016-12-03,Changping,2016-12-03,12 Dec,Winter,24,24,144.7,162.3,17.8,98.3,2896,3.3,2.1,1.1,100
Changping 2016-12-04,Changping,2016-12-04,12 Dec,Winter,24,24,143.3,175,15,84.8,3013,8.4,3.6,1.1,100
Changping 2016-12-05,Changping,2016-12-05,12 Dec,Winter,24,24,52.5,85.6,6.6,34.4,1096,27.8,2.3,3,100
Changping 2016-12-06,Changping,2016-12-06,12 Dec,Winter,24,23,61,75.4,17,72,2054,6,-0.8,1.2,95.8
Changping 2016-12-07,Changping,2016-12-07,12 Dec,Winter,24,24,85.7,112.1,14.5,71.6,2071,14.5,3.6,2.1,100
Changping 2016-12-08,Changping,2016-12-08,12 Dec,Winter,24,24,84,125,8.5,59.5,2146,28.3,2.9,2.8,100
Changping 2016-12-09,Changping,2016-12-09,12 Dec,Winter,24,24,19.2,30,10.1,33.6,700,26.7,0.5,1.7,100
Changping 2016-12-10,Changping,2016-12-10,12 Dec,Winter,24,24,55.9,73.3,17.1,63.5,1838,4.9,-1.3,1.2,100
Changping 2016-12-11,Changping,2016-12-11,12 Dec,Winter,24,24,136.6,154,25.2,88.4,2821,2.9,-2,1.2,100
Changping 2016-12-12,Changping,2016-12-12,12 Dec,Winter,24,24,241,246.4,26,113.2,3471,2.5,1.9,1.1,100
Changping 2016-12-13,Changping,2016-12-13,12 Dec,Winter,24,24,81.9,84.9,15.3,57.9,1638,14.1,1.4,1.4,100
Changping 2016-12-14,Changping,2016-12-14,12 Dec,Winter,24,24,21.1,30.6,9.1,36.1,929,34.7,-0.9,2.1,100
Changping 2016-12-15,Changping,2016-12-15,12 Dec,Winter,24,24,18.6,47.5,10,29,621,29.1,0.3,3.6,100
Changping 2016-12-16,Changping,2016-12-16,12 Dec,Winter,24,24,56.5,75.3,21.5,74.4,1896,3.8,-1,1.1,100
Changping 2016-12-17,Changping,2016-12-17,12 Dec,Winter,24,24,124.3,141.5,24.8,93.5,3083,2.7,-0.4,1,100
Changping 2016-12-18,Changping,2016-12-18,12 Dec,Winter,24,24,210.5,211.2,20.8,96.8,3804,3.1,-0.2,1.2,100
Changping 2016-12-19,Changping,2016-12-19,12 Dec,Winter,24,24,173.4,176.1,20.2,88.6,3475,4.7,0.6,1.3,100
Changping 2016-12-20,Changping,2016-12-20,12 Dec,Winter,24,24,383.8,389.1,10,131.3,,2.5,-0.7,1,100
Changping 2016-12-21,Changping,2016-12-21,12 Dec,Winter,24,24,414.3,415,12.6,150.4,,3.1,0.9,1,100
Changping 2016-12-22,Changping,2016-12-22,12 Dec,Winter,24,23,43.9,45.6,3.7,33,1067,39.3,2.4,3.7,95.8
Changping 2016-12-23,Changping,2016-12-23,12 Dec,Winter,24,24,25.8,37.1,8.9,34.4,696,25.8,-1,1.5,100
Changping 2016-12-24,Changping,2016-12-24,12 Dec,Winter,24,24,117.5,134.8,17.7,84.5,2654,2.1,-2.8,1.1,100
Changping 2016-12-25,Changping,2016-12-25,12 Dec,Winter,24,24,146,150.8,18.5,84.8,2563,2.2,-2,1,100
Changping 2016-12-26,Changping,2016-12-26,12 Dec,Winter,24,22,48.3,59.1,18.7,44.5,1286,26.1,1.6,2.2,91.7
Changping 2016-12-27,Changping,2016-12-27,12 Dec,Winter,24,24,36.1,53.7,10.1,33.9,883,27.7,-1.7,2.4,100
Changping 2016-12-28,Changping,2016-12-28,12 Dec,Winter,24,24,36.9,57.7,9.5,31.1,829,27.9,-3.1,3.1,100
Changping 2016-12-29,Changping,2016-12-29,12 Dec,Winter,24,24,34.2,50.8,8.3,27.1,,28.9,-2.1,2.6,100
Changping 2016-12-30,Changping,2016-12-30,12 Dec,Winter,24,24,110,132.7,26.8,79.5,2642,3.7,-4.2,1.1,100
Changping 2016-12-31,Changping,2016-12-31,12 Dec,Winter,24,24,204.5,226,27.1,117.8,3863,2.4,-3,1.2,100
Dingling 2016-01-01,Dingling,2016-01-01,01 Jan,Winter,24,24,130.5,140.8,32.4,81,3783,4.6,-1.3,1.1,100
Dingling 2016-01-02,Dingling,2016-01-02,01 Jan,Winter,24,24,204.2,212.4,29.2,95.5,4825,4.9,-0.2,1.1,100
Dingling 2016-01-03,Dingling,2016-01-03,01 Jan,Winter,24,24,276.6,278.5,16.7,86.2,5300,10.9,-1.9,1,100
Dingling 2016-01-04,Dingling,2016-01-04,01 Jan,Winter,24,24,7.9,19.8,4.9,5.7,1248,71.6,-0.7,2.8,100
Dingling 2016-01-05,Dingling,2016-01-05,01 Jan,Winter,24,24,9.8,15.6,7.2,9.2,100,57.6,-2.8,2.9,100
Dingling 2016-01-06,Dingling,2016-01-06,01 Jan,Winter,24,24,15.6,31.5,10.8,13.8,183,54.3,-1.6,3.3,100
Dingling 2016-01-07,Dingling,2016-01-07,01 Jan,Winter,24,19,,,,,,,-3.6,3.5,79.2
Dingling 2016-01-08,Dingling,2016-01-08,01 Jan,Winter,24,22,9.5,26.6,9.6,6.3,1535,60.1,-1.5,3.7,91.7
Dingling 2016-01-09,Dingling,2016-01-09,01 Jan,Winter,24,24,46.2,62.8,20.2,36.6,1038,27.3,-2.3,1.2,100
Dingling 2016-01-10,Dingling,2016-01-10,01 Jan,Winter,24,24,40.9,51,17,29.4,963,42.2,-2.6,1.3,100
Dingling 2016-01-11,Dingling,2016-01-11,01 Jan,Winter,24,24,10,28.4,8.1,9.3,308,64.6,-5.7,2.8,100
Dingling 2016-01-12,Dingling,2016-01-12,01 Jan,Winter,24,24,10.5,32.2,8,7.3,313,66.2,-5.7,4,100
Dingling 2016-01-13,Dingling,2016-01-13,01 Jan,Winter,24,19,,,,,,,-2.4,2.6,79.2
Dingling 2016-01-14,Dingling,2016-01-14,01 Jan,Winter,24,23,22,48.1,9.4,17.9,1522,51.9,-0.9,2.5,95.8
Dingling 2016-01-15,Dingling,2016-01-15,01 Jan,Winter,24,24,66.3,92.7,22.1,47,1354,26.1,-0.8,1.3,100
Dingling 2016-01-16,Dingling,2016-01-16,01 Jan,Winter,24,24,141.8,163,42.8,73.1,2588,7.7,-1.6,1.8,100
Dingling 2016-01-17,Dingling,2016-01-17,01 Jan,Winter,24,24,35.8,42.4,11.4,19.4,692,60.8,-6.4,3.1,100
Dingling 2016-01-18,Dingling,2016-01-18,01 Jan,Winter,24,24,7.2,33.3,3.5,2.8,217,72.8,-9.3,4.2,100
Dingling 2016-01-19,Dingling,2016-01-19,01 Jan,Winter,24,22,40.5,59.1,13.6,35.5,1177,32.4,-7.7,1.5,91.7
Dingling 2016-01-20,Dingling,2016-01-20,01 Jan,Winter,24,24,96.5,112.4,30.9,59.8,3361,10.8,-6.2,1.2,100
Dingling 2016-01-21,Dingling,2016-01-21,01 Jan,Winter,24,20,135.9,141.4,22.9,63.2,,10.2,-5.2,1.5,83.3
Dingling 2016-01-22,Dingling,2016-01-22,01 Jan,Winter,24,22,7.3,24.1,3.4,4.6,239,69.9,-10.5,3.9,91.7
Dingling 2016-01-23,Dingling,2016-01-23,01 Jan,Winter,24,24,6.7,40,2.2,2,113,72.2,-15,4.1,100
Dingling 2016-01-24,Dingling,2016-01-24,01 Jan,Winter,24,24,10,105.2,4.8,3.8,233,72,-9.6,7.2,100
Dingling 2016-01-25,Dingling,2016-01-25,01 Jan,Winter,24,24,16.6,41.1,11.5,9.2,358,68.4,-2.2,6.3,100
Dingling 2016-01-26,Dingling,2016-01-26,01 Jan,Winter,24,24,23.2,45.5,13.3,13.2,486,63.5,-2.2,3.3,100
Dingling 2016-01-27,Dingling,2016-01-27,01 Jan,Winter,24,24,56.8,72.4,31,48.9,1183,28.3,-3.3,1.2,100
Dingling 2016-01-28,Dingling,2016-01-28,01 Jan,Winter,24,23,84.9,96.1,27.7,51.7,1470,28.3,-1.8,1.4,95.8
Dingling 2016-01-29,Dingling,2016-01-29,01 Jan,Winter,24,24,82,101.4,28.5,52.8,2021,16.8,-4.3,1.6,100
Dingling 2016-01-30,Dingling,2016-01-30,01 Jan,Winter,24,24,28,37.4,12.3,21.4,796,50.1,-5.4,1.8,100
Dingling 2016-01-31,Dingling,2016-01-31,01 Jan,Winter,24,24,9,24.5,6.5,7.1,346,71.7,-4,3.7,100
Dingling 2016-02-01,Dingling,2016-02-01,02 Feb,Winter,24,22,7.4,34.8,4.9,4.9,304,77.1,-1.3,3.6,91.7
Dingling 2016-02-02,Dingling,2016-02-02,02 Feb,Winter,24,24,10.3,18.8,7.8,5.2,367,78.7,0.3,2.8,100
Dingling 2016-02-03,Dingling,2016-02-03,02 Feb,Winter,24,24,25.4,32.5,14.4,12,592,68.9,0.6,2.4,100
Dingling 2016-02-04,Dingling,2016-02-04,02 Feb,Winter,24,24,10.6,18.4,6.8,4.3,358,80.1,0.9,2.6,100
Dingling 2016-02-05,Dingling,2016-02-05,02 Feb,Winter,24,24,9,29,4.1,2.8,250,81.8,-0.4,4.5,100
Dingling 2016-02-06,Dingling,2016-02-06,02 Feb,Winter,24,24,21.9,31.1,5.8,5.3,504,75,0.8,2.4,100
Dingling 2016-02-07,Dingling,2016-02-07,02 Feb,Winter,24,24,28.7,63.3,9.6,8.7,538,78.3,2.2,3,100
Dingling 2016-02-08,Dingling,2016-02-08,02 Feb,Winter,24,24,87.7,97.3,16.6,10.3,446,72.1,5.2,2.8,100
Dingling 2016-02-09,Dingling,2016-02-09,02 Feb,Winter,24,24,37,45.3,14.5,17.9,825,65,4.5,1.6,100
Dingling 2016-02-10,Dingling,2016-02-10,02 Feb,Winter,24,24,80.7,84.2,30.9,38,1825,44.7,2.9,1.3,100
Dingling 2016-02-11,Dingling,2016-02-11,02 Feb,Winter,24,23,192,194,36.3,62.7,3533,13.7,4.2,0.8,95.8
Dingling 2016-02-12,Dingling,2016-02-12,02 Feb,Winter,24,24,148.9,149,13.7,43.1,2017,33.9,4.2,1.2,100
Dingling 2016-02-13,Dingling,2016-02-13,02 Feb,Winter,24,21,7.6,9.6,4.2,20.5,364,78.4,0.2,4.1,87.5
Dingling 2016-02-14,Dingling,2016-02-14,02 Feb,Winter,24,24,7.5,15.4,3.5,10.4,338,82.4,-4.8,4.7,100
Dingling 2016-02-15,Dingling,2016-02-15,02 Feb,Winter,24,24,6.6,57.3,3.8,2,238,80.1,-0.6,5.4,100
Dingling 2016-02-16,Dingling,2016-02-16,02 Feb,Winter,24,24,7.4,42.4,4.5,2.4,213,81.3,3.7,5.2,100
Dingling 2016-02-17,Dingling,2016-02-17,02 Feb,Winter,24,24,20.3,30.1,9.3,11,521,67.1,4.9,1.7,100
Dingling 2016-02-18,Dingling,2016-02-18,02 Feb,Winter,24,24,12.3,33.4,9.9,5.6,282,80,5.3,3.4,100
Dingling 2016-02-19,Dingling,2016-02-19,02 Feb,Winter,24,24,13.8,33,4.8,8.2,358,66.9,2.4,2.5,100
Dingling 2016-02-20,Dingling,2016-02-20,02 Feb,Winter,24,23,14.4,26.3,4.9,5.4,335,74.7,-0.4,3.4,95.8
Dingling 2016-02-21,Dingling,2016-02-21,02 Feb,Winter,24,24,62,88.8,15.4,26.5,871,51.4,-0.4,1.8,100
Dingling 2016-02-22,Dingling,2016-02-22,02 Feb,Winter,24,24,67.7,89.7,10.7,25.3,913,57,1.8,2.8,100
Dingling 2016-02-23,Dingling,2016-02-23,02 Feb,Winter,24,23,9.5,27.1,2.8,3.8,263,78.3,-1.3,2.2,95.8
Dingling 2016-02-24,Dingling,2016-02-24,02 Feb,Winter,24,24,19.6,41.5,4.7,6.9,483,62.5,-0.6,2.4,100
Dingling 2016-02-25,Dingling,2016-02-25,02 Feb,Winter,24,24,21.6,37.4,7.4,14.7,554,55.8,0.9,2,100
Dingling 2016-02-26,Dingling,2016-02-26,02 Feb,Winter,24,24,27,41.6,8,15.4,525,66.1,2.4,1.8,100
Dingling 2016-02-27,Dingling,2016-02-27,02 Feb,Winter,24,24,16.4,22.2,6.5,13.2,467,69.8,3.8,2.1,100
Dingling 2016-02-28,Dingling,2016-02-28,02 Feb,Winter,24,24,17.4,38,4.2,12.4,450,65.6,0.8,3,100
Dingling 2016-02-29,Dingling,2016-02-29,02 Feb,Winter,24,22,28.8,39.6,9.4,20.8,683,61.6,-0.5,1.9,91.7
Dingling 2016-03-01,Dingling,2016-03-01,03 Mar,Spring,24,24,101.8,112.5,18.8,53.8,1825,33.1,2.5,1.2,100
Dingling 2016-03-02,Dingling,2016-03-02,03 Mar,Spring,24,24,133.6,139,19.1,59.6,1671,48,8.3,1.7,100
Dingling 2016-03-03,Dingling,2016-03-03,03 Mar,Spring,24,24,252.5,253.5,30.9,72.4,2367,46.9,8,1.2,100
Dingling 2016-03-04,Dingling,2016-03-04,03 Mar,Spring,24,24,349.6,351.1,30.8,81.9,3742,35.9,7.2,1.3,100
Dingling 2016-03-05,Dingling,2016-03-05,03 Mar,Spring,24,24,56.4,314.5,2.2,2.5,325,75.7,8.6,3.8,100
Dingling 2016-03-06,Dingling,2016-03-06,03 Mar,Spring,24,24,60.1,178.8,11.9,28.5,863,42.9,5.3,1.2,100
Dingling 2016-03-07,Dingling,2016-03-07,03 Mar,Spring,24,22,24.5,93.4,6.1,12.3,442,63.7,5.4,3.8,91.7
Dingling 2016-03-08,Dingling,2016-03-08,03 Mar,Spring,24,24,8.1,40.9,2.2,2,217,79.1,1.6,3.2,100
Dingling 2016-03-09,Dingling,2016-03-09,03 Mar,Spring,24,24,7.2,26.6,2,2.1,225,75.7,0.9,3.5,100
Dingling 2016-03-10,Dingling,2016-03-10,03 Mar,Spring,24,24,10.6,53.5,3.8,2.8,300,77.3,1.8,3.2,100
Dingling 2016-03-11,Dingling,2016-03-11,03 Mar,Spring,24,24,20.1,49.1,4.3,9.6,417,75.2,3.3,2.3,100
Dingling 2016-03-12,Dingling,2016-03-12,03 Mar,Spring,24,24,95.5,130.5,20.8,60.5,1383,28.3,2.1,1.2,100
Dingling 2016-03-13,Dingling,2016-03-13,03 Mar,Spring,24,24,12.2,41.2,2.6,10.4,450,84.8,6.7,2.9,100
Dingling 2016-03-14,Dingling,2016-03-14,03 Mar,Spring,24,23,53.5,100.4,10.2,39.8,791,49.3,7.1,1.5,95.8
Dingling 2016-03-15,Dingling,2016-03-15,03 Mar,Spring,24,20,116.8,190.3,22.2,77,1300,22.7,7.9,1.4,83.3
Dingling 2016-03-16,Dingling,2016-03-16,03 Mar,Spring,24,23,232,263,27.8,79,1874,56.1,8.7,1.2,95.8
Dingling 2016-03-17,Dingling,2016-03-17,03 Mar,Spring,24,24,321.1,322.2,23.5,84.3,2213,63.3,9.8,1.1,100
Dingling 2016-03-18,Dingling,2016-03-18,03 Mar,Spring,24,24,155.4,191.3,11.9,34.4,1679,74,13.9,1.9,100
Dingling 2016-03-19,Dingling,2016-03-19,03 Mar,Spring,24,24,44.6,120.9,8.8,34.1,888,48.4,10.7,1.9,100
Dingling 2016-03-20,Dingling,2016-03-20,03 Mar,Spring,24,24,55.4,106.2,5.5,41,842,49.1,11.5,1.5,100
Dingling 2016-03-21,Dingling,2016-03-21,03 Mar,Spring,24,24,98.6,147.2,10.5,47,988,79.5,11.9,1.4,100
Dingling 2016-03-22,Dingling,2016-03-22,03 Mar,Spring,24,24,104.8,188.3,17.3,48.8,1313,60.3,13.1,1.3,100
Dingling 2016-03-23,Dingling,2016-03-23,03 Mar,Spring,24,23,5.4,32,2.7,2.1,365,93.5,10.3,2.8,95.8
Dingling 2016-03-24,Dingling,2016-03-24,03 Mar,Spring,24,24,7.3,18.3,2.4,3.8,304,88.6,8.9,2.1,100
Dingling 2016-03-25,Dingling,2016-03-25,03 Mar,Spring,24,24,7.4,17.9,2,4.1,300,91.2,10.2,2.2,100
Dingling 2016-03-26,Dingling,2016-03-26,03 Mar,Spring,24,23,8.6,46.5,9.4,6.5,358,88,13.4,2.9,95.8
Dingling 2016-03-27,Dingling,2016-03-27,03 Mar,Spring,24,24,9.8,37,14.8,14.4,413,77.9,14.9,2.4,100
Dingling 2016-03-28,Dingling,2016-03-28,03 Mar,Spring,24,24,40,149.1,6.5,37,617,54.8,13.6,1.9,100
Dingling 2016-03-29,Dingling,2016-03-29,03 Mar,Spring,24,24,9.3,49,4,,413,89.7,16.2,2.9,100
Dingling 2016-03-30,Dingling,2016-03-30,03 Mar,Spring,24,23,21.8,68.5,8.7,22.1,492,76,15.5,2,95.8
Dingling 2016-03-31,Dingling,2016-03-31,03 Mar,Spring,24,22,131.5,247.3,36.6,59.1,1409,79.2,15.1,2,91.7
Dingling 2016-04-01,Dingling,2016-04-01,04 Apr,Spring,24,24,47.9,180.3,5.3,17.1,879,82.6,17.2,3.6,100
Dingling 2016-04-02,Dingling,2016-04-02,04 Apr,Spring,24,24,7.2,36.5,2,2,500,87.6,14.7,3.1,100
Dingling 2016-04-03,Dingling,2016-04-03,04 Apr,Spring,24,24,14.8,48.5,2.3,11.1,375,79.3,14.3,1.8,100
Dingling 2016-04-04,Dingling,2016-04-04,04 Apr,Spring,24,24,53.8,100.4,5.7,30.5,317,81.7,14.1,1.9,100
Dingling 2016-04-05,Dingling,2016-04-05,04 Apr,Spring,24,24,93.7,147,13.5,31.8,826,106.3,15.5,2.1,100
Dingling 2016-04-06,Dingling,2016-04-06,04 Apr,Spring,24,23,129.7,195.3,26.3,61.3,1963,57.6,13.9,1.3,95.8
Dingling 2016-04-07,Dingling,2016-04-07,04 Apr,Spring,24,24,53.6,138.3,3.8,15.1,808,77.6,17.6,2.9,100
Dingling 2016-04-08,Dingling,2016-04-08,04 Apr,Spring,24,22,18.3,91.1,2.3,12.4,113,74.3,18.2,3.5,91.7
Dingling 2016-04-09,Dingling,2016-04-09,04 Apr,Spring,24,24,51.6,262,8.1,32.4,563,64.5,16.9,2.6,100
Dingling 2016-04-10,Dingling,2016-04-10,04 Apr,Spring,24,21,59.1,202,9.4,30.3,757,69.5,13.6,2.4,87.5
Dingling 2016-04-11,Dingling,2016-04-11,04 Apr,Spring,24,23,38.9,104.4,7.9,29.4,554,66.7,11,2.8,95.8
Dingling 2016-04-12,Dingling,2016-04-12,04 Apr,Spring,24,24,75.9,79.3,3.2,54.6,658,40.1,11,1.5,100
Dingling 2016-04-13,Dingling,2016-04-13,04 Apr,Spring,24,24,74.4,105.4,2.6,25.6,538,70.8,16.7,2.7,100
Dingling 2016-04-14,Dingling,2016-04-14,04 Apr,Spring,24,22,26.3,99,2.7,8.6,352,92.1,17.8,2.6,91.7
Dingling 2016-04-15,Dingling,2016-04-15,04 Apr,Spring,24,24,44.2,87.2,9.8,37.7,783,61,15.2,1.9,100
Dingling 2016-04-16,Dingling,2016-04-16,04 Apr,Spring,24,24,25.3,109.2,2,8.3,238,77.5,15.4,3.7,100
Dingling 2016-04-17,Dingling,2016-04-17,04 Apr,Spring,24,24,7.8,41,2,3,204,94.3,15.1,4.4,100
Dingling 2016-04-18,Dingling,2016-04-18,04 Apr,Spring,24,24,11.5,29.7,2.1,9.2,233,80.5,14.5,2.3,100
Dingling 2016-04-19,Dingling,2016-04-19,04 Apr,Spring,24,24,61.2,87.6,14,46.5,1125,43.5,12.4,1.9,100
Dingling 2016-04-20,Dingling,2016-04-20,04 Apr,Spring,24,23,64.3,78.6,7.4,26.4,770,91,18.4,1.6,95.8
Dingling 2016-04-21,Dingling,2016-04-21,04 Apr,Spring,24,23,73.4,131,4.6,22.6,465,91.7,20.2,2.7,95.8
Dingling 2016-04-22,Dingling,2016-04-22,04 Apr,Spring,24,24,32.9,132.7,2.2,2.8,188,97.2,19.7,3.9,100
Dingling 2016-04-23,Dingling,2016-04-23,04 Apr,Spring,24,24,17.3,48.6,2,8.5,258,88.4,17.6,2.7,100
Dingling 2016-04-24,Dingling,2016-04-24,04 Apr,Spring,24,24,92.7,141.4,10,42.7,808,78,16.8,1.7,100
Dingling 2016-04-25,Dingling,2016-04-25,04 Apr,Spring,24,24,112.5,161.8,9.8,34.2,767,120.2,20.8,2.8,100
Dingling 2016-04-26,Dingling,2016-04-26,04 Apr,Spring,24,20,91.6,141.5,18.9,33.1,1283,103.4,18.1,1.9,83.3
Dingling 2016-04-27,Dingling,2016-04-27,04 Apr,Spring,24,23,86.7,105.3,6.4,44,896,70.8,15.3,1.3,95.8
Dingling 2016-04-28,Dingling,2016-04-28,04 Apr,Spring,24,24,86.2,97.4,5.7,33,758,112,18.3,2,100
Dingling 2016-04-29,Dingling,2016-04-29,04 Apr,Spring,24,24,128.3,136.5,10.6,38.5,1092,108.9,17.3,1.6,100
Dingling 2016-04-30,Dingling,2016-04-30,04 Apr,Spring,24,21,146.9,175.9,6.8,36.8,1023,154.7,22.1,2,87.5
Dingling 2016-05-01,Dingling,2016-05-01,05 May,Spring,24,24,195.7,197.8,13.8,40.2,1683,147.7,22.7,1.4,100
Dingling 2016-05-02,Dingling,2016-05-02,05 May,Spring,24,24,51.9,92.4,2.3,3.2,188,81.2,14.8,2.3,100
Dingling 2016-05-03,Dingling,2016-05-03,05 May,Spring,24,24,44.8,62.6,2,4.8,217,84.8,18.8,3.3,100
Dingling 2016-05-04,Dingling,2016-05-04,05 May,Spring,24,9,,,2.3,20.4,338,85.4,20.7,1.9,37.5
Dingling 2016-05-05,Dingling,2016-05-05,05 May,Spring,24,21,61.6,146.1,8,32.5,667,82.1,20.9,1.9,87.5
Dingling 2016-05-06,Dingling,2016-05-06,05 May,Spring,24,24,61.2,106.3,2,2,146,93.1,19.9,4.2,100
Dingling 2016-05-07,Dingling,2016-05-07,05 May,Spring,24,23,11.3,37.8,2.3,8.9,225,94.2,20.5,2.2,95.8
Dingling 2016-05-08,Dingling,2016-05-08,05 May,Spring,24,24,55.1,105.9,8.5,34.8,633,96.7,19.6,1.9,100
Dingling 2016-05-09,Dingling,2016-05-09,05 May,Spring,24,24,30.1,62,2.1,19.9,371,66.7,17.6,1.5,100
Dingling 2016-05-10,Dingling,2016-05-10,05 May,Spring,24,24,29.2,54.8,2,13.5,363,99,20.6,1.7,100
Dingling 2016-05-11,Dingling,2016-05-11,05 May,Spring,24,24,143.3,157.7,10.7,31.9,,119.5,21.7,1.6,100
Dingling 2016-05-12,Dingling,2016-05-12,05 May,Spring,24,24,29.8,42.7,13.3,9.5,292,88.7,17.5,3.3,100
Dingling 2016-05-13,Dingling,2016-05-13,05 May,Spring,24,24,22,44.2,4.8,17.8,300,82.1,17.1,2.7,100
Dingling 2016-05-14,Dingling,2016-05-14,05 May,Spring,24,24,32.1,38.4,2,29.8,450,63.8,14,1.5,100
Dingling 2016-05-15,Dingling,2016-05-15,05 May,Spring,24,24,15.3,22,2,8.2,258,59.6,17.4,1.9,100
Dingling 2016-05-16,Dingling,2016-05-16,05 May,Spring,24,24,11.3,30,2,12.3,250,80.1,22.3,2.4,100
Dingling 2016-05-17,Dingling,2016-05-17,05 May,Spring,24,21,41.4,79.3,2.6,21.5,305,138.9,23.9,2.2,87.5
Dingling 2016-05-18,Dingling,2016-05-18,05 May,Spring,24,24,55,100.2,2.1,23.8,342,135.4,23.7,2,100
Dingling 2016-05-19,Dingling,2016-05-19,05 May,Spring,24,24,74.5,104.3,2,23.3,475,148.2,23.3,2.2,100
Dingling 2016-05-20,Dingling,2016-05-20,05 May,Spring,24,24,82.2,107.8,2,25.6,758,160.3,23,2,100
Dingling 2016-05-21,Dingling,2016-05-21,05 May,Spring,24,24,58.9,82.4,2,18.3,488,150.9,22.6,1.7,100
Dingling 2016-05-22,Dingling,2016-05-22,05 May,Spring,24,24,38,77.1,2,15,354,146.2,23.3,1.7,100
Dingling 2016-05-23,Dingling,2016-05-23,05 May,Spring,24,22,59.3,89.2,2,28.3,346,,19.3,2,91.7
Dingling 2016-05-24,Dingling,2016-05-24,05 May,Spring,24,24,12,27.8,2.3,11.1,175,,20.6,2.8,100
Dingling 2016-05-25,Dingling,2016-05-25,05 May,Spring,24,24,10.8,24,2,10.5,275,85.9,21.2,2.2,100
Dingling 2016-05-26,Dingling,2016-05-26,05 May,Spring,24,24,15.2,39,2,8,225,89.1,23.6,2.8,100
Dingling 2016-05-27,Dingling,2016-05-27,05 May,Spring,24,23,38,82.1,,19.5,474,114.3,23.2,2.1,95.8
Dingling 2016-05-28,Dingling,2016-05-28,05 May,Spring,24,24,63,107.1,,27.3,846,139.3,23.4,1.9,100
Dingling 2016-05-29,Dingling,2016-05-29,05 May,Spring,24,24,19.3,45.6,,9.1,254,113.4,25.2,2.2,100
Dingling 2016-05-30,Dingling,2016-05-30,05 May,Spring,24,24,67.8,143.3,7.5,28,879,192.7,26,1.5,100
Dingling 2016-05-31,Dingling,2016-05-31,05 May,Spring,24,22,58.6,158.6,9.1,25.9,922,115,24.6,1.8,91.7
Dingling 2016-06-01,Dingling,2016-06-01,06 Jun,Summer,24,24,31.3,86.5,2.7,19.7,517,108.2,24.1,1.9,100
Dingling 2016-06-02,Dingling,2016-06-02,06 Jun,Summer,24,24,47.3,82.3,5.3,22.9,679,164.5,24.8,1.9,100
Dingling 2016-06-03,Dingling,2016-06-03,06 Jun,Summer,24,24,68.1,98.8,11.6,32.8,925,158.3,23.8,1.4,100
Dingling 2016-06-04,Dingling,2016-06-04,06 Jun,Summer,24,24,95.3,121.4,10.8,30.6,933,177.5,25.8,1.7,100
Dingling 2016-06-05,Dingling,2016-06-05,06 Jun,Summer,24,24,87.5,114.6,8,30.7,808,162,24.7,1.9,100
Dingling 2016-06-06,Dingling,2016-06-06,06 Jun,Summer,24,24,77.1,89.5,4.8,27,733,160,24.3,1.7,100
Dingling 2016-06-07,Dingling,2016-06-07,06 Jun,Summer,24,24,53.9,61.8,2,,663,95,22.5,1.7,100
Dingling 2016-06-08,Dingling,2016-06-08,06 Jun,Summer,24,24,92.6,93.2,2,,908,122.2,24.4,1.7,100
Dingling 2016-06-09,Dingling,2016-06-09,06 Jun,Summer,24,24,117.5,135.3,4.8,27.8,967,147.9,26.3,2.6,100
Dingling 2016-06-10,Dingling,2016-06-10,06 Jun,Summer,24,24,30.8,35,2,11.5,458,116.2,24.5,2.1,100
Dingling 2016-06-11,Dingling,2016-06-11,06 Jun,Summer,24,24,5.7,13.3,2.1,2.3,229,82.1,26.3,3,100
Dingling 2016-06-12,Dingling,2016-06-12,06 Jun,Summer,24,24,54.1,65,3.5,18.9,779,127.4,24.6,1.6,100
Dingling 2016-06-13,Dingling,2016-06-13,06 Jun,Summer,24,24,30.5,32.4,2,15.6,454,91,19.4,1.4,100
Dingling 2016-06-14,Dingling,2016-06-14,06 Jun,Summer,24,24,24.3,26.6,2,11.8,500,80.9,18.9,1.3,100
Dingling 2016-06-15,Dingling,2016-06-15,06 Jun,Summer,24,24,12.8,24.2,2.1,12,379,101.8,24.2,1.5,100
Dingling 2016-06-16,Dingling,2016-06-16,06 Jun,Summer,24,24,14.2,20.7,2.2,12.3,154,81.9,27,1.8,100
Dingling 2016-06-17,Dingling,2016-06-17,06 Jun,Summer,24,24,14.2,31.4,2,5.4,100,78.7,25.1,1.7,100
Dingling 2016-06-18,Dingling,2016-06-18,06 Jun,Summer,24,24,27.1,46.6,3.3,18.8,467,108.5,26.4,1.9,100
Dingling 2016-06-19,Dingling,2016-06-19,06 Jun,Summer,24,24,34.3,53.9,2.9,22.6,479,122.3,27.8,1.7,100
Dingling 2016-06-20,Dingling,2016-06-20,06 Jun,Summer,24,24,81,96.5,2.8,29.7,625,139.8,27.4,1.6,100
Dingling 2016-06-21,Dingling,2016-06-21,06 Jun,Summer,24,24,56.3,64.6,2.3,20.3,388,127.4,26.9,1.9,100
Dingling 2016-06-22,Dingling,2016-06-22,06 Jun,Summer,24,24,53.9,62.8,2,23.9,550,126.9,27.4,1.7,100
Dingling 2016-06-23,Dingling,2016-06-23,06 Jun,Summer,24,24,49.3,64.6,2.6,18.3,654,98.3,28.4,1.5,100
Dingling 2016-06-24,Dingling,2016-06-24,06 Jun,Summer,24,22,7.9,22.2,2.1,3.4,177,81.9,28.1,2.9,91.7
Dingling 2016-06-25,Dingling,2016-06-25,06 Jun,Summer,24,24,15.9,28.4,2.2,6,263,99.8,30.9,2.6,100
Dingling 2016-06-26,Dingling,2016-06-26,06 Jun,Summer,24,24,35.3,63.5,2.9,21.7,396,133,30.1,2.4,100
Dingling 2016-06-27,Dingling,2016-06-27,06 Jun,Summer,24,24,53.1,72.3,2.9,26.1,596,120.1,25.7,1.8,100
Dingling 2016-06-28,Dingling,2016-06-28,06 Jun,Summer,24,24,56.9,58.4,2,22.9,617,79.6,20.4,1.8,100
Dingling 2016-06-29,Dingling,2016-06-29,06 Jun,Summer,24,24,102.6,102.6,2,28.8,783,92.8,24.1,1.3,100
Dingling 2016-06-30,Dingling,2016-06-30,06 Jun,Summer,24,24,41.4,45.8,2,12,500,88.4,27.4,1.7,100
Dingling 2016-07-01,Dingling,2016-07-01,07 Jul,Summer,24,24,6.8,15.8,2,2,200,,27.5,1.8,100
Dingling 2016-07-02,Dingling,2016-07-02,07 Jul,Summer,24,24,20.3,32.2,2.3,14.7,296,,27.3,1.9,100
Dingling 2016-07-03,Dingling,2016-07-03,07 Jul,Summer,24,24,65.7,77,5,27.5,654,,26.8,1.6,100
Dingling 2016-07-04,Dingling,2016-07-04,07 Jul,Summer,24,21,113.6,130.3,3.7,22.9,1058,,27.9,2.1,87.5
Dingling 2016-07-05,Dingling,2016-07-05,07 Jul,Summer,24,24,82.2,88.7,3.4,8.9,804,,28,2.2,100
Dingling 2016-07-06,Dingling,2016-07-06,07 Jul,Summer,24,24,81.6,89.6,2.8,18.6,763,,28.2,1.8,100
Dingling 2016-07-07,Dingling,2016-07-07,07 Jul,Summer,24,24,100.4,103.9,4.9,24.3,1008,,28.3,2,100
Dingling 2016-07-08,Dingling,2016-07-08,07 Jul,Summer,24,24,98.9,98.9,4.5,25.1,1083,,28.4,2.3,100
Dingling 2016-07-09,Dingling,2016-07-09,07 Jul,Summer,24,24,78.9,78.9,2.7,27.5,708,,30.4,2.1,100
Dingling 2016-07-10,Dingling,2016-07-10,07 Jul,Summer,24,24,92.4,92.4,3,24.7,808,,31.1,1.9,100
Dingling 2016-07-11,Dingling,2016-07-11,07 Jul,Summer,24,24,83.6,83.6,3.8,23.7,675,,31.3,2.2,100
Dingling 2016-07-12,Dingling,2016-07-12,07 Jul,Summer,24,24,27.4,27.4,2.1,13.6,529,,27.1,1.7,100
Dingling 2016-07-13,Dingling,2016-07-13,07 Jul,Summer,24,24,10.5,29,2,9.7,663,,29.4,1.5,100
Dingling 2016-07-14,Dingling,2016-07-14,07 Jul,Summer,24,24,31,45,2.8,20.4,658,94.3,27.1,1.6,100
Dingling 2016-07-15,Dingling,2016-07-15,07 Jul,Summer,24,24,24.7,25.1,2,6.9,496,77.3,21.2,1.3,100
Dingling 2016-07-16,Dingling,2016-07-16,07 Jul,Summer,24,24,20.3,24.2,2,9.9,525,44.8,22,1,100
Dingling 2016-07-17,Dingling,2016-07-17,07 Jul,Summer,24,24,62.4,64.1,2.5,18.4,858,116.7,25.8,1.4,100
Dingling 2016-07-18,Dingling,2016-07-18,07 Jul,Summer,24,24,103.3,103.3,2.1,23,1013,108.9,25.6,1.6,100
Dingling 2016-07-19,Dingling,2016-07-19,07 Jul,Summer,24,24,67.6,67.6,2,12.5,833,69.7,23.5,1.1,100
Dingling 2016-07-20,Dingling,2016-07-20,07 Jul,Summer,24,24,23.2,24,2,5.4,591,63.5,22.1,1.7,100
Dingling 2016-07-21,Dingling,2016-07-21,07 Jul,Summer,24,24,13.9,15.4,2,9,543,42.3,24.1,1.2,100
Dingling 2016-07-22,Dingling,2016-07-22,07 Jul,Summer,24,20,50.8,51,2,,885,80,27.3,1.3,83.3
Dingling 2016-07-23,Dingling,2016-07-23,07 Jul,Summer,24,24,89.3,89.3,2,16.7,917,106.2,28.7,1.7,100
Dingling 2016-07-24,Dingling,2016-07-24,07 Jul,Summer,24,24,40.1,45.6,2,11.5,671,94.9,28.2,1.6,100
Dingling 2016-07-25,Dingling,2016-07-25,07 Jul,Summer,24,24,32.9,35,2,12.2,613,62.2,27.7,1.4,100
Dingling 2016-07-26,Dingling,2016-07-26,07 Jul,Summer,24,24,17.1,27.3,2.2,8.2,463,74.5,28.3,1.4,100
Dingling 2016-07-27,Dingling,2016-07-27,07 Jul,Summer,24,24,27.5,42.6,2.1,12,513,122.5,27.8,1.8,100
Dingling 2016-07-28,Dingling,2016-07-28,07 Jul,Summer,24,22,32.2,39.2,2.7,5.3,,,27.2,1.3,91.7
Dingling 2016-07-29,Dingling,2016-07-29,07 Jul,Summer,24,24,116.3,116.3,2,6.5,,132.1,29,1.7,100
Dingling 2016-07-30,Dingling,2016-07-30,07 Jul,Summer,24,22,125.9,126.8,2.3,12.1,,88.5,27.5,1.7,91.7
Dingling 2016-07-31,Dingling,2016-07-31,07 Jul,Summer,24,24,38.7,40.7,2,6.2,,79.4,25.7,1.4,100
Dingling 2016-08-01,Dingling,2016-08-01,08 Aug,Summer,24,23,50.5,56.3,2,6.3,,93.2,28.5,1.3,95.8
Dingling 2016-08-02,Dingling,2016-08-02,08 Aug,Summer,24,24,32,36.8,2,4.6,604,86.3,29.4,1.4,100
Dingling 2016-08-03,Dingling,2016-08-03,08 Aug,Summer,24,19,,,,,,,29.8,1.4,79.2
Dingling 2016-08-04,Dingling,2016-08-04,08 Aug,Summer,24,24,76,82.3,2,12,963,134.6,29.7,1.8,100
Dingling 2016-08-05,Dingling,2016-08-05,08 Aug,Summer,24,24,69,73.2,2,13.5,825,100,29.5,1.8,100
Dingling 2016-08-06,Dingling,2016-08-06,08 Aug,Summer,24,24,89.9,90.9,2,14.1,808,112.4,29.1,1.8,100
Dingling 2016-08-07,Dingling,2016-08-07,08 Aug,Summer,24,24,13.8,18.3,2,4.7,458,82.9,27,1.7,100
Dingling 2016-08-08,Dingling,2016-08-08,08 Aug,Summer,24,24,22,26.3,2,4.7,475,77.1,27.9,1.5,100
Dingling 2016-08-09,Dingling,2016-08-09,08 Aug,Summer,24,24,41.2,51.7,3.5,6.9,979,128.9,27.7,1.8,100
Dingling 2016-08-10,Dingling,2016-08-10,08 Aug,Summer,24,21,73.8,86.2,2.2,11.7,922,105.3,29.7,1.8,87.5
Dingling 2016-08-11,Dingling,2016-08-11,08 Aug,Summer,24,24,93.2,99,2.1,5.8,942,96.2,30.6,1.4,100
Dingling 2016-08-12,Dingling,2016-08-12,08 Aug,Summer,24,24,60.2,61.6,2,9.3,825,42.6,28.1,1.4,100
Dingling 2016-08-13,Dingling,2016-08-13,08 Aug,Summer,24,24,14.9,21.5,2.6,14.4,558,39.5,26.2,1.5,100
Dingling 2016-08-14,Dingling,2016-08-14,08 Aug,Summer,24,24,11.9,20.3,3.2,8.2,483,76.8,28.7,1.4,100
Dingling 2016-08-15,Dingling,2016-08-15,08 Aug,Summer,24,24,14.8,21.6,2,10.8,442,60.9,24.8,1.5,100
Dingling 2016-08-16,Dingling,2016-08-16,08 Aug,Summer,24,23,19.3,25.7,2,9.1,483,75.8,25.8,1.8,95.8
Dingling 2016-08-17,Dingling,2016-08-17,08 Aug,Summer,24,24,42.9,47.2,2,12.1,679,44.2,24.6,1,100
Dingling 2016-08-18,Dingling,2016-08-18,08 Aug,Summer,24,24,51.2,51.2,2,8.5,1375,58.6,22.9,1,100
Dingling 2016-08-19,Dingling,2016-08-19,08 Aug,Summer,24,24,8,14.5,2,3,625,71.1,27.9,1.7,100
Dingling 2016-08-20,Dingling,2016-08-20,08 Aug,Summer,24,24,37.8,43.7,2,6.9,675,86.9,26.8,1.4,100
Dingling 2016-08-21,Dingling,2016-08-21,08 Aug,Summer,24,24,42.6,54.2,2,8.6,721,125.1,28.3,1.5,100
Dingling 2016-08-22,Dingling,2016-08-22,08 Aug,Summer,24,24,57,64.4,2.6,14.9,908,97.3,28.2,1.7,100
Dingling 2016-08-23,Dingling,2016-08-23,08 Aug,Summer,24,24,64.9,68.5,2.2,13.5,775,76.2,25.9,1.6,100
Dingling 2016-08-24,Dingling,2016-08-24,08 Aug,Summer,24,24,65.3,71,2.2,14.4,779,93,27.4,1.3,100
Dingling 2016-08-25,Dingling,2016-08-25,08 Aug,Summer,24,24,8,13.7,2,2.8,225,75.9,27,3,100
Dingling 2016-08-26,Dingling,2016-08-26,08 Aug,Summer,24,24,7.5,15.7,2.3,3.3,254,64.8,23.8,1.7,100
Dingling 2016-08-27,Dingling,2016-08-27,08 Aug,Summer,24,24,9.7,20.9,2,6,317,58.9,23.8,1.7,100
Dingling 2016-08-28,Dingling,2016-08-28,08 Aug,Summer,24,24,8.1,18.3,2,4.7,271,67.6,26.3,2.5,100
Dingling 2016-08-29,Dingling,2016-08-29,08 Aug,Summer,24,24,11.6,26.8,2,7.8,258,69.5,24.4,1.3,100
Dingling 2016-08-30,Dingling,2016-08-30,08 Aug,Summer,24,24,20.2,38.1,2.8,11.6,371,89.5,25.5,1.5,100
Dingling 2016-08-31,Dingling,2016-08-31,08 Aug,Summer,24,24,9.9,29.6,3,6.4,229,61.3,27.4,2.5,100
Dingling 2016-09-01,Dingling,2016-09-01,09 Sep,Autumn,24,22,5.3,41.9,2,3.6,179,49.3,24.5,2.1,91.7
Dingling 2016-09-02,Dingling,2016-09-02,09 Sep,Autumn,24,24,6.7,26.5,2,10.5,238,44.8,23.8,1.5,100
Dingling 2016-09-03,Dingling,2016-09-03,09 Sep,Autumn,24,24,11.8,22.8,2.3,12.8,329,75.2,24.9,1.5,100
Dingling 2016-09-04,Dingling,2016-09-04,09 Sep,Autumn,24,24,90,93.7,3.3,20.2,1079,111.9,24.3,1.4,100
Dingling 2016-09-05,Dingling,2016-09-05,09 Sep,Autumn,24,24,23.6,25.9,3.4,10,429,56.6,24.2,1.8,100
Dingling 2016-09-06,Dingling,2016-09-06,09 Sep,Autumn,24,18,,,,,,,25.2,1.8,75
Dingling 2016-09-07,Dingling,2016-09-07,09 Sep,Autumn,24,13,,,,,,,23.4,1.9,54.2
Dingling 2016-09-08,Dingling,2016-09-08,09 Sep,Autumn,24,20,12.5,30.1,,10.6,375,58.6,23.7,2,83.3
Dingling 2016-09-09,Dingling,2016-09-09,09 Sep,Autumn,24,24,12.1,20.3,,8.4,400,53.3,24.4,1.7,100
Dingling 2016-09-10,Dingling,2016-09-10,09 Sep,Autumn,24,24,10.4,30,5.7,11.5,379,67.9,24.8,1.7,100
Dingling 2016-09-11,Dingling,2016-09-11,09 Sep,Autumn,24,24,22.5,24.3,2.2,11,617,75,21.6,1.6,100
Dingling 2016-09-12,Dingling,2016-09-12,09 Sep,Autumn,24,24,23.8,24.2,2,4.8,,46.4,22.6,1.4,100
Dingling 2016-09-13,Dingling,2016-09-13,09 Sep,Autumn,24,24,82.8,83.8,2,15.3,213,61.7,22.5,1.4,100
Dingling 2016-09-14,Dingling,2016-09-14,09 Sep,Autumn,24,24,93.5,99.5,2.4,12.1,125,113.8,22.4,1.6,100
Dingling 2016-09-15,Dingling,2016-09-15,09 Sep,Autumn,24,24,32,38.6,5.3,3.4,100,104.2,24.2,1.4,100
Dingling 2016-09-16,Dingling,2016-09-16,09 Sep,Autumn,24,24,108.3,109.9,3.2,6,867,124.5,23.9,1.5,100
Dingling 2016-09-17,Dingling,2016-09-17,09 Sep,Autumn,24,24,41.4,44,2.1,14,633,43.2,20.6,1.1,100
Dingling 2016-09-18,Dingling,2016-09-18,09 Sep,Autumn,24,24,15.8,16.7,2.6,8.2,343,30.9,18.1,1.5,100
Dingling 2016-09-19,Dingling,2016-09-19,09 Sep,Autumn,24,23,5.7,10.2,2,6.2,235,49.4,18.9,1.6,95.8
Dingling 2016-09-20,Dingling,2016-09-20,09 Sep,Autumn,24,12,,,,,,,19.4,1.5,50
Dingling 2016-09-21,Dingling,2016-09-21,09 Sep,Autumn,24,11,,,,,,,17.5,1.2,45.8
Dingling 2016-09-22,Dingling,2016-09-22,09 Sep,Autumn,24,24,79.4,79.7,2.8,17.1,579,57.9,18.4,1.1,100
Dingling 2016-09-23,Dingling,2016-09-23,09 Sep,Autumn,24,21,95.1,95.1,2,17.6,586,102.3,21,1.3,87.5
Dingling 2016-09-24,Dingling,2016-09-24,09 Sep,Autumn,24,24,71.9,77.1,5.5,10,691,124.4,21.9,1.4,100
Dingling 2016-09-25,Dingling,2016-09-25,09 Sep,Autumn,24,24,124.1,124.8,4,13.1,1146,80.8,,,100
Dingling 2016-09-26,Dingling,2016-09-26,09 Sep,Autumn,24,24,49.9,53.1,2.3,13.1,642,68.5,19.6,1.2,100
Dingling 2016-09-27,Dingling,2016-09-27,09 Sep,Autumn,24,23,17.9,20.5,2.6,4.6,183,63.9,17.6,3.3,95.8
Dingling 2016-09-28,Dingling,2016-09-28,09 Sep,Autumn,24,24,8.7,9.6,2.1,2.1,100,57.7,14.8,1.4,100
Dingling 2016-09-29,Dingling,2016-09-29,09 Sep,Autumn,24,21,32.8,37,2.2,19.8,236,65.4,14.5,1.3,87.5
Dingling 2016-09-30,Dingling,2016-09-30,09 Sep,Autumn,24,24,81.8,89,2,24.5,575,99.3,17,1.3,100
Dingling 2016-10-01,Dingling,2016-10-01,10 Oct,Autumn,24,24,151.7,160.4,2.3,35.1,1154,113.3,18.8,1.3,100
Dingling 2016-10-02,Dingling,2016-10-02,10 Oct,Autumn,24,24,163.2,164.2,2,23.7,1117,100.5,18.9,1.2,100
Dingling 2016-10-03,Dingling,2016-10-03,10 Oct,Autumn,24,24,118.4,125,2,24.2,867,76.3,21.9,1.3,100
Dingling 2016-10-04,Dingling,2016-10-04,10 Oct,Autumn,24,24,32.3,46.3,2.8,19.5,1008,33.8,16.4,1.8,100
Dingling 2016-10-05,Dingling,2016-10-05,10 Oct,Autumn,24,24,41.8,45,2,19.5,804,37.7,15.8,1.4,100
Dingling 2016-10-06,Dingling,2016-10-06,10 Oct,Autumn,24,24,73.8,77.7,2,28.9,1471,7.9,14.8,1.6,100
Dingling 2016-10-07,Dingling,2016-10-07,10 Oct,Autumn,24,23,27.9,27.9,2,26.5,1343,16.6,12.4,1.6,95.8
Dingling 2016-10-08,Dingling,2016-10-08,10 Oct,Autumn,24,15,,18.3,2.1,5.5,204,55.5,11.8,2.6,62.5
Dingling 2016-10-09,Dingling,2016-10-09,10 Oct,Autumn,24,0,,33.1,2,24.7,358,36.5,9.6,1.1,0
Dingling 2016-10-10,Dingling,2016-10-10,10 Oct,Autumn,24,3,,87.2,2.8,39.5,675,32.1,11.3,1.2,12.5
Dingling 2016-10-11,Dingling,2016-10-11,10 Oct,Autumn,24,0,,76,5.5,33.2,1108,44.5,14.4,1.7,0
Dingling 2016-10-12,Dingling,2016-10-12,10 Oct,Autumn,24,0,,,5.2,41.3,1163,25.3,13.8,1.3,0
Dingling 2016-10-13,Dingling,2016-10-13,10 Oct,Autumn,24,6,,,3.7,25.2,992,55.8,14.8,1,25
Dingling 2016-10-14,Dingling,2016-10-14,10 Oct,Autumn,24,24,227.3,227.3,5.5,33.9,1408,58.8,15.9,1.2,100
Dingling 2016-10-15,Dingling,2016-10-15,10 Oct,Autumn,24,23,208,208,2.7,46.9,1343,9.2,14.4,0.9,95.8
Dingling 2016-10-16,Dingling,2016-10-16,10 Oct,Autumn,24,24,139.3,139.3,3,54,975,22.3,15.2,1.3,100
Dingling 2016-10-17,Dingling,2016-10-17,10 Oct,Autumn,24,24,25.2,39.4,2.5,20.2,363,42,15.9,1.8,100
Dingling 2016-10-18,Dingling,2016-10-18,10 Oct,Autumn,24,24,111.6,123.3,3.6,43.8,1475,16.7,14.9,1.5,100
Dingling 2016-10-19,Dingling,2016-10-19,10 Oct,Autumn,24,23,193.7,194.3,6.4,37.6,1858,36.2,17.4,1.1,95.8
Dingling 2016-10-20,Dingling,2016-10-20,10 Oct,Autumn,24,24,103.5,117.3,4.8,9.2,1175,21.9,14,1.7,100
Dingling 2016-10-21,Dingling,2016-10-21,10 Oct,Autumn,24,24,37.8,37.8,2,5.8,575,31.3,10.1,1,100
Dingling 2016-10-22,Dingling,2016-10-22,10 Oct,Autumn,24,24,11.5,17.8,2,4.5,429,23.3,12.4,1.5,100
Dingling 2016-10-23,Dingling,2016-10-23,10 Oct,Autumn,24,24,18.5,28.8,2,9.8,400,13.2,9.9,1.1,100
Dingling 2016-10-24,Dingling,2016-10-24,10 Oct,Autumn,24,24,46.5,61.5,2,22.5,675,10,8.8,1.1,100
Dingling 2016-10-25,Dingling,2016-10-25,10 Oct,Autumn,24,23,70.8,88.5,2.5,44.8,1046,8.5,10.6,1.2,95.8
Dingling 2016-10-26,Dingling,2016-10-26,10 Oct,Autumn,24,24,28.3,57.1,2.1,22,496,32.3,12.1,1.7,100
Dingling 2016-10-27,Dingling,2016-10-27,10 Oct,Autumn,24,24,27.1,49.5,2.6,25.2,671,12.6,8.8,1.5,100
Dingling 2016-10-28,Dingling,2016-10-28,10 Oct,Autumn,24,24,10.2,16.9,2,5.5,309,44.7,8.6,2.4,100
Dingling 2016-10-29,Dingling,2016-10-29,10 Oct,Autumn,24,24,19.1,37,4.6,18.5,383,31.8,6.2,1.3,100
Dingling 2016-10-30,Dingling,2016-10-30,10 Oct,Autumn,24,24,26.4,45,3.6,19.9,408,34.5,5.8,2.6,100
Dingling 2016-10-31,Dingling,2016-10-31,10 Oct,Autumn,24,23,8.9,25.3,2.3,4.4,233,53.8,1.9,3.2,95.8
Dingling 2016-11-01,Dingling,2016-11-01,11 Nov,Autumn,24,24,34,50.2,5,34.8,525,22.9,1.7,1.3,100
Dingling 2016-11-02,Dingling,2016-11-02,11 Nov,Autumn,24,24,50.2,64.9,4.1,32.3,579,31.8,5.4,1.7,100
Dingling 2016-11-03,Dingling,2016-11-03,11 Nov,Autumn,24,24,112.4,135.5,5.5,68.3,1167,19.3,5.9,1.1,100
Dingling 2016-11-04,Dingling,2016-11-04,11 Nov,Autumn,24,24,229.1,246.1,3.6,114.4,2458,10.2,6.6,1.2,100
Dingling 2016-11-05,Dingling,2016-11-05,11 Nov,Autumn,24,24,147.8,153.6,4,74.3,2867,23.4,8.4,1.5,100
Dingling 2016-11-06,Dingling,2016-11-06,11 Nov,Autumn,24,24,71.3,80.5,6.4,40.6,1008,36.5,8,2.1,100
Dingling 2016-11-07,Dingling,2016-11-07,11 Nov,Autumn,24,24,24.1,28.5,3.7,18.6,500,41.1,7.9,2.2,100
Dingling 2016-11-08,Dingling,2016-11-08,11 Nov,Autumn,24,24,25.9,40,8.5,23.1,696,32.8,6,1.6,100
Dingling 2016-11-09,Dingling,2016-11-09,11 Nov,Autumn,24,22,103.5,134.1,4.7,55.9,1575,6.7,3,1.3,91.7
Dingling 2016-11-10,Dingling,2016-11-10,11 Nov,Autumn,24,23,151.4,160.8,2,57.1,1800,22.5,6.8,1.9,95.8
Dingling 2016-11-11,Dingling,2016-11-11,11 Nov,Autumn,24,24,39.4,85.8,7.7,20.4,533,26.1,5.3,1.2,100
Dingling 2016-11-12,Dingling,2016-11-12,11 Nov,Autumn,24,24,66.1,110,9.8,51.4,1126,19.5,6.8,1.5,100
Dingling 2016-11-13,Dingling,2016-11-13,11 Nov,Autumn,24,24,81.4,113.9,7.4,53,1500,6.5,7.6,1.4,100
Dingling 2016-11-14,Dingling,2016-11-14,11 Nov,Autumn,24,24,31.4,55.3,4.5,16.9,596,48.8,7.8,2.4,100
Dingling 2016-11-15,Dingling,2016-11-15,11 Nov,Autumn,24,24,33.9,44.5,9.8,40.3,1013,21.3,4,1.4,100
Dingling 2016-11-16,Dingling,2016-11-16,11 Nov,Autumn,24,24,87.3,123.5,19.2,69.1,1867,7.1,5.5,1.2,100
Dingling 2016-11-17,Dingling,2016-11-17,11 Nov,Autumn,24,24,118.1,142.2,24,65.4,2805,5.9,5.8,1.2,100
Dingling 2016-11-18,Dingling,2016-11-18,11 Nov,Autumn,24,24,186.5,243.8,21.2,82.8,3658,2.1,6.4,1,100
Dingling 2016-11-19,Dingling,2016-11-19,11 Nov,Autumn,24,24,75.3,99,10.5,28.3,1079,39.1,10.1,2.3,100
Dingling 2016-11-20,Dingling,2016-11-20,11 Nov,Autumn,24,24,56.7,60.5,4.5,36.1,1388,8.9,3.3,2.2,100
Dingling 2016-11-21,Dingling,2016-11-21,11 Nov,Autumn,24,24,6.3,16.4,2.3,3.1,254,65.6,-1.4,3.8,100
Dingling 2016-11-22,Dingling,2016-11-22,11 Nov,Autumn,24,24,6.9,18.2,2.7,3.3,304,61.2,-4.5,3.5,100
Dingling 2016-11-23,Dingling,2016-11-23,11 Nov,Autumn,24,24,8.9,14.8,5.3,7.8,367,54.6,-2,2.7,100
Dingling 2016-11-24,Dingling,2016-11-24,11 Nov,Autumn,24,24,44.6,61.7,12.3,40.1,1050,25.8,-0.8,1.5,100
Dingling 2016-11-25,Dingling,2016-11-25,11 Nov,Autumn,24,24,112.5,134.2,20.2,71.4,2133,5.4,-1,1.2,100
Dingling 2016-11-26,Dingling,2016-11-26,11 Nov,Autumn,24,24,147.5,254.9,15,73.7,2188,16.5,1.9,1.7,100
Dingling 2016-11-27,Dingling,2016-11-27,11 Nov,Autumn,24,24,26.8,61.5,3.7,13.8,438,56.6,3,2.7,100
Dingling 2016-11-28,Dingling,2016-11-28,11 Nov,Autumn,24,24,46.7,68.5,14.5,45.1,1104,18,1,1.2,100
Dingling 2016-11-29,Dingling,2016-11-29,11 Nov,Autumn,24,24,89.1,112.8,22,64,2050,6.3,0.7,1.3,100
Dingling 2016-11-30,Dingling,2016-11-30,11 Nov,Autumn,24,24,64.3,77.1,6.5,33.3,1279,38.9,4.3,2,100
Dingling 2016-12-01,Dingling,2016-12-01,12 Dec,Winter,24,24,16.1,27,5,13.8,521,49.7,4.2,2.5,100
Dingling 2016-12-02,Dingling,2016-12-02,12 Dec,Winter,24,24,66,83.9,17.1,60,1596,10.8,1.9,1,100
Dingling 2016-12-03,Dingling,2016-12-03,12 Dec,Winter,24,24,120,131.3,17.5,81.2,2192,7,2.1,1.1,100
Dingling 2016-12-04,Dingling,2016-12-04,12 Dec,Winter,24,24,92.8,130.6,12.5,52.8,1596,22.7,3.6,1.1,100
Dingling 2016-12-05,Dingling,2016-12-05,12 Dec,Winter,24,24,46.4,75.3,5.4,15.2,713,49.8,2.3,3,100
Dingling 2016-12-06,Dingling,2016-12-06,12 Dec,Winter,24,23,42.5,58.7,10.2,46.1,1058,15.7,-0.8,1.2,95.8
Dingling 2016-12-07,Dingling,2016-12-07,12 Dec,Winter,24,24,58.4,75,8.6,43.8,1154,32.3,3.6,2.1,100
Dingling 2016-12-08,Dingling,2016-12-08,12 Dec,Winter,24,24,69.8,90.8,5.3,33.5,1267,45.5,2.9,2.8,100
Dingling 2016-12-09,Dingling,2016-12-09,12 Dec,Winter,24,24,15.7,23.2,8.4,18.7,504,44.9,0.5,1.7,100
Dingling 2016-12-10,Dingling,2016-12-10,12 Dec,Winter,24,24,54.8,70.8,19.6,54.6,1433,12.2,-1.3,1.2,100
Dingling 2016-12-11,Dingling,2016-12-11,12 Dec,Winter,24,24,120.8,124.5,20,80.8,2250,4.8,-2,1.2,100
Dingling 2016-12-12,Dingling,2016-12-12,12 Dec,Winter,24,24,228.9,228.3,25.3,100.6,2743,5.9,1.9,1.1,100
Dingling 2016-12-13,Dingling,2016-12-13,12 Dec,Winter,24,24,41,43.4,11.6,32.8,975,37.3,1.4,1.4,100
Dingling 2016-12-14,Dingling,2016-12-14,12 Dec,Winter,24,24,18.2,26.3,8.3,21.5,579,47.7,-0.9,2.1,100
Dingling 2016-12-15,Dingling,2016-12-15,12 Dec,Winter,24,23,14.1,32,5.4,9.7,374,56.3,0.3,3.6,95.8
Dingling 2016-12-16,Dingling,2016-12-16,12 Dec,Winter,24,24,48,57.2,16.8,58,1329,13.5,-1,1.1,100
Dingling 2016-12-17,Dingling,2016-12-17,12 Dec,Winter,24,24,110.9,120.2,22.6,87.1,2246,6.4,-0.4,1,100
Dingling 2016-12-18,Dingling,2016-12-18,12 Dec,Winter,24,24,185.1,185.1,24.4,88.1,2600,9.2,-0.2,1.2,100
Dingling 2016-12-19,Dingling,2016-12-19,12 Dec,Winter,24,24,168.2,170.1,25.1,83.9,2796,10.3,0.6,1.3,100
Dingling 2016-12-20,Dingling,2016-12-20,12 Dec,Winter,24,24,275.6,279.5,20,118.5,5392,5.4,-0.7,1,100
Dingling 2016-12-21,Dingling,2016-12-21,12 Dec,Winter,24,24,400.4,401,15.5,150,7696,5.6,0.9,1,100
Dingling 2016-12-22,Dingling,2016-12-22,12 Dec,Winter,24,24,14.8,17.2,4.2,4.8,283,65.8,2.4,3.7,100
Dingling 2016-12-23,Dingling,2016-12-23,12 Dec,Winter,24,24,26.7,36.4,8.5,25.5,700,42.2,-1,1.5,100
Dingling 2016-12-24,Dingling,2016-12-24,12 Dec,Winter,24,24,108.2,112.5,15,73.3,1892,6.3,-2.8,1.1,100
Dingling 2016-12-25,Dingling,2016-12-25,12 Dec,Winter,24,24,152.7,154.4,17.7,84,2579,5.8,-2,1,100
Dingling 2016-12-26,Dingling,2016-12-26,12 Dec,Winter,24,18,,,,,,,1.6,2.2,75
Dingling 2016-12-27,Dingling,2016-12-27,12 Dec,Winter,24,24,29,39,10.6,16.3,609,63.4,-1.7,2.4,100
Dingling 2016-12-28,Dingling,2016-12-28,12 Dec,Winter,24,24,37.4,53.8,7.7,20.6,667,46,-3.1,3.1,100
Dingling 2016-12-29,Dingling,2016-12-29,12 Dec,Winter,24,24,32.6,46.3,8.5,27.5,752,38.3,-2.1,2.6,100
Dingling 2016-12-30,Dingling,2016-12-30,12 Dec,Winter,24,24,105.5,119.2,24.9,76.1,2225,7.2,-4.2,1.1,100
Dingling 2016-12-31,Dingling,2016-12-31,12 Dec,Winter,24,24,202.7,214,27.1,115.7,3321,4.8,-3,1.2,100
Dongsi 2016-01-01,Dongsi,2016-01-01,01 Jan,Winter,24,24,178.8,196.5,35.5,100.6,3200,3.8,-2,1,100
Dongsi 2016-01-02,Dongsi,2016-01-02,01 Jan,Winter,24,24,278.1,291,40.8,117.8,4246,4.8,-0.9,0.9,100
Dongsi 2016-01-03,Dongsi,2016-01-03,01 Jan,Winter,24,24,245.6,247.9,25.8,70,3029,11.1,-1.4,1,100
Dongsi 2016-01-04,Dongsi,2016-01-04,01 Jan,Winter,24,24,45.8,45.8,5.2,30,854,46.3,-1.1,2.5,100
Dongsi 2016-01-05,Dongsi,2016-01-05,01 Jan,Winter,24,24,36.5,46.2,8.5,39.1,725,29.3,-3.2,2.3,100
Dongsi 2016-01-06,Dongsi,2016-01-06,01 Jan,Winter,24,24,25.6,37.3,8,38.3,779,31.3,-2.8,2.5,100
Dongsi 2016-01-07,Dongsi,2016-01-07,01 Jan,Winter,24,24,11.3,18.1,3.2,24.3,388,46.9,-3.1,3.4,100
Dongsi 2016-01-08,Dongsi,2016-01-08,01 Jan,Winter,24,24,34.9,48,8.4,36.8,688,33.8,-3,2,100
Dongsi 2016-01-09,Dongsi,2016-01-09,01 Jan,Winter,24,24,81.1,92,17.8,66.4,1621,9,-3,1,100
Dongsi 2016-01-10,Dongsi,2016-01-10,01 Jan,Winter,24,24,49.3,59,18.8,55.3,1383,16.5,-3.3,1.4,100
Dongsi 2016-01-11,Dongsi,2016-01-11,01 Jan,Winter,24,24,11.5,22.1,3.8,23.8,354,53.8,-5.9,2.9,100
Dongsi 2016-01-12,Dongsi,2016-01-12,01 Jan,Winter,24,23,12.6,23,6.2,27.8,521,44.6,-5.7,2.7,95.8
Dongsi 2016-01-13,Dongsi,2016-01-13,01 Jan,Winter,24,24,20.6,42.2,11.6,46.2,850,30.8,-2.8,2.1,100
Dongsi 2016-01-14,Dongsi,2016-01-14,01 Jan,Winter,24,24,74.1,97,22.5,68.3,1750,18.8,-2,1.2,100
Dongsi 2016-01-15,Dongsi,2016-01-15,01 Jan,Winter,24,24,107,132.7,32.8,84.5,2804,11.6,-2.3,1.2,100
Dongsi 2016-01-16,Dongsi,2016-01-16,01 Jan,Winter,24,24,122.1,141.4,45.9,67.7,2483,8.5,-2.7,1.4,100
Dongsi 2016-01-17,Dongsi,2016-01-17,01 Jan,Winter,24,24,39.8,52.3,11,29.9,629,50.8,-6,2.8,100
Dongsi 2016-01-18,Dongsi,2016-01-18,01 Jan,Winter,24,24,8.5,57.1,4,16.5,325,55.1,-9.2,3.6,100
Dongsi 2016-01-19,Dongsi,2016-01-19,01 Jan,Winter,24,24,59,94.3,18,55.1,1438,14.3,-8.4,1.4,100
Dongsi 2016-01-20,Dongsi,2016-01-20,01 Jan,Winter,24,24,132.8,166.5,64.6,76.5,3754,6.2,-7,1.5,100
Dongsi 2016-01-21,Dongsi,2016-01-21,01 Jan,Winter,24,24,127,131.6,30.5,63,2525,6.6,-5.9,1.4,100
Dongsi 2016-01-22,Dongsi,2016-01-22,01 Jan,Winter,24,24,16,38.8,5.3,17,504,56,-10.2,4,100
Dongsi 2016-01-23,Dongsi,2016-01-23,01 Jan,Winter,24,24,6.9,47.5,2.9,12.3,517,58.7,-15.2,3.9,100
Dongsi 2016-01-24,Dongsi,2016-01-24,01 Jan,Winter,24,24,13,59.9,4.5,24,458,46.3,-9.6,3.6,100
Dongsi 2016-01-25,Dongsi,2016-01-25,01 Jan,Winter,24,24,27.3,52.3,13.9,46.6,700,34.9,-2.4,2.4,100
Dongsi 2016-01-26,Dongsi,2016-01-26,01 Jan,Winter,24,24,35,66.5,17.9,38.6,754,39.9,-1.8,2.8,100
Dongsi 2016-01-27,Dongsi,2016-01-27,01 Jan,Winter,24,24,94.6,109.6,35,71.1,2013,12.6,-3.7,1.1,100
Dongsi 2016-01-28,Dongsi,2016-01-28,01 Jan,Winter,24,24,138.7,147.5,47,82.8,2388,17.3,-2.7,1.3,100
Dongsi 2016-01-29,Dongsi,2016-01-29,01 Jan,Winter,24,24,53.9,80.7,33.2,44.4,2058,19.9,-4.7,1.6,100
Dongsi 2016-01-30,Dongsi,2016-01-30,01 Jan,Winter,24,24,46.4,56.5,22.3,44.4,1067,23.3,-5.5,1.7,100
Dongsi 2016-01-31,Dongsi,2016-01-31,01 Jan,Winter,24,24,16.4,26,8.3,25.2,625,55.8,-3.6,2.8,100
Dongsi 2016-02-01,Dongsi,2016-02-01,02 Feb,Winter,24,24,10.1,20.3,7.3,28.6,538,51.5,-1.5,2.4,100
Dongsi 2016-02-02,Dongsi,2016-02-02,02 Feb,Winter,24,24,27.8,31,12.2,48.8,833,34.8,-1.3,1.5,100
Dongsi 2016-02-03,Dongsi,2016-02-03,02 Feb,Winter,24,24,33.5,37.2,18,60.2,1104,23.9,-0.7,1.1,100
Dongsi 2016-02-04,Dongsi,2016-02-04,02 Feb,Winter,24,23,11.8,16.3,7.4,20.6,600,66.7,0.8,2.3,95.8
Dongsi 2016-02-05,Dongsi,2016-02-05,02 Feb,Winter,24,24,10.3,35,6.6,16.4,425,67.7,-0.1,3.5,100
Dongsi 2016-02-06,Dongsi,2016-02-06,02 Feb,Winter,24,24,31.1,44.9,13.8,37.9,783,46.3,0.2,1.8,100
Dongsi 2016-02-07,Dongsi,2016-02-07,02 Feb,Winter,24,24,40.1,74.9,17.4,42.5,875,43,0.9,1.9,100
Dongsi 2016-02-08,Dongsi,2016-02-08,02 Feb,Winter,24,24,221.1,282.9,64.9,38.5,1171,45.5,4.5,2.5,100
Dongsi 2016-02-09,Dongsi,2016-02-09,02 Feb,Winter,24,24,37.5,46.3,17.3,39.2,1233,45,3.8,1.5,100
Dongsi 2016-02-10,Dongsi,2016-02-10,02 Feb,Winter,24,24,98.6,106.1,55.6,62.6,2475,24.2,1.6,1.1,100
Dongsi 2016-02-11,Dongsi,2016-02-11,02 Feb,Winter,24,24,148.5,158.8,49.2,63.7,2608,16.4,3.7,0.7,100
Dongsi 2016-02-12,Dongsi,2016-02-12,02 Feb,Winter,24,24,149.5,150,23.3,53.7,2046,33.1,5.2,1.3,100
Dongsi 2016-02-13,Dongsi,2016-02-13,02 Feb,Winter,24,24,11.4,16,5.7,10.2,296,60.9,0.6,4.8,100
Dongsi 2016-02-14,Dongsi,2016-02-14,02 Feb,Winter,24,24,7.5,17.8,3.6,11.1,221,68.6,-4.3,4.7,100
Dongsi 2016-02-15,Dongsi,2016-02-15,02 Feb,Winter,24,23,5.8,56.2,3.2,13.7,348,65,-0.4,4.1,95.8
Dongsi 2016-02-16,Dongsi,2016-02-16,02 Feb,Winter,24,24,5.8,45,3.1,15.2,321,69.5,4.2,3.9,100
Dongsi 2016-02-17,Dongsi,2016-02-17,02 Feb,Winter,24,24,42.7,53.5,15.2,43.1,1113,38.5,3.7,1.7,100
Dongsi 2016-02-18,Dongsi,2016-02-18,02 Feb,Winter,24,24,14.5,35.2,5.9,24,513,66.2,5.8,4,100
Dongsi 2016-02-19,Dongsi,2016-02-19,02 Feb,Winter,24,24,12,30.8,4.7,27.6,471,55.1,2.7,2.6,100
Dongsi 2016-02-20,Dongsi,2016-02-20,02 Feb,Winter,24,23,13.1,19.8,4.9,16.3,435,67,-0.1,3,95.8
Dongsi 2016-02-21,Dongsi,2016-02-21,02 Feb,Winter,24,24,81.2,110.1,25.8,54.4,1592,26.1,-0.3,1.8,100
Dongsi 2016-02-22,Dongsi,2016-02-22,02 Feb,Winter,24,24,65.7,92.9,20,40,1221,44.6,1.8,3.2,100
Dongsi 2016-02-23,Dongsi,2016-02-23,02 Feb,Winter,24,24,12,21.5,5.6,17.3,392,67.2,-0.2,2.8,100
Dongsi 2016-02-24,Dongsi,2016-02-24,02 Feb,Winter,24,24,26.7,44.7,8.6,36.8,764,36.2,0,2.1,100
Dongsi 2016-02-25,Dongsi,2016-02-25,02 Feb,Winter,24,24,20.3,41.2,9.5,35,708,43.8,2.5,2.2,100
Dongsi 2016-02-26,Dongsi,2016-02-26,02 Feb,Winter,24,24,34.1,59,12.8,32,813,52.5,3.3,2.4,100
Dongsi 2016-02-27,Dongsi,2016-02-27,02 Feb,Winter,24,24,19.1,28.8,7.1,31.2,583,50.6,4.1,1.8,100
Dongsi 2016-02-28,Dongsi,2016-02-28,02 Feb,Winter,24,24,31,54.3,9.4,31.1,871,48.2,0.8,3,100
Dongsi 2016-02-29,Dongsi,2016-02-29,02 Feb,Winter,24,24,29.9,38.6,9.8,33.7,679,49.8,-1,1.5,100
Dongsi 2016-03-01,Dongsi,2016-03-01,03 Mar,Spring,24,24,118.3,131,31.1,72.7,1983,29.5,3.3,1.5,100
Dongsi 2016-03-02,Dongsi,2016-03-02,03 Mar,Spring,24,24,172.8,181.4,35.2,113.1,2946,25.9,7.8,1.2,100
Dongsi 2016-03-03,Dongsi,2016-03-03,03 Mar,Spring,24,24,288.9,300.8,48,121.6,3646,21.1,7.8,1.2,100
Dongsi 2016-03-04,Dongsi,2016-03-04,03 Mar,Spring,24,24,313.9,326.5,62.9,115.4,4383,8.5,6.1,1.3,100
Dongsi 2016-03-05,Dongsi,2016-03-05,03 Mar,Spring,24,24,59.3,356.2,2.5,16.7,438,69.8,8.9,3.4,100
Dongsi 2016-03-06,Dongsi,2016-03-06,03 Mar,Spring,24,24,75.8,197.8,28.5,69.9,1554,16.3,5,1.2,100
Dongsi 2016-03-07,Dongsi,2016-03-07,03 Mar,Spring,24,14,,,,,,,5.8,3.5,58.3
Dongsi 2016-03-08,Dongsi,2016-03-08,03 Mar,Spring,24,24,11.2,32,3,12.7,608,63.1,1.8,3.1,100
Dongsi 2016-03-09,Dongsi,2016-03-09,03 Mar,Spring,24,23,9.7,27,3,10.7,291,62.7,1.3,3.6,95.8
Dongsi 2016-03-10,Dongsi,2016-03-10,03 Mar,Spring,24,24,10.5,56.9,3.3,15.8,358,59,2.7,3.3,100
Dongsi 2016-03-11,Dongsi,2016-03-11,03 Mar,Spring,24,22,22.5,57.6,6.7,34.7,655,46.6,3,1.9,91.7
Dongsi 2016-03-12,Dongsi,2016-03-12,03 Mar,Spring,24,24,114.7,138.9,38.8,76.5,1808,23.7,3.6,1.3,100
Dongsi 2016-03-13,Dongsi,2016-03-13,03 Mar,Spring,24,24,27.2,51.5,9.1,28.2,588,69,7.4,3.3,100
Dongsi 2016-03-14,Dongsi,2016-03-14,03 Mar,Spring,24,23,86.8,122.5,21.7,58.2,1291,40.4,8.5,1.9,95.8
Dongsi 2016-03-15,Dongsi,2016-03-15,03 Mar,Spring,24,19,,,,,,,9.3,1.7,79.2
Dongsi 2016-03-16,Dongsi,2016-03-16,03 Mar,Spring,24,23,264.2,274.3,42.3,92,2191,54.4,9.4,1.4,95.8
Dongsi 2016-03-17,Dongsi,2016-03-17,03 Mar,Spring,24,24,295.9,295.9,34.6,101.9,2354,55.8,10.7,1.1,100
Dongsi 2016-03-18,Dongsi,2016-03-18,03 Mar,Spring,24,24,211,211.7,17.2,82.3,1479,56.8,13.6,1.8,100
Dongsi 2016-03-19,Dongsi,2016-03-19,03 Mar,Spring,24,24,74.9,114.5,18.6,39.4,1129,60.5,11.3,1.9,100
Dongsi 2016-03-20,Dongsi,2016-03-20,03 Mar,Spring,24,24,66.6,90.3,10.7,55.1,908,48.8,11.6,1.5,100
Dongsi 2016-03-21,Dongsi,2016-03-21,03 Mar,Spring,24,23,141.3,181.1,24.7,74.4,1343,61.3,11.9,1.6,95.8
Dongsi 2016-03-22,Dongsi,2016-03-22,03 Mar,Spring,24,24,122.8,217,31.3,78.8,1579,32.4,12.4,1.9,100
Dongsi 2016-03-23,Dongsi,2016-03-23,03 Mar,Spring,24,23,23.3,44.4,5.1,29.6,478,61,9.3,2.2,95.8
Dongsi 2016-03-24,Dongsi,2016-03-24,03 Mar,Spring,24,23,13.3,23.7,3,28.2,339,63,8.8,1.7,95.8
Dongsi 2016-03-25,Dongsi,2016-03-25,03 Mar,Spring,24,24,19.3,35.8,4.8,39.4,474,49.9,9.1,1.6,100
Dongsi 2016-03-26,Dongsi,2016-03-26,03 Mar,Spring,24,24,12.4,29.8,3.3,24.5,338,68.1,13.8,2.5,100
Dongsi 2016-03-27,Dongsi,2016-03-27,03 Mar,Spring,24,24,15.8,39.2,3.8,33.7,346,63.4,16.7,2.4,100
Dongsi 2016-03-28,Dongsi,2016-03-28,03 Mar,Spring,24,24,82.5,216.7,18.2,70.1,821,45.7,16.2,2,100
Dongsi 2016-03-29,Dongsi,2016-03-29,03 Mar,Spring,24,22,21.5,80.6,4.6,26.8,392,81.8,16.6,2.4,91.7
Dongsi 2016-03-30,Dongsi,2016-03-30,03 Mar,Spring,24,24,30.6,68.5,8.4,40.2,488,63,16,2.1,100
Dongsi 2016-03-31,Dongsi,2016-03-31,03 Mar,Spring,24,24,164.4,238,38.6,80.5,1342,35.3,15.5,1.9,100
Dongsi 2016-04-01,Dongsi,2016-04-01,04 Apr,Spring,24,24,39.5,145.7,5.5,26.8,417,72.3,17.7,3.4,100
Dongsi 2016-04-02,Dongsi,2016-04-02,04 Apr,Spring,24,24,10.1,31.5,2,16.6,263,74.6,15.1,2.9,100
Dongsi 2016-04-03,Dongsi,2016-04-03,04 Apr,Spring,24,23,21.8,45.9,2.7,17.8,254,83,14.6,2.3,95.8
Dongsi 2016-04-04,Dongsi,2016-04-04,04 Apr,Spring,24,24,82.1,110.9,13.5,40.6,642,80,15.5,2.4,100
Dongsi 2016-04-05,Dongsi,2016-04-05,04 Apr,Spring,24,23,134.2,161.5,21,51.9,1048,81.7,15.4,2.7,95.8
Dongsi 2016-04-06,Dongsi,2016-04-06,04 Apr,Spring,24,24,154.4,167.5,35.8,66,2083,60.6,14.5,1.3,100
Dongsi 2016-04-07,Dongsi,2016-04-07,04 Apr,Spring,24,24,101.7,154,6.6,52,1017,57,17.7,2.7,100
Dongsi 2016-04-08,Dongsi,2016-04-08,04 Apr,Spring,24,23,31.6,93.3,4.4,31.2,254,76.9,18.3,3.5,95.8
Dongsi 2016-04-09,Dongsi,2016-04-09,04 Apr,Spring,24,24,106,257.2,11.5,63.1,721,54.6,16,2.2,100
Dongsi 2016-04-10,Dongsi,2016-04-10,04 Apr,Spring,24,24,58.4,190,15.2,39.2,875,67.5,12.8,1.8,100
Dongsi 2016-04-11,Dongsi,2016-04-11,04 Apr,Spring,24,24,48.8,94.6,7.6,39.3,596,58.5,10.2,2.4,100
Dongsi 2016-04-12,Dongsi,2016-04-12,04 Apr,Spring,24,23,82.3,90,6.7,58.6,883,39.7,11.6,1.5,95.8
Dongsi 2016-04-13,Dongsi,2016-04-13,04 Apr,Spring,24,24,130.8,143.5,6.4,75.5,971,54.3,16.8,2,100
Dongsi 2016-04-14,Dongsi,2016-04-14,04 Apr,Spring,24,24,34.2,81.8,2.5,33.8,200,81.1,17.8,2.6,100
Dongsi 2016-04-15,Dongsi,2016-04-15,04 Apr,Spring,24,22,70.5,100.9,19.2,63.6,1138,55.5,15.8,1.8,91.7
Dongsi 2016-04-16,Dongsi,2016-04-16,04 Apr,Spring,24,22,29.5,80.1,2,7.5,695,73.1,15.4,3.6,91.7
Dongsi 2016-04-17,Dongsi,2016-04-17,04 Apr,Spring,24,24,12.7,34.8,2,7.8,296,84.8,15.7,3.9,100
Dongsi 2016-04-18,Dongsi,2016-04-18,04 Apr,Spring,24,24,15,39.1,2.6,18.9,325,79.8,15.1,2.7,100
Dongsi 2016-04-19,Dongsi,2016-04-19,04 Apr,Spring,24,23,76.5,100.3,21.9,63.8,1455,32.5,13.1,2,95.8
Dongsi 2016-04-20,Dongsi,2016-04-20,04 Apr,Spring,24,23,71.5,82.1,9.5,38.3,800,84,18.3,2.1,95.8
Dongsi 2016-04-21,Dongsi,2016-04-21,04 Apr,Spring,24,23,118.9,192.1,7.8,70.4,917,72.7,20.3,2,95.8
Dongsi 2016-04-22,Dongsi,2016-04-22,04 Apr,Spring,24,24,37.3,124.3,2,30.2,138,95.8,19.8,3,100
Dongsi 2016-04-23,Dongsi,2016-04-23,04 Apr,Spring,24,24,25.7,60.3,3.5,32.7,304,68.8,16.6,2.1,100
Dongsi 2016-04-24,Dongsi,2016-04-24,04 Apr,Spring,24,22,90.4,147,24,44.8,967,78.4,17.4,2.2,91.7
Dongsi 2016-04-25,Dongsi,2016-04-25,04 Apr,Spring,24,24,105.8,132.5,14.7,31.2,808,109.8,21.4,2.9,100
Dongsi 2016-04-26,Dongsi,2016-04-26,04 Apr,Spring,24,17,,,,,,,17.5,2.2,70.8
Dongsi 2016-04-27,Dongsi,2016-04-27,04 Apr,Spring,24,20,95.1,106,,,,,15.2,1.2,83.3
Dongsi 2016-04-28,Dongsi,2016-04-28,04 Apr,Spring,24,24,98.7,108.5,7.7,55.3,1029,97,18.3,2.1,100
Dongsi 2016-04-29,Dongsi,2016-04-29,04 Apr,Spring,24,24,138.5,147.3,20.4,67.9,1417,94.8,18.2,1.8,100
Dongsi 2016-04-30,Dongsi,2016-04-30,04 Apr,Spring,24,21,202.4,198.9,12.6,78.1,2513,117.1,21.8,2.1,87.5
Dongsi 2016-05-01,Dongsi,2016-05-01,05 May,Spring,24,22,224,225.5,34.1,54.8,3810,151.4,22.8,1.4,91.7
Dongsi 2016-05-02,Dongsi,2016-05-02,05 May,Spring,24,22,62.8,101,2.7,34.4,2009,71.2,15.4,2.8,91.7
Dongsi 2016-05-03,Dongsi,2016-05-03,05 May,Spring,24,21,38.3,68.2,2.4,38,1176,58.8,19,3.1,87.5
Dongsi 2016-05-04,Dongsi,2016-05-04,05 May,Spring,24,23,33.6,48.9,4.5,54.6,878,57.6,20.5,1.5,95.8
Dongsi 2016-05-05,Dongsi,2016-05-05,05 May,Spring,24,24,67.8,89.7,17.1,48.4,1079,76.2,20.3,2.2,100
Dongsi 2016-05-06,Dongsi,2016-05-06,05 May,Spring,24,22,113.4,198.9,2,9.2,300,85,20.4,3.5,91.7
Dongsi 2016-05-07,Dongsi,2016-05-07,05 May,Spring,24,24,33.4,40,2.8,26,229,83,21.8,2.2,100
Dongsi 2016-05-08,Dongsi,2016-05-08,05 May,Spring,24,24,77.5,81.6,19,43.7,752,77.4,20.3,2.5,100
Dongsi 2016-05-09,Dongsi,2016-05-09,05 May,Spring,24,22,41.7,46.2,6.1,40.8,633,57,18.1,1.6,91.7
Dongsi 2016-05-10,Dongsi,2016-05-10,05 May,Spring,24,24,60.9,64.9,4.5,40.9,658,90,21.3,2,100
Dongsi 2016-05-11,Dongsi,2016-05-11,05 May,Spring,24,24,167.3,167.6,15,35.8,1025,130.1,23.1,2.5,100
Dongsi 2016-05-12,Dongsi,2016-05-12,05 May,Spring,24,18,,61.3,2.3,25.4,522,69.6,17.6,2.6,75
Dongsi 2016-05-13,Dongsi,2016-05-13,05 May,Spring,24,24,45.8,69.5,4.2,50.5,652,57.7,17.6,2.3,100
Dongsi 2016-05-14,Dongsi,2016-05-14,05 May,Spring,24,24,45.3,48.8,2.6,33.5,558,65.3,14.1,1.8,100
Dongsi 2016-05-15,Dongsi,2016-05-15,05 May,Spring,24,23,42.2,47.1,2.2,37.4,538,44.4,17.6,1.5,95.8
Dongsi 2016-05-16,Dongsi,2016-05-16,05 May,Spring,24,23,35.2,50.5,3,51.3,461,63.3,22.5,2.7,95.8
Dongsi 2016-05-17,Dongsi,2016-05-17,05 May,Spring,24,24,67.4,103.7,11.9,67,533,111.8,24.7,2.3,100
Dongsi 2016-05-18,Dongsi,2016-05-18,05 May,Spring,24,24,64.2,87.3,10.5,38.6,242,139.3,25.2,2.7,100
Dongsi 2016-05-19,Dongsi,2016-05-19,05 May,Spring,24,24,90.9,99.4,17.3,40.8,696,169.1,24.8,2,100
Dongsi 2016-05-20,Dongsi,2016-05-20,05 May,Spring,24,21,99.2,101.3,23.1,50,,137.1,22.9,1.9,87.5
Dongsi 2016-05-21,Dongsi,2016-05-21,05 May,Spring,24,24,74.9,82.5,21.5,48.3,1530,119.5,22.6,1.7,100
Dongsi 2016-05-22,Dongsi,2016-05-22,05 May,Spring,24,24,53.4,76.3,8.4,58.8,757,109.2,23.6,1.5,100
Dongsi 2016-05-23,Dongsi,2016-05-23,05 May,Spring,24,24,66.8,81.1,17.2,50.5,1029,93.5,21.3,2,100
Dongsi 2016-05-24,Dongsi,2016-05-24,05 May,Spring,24,24,21.8,36.1,2.8,31,455,69,21.6,2.4,100
Dongsi 2016-05-25,Dongsi,2016-05-25,05 May,Spring,24,24,12,33.2,2,23,365,87,22.6,2.2,100
Dongsi 2016-05-26,Dongsi,2016-05-26,05 May,Spring,24,24,25.2,61.3,2,32,367,85.3,24.7,2.2,100
Dongsi 2016-05-27,Dongsi,2016-05-27,05 May,Spring,24,24,52.5,102.8,12.1,59.5,692,86.4,24.5,2.7,100
Dongsi 2016-05-28,Dongsi,2016-05-28,05 May,Spring,24,23,41.6,66.3,9.2,35,691,117.3,24.8,2.6,95.8
Dongsi 2016-05-29,Dongsi,2016-05-29,05 May,Spring,24,24,42.8,65.3,5.6,30.3,513,100.8,25.1,2.4,100
Dongsi 2016-05-30,Dongsi,2016-05-30,05 May,Spring,24,24,85.3,132.9,19.1,58,1221,131.5,26.3,1.5,100
Dongsi 2016-05-31,Dongsi,2016-05-31,05 May,Spring,24,24,47.2,102.9,11,35.4,808,83.5,25,2.2,100
Dongsi 2016-06-01,Dongsi,2016-06-01,06 Jun,Summer,24,24,33.6,54.5,5.7,43.1,717,94.2,24.5,1.5,100
Dongsi 2016-06-02,Dongsi,2016-06-02,06 Jun,Summer,24,24,49,74.9,9.7,55.4,842,113.3,26,1.9,100
Dongsi 2016-06-03,Dongsi,2016-06-03,06 Jun,Summer,24,24,83.2,108,26.7,63.5,1425,125.2,25,1.6,100
Dongsi 2016-06-04,Dongsi,2016-06-04,06 Jun,Summer,24,9,,,,,,,26.9,2,37.5
Dongsi 2016-06-05,Dongsi,2016-06-05,06 Jun,Summer,24,0,,,,,,,24.7,2,0
Dongsi 2016-06-06,Dongsi,2016-06-06,06 Jun,Summer,24,5,,,,,,,24.5,1.7,20.8
Dongsi 2016-06-07,Dongsi,2016-06-07,06 Jun,Summer,24,24,61.8,77.5,2.5,23.9,913,120.1,22.2,1.8,100
Dongsi 2016-06-08,Dongsi,2016-06-08,06 Jun,Summer,24,22,136.2,136.2,,,,,24.7,1.7,91.7
Dongsi 2016-06-09,Dongsi,2016-06-09,06 Jun,Summer,24,24,111.7,128,8.3,38.1,1229,129.5,27,2.6,100
Dongsi 2016-06-10,Dongsi,2016-06-10,06 Jun,Summer,24,24,56.9,61.3,2.3,24,683,118.9,24.4,1.8,100
Dongsi 2016-06-11,Dongsi,2016-06-11,06 Jun,Summer,24,24,11.1,21.2,2,23.8,417,81.8,25.7,1.9,100
Dongsi 2016-06-12,Dongsi,2016-06-12,06 Jun,Summer,24,24,70.2,79.5,8.3,36.8,1054,119.9,25.3,1.6,100
Dongsi 2016-06-13,Dongsi,2016-06-13,06 Jun,Summer,24,24,50.8,52.5,2.9,34.4,804,93.5,20.4,1.7,100
Dongsi 2016-06-14,Dongsi,2016-06-14,06 Jun,Summer,24,24,41.3,41.8,2,31,717,71.9,19.5,1.8,100
Dongsi 2016-06-15,Dongsi,2016-06-15,06 Jun,Summer,24,24,20.6,28.8,2,34,613,93.2,23.5,1.6,100
Dongsi 2016-06-16,Dongsi,2016-06-16,06 Jun,Summer,24,24,27.6,46.3,2,56.6,646,76,26.8,1.5,100
Dongsi 2016-06-17,Dongsi,2016-06-17,06 Jun,Summer,24,24,26.5,56.8,2.2,55.3,596,57.9,25.8,1.6,100
Dongsi 2016-06-18,Dongsi,2016-06-18,06 Jun,Summer,24,24,46.4,73.8,5.3,56.2,796,97.8,26.9,2,100
Dongsi 2016-06-19,Dongsi,2016-06-19,06 Jun,Summer,24,24,67.9,85.5,6.7,39,858,144.4,29.5,2.1,100
Dongsi 2016-06-20,Dongsi,2016-06-20,06 Jun,Summer,24,24,91.7,93.8,7.4,32.1,1133,165.5,28.5,1.8,100
Dongsi 2016-06-21,Dongsi,2016-06-21,06 Jun,Summer,24,24,107.2,113.2,2.3,36.1,1079,143.2,28.4,1.8,100
Dongsi 2016-06-22,Dongsi,2016-06-22,06 Jun,Summer,24,24,56.1,64.9,2.4,35.2,774,118.2,27.7,1.9,100
Dongsi 2016-06-23,Dongsi,2016-06-23,06 Jun,Summer,24,24,80.4,96.3,6.5,41.2,1161,104.5,27.4,1.6,100
Dongsi 2016-06-24,Dongsi,2016-06-24,06 Jun,Summer,24,24,18.5,30.8,2.1,32,463,64.7,27.6,2.2,100
Dongsi 2016-06-25,Dongsi,2016-06-25,06 Jun,Summer,24,24,17,29.3,2.5,29.8,358,78.8,30.8,2,100
Dongsi 2016-06-26,Dongsi,2016-06-26,06 Jun,Summer,24,24,43.3,72.3,6,47,538,110.7,30.1,2.2,100
Dongsi 2016-06-27,Dongsi,2016-06-27,06 Jun,Summer,24,24,63,79,9.7,40.5,705,107.1,26.5,2.1,100
Dongsi 2016-06-28,Dongsi,2016-06-28,06 Jun,Summer,24,24,80,80.1,2.1,39.5,842,74.2,21.1,1.4,100
Dongsi 2016-06-29,Dongsi,2016-06-29,06 Jun,Summer,24,24,122.8,122.8,2,38.7,1050,84.9,24.2,1.3,100
Dongsi 2016-06-30,Dongsi,2016-06-30,06 Jun,Summer,24,24,74.2,76.5,2,39,875,108.4,26.6,1.5,100
Dongsi 2016-07-01,Dongsi,2016-07-01,07 Jul,Summer,24,24,15.3,22.1,2,25,438,97.5,28.1,2.1,100
Dongsi 2016-07-02,Dongsi,2016-07-02,07 Jul,Summer,24,24,53,62.9,2.8,42.9,742,101.8,28.2,1.9,100
Dongsi 2016-07-03,Dongsi,2016-07-03,07 Jul,Summer,24,24,91.6,97.1,12.7,44,1133,125.6,28.6,1.8,100
Dongsi 2016-07-04,Dongsi,2016-07-04,07 Jul,Summer,24,24,144.7,145.6,6.2,36.8,1329,119.6,27.8,2,100
Dongsi 2016-07-05,Dongsi,2016-07-05,07 Jul,Summer,24,24,98.6,100.2,6,32.1,1138,134.2,27.9,1.7,100
Dongsi 2016-07-06,Dongsi,2016-07-06,07 Jul,Summer,24,24,68.7,76.5,7.4,35.2,950,137.8,29.3,1.8,100
Dongsi 2016-07-07,Dongsi,2016-07-07,07 Jul,Summer,24,24,118.6,120,11.7,33,1408,145.7,29,2,100
Dongsi 2016-07-08,Dongsi,2016-07-08,07 Jul,Summer,24,24,111.3,112.3,7.5,38.3,1283,103.1,28.3,1.9,100
Dongsi 2016-07-09,Dongsi,2016-07-09,07 Jul,Summer,24,24,112,112,4.5,37.3,871,97.9,30.4,1.9,100
Dongsi 2016-07-10,Dongsi,2016-07-10,07 Jul,Summer,24,24,125.5,125.5,4.7,27.8,817,111.3,31.8,2.1,100
Dongsi 2016-07-11,Dongsi,2016-07-11,07 Jul,Summer,24,12,,104.3,8.4,26.3,767,115.7,32.1,2.8,50
Dongsi 2016-07-12,Dongsi,2016-07-12,07 Jul,Summer,24,6,,34,6.2,31.9,713,70.1,28,1.9,25
Dongsi 2016-07-13,Dongsi,2016-07-13,07 Jul,Summer,24,24,22.7,30.9,2.9,35.3,679,99.5,30.1,1.6,100
Dongsi 2016-07-14,Dongsi,2016-07-14,07 Jul,Summer,24,24,33.9,39,6.1,41.3,942,93.5,29,1.7,100
Dongsi 2016-07-15,Dongsi,2016-07-15,07 Jul,Summer,24,24,37.5,37.5,2.3,34.4,888,68.3,22.1,1.3,100
Dongsi 2016-07-16,Dongsi,2016-07-16,07 Jul,Summer,24,24,43.6,43.6,3.1,44,850,56,23.8,1.3,100
Dongsi 2016-07-17,Dongsi,2016-07-17,07 Jul,Summer,24,24,84.8,84.8,3.4,48.1,1129,107,26.6,1.4,100
Dongsi 2016-07-18,Dongsi,2016-07-18,07 Jul,Summer,24,23,101.3,101.3,5.6,52.5,1296,83.7,25.8,1.1,95.8
Dongsi 2016-07-19,Dongsi,2016-07-19,07 Jul,Summer,24,24,115.9,115.9,2.6,49.8,1504,33.8,24,1.3,100
Dongsi 2016-07-20,Dongsi,2016-07-20,07 Jul,Summer,24,24,40.6,40.6,2,24,833,46.9,21.9,3.1,100
Dongsi 2016-07-21,Dongsi,2016-07-21,07 Jul,Summer,24,24,28.8,29.2,2,31.1,963,39.4,24,1.2,100
Dongsi 2016-07-22,Dongsi,2016-07-22,07 Jul,Summer,24,24,88.9,88.9,2.1,35.3,1179,79,27.6,1.3,100
Dongsi 2016-07-23,Dongsi,2016-07-23,07 Jul,Summer,24,10,,,,,,,28.8,1.5,41.7
Dongsi 2016-07-24,Dongsi,2016-07-24,07 Jul,Summer,24,0,,,,,,,28.5,1.4,0
Dongsi 2016-07-25,Dongsi,2016-07-25,07 Jul,Summer,24,7,,,,,,,28.3,1.4,29.2
Dongsi 2016-07-26,Dongsi,2016-07-26,07 Jul,Summer,24,24,19.8,26.9,2.2,25.3,604,95.5,29.2,1.5,100
Dongsi 2016-07-27,Dongsi,2016-07-27,07 Jul,Summer,24,20,64.3,79.5,2.1,40.9,1010,118.8,28.9,1.7,83.3
Dongsi 2016-07-28,Dongsi,2016-07-28,07 Jul,Summer,24,0,,,,,,,28,1.2,0
Dongsi 2016-07-29,Dongsi,2016-07-29,07 Jul,Summer,24,12,,,,,,,29.2,1.6,50
Dongsi 2016-07-30,Dongsi,2016-07-30,07 Jul,Summer,24,22,156.2,156.9,2,26.1,1714,63.5,27.8,1.7,91.7
Dongsi 2016-07-31,Dongsi,2016-07-31,07 Jul,Summer,24,24,65.9,65.9,2,31.9,1413,55.7,25.7,1.3,100
Dongsi 2016-08-01,Dongsi,2016-08-01,08 Aug,Summer,24,24,74.8,76.3,2.1,32.6,1404,86.9,28.4,1.3,100
Dongsi 2016-08-02,Dongsi,2016-08-02,08 Aug,Summer,24,24,61.8,65.1,2,37.7,1258,91,29.7,1.6,100
Dongsi 2016-08-03,Dongsi,2016-08-03,08 Aug,Summer,24,22,70,75.3,2.2,37.9,1067,123.3,30.7,1.4,91.7
Dongsi 2016-08-04,Dongsi,2016-08-04,08 Aug,Summer,24,24,109.4,109.6,4.3,36.1,1583,136.9,30.5,1.7,100
Dongsi 2016-08-05,Dongsi,2016-08-05,08 Aug,Summer,24,24,65,66.5,3.6,27.8,900,95.1,29.6,1.6,100
Dongsi 2016-08-06,Dongsi,2016-08-06,08 Aug,Summer,24,24,110.5,111,2.5,35.7,1100,98.3,29.9,1.6,100
Dongsi 2016-08-07,Dongsi,2016-08-07,08 Aug,Summer,24,24,22.2,23.7,2,23.2,700,90.2,27.6,1.5,100
Dongsi 2016-08-08,Dongsi,2016-08-08,08 Aug,Summer,24,24,37.3,39.4,3.1,29.7,917,94.5,28.8,1.8,100
Dongsi 2016-08-09,Dongsi,2016-08-09,08 Aug,Summer,24,24,47.8,55.5,7.8,43.3,1213,103.2,27.8,1.6,100
Dongsi 2016-08-10,Dongsi,2016-08-10,08 Aug,Summer,24,24,86.3,87.5,2.3,25.4,1000,95.8,30.5,2.3,100
Dongsi 2016-08-11,Dongsi,2016-08-11,08 Aug,Summer,24,24,82.8,85.8,3.3,26.7,1013,93.8,32,1.9,100
Dongsi 2016-08-12,Dongsi,2016-08-12,08 Aug,Summer,24,23,63.2,66.2,2,38.4,952,47.5,29.4,1.6,95.8
Dongsi 2016-08-13,Dongsi,2016-08-13,08 Aug,Summer,24,24,26.8,32,2.7,45.5,833,26.3,27.9,1.4,100
Dongsi 2016-08-14,Dongsi,2016-08-14,08 Aug,Summer,24,24,25.3,41.2,3.6,46.8,754,89.6,29.2,1.4,100
Dongsi 2016-08-15,Dongsi,2016-08-15,08 Aug,Summer,24,24,28,36.3,2.7,34.9,750,72,25.6,1.6,100
Dongsi 2016-08-16,Dongsi,2016-08-16,08 Aug,Summer,24,24,26.5,33.9,2,38.5,746,79.6,26.4,1.6,100
Dongsi 2016-08-17,Dongsi,2016-08-17,08 Aug,Summer,24,24,69,82.3,3.3,74.5,1250,35.3,25.5,1,100
Dongsi 2016-08-18,Dongsi,2016-08-18,08 Aug,Summer,24,24,86.7,86.7,2.1,50.3,2021,25.8,23.4,1.3,100
Dongsi 2016-08-19,Dongsi,2016-08-19,08 Aug,Summer,24,24,21.3,25.5,2,28.5,1029,75.2,27.9,2,100
Dongsi 2016-08-20,Dongsi,2016-08-20,08 Aug,Summer,24,24,63.9,66.9,2,42.1,1288,114.3,27.7,1.1,100
Dongsi 2016-08-21,Dongsi,2016-08-21,08 Aug,Summer,24,24,63.3,73.3,2.3,51.3,1096,131.5,28.9,1.4,100
Dongsi 2016-08-22,Dongsi,2016-08-22,08 Aug,Summer,24,24,47.6,54.5,5.2,31.1,1000,117,29.4,1.7,100
Dongsi 2016-08-23,Dongsi,2016-08-23,08 Aug,Summer,24,24,68.4,73.4,8.1,44.4,975,90.8,27.9,1.5,100
Dongsi 2016-08-24,Dongsi,2016-08-24,08 Aug,Summer,24,24,87.5,90.8,4.6,55.8,1271,80.3,27.9,1,100
Dongsi 2016-08-25,Dongsi,2016-08-25,08 Aug,Summer,24,24,21.5,28.9,2,29.1,500,53.8,27.3,2.9,100
Dongsi 2016-08-26,Dongsi,2016-08-26,08 Aug,Summer,24,24,12.7,20,2,37.5,433,53,24.6,1.5,100
Dongsi 2016-08-27,Dongsi,2016-08-27,08 Aug,Summer,24,24,18,33,2.9,45,525,42.6,24.5,1.4,100
Dongsi 2016-08-28,Dongsi,2016-08-28,08 Aug,Summer,24,24,13.9,24.5,2.5,36.1,379,58.6,25.7,1.7,100
Dongsi 2016-08-29,Dongsi,2016-08-29,08 Aug,Summer,24,22,21,37.2,2.4,48.1,541,59.1,25.5,1.5,91.7
Dongsi 2016-08-30,Dongsi,2016-08-30,08 Aug,Summer,24,24,34.2,59.9,3.7,56.3,775,93,26.3,1.5,100
Dongsi 2016-08-31,Dongsi,2016-08-31,08 Aug,Summer,24,24,18.5,35.8,2.6,43.4,479,59,27.4,2.7,100
Dongsi 2016-09-01,Dongsi,2016-09-01,09 Sep,Autumn,24,24,7.4,23.7,2.1,33.8,408,45,25.2,2.3,100
Dongsi 2016-09-02,Dongsi,2016-09-02,09 Sep,Autumn,24,24,12.4,27.5,2,36.3,517,26.5,24,1.5,100
Dongsi 2016-09-03,Dongsi,2016-09-03,09 Sep,Autumn,24,24,21.2,32.3,2.4,37.3,579,67.9,25.9,1.4,100
Dongsi 2016-09-04,Dongsi,2016-09-04,09 Sep,Autumn,24,24,76.6,90.8,7.2,51.3,1029,90.3,26.1,1.7,100
Dongsi 2016-09-05,Dongsi,2016-09-05,09 Sep,Autumn,24,24,29.5,37.7,2.3,30.8,608,83.8,25.6,1.8,100
Dongsi 2016-09-06,Dongsi,2016-09-06,09 Sep,Autumn,24,18,,,,,,,26.2,1.7,75
Dongsi 2016-09-07,Dongsi,2016-09-07,09 Sep,Autumn,24,13,,,,,,,24.7,2.1,54.2
Dongsi 2016-09-08,Dongsi,2016-09-08,09 Sep,Autumn,24,24,26.5,35.6,2,50.8,729,53.3,24.1,1.3,100
Dongsi 2016-09-09,Dongsi,2016-09-09,09 Sep,Autumn,24,24,22.8,33.3,2.7,46,613,45.1,24.9,1.6,100
Dongsi 2016-09-10,Dongsi,2016-09-10,09 Sep,Autumn,24,24,18.4,30.3,2,46.5,517,52.2,25.3,1.5,100
Dongsi 2016-09-11,Dongsi,2016-09-11,09 Sep,Autumn,24,24,38.9,49.5,3.1,32.5,963,87.7,21.7,1.8,100
Dongsi 2016-09-12,Dongsi,2016-09-12,09 Sep,Autumn,24,14,,,,,,,22.6,1.2,58.3
Dongsi 2016-09-13,Dongsi,2016-09-13,09 Sep,Autumn,24,24,90.6,93.6,4.3,60.1,1105,50.1,23.1,1.3,100
Dongsi 2016-09-14,Dongsi,2016-09-14,09 Sep,Autumn,24,24,106.1,108.7,5.3,56.3,1246,78.8,24.4,1.7,100
Dongsi 2016-09-15,Dongsi,2016-09-15,09 Sep,Autumn,24,24,86.4,93.9,4.2,50.1,1054,93.8,25.2,1.3,100
Dongsi 2016-09-16,Dongsi,2016-09-16,09 Sep,Autumn,24,24,150.6,153.6,5.5,47.8,1271,95.1,24.9,1.5,100
Dongsi 2016-09-17,Dongsi,2016-09-17,09 Sep,Autumn,24,24,44.8,51.2,3.7,40.8,892,42.7,21.6,1.2,100
Dongsi 2016-09-18,Dongsi,2016-09-18,09 Sep,Autumn,24,24,22.7,25.4,2,41.4,742,16.8,19.1,1.3,100
Dongsi 2016-09-19,Dongsi,2016-09-19,09 Sep,Autumn,24,24,14.3,17.9,2,39.9,538,34,19.3,1.4,100
Dongsi 2016-09-20,Dongsi,2016-09-20,09 Sep,Autumn,24,24,22,31,2.1,50.5,613,47.7,19.8,1.2,100
Dongsi 2016-09-21,Dongsi,2016-09-21,09 Sep,Autumn,24,24,75.8,92.1,5.9,102.5,1146,13.8,19.2,1.2,100
Dongsi 2016-09-22,Dongsi,2016-09-22,09 Sep,Autumn,24,24,112.2,112.5,9,75.3,1275,50.4,20.2,1.4,100
Dongsi 2016-09-23,Dongsi,2016-09-23,09 Sep,Autumn,24,22,135.3,135.5,4.5,54.8,1414,107,21.6,1.3,91.7
Dongsi 2016-09-24,Dongsi,2016-09-24,09 Sep,Autumn,24,24,131.3,131.4,5.5,70,1233,85.8,22.3,1.1,100
Dongsi 2016-09-25,Dongsi,2016-09-25,09 Sep,Autumn,24,24,181.5,181.5,5.9,57.3,1738,73.8,,,100
Dongsi 2016-09-26,Dongsi,2016-09-26,09 Sep,Autumn,24,24,66.7,66.7,2.9,58.8,1346,41.2,19.6,1.3,100
Dongsi 2016-09-27,Dongsi,2016-09-27,09 Sep,Autumn,24,22,34.4,51.1,2,34.9,708,42.8,18.3,3.7,91.7
Dongsi 2016-09-28,Dongsi,2016-09-28,09 Sep,Autumn,24,24,17.3,37.4,2,37.6,358,39,15.5,1.9,100
Dongsi 2016-09-29,Dongsi,2016-09-29,09 Sep,Autumn,24,24,59.7,106.3,7.2,64.1,758,44,14.9,1.3,100
Dongsi 2016-09-30,Dongsi,2016-09-30,09 Sep,Autumn,24,24,105.8,160,10.7,85.6,992,66.2,17.6,1.1,100
Dongsi 2016-10-01,Dongsi,2016-10-01,10 Oct,Autumn,24,24,176.5,226.7,16.1,110.5,1700,54.3,18.8,1,100
Dongsi 2016-10-02,Dongsi,2016-10-02,10 Oct,Autumn,24,24,199.6,225.8,8.9,87.3,1508,66.1,19.5,1,100
Dongsi 2016-10-03,Dongsi,2016-10-03,10 Oct,Autumn,24,24,119.9,140,5.1,60.5,1263,67,22.3,1.3,100
Dongsi 2016-10-04,Dongsi,2016-10-04,10 Oct,Autumn,24,16,,,,,,,16.8,2.2,66.7
Dongsi 2016-10-05,Dongsi,2016-10-05,10 Oct,Autumn,24,12,,,,,,,16.7,1.4,50
Dongsi 2016-10-06,Dongsi,2016-10-06,10 Oct,Autumn,24,24,72.4,91.8,7.8,47.1,1442,6.9,15.4,1.6,100
Dongsi 2016-10-07,Dongsi,2016-10-07,10 Oct,Autumn,24,24,40.8,40.8,3.9,40.8,1508,8.7,13.5,1.6,100
Dongsi 2016-10-08,Dongsi,2016-10-08,10 Oct,Autumn,24,24,11.3,19.8,2.8,23.5,300,42.4,12.6,2.4,100
Dongsi 2016-10-09,Dongsi,2016-10-09,10 Oct,Autumn,24,24,34.4,74.3,7,54.4,729,12.8,10.2,1.2,100
Dongsi 2016-10-10,Dongsi,2016-10-10,10 Oct,Autumn,24,24,100.1,157.7,12.9,92.8,1350,9.9,11.6,0.9,100
Dongsi 2016-10-11,Dongsi,2016-10-11,10 Oct,Autumn,24,24,128.5,150,10.5,81.1,1563,22.9,13.7,1.7,100
Dongsi 2016-10-12,Dongsi,2016-10-12,10 Oct,Autumn,24,24,77.1,106.3,7.6,64.5,1154,26.2,14.9,1.1,100
Dongsi 2016-10-13,Dongsi,2016-10-13,10 Oct,Autumn,24,24,177.3,208.3,5.9,92.4,1758,27.5,15.4,0.7,100
Dongsi 2016-10-14,Dongsi,2016-10-14,10 Oct,Autumn,24,22,260.8,283.9,11,114.8,2238,29.5,16,0.8,91.7
Dongsi 2016-10-15,Dongsi,2016-10-15,10 Oct,Autumn,24,23,198.2,224.3,7.1,114.1,2230,2,14.1,0.7,95.8
Dongsi 2016-10-16,Dongsi,2016-10-16,10 Oct,Autumn,24,24,118.4,119,4.9,61.3,1021,26,16,1,100
Dongsi 2016-10-17,Dongsi,2016-10-17,10 Oct,Autumn,24,24,77,98.5,3.3,59.9,1088,27.4,15.9,1.4,100
Dongsi 2016-10-18,Dongsi,2016-10-18,10 Oct,Autumn,24,24,126.3,173.6,8.4,76.9,1904,6.5,15.9,1.2,100
Dongsi 2016-10-19,Dongsi,2016-10-19,10 Oct,Autumn,24,24,253.7,264.7,9.1,96.4,2500,11.5,17,1,100
Dongsi 2016-10-20,Dongsi,2016-10-20,10 Oct,Autumn,24,24,105.6,125.3,9.7,62.5,1454,13.4,14,1.8,100
Dongsi 2016-10-21,Dongsi,2016-10-21,10 Oct,Autumn,24,24,45.5,46.3,2,47.8,850,15.3,10.8,1.1,100
Dongsi 2016-10-22,Dongsi,2016-10-22,10 Oct,Autumn,24,24,15.5,18.9,2.4,39.5,542,15.5,12.1,2.3,100
Dongsi 2016-10-23,Dongsi,2016-10-23,10 Oct,Autumn,24,24,32.2,55.3,5,51.5,629,17.8,11.1,1.2,100
Dongsi 2016-10-24,Dongsi,2016-10-24,10 Oct,Autumn,24,24,73.9,140.8,2.7,71.9,1267,2.3,10,0.9,100
Dongsi 2016-10-25,Dongsi,2016-10-25,10 Oct,Autumn,24,24,120,174.1,4.7,90.5,1688,3.4,11.4,1.2,100
Dongsi 2016-10-26,Dongsi,2016-10-26,10 Oct,Autumn,24,24,51.9,91.7,4.6,58.5,829,18.8,12.6,2.1,100
Dongsi 2016-10-27,Dongsi,2016-10-27,10 Oct,Autumn,24,14,,,8.4,57.7,1192,5.3,9.1,1.7,58.3
Dongsi 2016-10-28,Dongsi,2016-10-28,10 Oct,Autumn,24,14,,,2.5,34.5,438,30.5,9.5,2.1,58.3
Dongsi 2016-10-29,Dongsi,2016-10-29,10 Oct,Autumn,24,24,23.8,46.8,5.3,51.3,683,16.4,6.9,1.9,100
Dongsi 2016-10-30,Dongsi,2016-10-30,10 Oct,Autumn,24,24,50.7,88.9,8.2,51.5,1050,21.2,6.5,2.3,100
Dongsi 2016-10-31,Dongsi,2016-10-31,10 Oct,Autumn,24,24,9.9,20.9,2,20.5,321,46.1,3.2,2.9,100
Dongsi 2016-11-01,Dongsi,2016-11-01,11 Nov,Autumn,24,24,43.4,64.5,10,54,696,19.8,2.7,1.3,100
Dongsi 2016-11-02,Dongsi,2016-11-02,11 Nov,Autumn,24,24,123.6,158,15.6,93.9,1663,7.4,5.2,1.3,100
Dongsi 2016-11-03,Dongsi,2016-11-03,11 Nov,Autumn,24,24,214.1,246.6,13.7,113.9,3025,4.6,5.6,1,100
Dongsi 2016-11-04,Dongsi,2016-11-04,11 Nov,Autumn,24,24,277.9,297.8,8.5,127.9,3629,4,6.1,1,100
Dongsi 2016-11-05,Dongsi,2016-11-05,11 Nov,Autumn,24,24,195.9,198,5.5,98,3263,18.5,8.7,1.6,100
Dongsi 2016-11-06,Dongsi,2016-11-06,11 Nov,Autumn,24,24,71.4,76.3,11.3,50.9,1396,24.5,7.9,1.6,100
Dongsi 2016-11-07,Dongsi,2016-11-07,11 Nov,Autumn,24,24,44.5,51.5,4.2,45.4,750,22.2,8.4,2.2,100
Dongsi 2016-11-08,Dongsi,2016-11-08,11 Nov,Autumn,24,23,37.5,53.5,6.1,54,1079,16,5.3,1.2,95.8
Dongsi 2016-11-09,Dongsi,2016-11-09,11 Nov,Autumn,24,24,175.6,200.3,17,95,2850,2.1,3.3,1,100
Dongsi 2016-11-10,Dongsi,2016-11-10,11 Nov,Autumn,24,24,152.2,156.4,10.8,66.5,1863,6.7,7,1.5,100
Dongsi 2016-11-11,Dongsi,2016-11-11,11 Nov,Autumn,24,24,100.1,128,9.8,77.3,1867,3.7,4.8,1,100
Dongsi 2016-11-12,Dongsi,2016-11-12,11 Nov,Autumn,24,24,76.2,120.7,13.3,68.4,1658,9.3,6.9,1.2,100
Dongsi 2016-11-13,Dongsi,2016-11-13,11 Nov,Autumn,24,24,102,158.4,15.1,72.8,2429,2,8.1,1,100
Dongsi 2016-11-14,Dongsi,2016-11-14,11 Nov,Autumn,24,24,46.8,89,5.5,42.4,996,34,9.4,3,100
Dongsi 2016-11-15,Dongsi,2016-11-15,11 Nov,Autumn,24,24,41.6,70.1,14.1,64.5,1375,10.4,4.2,1,100
Dongsi 2016-11-16,Dongsi,2016-11-16,11 Nov,Autumn,24,24,106.5,145.5,20.6,84.3,2267,7.3,5.3,0.9,100
Dongsi 2016-11-17,Dongsi,2016-11-17,11 Nov,Autumn,24,24,115.1,151.4,29.9,70,2525,3.7,5.9,1.1,100
Dongsi 2016-11-18,Dongsi,2016-11-18,11 Nov,Autumn,24,24,197.8,264.1,29.7,89.8,4196,2,6.7,1,100
Dongsi 2016-11-19,Dongsi,2016-11-19,11 Nov,Autumn,24,24,134.1,160.3,13.1,64.3,1929,19.8,10.1,1.7,100
Dongsi 2016-11-20,Dongsi,2016-11-20,11 Nov,Autumn,24,24,61,67.6,7,44.3,1246,6.5,3.8,2.4,100
Dongsi 2016-11-21,Dongsi,2016-11-21,11 Nov,Autumn,24,24,12.1,15.8,3,18.8,342,48.5,-1.3,3.8,100
Dongsi 2016-11-22,Dongsi,2016-11-22,11 Nov,Autumn,24,24,11.5,24.3,3,26,383,45,-3.3,3.8,100
Dongsi 2016-11-23,Dongsi,2016-11-23,11 Nov,Autumn,24,22,16.4,34.1,7,33.7,617,28,-0.6,2.4,91.7
Dongsi 2016-11-24,Dongsi,2016-11-24,11 Nov,Autumn,24,24,83.1,123.3,19.2,65,1517,9.1,-0.2,1.3,100
Dongsi 2016-11-25,Dongsi,2016-11-25,11 Nov,Autumn,24,24,179.3,249.7,30.4,92.8,2491,3.7,0.6,1,100
Dongsi 2016-11-26,Dongsi,2016-11-26,11 Nov,Autumn,24,24,303.6,382,31.9,113.9,2896,3.6,2.1,1,100
Dongsi 2016-11-27,Dongsi,2016-11-27,11 Nov,Autumn,24,24,69.3,89.7,8.3,48,667,31,2.8,1.8,100
Dongsi 2016-11-28,Dongsi,2016-11-28,11 Nov,Autumn,24,24,67.9,115.3,20.8,76,974,5.4,0.8,0.9,100
Dongsi 2016-11-29,Dongsi,2016-11-29,11 Nov,Autumn,24,24,96.7,161.1,34.1,82.3,2019,2,1.3,1.1,100
Dongsi 2016-11-30,Dongsi,2016-11-30,11 Nov,Autumn,24,24,90.5,154.5,25.1,67.2,2425,21.3,5,2,100
Dongsi 2016-12-01,Dongsi,2016-12-01,12 Dec,Winter,24,24,32.5,55.7,9.6,45.4,752,32.2,5.1,1.4,100
Dongsi 2016-12-02,Dongsi,2016-12-02,12 Dec,Winter,24,24,113.7,150.9,28,89.5,1875,6.8,3.1,1,100
Dongsi 2016-12-03,Dongsi,2016-12-03,12 Dec,Winter,24,24,236.3,294.2,37.5,127.5,3321,4.5,2.1,0.9,100
Dongsi 2016-12-04,Dongsi,2016-12-04,12 Dec,Winter,24,24,309.8,384.4,29.9,127.7,3950,7.3,2.9,0.7,100
Dongsi 2016-12-05,Dongsi,2016-12-05,12 Dec,Winter,24,24,38,61.5,11.4,41.8,963,28.5,2.6,2.4,100
Dongsi 2016-12-06,Dongsi,2016-12-06,12 Dec,Winter,24,22,89.5,158.6,24.7,94.2,2475,3,0,0.9,91.7
Dongsi 2016-12-07,Dongsi,2016-12-07,12 Dec,Winter,24,24,145.5,206.7,27.5,101.3,2746,5.2,3,1.6,100
Dongsi 2016-12-08,Dongsi,2016-12-08,12 Dec,Winter,24,24,105.5,153.7,15.5,57.6,1950,32.8,4.4,2.6,100
Dongsi 2016-12-09,Dongsi,2016-12-09,12 Dec,Winter,24,24,24.8,40.5,8,36.1,638,31.5,1.5,1.6,100
Dongsi 2016-12-10,Dongsi,2016-12-10,12 Dec,Winter,24,24,52,78.6,15.7,61.2,1279,7.5,-0.7,0.9,100
Dongsi 2016-12-11,Dongsi,2016-12-11,12 Dec,Winter,24,24,197.3,250.9,35.3,102.5,3342,4.5,-0.7,1.2,100
Dongsi 2016-12-12,Dongsi,2016-12-12,12 Dec,Winter,24,24,224.3,258.2,49.8,100.2,2742,6.3,2.5,1,100
Dongsi 2016-12-13,Dongsi,2016-12-13,12 Dec,Winter,24,24,41.9,44.8,12.2,49,867,24.5,1.2,1.6,100
Dongsi 2016-12-14,Dongsi,2016-12-14,12 Dec,Winter,24,24,27.6,45.8,10.4,43.9,663,28.8,-0.8,2,100
Dongsi 2016-12-15,Dongsi,2016-12-15,12 Dec,Winter,24,24,28,67.6,12,42.5,750,30.3,0.1,2.4,100
Dongsi 2016-12-16,Dongsi,2016-12-16,12 Dec,Winter,24,24,139.8,184.6,28.7,95.9,2329,5.1,-0.1,1,100
Dongsi 2016-12-17,Dongsi,2016-12-17,12 Dec,Winter,24,24,232.6,284.3,43.8,109.3,3146,5.6,-0.1,0.9,100
Dongsi 2016-12-18,Dongsi,2016-12-18,12 Dec,Winter,24,24,260.4,292.7,37.8,109.4,3617,5.2,0.1,0.5,100
Dongsi 2016-12-19,Dongsi,2016-12-19,12 Dec,Winter,24,24,255.6,282,39.4,121.3,4025,5,0.5,0.7,100
Dongsi 2016-12-20,Dongsi,2016-12-20,12 Dec,Winter,24,24,405.1,445,14.6,135.5,8096,3.5,-1.3,1.2,100
Dongsi 2016-12-21,Dongsi,2016-12-21,12 Dec,Winter,24,24,403.5,442.9,12,157.2,7733,3.7,1,1,100
Dongsi 2016-12-22,Dongsi,2016-12-22,12 Dec,Winter,24,24,75.5,89.6,7.7,42.7,1571,42.9,2.9,3.3,100
Dongsi 2016-12-23,Dongsi,2016-12-23,12 Dec,Winter,24,24,36.9,56.2,7.9,42.4,704,23.5,-0.6,1.5,100
Dongsi 2016-12-24,Dongsi,2016-12-24,12 Dec,Winter,24,24,136.5,184.6,36.7,90.9,3042,3.1,-0.6,1.2,100
Dongsi 2016-12-25,Dongsi,2016-12-25,12 Dec,Winter,24,24,153,188.6,36.5,95.9,2779,2.8,-1.2,1,100
Dongsi 2016-12-26,Dongsi,2016-12-26,12 Dec,Winter,24,24,49.9,63.3,17.7,52.5,1113,25.6,1.5,1.6,100
Dongsi 2016-12-27,Dongsi,2016-12-27,12 Dec,Winter,24,24,40.7,64.7,9.7,39.6,763,27.7,-0.9,2.1,100
Dongsi 2016-12-28,Dongsi,2016-12-28,12 Dec,Winter,24,24,74.5,101.2,12.2,39.4,1152,22.1,-0.8,2.7,100
Dongsi 2016-12-29,Dongsi,2016-12-29,12 Dec,Winter,24,23,64.5,99,11.2,47.5,1336,24,-1.2,1.6,95.8
Dongsi 2016-12-30,Dongsi,2016-12-30,12 Dec,Winter,24,24,288,355.5,24.1,101,4917,4.8,-3.1,1.1,100
Dongsi 2016-12-31,Dongsi,2016-12-31,12 Dec,Winter,24,24,358.4,445.2,24.5,129.5,6154,2.8,-2.5,0.9,100
Guanyuan 2016-01-01,Guanyuan,2016-01-01,01 Jan,Winter,24,24,176.1,192.9,49.1,121.6,3346,5.3,-2,1,100
Guanyuan 2016-01-02,Guanyuan,2016-01-02,01 Jan,Winter,24,24,260.2,268.1,46,146,4788,4.3,-0.9,0.9,100
Guanyuan 2016-01-03,Guanyuan,2016-01-03,01 Jan,Winter,24,24,252.9,258.1,21.8,86.4,2958,9.7,-1.4,1,100
Guanyuan 2016-01-04,Guanyuan,2016-01-04,01 Jan,Winter,24,24,35,35,7.9,24.1,742,39.2,-1.1,2.5,100
Guanyuan 2016-01-05,Guanyuan,2016-01-05,01 Jan,Winter,24,24,35.9,40.8,15.4,6,867,23.2,-3.2,2.3,100
Guanyuan 2016-01-06,Guanyuan,2016-01-06,01 Jan,Winter,24,23,26.7,41.3,15.4,19.8,900,24,-2.8,2.5,95.8
Guanyuan 2016-01-07,Guanyuan,2016-01-07,01 Jan,Winter,24,24,11.5,22.9,7.2,32.6,488,33,-3.1,3.4,100
Guanyuan 2016-01-08,Guanyuan,2016-01-08,01 Jan,Winter,24,24,36,52,14,47.5,875,25.2,-3,2,100
Guanyuan 2016-01-09,Guanyuan,2016-01-09,01 Jan,Winter,24,24,78.3,94.2,26.3,80.5,1746,8,-3,1,100
Guanyuan 2016-01-10,Guanyuan,2016-01-10,01 Jan,Winter,24,24,46.3,63,24.3,63.8,1479,16.4,-3.3,1.4,100
Guanyuan 2016-01-11,Guanyuan,2016-01-11,01 Jan,Winter,24,24,11.8,27,8.1,30.6,458,39.7,-5.9,2.9,100
Guanyuan 2016-01-12,Guanyuan,2016-01-12,01 Jan,Winter,24,24,13.9,27,9.3,39,563,32,-5.7,2.7,100
Guanyuan 2016-01-13,Guanyuan,2016-01-13,01 Jan,Winter,24,24,23.9,45,15.8,56,917,21.4,-2.8,2.1,100
Guanyuan 2016-01-14,Guanyuan,2016-01-14,01 Jan,Winter,24,24,84.3,107.6,36.2,85.1,1979,12.9,-2,1.2,100
Guanyuan 2016-01-15,Guanyuan,2016-01-15,01 Jan,Winter,24,24,87.8,118.3,29.6,89.4,2321,9.5,-2.3,1.2,100
Guanyuan 2016-01-16,Guanyuan,2016-01-16,01 Jan,Winter,24,24,117.2,139.3,45,69.1,2313,8.6,-2.7,1.4,100
Guanyuan 2016-01-17,Guanyuan,2016-01-17,01 Jan,Winter,24,24,36.9,48.6,8.5,30.6,629,44.4,-6,2.8,100
Guanyuan 2016-01-18,Guanyuan,2016-01-18,01 Jan,Winter,24,24,9.4,51.8,4.3,20.1,246,50.3,-9.2,3.6,100
Guanyuan 2016-01-19,Guanyuan,2016-01-19,01 Jan,Winter,24,24,65.6,96.8,25.1,66.8,1471,13.5,-8.4,1.4,100
Guanyuan 2016-01-20,Guanyuan,2016-01-20,01 Jan,Winter,24,24,117.4,145.7,60.9,85.2,3396,2.8,-7,1.5,100
Guanyuan 2016-01-21,Guanyuan,2016-01-21,01 Jan,Winter,24,24,125.1,131.8,26.1,69.8,2550,4.1,-5.9,1.4,100
Guanyuan 2016-01-22,Guanyuan,2016-01-22,01 Jan,Winter,24,24,16,43.3,4.9,21.2,450,53.7,-10.2,4,100
Guanyuan 2016-01-23,Guanyuan,2016-01-23,01 Jan,Winter,24,24,9.5,41.8,5.8,17.4,333,49,-15.2,3.9,100
Guanyuan 2016-01-24,Guanyuan,2016-01-24,01 Jan,Winter,24,24,11.7,40.9,6.7,27,533,41.8,-9.6,3.6,100
Guanyuan 2016-01-25,Guanyuan,2016-01-25,01 Jan,Winter,24,24,31.4,51.5,20.9,56.8,1029,23.3,-2.4,2.4,100
Guanyuan 2016-01-26,Guanyuan,2016-01-26,01 Jan,Winter,24,24,34.9,57.4,20.3,44.9,913,35.3,-1.8,2.8,100
Guanyuan 2016-01-27,Guanyuan,2016-01-27,01 Jan,Winter,24,24,91.9,102,42.2,86.5,1846,9,-3.7,1.1,100
Guanyuan 2016-01-28,Guanyuan,2016-01-28,01 Jan,Winter,24,24,114.2,124.5,50.1,90.7,2533,12.5,-2.7,1.3,100
Guanyuan 2016-01-29,Guanyuan,2016-01-29,01 Jan,Winter,24,24,54.4,77,43.3,56.7,1592,12.4,-4.7,1.6,100
Guanyuan 2016-01-30,Guanyuan,2016-01-30,01 Jan,Winter,24,24,49.9,60.8,25.3,55.3,1267,13.4,-5.5,1.7,100
Guanyuan 2016-01-31,Guanyuan,2016-01-31,01 Jan,Winter,24,24,18.7,25.7,11.4,37.5,617,39.8,-3.6,2.8,100
Guanyuan 2016-02-01,Guanyuan,2016-02-01,02 Feb,Winter,24,24,13.7,20.7,11.5,40.8,700,38.7,-1.5,2.4,100
Guanyuan 2016-02-02,Guanyuan,2016-02-02,02 Feb,Winter,24,24,28.4,30.3,13.4,59.5,988,23,-1.3,1.5,100
Guanyuan 2016-02-03,Guanyuan,2016-02-03,02 Feb,Winter,24,24,32.7,36.1,15.4,66.6,1146,16.7,-0.7,1.1,100
Guanyuan 2016-02-04,Guanyuan,2016-02-04,02 Feb,Winter,24,23,9.2,14.4,5.8,29.7,429,53.8,0.8,2.3,95.8
Guanyuan 2016-02-05,Guanyuan,2016-02-05,02 Feb,Winter,24,24,9.7,35.3,5,22.2,388,62.4,-0.1,3.5,100
Guanyuan 2016-02-06,Guanyuan,2016-02-06,02 Feb,Winter,24,24,33.6,46.7,15.5,40.8,767,45.1,0.2,1.8,100
Guanyuan 2016-02-07,Guanyuan,2016-02-07,02 Feb,Winter,24,24,36.5,68,18.3,42.4,808,42.1,0.9,1.9,100
Guanyuan 2016-02-08,Guanyuan,2016-02-08,02 Feb,Winter,24,24,186.4,262.4,60.2,45.7,908,42.1,4.5,2.5,100
Guanyuan 2016-02-09,Guanyuan,2016-02-09,02 Feb,Winter,24,24,36.8,46.3,17.3,49.3,971,42.6,3.8,1.5,100
Guanyuan 2016-02-10,Guanyuan,2016-02-10,02 Feb,Winter,24,24,90.3,98.3,50.2,71.5,2492,19.5,1.6,1.1,100
Guanyuan 2016-02-11,Guanyuan,2016-02-11,02 Feb,Winter,24,24,137.9,151.1,44.7,76.1,2946,8.4,3.7,0.7,100
Guanyuan 2016-02-12,Guanyuan,2016-02-12,02 Feb,Winter,24,24,140.7,141,19.7,68.3,2463,19.3,5.2,1.3,100
Guanyuan 2016-02-13,Guanyuan,2016-02-13,02 Feb,Winter,24,24,11.3,12.9,6.5,12.3,313,57.5,0.6,4.8,100
Guanyuan 2016-02-14,Guanyuan,2016-02-14,02 Feb,Winter,24,24,7.5,14.3,3,11.5,304,62.6,-4.3,4.7,100
Guanyuan 2016-02-15,Guanyuan,2016-02-15,02 Feb,Winter,24,24,6.6,39.9,2.1,14.6,346,63,-0.4,4.1,100
Guanyuan 2016-02-16,Guanyuan,2016-02-16,02 Feb,Winter,24,24,7.1,35.8,4.9,20,321,64.8,4.2,3.9,100
Guanyuan 2016-02-17,Guanyuan,2016-02-17,02 Feb,Winter,24,24,46.1,53.9,19.9,54.7,1033,35.5,3.7,1.7,100
Guanyuan 2016-02-18,Guanyuan,2016-02-18,02 Feb,Winter,24,24,14.4,32.4,5.6,24.2,375,64.1,5.8,4,100
Guanyuan 2016-02-19,Guanyuan,2016-02-19,02 Feb,Winter,24,24,13.9,31.5,4,29.3,458,52.3,2.7,2.6,100
Guanyuan 2016-02-20,Guanyuan,2016-02-20,02 Feb,Winter,24,23,12.5,17,4,21.1,352,59,-0.1,3,95.8
Guanyuan 2016-02-21,Guanyuan,2016-02-21,02 Feb,Winter,24,24,73.1,100.5,27,63.2,1442,21.4,-0.3,1.8,100
Guanyuan 2016-02-22,Guanyuan,2016-02-22,02 Feb,Winter,24,24,66.9,88,18.3,46,1121,40.9,1.8,3.2,100
Guanyuan 2016-02-23,Guanyuan,2016-02-23,02 Feb,Winter,24,24,10,16.5,4.4,18.9,283,64.5,-0.2,2.8,100
Guanyuan 2016-02-24,Guanyuan,2016-02-24,02 Feb,Winter,24,24,27.6,42.4,11.1,44.2,936,33.7,0,2.1,100
Guanyuan 2016-02-25,Guanyuan,2016-02-25,02 Feb,Winter,24,24,22,40.7,8.1,38,1709,40,2.5,2.2,100
Guanyuan 2016-02-26,Guanyuan,2016-02-26,02 Feb,Winter,24,24,34.3,56.7,13.2,37.3,679,48.6,3.3,2.4,100
Guanyuan 2016-02-27,Guanyuan,2016-02-27,02 Feb,Winter,24,24,20.1,29,7.7,36.4,638,48.8,4.1,1.8,100
Guanyuan 2016-02-28,Guanyuan,2016-02-28,02 Feb,Winter,24,24,31.1,46.4,7.7,38.5,796,41,0.8,3,100
Guanyuan 2016-02-29,Guanyuan,2016-02-29,02 Feb,Winter,24,24,30,37.8,11.9,37.9,592,46.7,-1,1.5,100
Guanyuan 2016-03-01,Guanyuan,2016-03-01,03 Mar,Spring,24,24,113.7,124.9,33.5,87.3,1863,20.3,3.3,1.5,100
Guanyuan 2016-03-02,Guanyuan,2016-03-02,03 Mar,Spring,24,24,159.7,167.8,37.6,125.5,2696,19.4,7.8,1.2,100
Guanyuan 2016-03-03,Guanyuan,2016-03-03,03 Mar,Spring,24,24,271.4,285.9,48.8,135.5,3796,17,7.8,1.2,100
Guanyuan 2016-03-04,Guanyuan,2016-03-04,03 Mar,Spring,24,24,301.4,311.8,61.6,125.9,4375,7.9,6.1,1.3,100
Guanyuan 2016-03-05,Guanyuan,2016-03-05,03 Mar,Spring,24,24,65.4,325.3,2.9,20.7,371,60.5,8.9,3.4,100
Guanyuan 2016-03-06,Guanyuan,2016-03-06,03 Mar,Spring,24,24,68.9,178.8,26.6,71.8,1483,12.5,5,1.2,100
Guanyuan 2016-03-07,Guanyuan,2016-03-07,03 Mar,Spring,24,24,37,93.1,13.7,39.8,896,47.5,5.8,3.5,100
Guanyuan 2016-03-08,Guanyuan,2016-03-08,03 Mar,Spring,24,24,8.8,18.3,3.5,16.4,279,65,1.8,3.1,100
Guanyuan 2016-03-09,Guanyuan,2016-03-09,03 Mar,Spring,24,22,9.1,22.9,4.6,16.2,248,58.2,1.3,3.6,91.7
Guanyuan 2016-03-10,Guanyuan,2016-03-10,03 Mar,Spring,24,24,10.1,52,2.5,15.7,338,62.9,2.7,3.3,100
Guanyuan 2016-03-11,Guanyuan,2016-03-11,03 Mar,Spring,24,24,20.9,57,8.2,32.7,492,49.9,3,1.9,100
Guanyuan 2016-03-12,Guanyuan,2016-03-12,03 Mar,Spring,24,24,110.8,151.1,44,84.3,1667,19.2,3.6,1.3,100
Guanyuan 2016-03-13,Guanyuan,2016-03-13,03 Mar,Spring,24,24,29.8,57.5,9.7,35.8,638,60.6,7.4,3.3,100
Guanyuan 2016-03-14,Guanyuan,2016-03-14,03 Mar,Spring,24,23,80.5,130.3,21.2,70.5,1330,33.9,8.5,1.9,95.8
Guanyuan 2016-03-15,Guanyuan,2016-03-15,03 Mar,Spring,24,20,147.1,214,58.7,76.4,1400,27.5,9.3,1.7,83.3
Guanyuan 2016-03-16,Guanyuan,2016-03-16,03 Mar,Spring,24,23,257.1,292.2,47.6,100.7,2257,54.8,9.4,1.4,95.8
Guanyuan 2016-03-17,Guanyuan,2016-03-17,03 Mar,Spring,24,24,302.3,304.3,34.4,109.7,2225,50.9,10.7,1.1,100
Guanyuan 2016-03-18,Guanyuan,2016-03-18,03 Mar,Spring,24,24,210.8,211.4,16.3,82.6,1667,53.4,13.6,1.8,100
Guanyuan 2016-03-19,Guanyuan,2016-03-19,03 Mar,Spring,24,24,68.5,119.5,14.9,41.1,921,58.9,11.3,1.9,100
Guanyuan 2016-03-20,Guanyuan,2016-03-20,03 Mar,Spring,24,24,63.8,102.8,9.4,62,917,44.6,11.6,1.5,100
Guanyuan 2016-03-21,Guanyuan,2016-03-21,03 Mar,Spring,24,24,131,193.5,23.1,82.8,1229,56.2,11.9,1.6,100
Guanyuan 2016-03-22,Guanyuan,2016-03-22,03 Mar,Spring,24,24,118,230,29.2,87.8,1579,30.3,12.4,1.9,100
Guanyuan 2016-03-23,Guanyuan,2016-03-23,03 Mar,Spring,24,23,22.7,43.5,4.7,37.7,614,47.8,9.3,2.2,95.8
Guanyuan 2016-03-24,Guanyuan,2016-03-24,03 Mar,Spring,24,24,13.8,23.6,2.8,34.5,635,32.2,8.8,1.7,100
Guanyuan 2016-03-25,Guanyuan,2016-03-25,03 Mar,Spring,24,24,15.6,30.2,4,36.8,535,38.8,9.1,1.6,100
Guanyuan 2016-03-26,Guanyuan,2016-03-26,03 Mar,Spring,24,24,12.1,33.7,3.6,29,496,62,13.8,2.5,100
Guanyuan 2016-03-27,Guanyuan,2016-03-27,03 Mar,Spring,24,24,16.1,46.2,3.2,39.4,404,50.8,16.7,2.4,100
Guanyuan 2016-03-28,Guanyuan,2016-03-28,03 Mar,Spring,24,21,70.1,217.4,13.2,73.6,875,33,16.2,2,87.5
Guanyuan 2016-03-29,Guanyuan,2016-03-29,03 Mar,Spring,24,24,20.3,84.2,2.3,31.3,421,64.7,16.6,2.4,100
Guanyuan 2016-03-30,Guanyuan,2016-03-30,03 Mar,Spring,24,24,29.5,76.1,3.2,40.5,550,58.8,16,2.1,100
Guanyuan 2016-03-31,Guanyuan,2016-03-31,03 Mar,Spring,24,24,159.4,269.3,12.6,87.9,1538,59,15.5,1.9,100
Guanyuan 2016-04-01,Guanyuan,2016-04-01,04 Apr,Spring,24,22,37.2,156.3,4.2,27,467,69.9,17.7,3.4,91.7
Guanyuan 2016-04-02,Guanyuan,2016-04-02,04 Apr,Spring,24,22,8.3,31,2.4,18.4,196,64.6,15.1,2.9,91.7
Guanyuan 2016-04-03,Guanyuan,2016-04-03,04 Apr,Spring,24,22,18,51.3,4.3,22.8,100,65.2,14.6,2.3,91.7
Guanyuan 2016-04-04,Guanyuan,2016-04-04,04 Apr,Spring,24,20,71.6,121.5,13,46.5,319,70.2,15.5,2.4,83.3
Guanyuan 2016-04-05,Guanyuan,2016-04-05,04 Apr,Spring,24,24,118.8,174.3,19,60.3,726,77.2,15.4,2.7,100
Guanyuan 2016-04-06,Guanyuan,2016-04-06,04 Apr,Spring,24,24,153,184.7,34.3,69.5,1929,62.7,14.5,1.3,100
Guanyuan 2016-04-07,Guanyuan,2016-04-07,04 Apr,Spring,24,24,95.2,151.4,6.4,58.9,1196,48.7,17.7,2.7,100
Guanyuan 2016-04-08,Guanyuan,2016-04-08,04 Apr,Spring,24,24,25,88.5,4.8,30,375,66,18.3,3.5,100
Guanyuan 2016-04-09,Guanyuan,2016-04-09,04 Apr,Spring,24,24,86.7,264.7,13.3,57.7,804,52.1,16,2.2,100
Guanyuan 2016-04-10,Guanyuan,2016-04-10,04 Apr,Spring,24,24,53.8,208.8,17.8,40.9,892,63.5,12.8,1.8,100
Guanyuan 2016-04-11,Guanyuan,2016-04-11,04 Apr,Spring,24,23,41,106.3,11.7,38.1,571,61.8,10.2,2.4,95.8
Guanyuan 2016-04-12,Guanyuan,2016-04-12,04 Apr,Spring,24,24,76.6,102.7,6.5,68.2,804,34,11.6,1.5,100
Guanyuan 2016-04-13,Guanyuan,2016-04-13,04 Apr,Spring,24,24,124.8,163.4,7.2,77.5,1038,50,16.8,2,100
Guanyuan 2016-04-14,Guanyuan,2016-04-14,04 Apr,Spring,24,24,33.8,104.1,2.8,23.4,383,79.1,17.8,2.6,100
Guanyuan 2016-04-15,Guanyuan,2016-04-15,04 Apr,Spring,24,24,62.1,118.8,15.6,62,1083,49.1,15.8,1.8,100
Guanyuan 2016-04-16,Guanyuan,2016-04-16,04 Apr,Spring,24,24,30,85.4,2.3,25.2,354,56.4,15.4,3.6,100
Guanyuan 2016-04-17,Guanyuan,2016-04-17,04 Apr,Spring,24,24,16.6,35.7,2,14.3,267,81.8,15.7,3.9,100
Guanyuan 2016-04-18,Guanyuan,2016-04-18,04 Apr,Spring,24,24,20.5,38.3,2.3,23.4,304,74.4,15.1,2.7,100
Guanyuan 2016-04-19,Guanyuan,2016-04-19,04 Apr,Spring,24,24,78.1,117.8,21.2,65.1,1371,33.3,13.1,2,100
Guanyuan 2016-04-20,Guanyuan,2016-04-20,04 Apr,Spring,24,23,81.4,93.3,9.7,49.6,839,68.2,18.3,2.1,95.8
Guanyuan 2016-04-21,Guanyuan,2016-04-21,04 Apr,Spring,24,23,105.9,188.9,7.6,75.7,865,59.6,20.3,2,95.8
Guanyuan 2016-04-22,Guanyuan,2016-04-22,04 Apr,Spring,24,24,41.4,114.3,2.2,22.3,275,81.2,19.8,3,100
Guanyuan 2016-04-23,Guanyuan,2016-04-23,04 Apr,Spring,24,24,26.2,61.7,3,25.9,329,68.4,16.6,2.1,100
Guanyuan 2016-04-24,Guanyuan,2016-04-24,04 Apr,Spring,24,24,99.4,184.9,24.4,54.8,892,73,17.4,2.2,100
Guanyuan 2016-04-25,Guanyuan,2016-04-25,04 Apr,Spring,24,24,96,162.2,16.8,34.2,704,112.9,21.4,2.9,100
Guanyuan 2016-04-26,Guanyuan,2016-04-26,04 Apr,Spring,24,24,82.4,137.9,26.7,43.8,1317,97.3,17.5,2.2,100
Guanyuan 2016-04-27,Guanyuan,2016-04-27,04 Apr,Spring,24,23,94.9,115.5,12.4,64,1165,73.2,15.2,1.2,95.8
Guanyuan 2016-04-28,Guanyuan,2016-04-28,04 Apr,Spring,24,24,100,117.3,8.1,61.8,1104,87.8,18.3,2.1,100
Guanyuan 2016-04-29,Guanyuan,2016-04-29,04 Apr,Spring,24,24,131.6,163.8,19.5,76.2,1433,86.4,18.2,1.8,100
Guanyuan 2016-04-30,Guanyuan,2016-04-30,04 Apr,Spring,24,24,190.2,208.3,12.1,80.8,1517,118.4,21.8,2.1,100
Guanyuan 2016-05-01,Guanyuan,2016-05-01,05 May,Spring,24,24,202.2,215.6,28.6,47.5,2321,145.4,22.8,1.4,100
Guanyuan 2016-05-02,Guanyuan,2016-05-02,05 May,Spring,24,24,57.7,113.1,2.8,26.5,396,60.8,15.4,2.8,100
Guanyuan 2016-05-03,Guanyuan,2016-05-03,05 May,Spring,24,19,,79.2,2.2,32.2,429,31.3,19,3.1,79.2
Guanyuan 2016-05-04,Guanyuan,2016-05-04,05 May,Spring,24,23,24.6,66.8,2.9,50.4,629,26,20.5,1.5,95.8
Guanyuan 2016-05-05,Guanyuan,2016-05-05,05 May,Spring,24,24,55.8,152,16,46.7,1029,86.5,20.3,2.2,100
Guanyuan 2016-05-06,Guanyuan,2016-05-06,05 May,Spring,24,23,63,,2,15,258,78.5,20.4,3.5,95.8
Guanyuan 2016-05-07,Guanyuan,2016-05-07,05 May,Spring,24,24,19.5,49.9,3,25.6,308,83.1,21.8,2.2,100
Guanyuan 2016-05-08,Guanyuan,2016-05-08,05 May,Spring,24,24,60,144.9,17.4,49.7,742,80.2,20.3,2.5,100
Guanyuan 2016-05-09,Guanyuan,2016-05-09,05 May,Spring,24,24,37.8,83.5,5,44.1,633,55.5,18.1,1.6,100
Guanyuan 2016-05-10,Guanyuan,2016-05-10,05 May,Spring,24,24,42,83.3,4.8,45.1,625,87.9,21.3,2,100
Guanyuan 2016-05-11,Guanyuan,2016-05-11,05 May,Spring,24,24,164.3,190.5,17.7,38.7,1229,128.5,23.1,2.5,100
Guanyuan 2016-05-12,Guanyuan,2016-05-12,05 May,Spring,24,24,46.1,59.1,2.1,34.6,633,59.7,17.6,2.6,100
Guanyuan 2016-05-13,Guanyuan,2016-05-13,05 May,Spring,24,24,32.3,65.3,5.6,47.9,700,62.8,17.6,2.3,100
Guanyuan 2016-05-14,Guanyuan,2016-05-14,05 May,Spring,24,24,42,50.1,2.9,34.4,600,70.5,14.1,1.8,100
Guanyuan 2016-05-15,Guanyuan,2016-05-15,05 May,Spring,24,24,36,44.3,2.4,38.8,613,42.5,17.6,1.5,100
Guanyuan 2016-05-16,Guanyuan,2016-05-16,05 May,Spring,24,24,22.5,60.8,3.8,50.8,529,65.8,22.5,2.7,100
Guanyuan 2016-05-17,Guanyuan,2016-05-17,05 May,Spring,24,24,60.8,130.5,13.8,57,738,117.6,24.7,2.3,100
Guanyuan 2016-05-18,Guanyuan,2016-05-18,05 May,Spring,24,24,62.8,119.6,11.9,31.1,642,136.3,25.2,2.7,100
Guanyuan 2016-05-19,Guanyuan,2016-05-19,05 May,Spring,24,24,90.8,124.3,17.5,37.8,858,174,24.8,2,100
Guanyuan 2016-05-20,Guanyuan,2016-05-20,05 May,Spring,24,24,96.8,122.8,24,51.6,1150,145.1,22.9,1.9,100
Guanyuan 2016-05-21,Guanyuan,2016-05-21,05 May,Spring,24,24,81.3,97.8,22.3,49,921,130.9,22.6,1.7,100
Guanyuan 2016-05-22,Guanyuan,2016-05-22,05 May,Spring,24,24,53.1,100.8,9.3,60.7,713,114,23.6,1.5,100
Guanyuan 2016-05-23,Guanyuan,2016-05-23,05 May,Spring,24,24,68.6,105.9,18.4,48.5,1004,94.3,21.3,2,100
Guanyuan 2016-05-24,Guanyuan,2016-05-24,05 May,Spring,24,24,23.5,40.3,3.4,33.3,445,64.8,21.6,2.4,100
Guanyuan 2016-05-25,Guanyuan,2016-05-25,05 May,Spring,24,24,13.2,31.3,2.1,27.8,377,85,22.6,2.2,100
Guanyuan 2016-05-26,Guanyuan,2016-05-26,05 May,Spring,24,24,22.4,69.7,2.6,35.8,386,73,24.7,2.2,100
Guanyuan 2016-05-27,Guanyuan,2016-05-27,05 May,Spring,24,24,45.8,127.2,14.2,55,675,96.1,24.5,2.7,100
Guanyuan 2016-05-28,Guanyuan,2016-05-28,05 May,Spring,24,24,43.5,93.6,10.4,38,667,122.5,24.8,2.6,100
Guanyuan 2016-05-29,Guanyuan,2016-05-29,05 May,Spring,24,24,32.3,78.3,4.8,30.1,500,114.7,25.1,2.4,100
Guanyuan 2016-05-30,Guanyuan,2016-05-30,05 May,Spring,24,24,84.4,186.1,18.2,53.6,1117,149.3,26.3,1.5,100
Guanyuan 2016-05-31,Guanyuan,2016-05-31,05 May,Spring,24,24,45.5,121.9,10.2,33.4,729,91.2,25,2.2,100
Guanyuan 2016-06-01,Guanyuan,2016-06-01,06 Jun,Summer,24,24,33.8,75.6,5.3,43.8,671,93.8,24.5,1.5,100
Guanyuan 2016-06-02,Guanyuan,2016-06-02,06 Jun,Summer,24,24,47,99.4,9.3,52.5,771,120.9,26,1.9,100
Guanyuan 2016-06-03,Guanyuan,2016-06-03,06 Jun,Summer,24,24,88.9,146,24.5,70,1279,120.6,25,1.6,100
Guanyuan 2016-06-04,Guanyuan,2016-06-04,06 Jun,Summer,24,24,89.2,124.1,18.3,32.6,783,160.1,26.9,2,100
Guanyuan 2016-06-05,Guanyuan,2016-06-05,06 Jun,Summer,24,24,79.4,109.4,14.7,38.6,921,131.3,24.7,2,100
Guanyuan 2016-06-06,Guanyuan,2016-06-06,06 Jun,Summer,24,23,99.2,113,8.8,39,1039,133.3,24.5,1.7,95.8
Guanyuan 2016-06-07,Guanyuan,2016-06-07,06 Jun,Summer,24,24,67,83.2,2.2,26.5,983,112.3,22.2,1.8,100
Guanyuan 2016-06-08,Guanyuan,2016-06-08,06 Jun,Summer,24,24,139.7,143.7,2.7,37.4,1413,135.4,24.7,1.7,100
Guanyuan 2016-06-09,Guanyuan,2016-06-09,06 Jun,Summer,24,24,117.8,143,8,38.3,1225,135.7,27,2.6,100
Guanyuan 2016-06-10,Guanyuan,2016-06-10,06 Jun,Summer,24,24,56.8,59.4,2,23.7,1013,125.5,24.4,1.8,100
Guanyuan 2016-06-11,Guanyuan,2016-06-11,06 Jun,Summer,24,23,12.2,22.9,3,24.3,417,79.5,25.7,1.9,95.8
Guanyuan 2016-06-12,Guanyuan,2016-06-12,06 Jun,Summer,24,23,69.7,93.5,9.3,34.5,917,121.3,25.3,1.6,95.8
Guanyuan 2016-06-13,Guanyuan,2016-06-13,06 Jun,Summer,24,24,54.5,62.7,2.9,38.7,696,86.6,20.4,1.7,100
Guanyuan 2016-06-14,Guanyuan,2016-06-14,06 Jun,Summer,24,24,43.4,46.4,2.2,33,604,72.2,19.5,1.8,100
Guanyuan 2016-06-15,Guanyuan,2016-06-15,06 Jun,Summer,24,22,21.7,32,2.7,32.6,546,91.5,23.5,1.6,91.7
Guanyuan 2016-06-16,Guanyuan,2016-06-16,06 Jun,Summer,24,24,29.6,52,2,52.4,658,71,26.8,1.5,100
Guanyuan 2016-06-17,Guanyuan,2016-06-17,06 Jun,Summer,24,24,28.2,59.8,2.4,63.1,646,47.3,25.8,1.6,100
Guanyuan 2016-06-18,Guanyuan,2016-06-18,06 Jun,Summer,24,24,46.9,85.3,4.8,60.3,775,101.5,26.9,2,100
Guanyuan 2016-06-19,Guanyuan,2016-06-19,06 Jun,Summer,24,24,72,97.6,7,44.6,846,137.9,29.5,2.1,100
Guanyuan 2016-06-20,Guanyuan,2016-06-20,06 Jun,Summer,24,24,97.2,105.6,8.4,35.1,1142,165.8,28.5,1.8,100
Guanyuan 2016-06-21,Guanyuan,2016-06-21,06 Jun,Summer,24,24,102.1,107.2,2.3,36.6,992,146.4,28.4,1.8,100
Guanyuan 2016-06-22,Guanyuan,2016-06-22,06 Jun,Summer,24,24,59.6,70,2.2,37.4,746,129,27.7,1.9,100
Guanyuan 2016-06-23,Guanyuan,2016-06-23,06 Jun,Summer,24,24,85,105.8,5.8,42.9,1083,107.5,27.4,1.6,100
Guanyuan 2016-06-24,Guanyuan,2016-06-24,06 Jun,Summer,24,24,18,27.3,2,33.4,417,58.1,27.6,2.2,100
Guanyuan 2016-06-25,Guanyuan,2016-06-25,06 Jun,Summer,24,24,16.5,34.3,2.4,30.3,317,70.2,30.8,2,100
Guanyuan 2016-06-26,Guanyuan,2016-06-26,06 Jun,Summer,24,24,42.8,81.8,5,43.3,533,110,30.1,2.2,100
Guanyuan 2016-06-27,Guanyuan,2016-06-27,06 Jun,Summer,24,24,63.4,93.5,7.3,41.5,754,120,26.5,2.1,100
Guanyuan 2016-06-28,Guanyuan,2016-06-28,06 Jun,Summer,24,24,82.4,82.7,2,36.3,775,73.4,21.1,1.4,100
Guanyuan 2016-06-29,Guanyuan,2016-06-29,06 Jun,Summer,24,24,139,139,2,44.6,1071,77.5,24.2,1.3,100
Guanyuan 2016-06-30,Guanyuan,2016-06-30,06 Jun,Summer,24,24,80.3,85.3,2,41.5,896,108.5,26.6,1.5,100
Guanyuan 2016-07-01,Guanyuan,2016-07-01,07 Jul,Summer,24,24,14.5,25.8,2,29.5,433,87,28.1,2.1,100
Guanyuan 2016-07-02,Guanyuan,2016-07-02,07 Jul,Summer,24,19,,72.1,2.3,44.7,671,91.9,28.2,1.9,79.2
Guanyuan 2016-07-03,Guanyuan,2016-07-03,07 Jul,Summer,24,24,90.4,119.8,10.6,51.3,1063,108.1,28.6,1.8,100
Guanyuan 2016-07-04,Guanyuan,2016-07-04,07 Jul,Summer,24,24,145.8,146.5,7.3,34,1246,123.2,27.8,2,100
Guanyuan 2016-07-05,Guanyuan,2016-07-05,07 Jul,Summer,24,24,109.6,116,7.5,35.9,1000,125.8,27.9,1.7,100
Guanyuan 2016-07-06,Guanyuan,2016-07-06,07 Jul,Summer,24,24,80.3,97,6.8,39.4,933,131.6,29.3,1.8,100
Guanyuan 2016-07-07,Guanyuan,2016-07-07,07 Jul,Summer,24,24,120.2,130.1,11.7,32.6,1254,145.8,29,2,100
Guanyuan 2016-07-08,Guanyuan,2016-07-08,07 Jul,Summer,24,24,109.2,116.6,8.1,39,1238,105.8,28.3,1.9,100
Guanyuan 2016-07-09,Guanyuan,2016-07-09,07 Jul,Summer,24,24,97.7,100.4,6.9,37.1,896,101.6,30.4,1.9,100
Guanyuan 2016-07-10,Guanyuan,2016-07-10,07 Jul,Summer,24,24,103.4,106.8,7.4,29.9,896,112.5,31.8,2.1,100
Guanyuan 2016-07-11,Guanyuan,2016-07-11,07 Jul,Summer,24,24,105.2,111.1,11.2,29.9,829,112.5,32.1,2.8,100
Guanyuan 2016-07-12,Guanyuan,2016-07-12,07 Jul,Summer,24,24,39,46.5,6.3,32.9,679,69.6,28,1.9,100
Guanyuan 2016-07-13,Guanyuan,2016-07-13,07 Jul,Summer,24,24,16.3,33.5,2.2,34.9,538,96.5,30.1,1.6,100
Guanyuan 2016-07-14,Guanyuan,2016-07-14,07 Jul,Summer,24,22,31.1,58.9,3.3,43.1,817,88.7,29,1.7,91.7
Guanyuan 2016-07-15,Guanyuan,2016-07-15,07 Jul,Summer,24,24,41.1,43,2,38.9,775,57.8,22.1,1.3,100
Guanyuan 2016-07-16,Guanyuan,2016-07-16,07 Jul,Summer,24,24,45.7,50.2,3.3,51,850,50.3,23.8,1.3,100
Guanyuan 2016-07-17,Guanyuan,2016-07-17,07 Jul,Summer,24,24,87.9,96.4,3.9,51.5,1075,107.9,26.6,1.4,100
Guanyuan 2016-07-18,Guanyuan,2016-07-18,07 Jul,Summer,24,24,126.3,128,5.5,55.7,1204,92.6,25.8,1.1,100
Guanyuan 2016-07-19,Guanyuan,2016-07-19,07 Jul,Summer,24,24,121.8,124.1,3.6,54.2,1450,32.2,24,1.3,100
Guanyuan 2016-07-20,Guanyuan,2016-07-20,07 Jul,Summer,24,24,47.3,47.3,2,22.3,867,46.4,21.9,3.1,100
Guanyuan 2016-07-21,Guanyuan,2016-07-21,07 Jul,Summer,24,24,44.9,45.8,2,35.8,1021,33.2,24,1.2,100
Guanyuan 2016-07-22,Guanyuan,2016-07-22,07 Jul,Summer,24,15,,113.3,2,42.2,1230,81,27.6,1.3,62.5
Guanyuan 2016-07-23,Guanyuan,2016-07-23,07 Jul,Summer,24,0,,,3.6,35.3,1283,110.5,28.8,1.5,0
Guanyuan 2016-07-24,Guanyuan,2016-07-24,07 Jul,Summer,24,13,,,2.2,33.2,954,109.6,28.5,1.4,54.2
Guanyuan 2016-07-25,Guanyuan,2016-07-25,07 Jul,Summer,24,24,48.9,50.7,6.4,28.4,933,64,28.3,1.4,100
Guanyuan 2016-07-26,Guanyuan,2016-07-26,07 Jul,Summer,24,24,20,30.8,5,19.3,500,99.6,29.2,1.5,100
Guanyuan 2016-07-27,Guanyuan,2016-07-27,07 Jul,Summer,24,24,56.8,82.6,2.1,42.8,804,122.1,28.9,1.7,100
Guanyuan 2016-07-28,Guanyuan,2016-07-28,07 Jul,Summer,24,24,55.4,65.8,2.4,43,,98.5,28,1.2,100
Guanyuan 2016-07-29,Guanyuan,2016-07-29,07 Jul,Summer,24,24,129.1,132,4.8,39.9,,124.4,29.2,1.6,100
Guanyuan 2016-07-30,Guanyuan,2016-07-30,07 Jul,Summer,24,22,141.8,142.5,6.5,35.7,,76.8,27.8,1.7,91.7
Guanyuan 2016-07-31,Guanyuan,2016-07-31,07 Jul,Summer,24,24,63.8,64.6,2.4,42,,67.8,25.7,1.3,100
Guanyuan 2016-08-01,Guanyuan,2016-08-01,08 Aug,Summer,24,24,82.8,87,7,36,,106.7,28.4,1.3,100
Guanyuan 2016-08-02,Guanyuan,2016-08-02,08 Aug,Summer,24,22,67.5,73.7,5.4,39.5,1152,98.7,29.7,1.6,91.7
Guanyuan 2016-08-03,Guanyuan,2016-08-03,08 Aug,Summer,24,24,59.5,81.8,7.3,39.4,975,137.5,30.7,1.4,100
Guanyuan 2016-08-04,Guanyuan,2016-08-04,08 Aug,Summer,24,24,101.6,115.9,2.4,38.7,1367,134.5,30.5,1.7,100
Guanyuan 2016-08-05,Guanyuan,2016-08-05,08 Aug,Summer,24,24,61.2,69.8,2,31.9,883,101.7,29.6,1.6,100
Guanyuan 2016-08-06,Guanyuan,2016-08-06,08 Aug,Summer,24,24,100.3,110.4,2,31.4,979,102,29.9,1.6,100
Guanyuan 2016-08-07,Guanyuan,2016-08-07,08 Aug,Summer,24,24,19.8,23.9,2,17.5,604,87.8,27.6,1.5,100
Guanyuan 2016-08-08,Guanyuan,2016-08-08,08 Aug,Summer,24,24,35,46.3,2.9,31.3,838,94.4,28.8,1.8,100
Guanyuan 2016-08-09,Guanyuan,2016-08-09,08 Aug,Summer,24,24,44.5,68.4,5.9,48.5,1092,100.9,27.8,1.6,100
Guanyuan 2016-08-10,Guanyuan,2016-08-10,08 Aug,Summer,24,24,79.5,94.1,4.2,26,888,103.9,30.5,2.3,100
Guanyuan 2016-08-11,Guanyuan,2016-08-11,08 Aug,Summer,24,24,83.9,100.8,6.5,26.8,967,101.7,32,1.9,100
Guanyuan 2016-08-12,Guanyuan,2016-08-12,08 Aug,Summer,24,24,62.9,74,8.5,36,950,51.6,29.4,1.6,100
Guanyuan 2016-08-13,Guanyuan,2016-08-13,08 Aug,Summer,24,24,26.1,37.9,8.5,53,842,19.7,27.9,1.4,100
Guanyuan 2016-08-14,Guanyuan,2016-08-14,08 Aug,Summer,24,24,22.8,48.9,3.9,45.9,658,83.8,29.2,1.4,100
Guanyuan 2016-08-15,Guanyuan,2016-08-15,08 Aug,Summer,24,24,20.9,32.9,2.1,33.8,567,62.1,25.6,1.6,100
Guanyuan 2016-08-16,Guanyuan,2016-08-16,08 Aug,Summer,24,24,26.3,41,2.1,38.4,675,75,26.4,1.6,100
Guanyuan 2016-08-17,Guanyuan,2016-08-17,08 Aug,Summer,24,24,65.7,93,3.3,69.5,1154,30.8,25.5,1,100
Guanyuan 2016-08-18,Guanyuan,2016-08-18,08 Aug,Summer,24,24,84.3,84.3,2,52.7,1750,20.2,23.4,1.3,100
Guanyuan 2016-08-19,Guanyuan,2016-08-19,08 Aug,Summer,24,24,21.4,29.3,2,31.8,1071,71.4,27.9,2,100
Guanyuan 2016-08-20,Guanyuan,2016-08-20,08 Aug,Summer,24,24,64,77,2,41.8,1208,115.3,27.7,1.1,100
Guanyuan 2016-08-21,Guanyuan,2016-08-21,08 Aug,Summer,24,24,54.7,78.7,2.5,48.8,1004,128.8,28.9,1.4,100
Guanyuan 2016-08-22,Guanyuan,2016-08-22,08 Aug,Summer,24,24,43.9,58.3,5.8,31.7,825,112.3,29.4,1.7,100
Guanyuan 2016-08-23,Guanyuan,2016-08-23,08 Aug,Summer,24,24,71.2,96.7,7.7,46,871,88.8,27.9,1.5,100
Guanyuan 2016-08-24,Guanyuan,2016-08-24,08 Aug,Summer,24,24,82.9,97.3,5.3,54.6,1108,82.8,27.9,1,100
Guanyuan 2016-08-25,Guanyuan,2016-08-25,08 Aug,Summer,24,24,22.9,31.5,2.6,33.1,504,50,27.3,2.9,100
Guanyuan 2016-08-26,Guanyuan,2016-08-26,08 Aug,Summer,24,24,12.6,28.3,2,33.3,325,53.5,24.6,1.5,100
Guanyuan 2016-08-27,Guanyuan,2016-08-27,08 Aug,Summer,24,24,16.9,52.8,2.5,46.5,467,35.2,24.5,1.4,100
Guanyuan 2016-08-28,Guanyuan,2016-08-28,08 Aug,Summer,24,24,13,34.6,2.4,33.8,308,52.2,25.7,1.7,100
Guanyuan 2016-08-29,Guanyuan,2016-08-29,08 Aug,Summer,24,23,22.1,51.5,2.7,63.5,470,56.9,25.5,1.5,95.8
Guanyuan 2016-08-30,Guanyuan,2016-08-30,08 Aug,Summer,24,24,32.4,72.4,3.6,61.1,646,97.8,26.3,1.5,100
Guanyuan 2016-08-31,Guanyuan,2016-08-31,08 Aug,Summer,24,24,18.8,38.5,3.2,52.2,388,46.3,27.4,2.7,100
Guanyuan 2016-09-01,Guanyuan,2016-09-01,09 Sep,Autumn,24,24,8.9,34.6,2.2,34.6,283,40.6,25.2,2.3,100
Guanyuan 2016-09-02,Guanyuan,2016-09-02,09 Sep,Autumn,24,24,16.2,38,2,39,392,24.5,24,1.5,100
Guanyuan 2016-09-03,Guanyuan,2016-09-03,09 Sep,Autumn,24,24,22.6,48,2.6,38.7,500,72.7,25.9,1.4,100
Guanyuan 2016-09-04,Guanyuan,2016-09-04,09 Sep,Autumn,24,24,76.3,107,6.5,52.8,917,95.2,26.1,1.7,100
Guanyuan 2016-09-05,Guanyuan,2016-09-05,09 Sep,Autumn,24,24,29,43.7,2,35,546,81.2,25.6,1.8,100
Guanyuan 2016-09-06,Guanyuan,2016-09-06,09 Sep,Autumn,24,18,,,,,,,26.2,1.7,75
Guanyuan 2016-09-07,Guanyuan,2016-09-07,09 Sep,Autumn,24,13,,,,,,,24.7,2.1,54.2
Guanyuan 2016-09-08,Guanyuan,2016-09-08,09 Sep,Autumn,24,24,25.8,40.3,3.1,57.5,623,43.4,24.1,1.3,100
Guanyuan 2016-09-09,Guanyuan,2016-09-09,09 Sep,Autumn,24,24,21.3,38.9,3,55.2,573,9.6,24.9,1.6,100
Guanyuan 2016-09-10,Guanyuan,2016-09-10,09 Sep,Autumn,24,24,17.6,33.5,2.2,49.8,550,2.8,25.3,1.5,100
Guanyuan 2016-09-11,Guanyuan,2016-09-11,09 Sep,Autumn,24,24,35.3,40,2.3,30.7,923,80,21.7,1.8,100
Guanyuan 2016-09-12,Guanyuan,2016-09-12,09 Sep,Autumn,24,24,34.8,41.8,2,30,908,83.6,22.6,1.2,100
Guanyuan 2016-09-13,Guanyuan,2016-09-13,09 Sep,Autumn,24,24,84.3,96.3,3.5,62,1018,57.3,23.1,1.3,100
Guanyuan 2016-09-14,Guanyuan,2016-09-14,09 Sep,Autumn,24,24,101.1,108,4.9,58.6,983,80.2,24.4,1.7,100
Guanyuan 2016-09-15,Guanyuan,2016-09-15,09 Sep,Autumn,24,24,73.4,93.8,4.2,50.5,904,90.3,25.2,1.3,100
Guanyuan 2016-09-16,Guanyuan,2016-09-16,09 Sep,Autumn,24,24,137.2,148.8,5.2,44.4,1238,98.9,24.9,1.5,100
Guanyuan 2016-09-17,Guanyuan,2016-09-17,09 Sep,Autumn,24,24,45.6,56.4,3.1,42.4,854,39,21.6,1.2,100
Guanyuan 2016-09-18,Guanyuan,2016-09-18,09 Sep,Autumn,24,24,22.6,24.3,2,38.9,654,17.4,19.1,1.3,100
Guanyuan 2016-09-19,Guanyuan,2016-09-19,09 Sep,Autumn,24,24,12.9,18.7,2,40.1,446,27.7,19.3,1.4,100
Guanyuan 2016-09-20,Guanyuan,2016-09-20,09 Sep,Autumn,24,24,22.1,38.8,2.2,48.8,554,43.9,19.8,1.2,100
Guanyuan 2016-09-21,Guanyuan,2016-09-21,09 Sep,Autumn,24,21,68.1,116,3.8,94.2,967,15.7,19.2,1.2,87.5
Guanyuan 2016-09-22,Guanyuan,2016-09-22,09 Sep,Autumn,24,24,107.3,138.3,6.8,79.8,942,49.2,20.2,1.4,100
Guanyuan 2016-09-23,Guanyuan,2016-09-23,09 Sep,Autumn,24,22,128.3,137.1,4.9,54.6,1209,119.3,21.6,1.3,91.7
Guanyuan 2016-09-24,Guanyuan,2016-09-24,09 Sep,Autumn,24,24,124.3,157.7,4.9,65.5,1158,91.3,22.3,1.1,100
Guanyuan 2016-09-25,Guanyuan,2016-09-25,09 Sep,Autumn,24,24,169.4,199.7,3.8,65,1525,74.7,,,100
Guanyuan 2016-09-26,Guanyuan,2016-09-26,09 Sep,Autumn,24,24,63,68.2,2.3,56.2,1308,48,19.6,1.3,100
Guanyuan 2016-09-27,Guanyuan,2016-09-27,09 Sep,Autumn,24,24,31.2,44.5,2.3,35.8,700,36.6,18.3,3.7,100
Guanyuan 2016-09-28,Guanyuan,2016-09-28,09 Sep,Autumn,24,21,17.7,33.4,7.8,50.8,500,25.3,15.5,1.9,87.5
Guanyuan 2016-09-29,Guanyuan,2016-09-29,09 Sep,Autumn,24,24,54.3,94.1,7.5,65.3,629,45.4,14.9,1.3,100
Guanyuan 2016-09-30,Guanyuan,2016-09-30,09 Sep,Autumn,24,24,105.9,155.3,9,85.5,904,70.5,17.6,1.1,100
Guanyuan 2016-10-01,Guanyuan,2016-10-01,10 Oct,Autumn,24,24,164.4,211.1,15.3,107.5,1508,52.6,18.8,1,100
Guanyuan 2016-10-02,Guanyuan,2016-10-02,10 Oct,Autumn,24,24,191.7,217.8,8,86.9,1413,65.9,19.5,1,100
Guanyuan 2016-10-03,Guanyuan,2016-10-03,10 Oct,Autumn,24,24,121.4,141.3,3.8,63.1,1171,61.7,22.3,1.3,100
Guanyuan 2016-10-04,Guanyuan,2016-10-04,10 Oct,Autumn,24,24,36.3,53.4,2.2,41.6,1025,22.1,16.8,2.2,100
Guanyuan 2016-10-05,Guanyuan,2016-10-05,10 Oct,Autumn,24,24,59.8,69.4,2.4,49.8,1217,23.5,16.7,1.4,100
Guanyuan 2016-10-06,Guanyuan,2016-10-06,10 Oct,Autumn,24,24,73.4,93,4.3,57.9,1617,5.6,15.4,1.6,100
Guanyuan 2016-10-07,Guanyuan,2016-10-07,10 Oct,Autumn,24,24,41.7,41.8,2,47.7,1621,10.2,13.5,1.6,100
Guanyuan 2016-10-08,Guanyuan,2016-10-08,10 Oct,Autumn,24,24,12.4,22.5,2,32.8,429,40.8,12.6,2.4,100
Guanyuan 2016-10-09,Guanyuan,2016-10-09,10 Oct,Autumn,24,24,33.1,64,5.5,55.5,642,13.9,10.2,1.2,100
Guanyuan 2016-10-10,Guanyuan,2016-10-10,10 Oct,Autumn,24,21,95.9,145.4,10.2,87,1157,9.8,11.6,0.9,87.5
Guanyuan 2016-10-11,Guanyuan,2016-10-11,10 Oct,Autumn,24,24,119.3,139.9,7,72.7,1383,25.3,13.7,1.7,100
Guanyuan 2016-10-12,Guanyuan,2016-10-12,10 Oct,Autumn,24,24,76.8,103.7,4,65.8,1054,27.3,14.9,1.1,100
Guanyuan 2016-10-13,Guanyuan,2016-10-13,10 Oct,Autumn,24,24,161,188.6,5.1,85.3,1575,31.6,15.4,0.7,100
Guanyuan 2016-10-14,Guanyuan,2016-10-14,10 Oct,Autumn,24,24,250,266.8,7.9,111.8,2071,26.8,16,0.8,100
Guanyuan 2016-10-15,Guanyuan,2016-10-15,10 Oct,Autumn,24,23,209.7,226.6,4.8,111.8,2087,2,14.1,0.7,95.8
Guanyuan 2016-10-16,Guanyuan,2016-10-16,10 Oct,Autumn,24,24,113.3,115,3.5,65,867,25.5,16,1,100
Guanyuan 2016-10-17,Guanyuan,2016-10-17,10 Oct,Autumn,24,24,74.8,96.4,2.5,61,875,25.2,15.9,1.4,100
Guanyuan 2016-10-18,Guanyuan,2016-10-18,10 Oct,Autumn,24,24,135.6,189.9,5.2,81.9,1671,5.7,15.9,1.2,100
Guanyuan 2016-10-19,Guanyuan,2016-10-19,10 Oct,Autumn,24,20,220.2,230.9,7.3,92,2257,10,17,1,83.3
Guanyuan 2016-10-20,Guanyuan,2016-10-20,10 Oct,Autumn,24,24,99.3,128.2,10.6,64,1842,12.6,14,1.8,100
Guanyuan 2016-10-21,Guanyuan,2016-10-21,10 Oct,Autumn,24,24,44.7,45.3,2.2,43.2,954,15.7,10.8,1.1,100
Guanyuan 2016-10-22,Guanyuan,2016-10-22,10 Oct,Autumn,24,24,16.2,20.7,2,35,683,14.5,12.1,2.3,100
Guanyuan 2016-10-23,Guanyuan,2016-10-23,10 Oct,Autumn,24,24,30.3,48.1,5.2,49.3,663,16.4,11.1,1.2,100
Guanyuan 2016-10-24,Guanyuan,2016-10-24,10 Oct,Autumn,24,24,64.4,121.6,4.8,62.8,1200,2,10,0.9,100
Guanyuan 2016-10-25,Guanyuan,2016-10-25,10 Oct,Autumn,24,24,98.5,142.9,3.2,81.2,1425,2.1,11.4,1.2,100
Guanyuan 2016-10-26,Guanyuan,2016-10-26,10 Oct,Autumn,24,24,49.5,90.7,3.3,55.5,833,16.7,12.6,2.1,100
Guanyuan 2016-10-27,Guanyuan,2016-10-27,10 Oct,Autumn,24,24,31.9,57.3,6.5,55.6,1108,3.5,9.1,1.7,100
Guanyuan 2016-10-28,Guanyuan,2016-10-28,10 Oct,Autumn,24,21,14.5,24.4,3.3,42.5,413,22.8,9.5,2.1,87.5
Guanyuan 2016-10-29,Guanyuan,2016-10-29,10 Oct,Autumn,24,24,22.6,54,5.6,50,479,17.2,6.9,1.9,100
Guanyuan 2016-10-30,Guanyuan,2016-10-30,10 Oct,Autumn,24,24,47,93.9,6.4,48.4,779,17.4,6.5,2.3,100
Guanyuan 2016-10-31,Guanyuan,2016-10-31,10 Oct,Autumn,24,24,7,20.4,4.5,19.5,275,38.6,3.2,2.9,100
Guanyuan 2016-11-01,Guanyuan,2016-11-01,11 Nov,Autumn,24,24,39.3,68.9,11.3,53,696,15.7,2.7,1.3,100
Guanyuan 2016-11-02,Guanyuan,2016-11-02,11 Nov,Autumn,24,24,111.4,166.9,14,86.5,1446,8.3,5.2,1.3,100
Guanyuan 2016-11-03,Guanyuan,2016-11-03,11 Nov,Autumn,24,24,192.5,258.3,9.6,107.1,2571,4.1,5.6,1,100
Guanyuan 2016-11-04,Guanyuan,2016-11-04,11 Nov,Autumn,24,24,272.5,338,7.1,127.2,3500,4,6.1,1,100
Guanyuan 2016-11-05,Guanyuan,2016-11-05,11 Nov,Autumn,24,24,201.6,221.4,5.4,99.8,3200,17.5,8.7,1.6,100
Guanyuan 2016-11-06,Guanyuan,2016-11-06,11 Nov,Autumn,24,24,70.8,77.8,11.5,51.4,1021,26.4,7.9,1.6,100
Guanyuan 2016-11-07,Guanyuan,2016-11-07,11 Nov,Autumn,24,24,41.8,53.1,4.1,45.8,775,19.8,8.4,2.2,100
Guanyuan 2016-11-08,Guanyuan,2016-11-08,11 Nov,Autumn,24,24,37.3,65.8,8,56,729,14,5.3,1.2,100
Guanyuan 2016-11-09,Guanyuan,2016-11-09,11 Nov,Autumn,24,24,162.4,221.6,15.2,92.8,2563,2,3.3,1,100
Guanyuan 2016-11-10,Guanyuan,2016-11-10,11 Nov,Autumn,24,24,162.5,179.8,8.8,71.3,1679,6,7,1.5,100
Guanyuan 2016-11-11,Guanyuan,2016-11-11,11 Nov,Autumn,24,24,99,149.4,8,74.6,1896,5.2,4.8,1,100
Guanyuan 2016-11-12,Guanyuan,2016-11-12,11 Nov,Autumn,24,24,81.4,137,11.3,71,1604,9.4,6.9,1.2,100
Guanyuan 2016-11-13,Guanyuan,2016-11-13,11 Nov,Autumn,24,24,109.3,167,11,74.3,2171,2,8.1,1,100
Guanyuan 2016-11-14,Guanyuan,2016-11-14,11 Nov,Autumn,24,24,49.2,121.1,4,43.7,892,32.8,9.4,3,100
Guanyuan 2016-11-15,Guanyuan,2016-11-15,11 Nov,Autumn,24,24,39.4,70.9,11.7,61.8,1279,10.5,4.2,1,100
Guanyuan 2016-11-16,Guanyuan,2016-11-16,11 Nov,Autumn,24,24,105.8,158.5,20,84.1,2208,7.4,5.3,0.9,100
Guanyuan 2016-11-17,Guanyuan,2016-11-17,11 Nov,Autumn,24,24,114.8,161.9,22.2,69.3,2271,2.9,5.9,1.1,100
Guanyuan 2016-11-18,Guanyuan,2016-11-18,11 Nov,Autumn,24,24,200.6,290.5,21.4,90.3,3896,2,6.7,1,100
Guanyuan 2016-11-19,Guanyuan,2016-11-19,11 Nov,Autumn,24,24,139.6,177.2,11,71,1938,16.8,10.1,1.7,100
Guanyuan 2016-11-20,Guanyuan,2016-11-20,11 Nov,Autumn,24,24,59.6,63.7,3.3,44.2,1154,6.4,3.8,2.4,100
Guanyuan 2016-11-21,Guanyuan,2016-11-21,11 Nov,Autumn,24,24,9.6,17.8,3.1,18.7,400,48.7,-1.3,3.8,100
Guanyuan 2016-11-22,Guanyuan,2016-11-22,11 Nov,Autumn,24,24,9,22.1,5.5,22.8,329,39.4,-3.3,3.8,100
Guanyuan 2016-11-23,Guanyuan,2016-11-23,11 Nov,Autumn,24,24,18.9,35.3,10.3,37.7,458,23.2,-0.6,2.4,100
Guanyuan 2016-11-24,Guanyuan,2016-11-24,11 Nov,Autumn,24,23,83.3,105.2,21.4,67.2,909,10.4,-0.2,1.3,95.8
Guanyuan 2016-11-25,Guanyuan,2016-11-25,11 Nov,Autumn,24,24,178.8,222.4,31.7,101,1900,2.4,0.6,1,100
Guanyuan 2016-11-26,Guanyuan,2016-11-26,11 Nov,Autumn,24,24,293.5,387.4,32.6,127.5,2842,3.7,2.1,1,100
Guanyuan 2016-11-27,Guanyuan,2016-11-27,11 Nov,Autumn,24,24,58.1,79.3,8.8,51,429,30.9,2.8,1.8,100
Guanyuan 2016-11-28,Guanyuan,2016-11-28,11 Nov,Autumn,24,23,64.7,93.4,21.9,79.4,1218,4.4,0.8,0.9,95.8
Guanyuan 2016-11-29,Guanyuan,2016-11-29,11 Nov,Autumn,24,24,108.8,160.1,31,88,2883,2.1,1.3,1.1,100
Guanyuan 2016-11-30,Guanyuan,2016-11-30,11 Nov,Autumn,24,24,95.6,142.7,18.8,72,2154,18.9,5,2,100
Guanyuan 2016-12-01,Guanyuan,2016-12-01,12 Dec,Winter,24,24,35,52,12.7,49.5,758,37.4,5.1,1.4,100
Guanyuan 2016-12-02,Guanyuan,2016-12-02,12 Dec,Winter,24,24,106.1,131,24.8,91.8,1913,4.8,3.1,1,100
Guanyuan 2016-12-03,Guanyuan,2016-12-03,12 Dec,Winter,24,24,192.9,225.5,32.6,115,3383,4,2.1,0.9,100
Guanyuan 2016-12-04,Guanyuan,2016-12-04,12 Dec,Winter,24,24,301,346.8,21.9,121.7,4008,5,2.9,0.7,100
Guanyuan 2016-12-05,Guanyuan,2016-12-05,12 Dec,Winter,24,24,46.4,66.6,9.3,47,954,26.5,2.6,2.4,100
Guanyuan 2016-12-06,Guanyuan,2016-12-06,12 Dec,Winter,24,22,88.1,130.5,29.1,97.8,2363,2.2,0,0.9,91.7
Guanyuan 2016-12-07,Guanyuan,2016-12-07,12 Dec,Winter,24,24,135,179.3,30.3,108.3,2667,3.2,3,1.6,100
Guanyuan 2016-12-08,Guanyuan,2016-12-08,12 Dec,Winter,24,24,98.4,139.6,16.8,62.7,1846,29.8,4.4,2.6,100
Guanyuan 2016-12-09,Guanyuan,2016-12-09,12 Dec,Winter,24,24,24.8,38.6,11,45.3,725,26.8,1.5,1.6,100
Guanyuan 2016-12-10,Guanyuan,2016-12-10,12 Dec,Winter,24,24,48.3,67.6,17,68.5,1238,5.6,-0.7,0.9,100
Guanyuan 2016-12-11,Guanyuan,2016-12-11,12 Dec,Winter,24,24,168.7,209.5,41.7,106,3508,2.2,-0.7,1.2,100
Guanyuan 2016-12-12,Guanyuan,2016-12-12,12 Dec,Winter,24,24,212,229,44,100.6,2388,4.5,2.5,1,100
Guanyuan 2016-12-13,Guanyuan,2016-12-13,12 Dec,Winter,24,24,46.6,50.1,11.8,53.7,929,19.8,1.2,1.6,100
Guanyuan 2016-12-14,Guanyuan,2016-12-14,12 Dec,Winter,24,22,27.9,35.6,12,47.7,648,22.3,-0.8,2,91.7
Guanyuan 2016-12-15,Guanyuan,2016-12-15,12 Dec,Winter,24,24,27.8,55.4,11.6,50.1,709,23.7,0.1,2.4,100
Guanyuan 2016-12-16,Guanyuan,2016-12-16,12 Dec,Winter,24,24,143.9,179.8,28.1,104.4,2300,3.1,-0.1,1,100
Guanyuan 2016-12-17,Guanyuan,2016-12-17,12 Dec,Winter,24,24,220.8,249.9,40.2,112.8,3438,3.4,-0.1,0.9,100
Guanyuan 2016-12-18,Guanyuan,2016-12-18,12 Dec,Winter,24,24,238.3,248.2,35,117.3,3675,2.9,0.1,0.5,100
Guanyuan 2016-12-19,Guanyuan,2016-12-19,12 Dec,Winter,24,24,273.8,282.9,32.7,136.8,4721,2.8,0.5,0.7,100
Guanyuan 2016-12-20,Guanyuan,2016-12-20,12 Dec,Winter,24,24,408.2,420.8,10.1,149.6,7871,2.1,-1.3,1.2,100
Guanyuan 2016-12-21,Guanyuan,2016-12-21,12 Dec,Winter,24,24,406,416.9,12.1,165.8,8074,10.2,1,1,100
Guanyuan 2016-12-22,Guanyuan,2016-12-22,12 Dec,Winter,24,24,62.2,62.2,7.1,45,1133,41.8,2.9,3.3,100
Guanyuan 2016-12-23,Guanyuan,2016-12-23,12 Dec,Winter,24,24,34.5,36.8,10.1,51.6,854,24.9,-0.6,1.5,100
Guanyuan 2016-12-24,Guanyuan,2016-12-24,12 Dec,Winter,24,24,124.6,148.6,32.1,96.3,2846,17.5,-0.6,1.2,100
Guanyuan 2016-12-25,Guanyuan,2016-12-25,12 Dec,Winter,24,24,150.1,165,38.6,101.3,2908,19.2,-1.2,1,100
Guanyuan 2016-12-26,Guanyuan,2016-12-26,12 Dec,Winter,24,24,46.1,47.6,15.2,50.1,946,28.7,1.5,1.6,100
Guanyuan 2016-12-27,Guanyuan,2016-12-27,12 Dec,Winter,24,24,38.5,54,6.3,44.2,771,29.6,-0.9,2.1,100
Guanyuan 2016-12-28,Guanyuan,2016-12-28,12 Dec,Winter,24,24,70.2,77.1,8.7,44.9,1171,25.4,-0.8,2.7,100
Guanyuan 2016-12-29,Guanyuan,2016-12-29,12 Dec,Winter,24,23,66.3,84.8,16.8,56,1014,17.5,-1.2,1.6,95.8
Guanyuan 2016-12-30,Guanyuan,2016-12-30,12 Dec,Winter,24,24,244.4,288.8,26.1,106.3,3271,4.4,-3.1,1.1,100
Guanyuan 2016-12-31,Guanyuan,2016-12-31,12 Dec,Winter,24,24,337.8,385.2,26.4,139,4483,2.1,-2.5,0.9,100
Gucheng 2016-01-01,Gucheng,2016-01-01,01 Jan,Winter,24,24,184.2,199.1,40.5,102.4,3442,6.9,-1.7,0.8,100
Gucheng 2016-01-02,Gucheng,2016-01-02,01 Jan,Winter,24,24,209,219.5,35.7,119.8,3904,17.7,-0.2,0.8,100
Gucheng 2016-01-03,Gucheng,2016-01-03,01 Jan,Winter,24,24,298.8,299.2,26.7,90,4083,7.5,-1.8,1,100
Gucheng 2016-01-04,Gucheng,2016-01-04,01 Jan,Winter,24,23,71.3,76.2,8.3,35.5,1283,45.1,-0.7,2.8,95.8
Gucheng 2016-01-05,Gucheng,2016-01-05,01 Jan,Winter,24,24,47.2,65.5,15.2,36.8,1017,34.4,-3,2.1,100
Gucheng 2016-01-06,Gucheng,2016-01-06,01 Jan,Winter,24,23,46.6,68.4,14.6,35,1609,37.7,-2.7,2.4,95.8
Gucheng 2016-01-07,Gucheng,2016-01-07,01 Jan,Winter,24,24,12.9,18.5,6.4,19.3,621,55.5,-2.9,2.6,100
Gucheng 2016-01-08,Gucheng,2016-01-08,01 Jan,Winter,24,22,41.1,63,17.3,43.9,1275,37.8,-2.6,1.7,91.7
Gucheng 2016-01-09,Gucheng,2016-01-09,01 Jan,Winter,24,24,84.2,113.4,28.2,74.1,2446,10,-2.6,1.2,100
Gucheng 2016-01-10,Gucheng,2016-01-10,01 Jan,Winter,24,24,55.4,69.4,26.9,57.8,2033,20.2,-1.8,2,100
Gucheng 2016-01-11,Gucheng,2016-01-11,01 Jan,Winter,24,24,10.4,18.4,5.6,16,804,54.3,-4.9,3.3,100
Gucheng 2016-01-12,Gucheng,2016-01-12,01 Jan,Winter,24,23,13.5,40.9,8.8,23,1009,50.3,-5.6,2,95.8
Gucheng 2016-01-13,Gucheng,2016-01-13,01 Jan,Winter,24,24,32.4,63.8,19.9,31.6,1083,41.1,-2.4,1.7,100
Gucheng 2016-01-14,Gucheng,2016-01-14,01 Jan,Winter,24,24,104.8,150,42.3,68.6,2282,20.3,-1.5,1.4,100
Gucheng 2016-01-15,Gucheng,2016-01-15,01 Jan,Winter,24,24,74.3,121.9,54.9,65.5,2204,11.5,-1.8,1.1,100
Gucheng 2016-01-16,Gucheng,2016-01-16,01 Jan,Winter,24,24,144.8,162.8,44.8,67.5,2504,8.8,-2,1.5,100
Gucheng 2016-01-17,Gucheng,2016-01-17,01 Jan,Winter,24,24,47.3,52.5,10.1,26.9,833,46.8,-5.1,3.1,100
Gucheng 2016-01-18,Gucheng,2016-01-18,01 Jan,Winter,24,24,11.8,52.2,5.4,16.8,567,55.3,-7.9,2.8,100
Gucheng 2016-01-19,Gucheng,2016-01-19,01 Jan,Winter,24,24,91.3,125.4,36.3,58,1979,21.5,-7.5,1.4,100
Gucheng 2016-01-20,Gucheng,2016-01-20,01 Jan,Winter,24,24,113.6,137.2,55.5,77.4,3104,9.2,-6.1,1.5,100
Gucheng 2016-01-21,Gucheng,2016-01-21,01 Jan,Winter,24,24,160.5,164.9,37.5,71.8,3100,10.5,-5.2,1.7,100
Gucheng 2016-01-22,Gucheng,2016-01-22,01 Jan,Winter,24,24,16.8,49.5,5.7,11.3,533,61.3,-9.6,4,100
Gucheng 2016-01-23,Gucheng,2016-01-23,01 Jan,Winter,24,24,11,56.1,5.3,8.5,408,55.3,-14.3,4.1,100
Gucheng 2016-01-24,Gucheng,2016-01-24,01 Jan,Winter,24,24,12.3,47,5.9,11.6,513,59,-9.3,2,100
Gucheng 2016-01-25,Gucheng,2016-01-25,01 Jan,Winter,24,24,35.9,50.3,19.8,30.5,879,44.3,-3.6,1.8,100
Gucheng 2016-01-26,Gucheng,2016-01-26,01 Jan,Winter,24,24,39.9,60.8,18.4,28.3,775,46,-1.8,2.4,100
Gucheng 2016-01-27,Gucheng,2016-01-27,01 Jan,Winter,24,24,106.8,120,43.4,73.8,2392,15.8,-4.1,1,100
Gucheng 2016-01-28,Gucheng,2016-01-28,01 Jan,Winter,24,24,120.9,125.7,46.2,76.9,2546,14.6,-2.9,1.2,100
Gucheng 2016-01-29,Gucheng,2016-01-29,01 Jan,Winter,24,24,63,80.4,36.2,47.9,1475,21.2,-3.9,2.1,100
Gucheng 2016-01-30,Gucheng,2016-01-30,01 Jan,Winter,24,24,72,80.8,32.6,54.5,1796,16.8,-5.6,1.4,100
Gucheng 2016-01-31,Gucheng,2016-01-31,01 Jan,Winter,24,24,29.2,32.8,13.2,27.3,779,46.4,-4,2.4,100
Gucheng 2016-02-01,Gucheng,2016-02-01,02 Feb,Winter,24,24,17.8,23,11.8,27.3,879,49.1,-1.6,2,100
Gucheng 2016-02-02,Gucheng,2016-02-02,02 Feb,Winter,24,24,40.1,41.5,25.4,53.5,1350,28.9,-2.4,1.3,100
Gucheng 2016-02-03,Gucheng,2016-02-03,02 Feb,Winter,24,23,49.5,69.6,28.5,54.4,1838,26,-1,1.2,95.8
Gucheng 2016-02-04,Gucheng,2016-02-04,02 Feb,Winter,24,24,13,23.4,7.9,17.7,542,58.9,1.7,2.7,100
Gucheng 2016-02-05,Gucheng,2016-02-05,02 Feb,Winter,24,23,8.8,41.7,3.1,6.6,357,74,0.9,3.5,95.8
Gucheng 2016-02-06,Gucheng,2016-02-06,02 Feb,Winter,24,24,31.1,45.8,14.3,19.5,704,60.9,1.6,2,100
Gucheng 2016-02-07,Gucheng,2016-02-07,02 Feb,Winter,24,24,65.6,99.5,32.5,33,1508,46.7,1.4,1.9,100
Gucheng 2016-02-08,Gucheng,2016-02-08,02 Feb,Winter,24,23,94.6,142,50.9,23.1,754,53.6,5.2,3,95.8
Gucheng 2016-02-09,Gucheng,2016-02-09,02 Feb,Winter,24,24,43.5,51.5,24.3,27.9,1229,54.7,4.3,1.7,100
Gucheng 2016-02-10,Gucheng,2016-02-10,02 Feb,Winter,24,24,91.9,95.9,49.8,58.7,2613,28.3,1.9,1,100
Gucheng 2016-02-11,Gucheng,2016-02-11,02 Feb,Winter,24,24,135.9,139.3,39.8,56.7,2917,19.8,4.1,0.8,100
Gucheng 2016-02-12,Gucheng,2016-02-12,02 Feb,Winter,24,24,150.7,150.7,19.4,44.6,2071,32.1,4.6,1.4,100
Gucheng 2016-02-13,Gucheng,2016-02-13,02 Feb,Winter,24,24,10.6,13.7,3.1,7,338,63.3,0.9,5.6,100
Gucheng 2016-02-14,Gucheng,2016-02-14,02 Feb,Winter,24,24,7.4,17.5,2.4,4.6,279,68.7,-3.6,4.1,100
Gucheng 2016-02-15,Gucheng,2016-02-15,02 Feb,Winter,24,24,7.8,39.4,3.2,8,396,68,0.4,4.2,100
Gucheng 2016-02-16,Gucheng,2016-02-16,02 Feb,Winter,24,24,8.1,36.9,4.4,10.5,338,69.8,5.1,3.7,100
Gucheng 2016-02-17,Gucheng,2016-02-17,02 Feb,Winter,24,24,53.5,61.3,20.8,34.2,1242,50.8,3.5,1.6,100
Gucheng 2016-02-18,Gucheng,2016-02-18,02 Feb,Winter,24,24,16.8,36.2,5.8,14.8,433,68.7,6.5,4,100
Gucheng 2016-02-19,Gucheng,2016-02-19,02 Feb,Winter,24,23,18.7,45.3,7.5,22.6,670,54.9,3,3.1,95.8
Gucheng 2016-02-20,Gucheng,2016-02-20,02 Feb,Winter,24,23,16,24,6.8,17.3,474,58.2,-0.3,2.8,95.8
Gucheng 2016-02-21,Gucheng,2016-02-21,02 Feb,Winter,24,24,71.1,93.8,26.9,40.9,1263,36.3,-0.4,2,100
Gucheng 2016-02-22,Gucheng,2016-02-22,02 Feb,Winter,24,24,84,114.7,23,34.7,1313,45.7,2,3.4,100
Gucheng 2016-02-23,Gucheng,2016-02-23,02 Feb,Winter,24,24,10.6,18.6,5.8,8.5,375,72.8,0.1,3.4,100
Gucheng 2016-02-24,Gucheng,2016-02-24,02 Feb,Winter,24,24,28.7,49.1,12.5,28.5,929,45.5,0.3,2,100
Gucheng 2016-02-25,Gucheng,2016-02-25,02 Feb,Winter,24,24,29.3,51.4,12.5,23.7,800,51.6,2.4,2.4,100
Gucheng 2016-02-26,Gucheng,2016-02-26,02 Feb,Winter,24,24,45.7,71.8,15.7,32.8,925,50,3,2.5,100
Gucheng 2016-02-27,Gucheng,2016-02-27,02 Feb,Winter,24,24,25.8,35.9,11.1,35.6,817,45.4,3.8,2.1,100
Gucheng 2016-02-28,Gucheng,2016-02-28,02 Feb,Winter,24,24,34.3,54.9,9.2,31.5,875,45.8,1.4,3.1,100
Gucheng 2016-02-29,Gucheng,2016-02-29,02 Feb,Winter,24,24,42,53.8,17.3,39.3,938,41.2,-0.7,2.1,100
Gucheng 2016-03-01,Gucheng,2016-03-01,03 Mar,Spring,24,24,128.4,135,36,76.8,1929,26.1,2.9,1.5,100
Gucheng 2016-03-02,Gucheng,2016-03-02,03 Mar,Spring,24,22,163.9,212,32.4,103.1,2688,26,7.3,1.2,91.7
Gucheng 2016-03-03,Gucheng,2016-03-03,03 Mar,Spring,24,24,275,287.6,47.4,117.8,3621,20.1,7.4,1.2,100
Gucheng 2016-03-04,Gucheng,2016-03-04,03 Mar,Spring,24,24,329.3,338.8,45.2,107,4167,17.3,7.2,1.4,100
Gucheng 2016-03-05,Gucheng,2016-03-05,03 Mar,Spring,24,24,68.3,346.7,3,12.5,404,70.2,9.1,3.5,100
Gucheng 2016-03-06,Gucheng,2016-03-06,03 Mar,Spring,24,24,71.9,201.1,24.5,62.9,1567,20.7,5.3,1.6,100
Gucheng 2016-03-07,Gucheng,2016-03-07,03 Mar,Spring,24,24,26.4,81.6,7.1,18.8,583,66.8,6,4.6,100
Gucheng 2016-03-08,Gucheng,2016-03-08,03 Mar,Spring,24,24,10,29.3,2.5,12.3,350,70.9,2.1,4.2,100
Gucheng 2016-03-09,Gucheng,2016-03-09,03 Mar,Spring,24,24,10,25.3,3.3,10.3,329,68.3,1.4,4,100
Gucheng 2016-03-10,Gucheng,2016-03-10,03 Mar,Spring,24,24,11.3,48.8,3.2,10.1,358,74,3.2,3.9,100
Gucheng 2016-03-11,Gucheng,2016-03-11,03 Mar,Spring,24,24,28.9,64.5,12.3,31,750,53.1,3.5,2,100
Gucheng 2016-03-12,Gucheng,2016-03-12,03 Mar,Spring,24,24,118.9,152.2,40.3,83,2100,20.6,3.2,1.4,100
Gucheng 2016-03-13,Gucheng,2016-03-13,03 Mar,Spring,24,24,30,47.9,8.9,23.1,654,73,7.4,2.8,100
Gucheng 2016-03-14,Gucheng,2016-03-14,03 Mar,Spring,24,23,80.7,126.1,25,62.3,1517,35.4,8.1,1.7,95.8
Gucheng 2016-03-15,Gucheng,2016-03-15,03 Mar,Spring,24,20,157.3,222.8,56.9,76.7,1680,28.3,8.3,1.3,83.3
Gucheng 2016-03-16,Gucheng,2016-03-16,03 Mar,Spring,24,23,254,273.7,43.5,84.7,2339,58.3,9,1.3,95.8
Gucheng 2016-03-17,Gucheng,2016-03-17,03 Mar,Spring,24,24,338.7,343.8,37.1,109.3,2642,47.6,10.3,1.2,100
Gucheng 2016-03-18,Gucheng,2016-03-18,03 Mar,Spring,24,24,219.1,220.5,15.4,68.4,1825,61.3,13.6,1.7,100
Gucheng 2016-03-19,Gucheng,2016-03-19,03 Mar,Spring,24,23,59,101.7,15.2,39.4,838,58,11.9,2.4,95.8
Gucheng 2016-03-20,Gucheng,2016-03-20,03 Mar,Spring,24,24,79.3,135,11.7,67,1050,35.3,11.5,1.2,100
Gucheng 2016-03-21,Gucheng,2016-03-21,03 Mar,Spring,24,24,118.1,191.7,20,79.6,1313,53,11.6,1.5,100
Gucheng 2016-03-22,Gucheng,2016-03-22,03 Mar,Spring,24,24,115,223.6,25.4,70.2,1479,40.3,13.1,2,100
Gucheng 2016-03-23,Gucheng,2016-03-23,03 Mar,Spring,24,23,20.4,40.5,4.1,22.9,430,67.1,10.4,3.6,95.8
Gucheng 2016-03-24,Gucheng,2016-03-24,03 Mar,Spring,24,24,13.6,22.3,3.9,18,375,77.5,9.5,2.5,100
Gucheng 2016-03-25,Gucheng,2016-03-25,03 Mar,Spring,24,24,18.5,36.6,3.4,35.4,479,57.6,9.7,2.2,100
Gucheng 2016-03-26,Gucheng,2016-03-26,03 Mar,Spring,24,24,13.8,27.3,2.8,19.8,413,74.9,14,3.1,100
Gucheng 2016-03-27,Gucheng,2016-03-27,03 Mar,Spring,24,24,14.5,36.3,3.1,26,363,72,15.3,1.8,100
Gucheng 2016-03-28,Gucheng,2016-03-28,03 Mar,Spring,24,21,70.9,260.2,12.5,65.8,870,45.7,15.2,2.2,87.5
Gucheng 2016-03-29,Gucheng,2016-03-29,03 Mar,Spring,24,24,28.1,126,6,32,483,66.4,16.2,2.5,100
Gucheng 2016-03-30,Gucheng,2016-03-30,03 Mar,Spring,24,24,35.2,102.7,8.5,47.3,633,55.4,16.2,2,100
Gucheng 2016-03-31,Gucheng,2016-03-31,03 Mar,Spring,24,24,154,273.3,33.3,82.7,1404,63.5,15.2,2.1,100
Gucheng 2016-04-01,Gucheng,2016-04-01,04 Apr,Spring,24,24,43.4,176.1,5.5,26,438,71.1,17.7,4.5,100
Gucheng 2016-04-02,Gucheng,2016-04-02,04 Apr,Spring,24,24,9,43.5,2,16.5,250,70.4,14.9,3.8,100
Gucheng 2016-04-03,Gucheng,2016-04-03,04 Apr,Spring,24,24,21.1,66.3,3.1,25.1,342,69.7,14.6,2.4,100
Gucheng 2016-04-04,Gucheng,2016-04-04,04 Apr,Spring,24,24,69.8,131.8,9.6,49.7,642,66,14.5,1.9,100
Gucheng 2016-04-05,Gucheng,2016-04-05,04 Apr,Spring,24,24,117.3,174.5,16.8,58.3,996,84.1,16,1.8,100
Gucheng 2016-04-06,Gucheng,2016-04-06,04 Apr,Spring,24,24,142,189.1,26.2,72.7,1721,62,14.1,1.4,100
Gucheng 2016-04-07,Gucheng,2016-04-07,04 Apr,Spring,24,24,97.9,148.7,5.2,49.6,1100,57.5,17.8,2.3,100
Gucheng 2016-04-08,Gucheng,2016-04-08,04 Apr,Spring,24,24,27.9,106.7,4,24.6,342,82.2,18.2,2.9,100
Gucheng 2016-04-09,Gucheng,2016-04-09,04 Apr,Spring,24,21,91.8,261.8,10.1,67.6,825,50.4,16.1,1.9,87.5
Gucheng 2016-04-10,Gucheng,2016-04-10,04 Apr,Spring,24,24,54.2,204.6,11.7,42.6,725,70.8,13.2,2.4,100
Gucheng 2016-04-11,Gucheng,2016-04-11,04 Apr,Spring,24,23,48.3,112.6,9.5,42.3,638,65.7,11.2,2.6,95.8
Gucheng 2016-04-12,Gucheng,2016-04-12,04 Apr,Spring,24,24,94.7,121.1,4.6,72.6,808,34.8,11.8,1.7,100
Gucheng 2016-04-13,Gucheng,2016-04-13,04 Apr,Spring,24,24,132.7,165.7,5.7,65.6,938,61.6,16.9,2.3,100
Gucheng 2016-04-14,Gucheng,2016-04-14,04 Apr,Spring,24,24,61.9,130.1,3,29.5,383,76.8,18.3,3.1,100
Gucheng 2016-04-15,Gucheng,2016-04-15,04 Apr,Spring,24,24,63.2,115.7,13.5,65.1,996,53.4,15.6,1.7,100
Gucheng 2016-04-16,Gucheng,2016-04-16,04 Apr,Spring,24,24,42.3,59.4,2.1,14.8,308,74.3,15.5,3.8,100
Gucheng 2016-04-17,Gucheng,2016-04-17,04 Apr,Spring,24,24,39.3,48.8,2,13.5,296,90.8,15.5,4.3,100
Gucheng 2016-04-18,Gucheng,2016-04-18,04 Apr,Spring,24,24,18.4,42.1,2.6,21.1,296,84.2,15,2.5,100
Gucheng 2016-04-19,Gucheng,2016-04-19,04 Apr,Spring,24,24,77.4,120.1,20.1,83.4,1233,26,13.1,1.5,100
Gucheng 2016-04-20,Gucheng,2016-04-20,04 Apr,Spring,24,20,81.6,120,8.8,52.4,913,71.3,17.9,2,83.3
Gucheng 2016-04-21,Gucheng,2016-04-21,04 Apr,Spring,24,22,71.5,147.3,5.9,65.2,825,55.9,20,3.3,91.7
Gucheng 2016-04-22,Gucheng,2016-04-22,04 Apr,Spring,24,24,21.4,107.8,2,13.5,241,95.5,21.1,4,100
Gucheng 2016-04-23,Gucheng,2016-04-23,04 Apr,Spring,24,24,21.3,85.5,2.5,33.1,338,68.5,17.1,2.4,100
Gucheng 2016-04-24,Gucheng,2016-04-24,04 Apr,Spring,24,24,85.9,200.4,19.7,55.8,938,73.1,17.2,2.1,100
Gucheng 2016-04-25,Gucheng,2016-04-25,04 Apr,Spring,24,20,85.4,181.4,12.3,39.3,683,104.3,21.4,2.6,83.3
Gucheng 2016-04-26,Gucheng,2016-04-26,04 Apr,Spring,24,24,77.7,155.8,22.6,48.1,1275,95.2,17.8,1.6,100
Gucheng 2016-04-27,Gucheng,2016-04-27,04 Apr,Spring,24,23,94.5,124.5,5.7,74.4,1083,48,14.6,1.2,95.8
Gucheng 2016-04-28,Gucheng,2016-04-28,04 Apr,Spring,24,22,81.3,109.3,5.9,50.1,1067,90,18.4,1.9,91.7
Gucheng 2016-04-29,Gucheng,2016-04-29,04 Apr,Spring,24,24,115.5,176,12.1,75.6,1146,86.6,18.3,1.8,100
Gucheng 2016-04-30,Gucheng,2016-04-30,04 Apr,Spring,24,24,174.9,216.2,8.4,67.7,1308,129.4,22.2,1.5,100
Gucheng 2016-05-01,Gucheng,2016-05-01,05 May,Spring,24,23,200.3,219,19.7,49.1,1761,146,23.1,1.3,95.8
Gucheng 2016-05-02,Gucheng,2016-05-02,05 May,Spring,24,24,53.3,110.1,2.6,15.9,288,75.1,15.4,2.8,100
Gucheng 2016-05-03,Gucheng,2016-05-03,05 May,Spring,24,24,23.5,76.3,2,22.2,338,74.2,18.8,3.5,100
Gucheng 2016-05-04,Gucheng,2016-05-04,05 May,Spring,24,20,30,79.4,4.3,37.5,433,84.5,20.6,1.9,83.3
Gucheng 2016-05-05,Gucheng,2016-05-05,05 May,Spring,24,24,60.5,149.8,13.5,48.1,867,82.2,21.2,2.2,100
Gucheng 2016-05-06,Gucheng,2016-05-06,05 May,Spring,24,24,52.4,141.3,2,9.3,213,87.2,19.8,3.5,100
Gucheng 2016-05-07,Gucheng,2016-05-07,05 May,Spring,24,24,17.7,52.9,3.2,20.8,292,96.5,20.6,2.2,100
Gucheng 2016-05-08,Gucheng,2016-05-08,05 May,Spring,24,23,67.5,145.6,12,51.2,654,81.8,19.2,2.6,95.8
Gucheng 2016-05-09,Gucheng,2016-05-09,05 May,Spring,24,24,41.4,81.5,3.3,42,550,61.6,17.5,2.1,100
Gucheng 2016-05-10,Gucheng,2016-05-10,05 May,Spring,24,24,47.2,85.9,2.9,36.8,571,98,20.4,1.7,100
Gucheng 2016-05-11,Gucheng,2016-05-11,05 May,Spring,24,24,171.6,205,14.1,37.9,1258,129.5,21.9,2.1,100
Gucheng 2016-05-12,Gucheng,2016-05-12,05 May,Spring,24,24,50,64,2.1,21.8,529,76.6,17.7,3.5,100
Gucheng 2016-05-13,Gucheng,2016-05-13,05 May,Spring,24,24,28.8,66.3,4.4,38.8,508,75.4,16.9,2.6,100
Gucheng 2016-05-14,Gucheng,2016-05-14,05 May,Spring,24,24,41.8,55.4,3.2,34.5,546,64.3,13.6,1.8,100
Gucheng 2016-05-15,Gucheng,2016-05-15,05 May,Spring,24,24,40.7,60.6,2.2,37.6,550,46.5,17.1,1.8,100
Gucheng 2016-05-16,Gucheng,2016-05-16,05 May,Spring,24,24,26.4,71.5,2.5,44.5,471,71.1,21.7,2.2,100
Gucheng 2016-05-17,Gucheng,2016-05-17,05 May,Spring,24,24,60.5,124.5,11.2,60.5,775,116.5,23.3,2.3,100
Gucheng 2016-05-18,Gucheng,2016-05-18,05 May,Spring,24,24,69.8,125.3,10.8,44,621,121,23.7,2.5,100
Gucheng 2016-05-19,Gucheng,2016-05-19,05 May,Spring,24,24,94.2,134.4,12.6,46.7,804,156.9,23.5,2.2,100
Gucheng 2016-05-20,Gucheng,2016-05-20,05 May,Spring,24,24,96.5,128.7,18.5,59.3,1079,146.2,22.7,1.6,100
Gucheng 2016-05-21,Gucheng,2016-05-21,05 May,Spring,24,24,80.7,111.6,19.3,61.6,950,129.3,22.3,1.5,100
Gucheng 2016-05-22,Gucheng,2016-05-22,05 May,Spring,24,24,53.9,95.1,7.1,56.4,658,122.7,22.6,1.4,100
Gucheng 2016-05-23,Gucheng,2016-05-23,05 May,Spring,24,24,66.8,106.6,11.2,56.7,821,91.9,20.2,1.7,100
Gucheng 2016-05-24,Gucheng,2016-05-24,05 May,Spring,24,23,19.4,46.9,2.5,30.3,383,87.3,21.1,2.2,95.8
Gucheng 2016-05-25,Gucheng,2016-05-25,05 May,Spring,24,24,12.1,27.5,2,21.4,304,111.3,22.6,2.1,100
Gucheng 2016-05-26,Gucheng,2016-05-26,05 May,Spring,24,24,26.4,70.6,2.5,24.2,329,99.8,24.3,2.3,100
Gucheng 2016-05-27,Gucheng,2016-05-27,05 May,Spring,24,22,55.4,122.4,13.7,54.1,773,99.2,23.3,2.6,91.7
Gucheng 2016-05-28,Gucheng,2016-05-28,05 May,Spring,24,24,71.1,126.7,12,47.8,763,120.4,23.1,2.3,100
Gucheng 2016-05-29,Gucheng,2016-05-29,05 May,Spring,24,24,37.9,88.9,4.3,35.2,500,110.8,24.8,2.7,100
Gucheng 2016-05-30,Gucheng,2016-05-30,05 May,Spring,24,24,91.5,170.2,14.5,59.1,1075,153.9,26,1.7,100
Gucheng 2016-05-31,Gucheng,2016-05-31,05 May,Spring,24,17,,124.1,8.4,48,746,78.5,24,1.5,70.8
Gucheng 2016-06-01,Gucheng,2016-06-01,06 Jun,Summer,24,23,39,84.2,5.4,48,633,101.7,23.9,1.5,95.8
Gucheng 2016-06-02,Gucheng,2016-06-02,06 Jun,Summer,24,21,72.9,116.5,8.9,61.1,788,128.8,24.6,2,87.5
Gucheng 2016-06-03,Gucheng,2016-06-03,06 Jun,Summer,24,24,93.7,180,17.5,84.1,1171,115.3,23.8,1.4,100
Gucheng 2016-06-04,Gucheng,2016-06-04,06 Jun,Summer,24,24,90.8,153.1,15.6,45.9,942,147.8,25.8,2,100
Gucheng 2016-06-05,Gucheng,2016-06-05,06 Jun,Summer,24,24,83,133.3,11.9,50.9,821,131.1,24.6,1.9,100
Gucheng 2016-06-06,Gucheng,2016-06-06,06 Jun,Summer,24,24,89.8,121.8,7.2,42.3,833,141.7,24.6,1.9,100
Gucheng 2016-06-07,Gucheng,2016-06-07,06 Jun,Summer,24,24,57,82.7,2,25.4,775,112.8,22,2.1,100
Gucheng 2016-06-08,Gucheng,2016-06-08,06 Jun,Summer,24,24,136.7,142.3,2,45.7,1200,120.1,23.9,1.7,100
Gucheng 2016-06-09,Gucheng,2016-06-09,06 Jun,Summer,24,24,128.6,153.1,4.8,41.7,1117,138.4,26.3,2.9,100
Gucheng 2016-06-10,Gucheng,2016-06-10,06 Jun,Summer,24,24,46.5,55.2,2,19.5,575,140.6,24.4,2.6,100
Gucheng 2016-06-11,Gucheng,2016-06-11,06 Jun,Summer,24,24,12.8,32.7,2,25.3,308,92.8,25.1,2.4,100
Gucheng 2016-06-12,Gucheng,2016-06-12,06 Jun,Summer,24,24,72.6,111,5.2,55.3,946,113.3,25.1,1.8,100
Gucheng 2016-06-13,Gucheng,2016-06-13,06 Jun,Summer,24,23,48.1,52.9,2.5,27,567,111.1,19.9,1.8,95.8
Gucheng 2016-06-14,Gucheng,2016-06-14,06 Jun,Summer,24,22,37.8,42.9,2,25.5,623,91.1,19.2,1.7,91.7
Gucheng 2016-06-15,Gucheng,2016-06-15,06 Jun,Summer,24,24,19.3,43.3,2,31.6,488,111.9,24,1.5,100
Gucheng 2016-06-16,Gucheng,2016-06-16,06 Jun,Summer,24,24,34.4,80.3,2.5,62.5,629,78.2,25.9,1.4,100
Gucheng 2016-06-17,Gucheng,2016-06-17,06 Jun,Summer,24,24,28.4,80.2,2.8,57.9,625,59.1,25.2,1.9,100
Gucheng 2016-06-18,Gucheng,2016-06-18,06 Jun,Summer,24,24,40.8,87.8,3,49.6,604,119.9,26.4,2.1,100
Gucheng 2016-06-19,Gucheng,2016-06-19,06 Jun,Summer,24,24,57.9,113.4,2.9,46.9,675,137.8,27.8,1.9,100
Gucheng 2016-06-20,Gucheng,2016-06-20,06 Jun,Summer,24,24,99.3,130.3,3.6,38,921,155.7,27.4,1.5,100
Gucheng 2016-06-21,Gucheng,2016-06-21,06 Jun,Summer,24,24,84,109.8,2,38,825,150.5,27.7,1.9,100
Gucheng 2016-06-22,Gucheng,2016-06-22,06 Jun,Summer,24,24,57.5,84,2,40.4,650,132.8,27.4,1.9,100
Gucheng 2016-06-23,Gucheng,2016-06-23,06 Jun,Summer,24,24,87.3,135.4,4.1,47,971,127.4,27.7,1.6,100
Gucheng 2016-06-24,Gucheng,2016-06-24,06 Jun,Summer,24,24,16.9,38.6,2,26.2,400,78.8,27.7,2.8,100
Gucheng 2016-06-25,Gucheng,2016-06-25,06 Jun,Summer,24,24,16.9,39.4,2.3,24.1,258,88.6,29.4,2.4,100
Gucheng 2016-06-26,Gucheng,2016-06-26,06 Jun,Summer,24,24,42.5,97.5,6,44,538,127.6,29.4,2.4,100
Gucheng 2016-06-27,Gucheng,2016-06-27,06 Jun,Summer,24,24,64,119.4,7.2,50.5,675,120.2,26.1,1.8,100
Gucheng 2016-06-28,Gucheng,2016-06-28,06 Jun,Summer,24,24,73.6,75.9,2,33.3,692,78.3,20.8,1.5,100
Gucheng 2016-06-29,Gucheng,2016-06-29,06 Jun,Summer,24,24,120.6,121,2,36,892,103.8,23.9,1.6,100
Gucheng 2016-06-30,Gucheng,2016-06-30,06 Jun,Summer,24,24,86.5,102.9,2,37.4,825,135.2,27,1.5,100
Gucheng 2016-07-01,Gucheng,2016-07-01,07 Jul,Summer,24,24,18.8,39.7,2,25.9,338,105.9,27.3,1.9,100
Gucheng 2016-07-02,Gucheng,2016-07-02,07 Jul,Summer,24,24,39.3,75.5,2.1,42.6,492,114.5,27,1.8,100
Gucheng 2016-07-03,Gucheng,2016-07-03,07 Jul,Summer,24,24,88.2,154.8,4.7,68.3,900,114,26.7,1.4,100
Gucheng 2016-07-04,Gucheng,2016-07-04,07 Jul,Summer,24,24,128.2,139.5,2.4,46.2,1063,130.2,27.2,1.4,100
Gucheng 2016-07-05,Gucheng,2016-07-05,07 Jul,Summer,24,24,99.5,117.1,4.3,42.1,833,133,27.6,1.6,100
Gucheng 2016-07-06,Gucheng,2016-07-06,07 Jul,Summer,24,24,86.6,118.2,4.1,44.9,829,147.3,28.4,1.7,100
Gucheng 2016-07-07,Gucheng,2016-07-07,07 Jul,Summer,24,24,115,144.6,6,41.4,1117,163.7,28.6,2.1,100
Gucheng 2016-07-08,Gucheng,2016-07-08,07 Jul,Summer,24,24,98.8,116.5,3.3,39,1054,124.5,28.8,2,100
Gucheng 2016-07-09,Gucheng,2016-07-09,07 Jul,Summer,24,24,91,107,2.4,41.1,775,135.3,30,2.2,100
Gucheng 2016-07-10,Gucheng,2016-07-10,07 Jul,Summer,24,24,90.3,107.3,3.7,36,742,132.7,30.9,2.4,100
Gucheng 2016-07-11,Gucheng,2016-07-11,07 Jul,Summer,24,22,83.2,114.5,6.2,36,667,124.7,31.1,2.6,91.7
Gucheng 2016-07-12,Gucheng,2016-07-12,07 Jul,Summer,24,24,34.4,57.6,3.4,34.9,500,82,27.3,1.6,100
Gucheng 2016-07-13,Gucheng,2016-07-13,07 Jul,Summer,24,24,21.8,44.4,2,32.8,475,118.6,29.8,1.7,100
Gucheng 2016-07-14,Gucheng,2016-07-14,07 Jul,Summer,24,24,39.3,75.7,2.3,54.4,738,90.5,27.5,1.4,100
Gucheng 2016-07-15,Gucheng,2016-07-15,07 Jul,Summer,24,24,34.2,42.3,2,35.2,625,74.8,21.3,1.4,100
Gucheng 2016-07-16,Gucheng,2016-07-16,07 Jul,Summer,24,24,40.1,56.6,4.7,35.3,729,77.5,22.5,0.9,100
Gucheng 2016-07-17,Gucheng,2016-07-17,07 Jul,Summer,24,24,75,104,2.8,41.6,921,122.4,25.9,1.4,100
Gucheng 2016-07-18,Gucheng,2016-07-18,07 Jul,Summer,24,24,125.5,153.9,3,69,1192,84.4,25.5,1.1,100
Gucheng 2016-07-19,Gucheng,2016-07-19,07 Jul,Summer,24,24,99.2,117.4,2.1,53.8,1175,49.4,23.7,1.7,100
Gucheng 2016-07-20,Gucheng,2016-07-20,07 Jul,Summer,24,24,34.9,34.9,2,14.1,683,68.3,21.9,4,100
Gucheng 2016-07-21,Gucheng,2016-07-21,07 Jul,Summer,24,24,23,31.8,2,27.1,758,57.1,24.2,1.6,100
Gucheng 2016-07-22,Gucheng,2016-07-22,07 Jul,Summer,24,24,66,76.9,2,34,1000,89.8,27.3,1.4,100
Gucheng 2016-07-23,Gucheng,2016-07-23,07 Jul,Summer,24,24,135.8,156.3,2,39.9,1121,111.3,29,1.2,100
Gucheng 2016-07-24,Gucheng,2016-07-24,07 Jul,Summer,24,24,64.5,102.4,2,32.3,833,125.8,28.7,1.3,100
Gucheng 2016-07-25,Gucheng,2016-07-25,07 Jul,Summer,24,24,47.4,76.1,2,32.9,775,72.5,27.8,1.1,100
Gucheng 2016-07-26,Gucheng,2016-07-26,07 Jul,Summer,24,23,18.6,43.8,2,25.5,522,99.9,28.7,1.6,95.8
Gucheng 2016-07-27,Gucheng,2016-07-27,07 Jul,Summer,24,24,44.6,85,2,30.2,663,137.8,27.6,1.5,100
Gucheng 2016-07-28,Gucheng,2016-07-28,07 Jul,Summer,24,23,46,60.2,2,22.1,658,120.6,26.8,1.4,95.8
Gucheng 2016-07-29,Gucheng,2016-07-29,07 Jul,Summer,24,24,104.3,135.3,2,21.7,1013,159,29.2,1.4,100
Gucheng 2016-07-30,Gucheng,2016-07-30,07 Jul,Summer,24,22,127.7,143,2,30.7,1268,90.9,27.1,1.3,91.7
Gucheng 2016-07-31,Gucheng,2016-07-31,07 Jul,Summer,24,24,57.5,61.1,2,29.4,946,85.4,25.9,1.4,100
Gucheng 2016-08-01,Gucheng,2016-08-01,08 Aug,Summer,24,24,86.8,101.5,2,30,1254,125.9,28.3,1.1,100
Gucheng 2016-08-02,Gucheng,2016-08-02,08 Aug,Summer,24,24,49.9,70.4,2,25,808,128,29.6,1.5,100
Gucheng 2016-08-03,Gucheng,2016-08-03,08 Aug,Summer,24,24,49.4,85.5,2,31,783,149.4,30,1.4,100
Gucheng 2016-08-04,Gucheng,2016-08-04,08 Aug,Summer,24,24,91.1,119.4,2.1,34,1121,148,29.7,1.7,100
Gucheng 2016-08-05,Gucheng,2016-08-05,08 Aug,Summer,24,24,71.4,91.3,2.5,43.2,804,103,29,1.3,100
Gucheng 2016-08-06,Gucheng,2016-08-06,08 Aug,Summer,24,24,96.2,128.6,2.1,38.3,854,108,29,1.7,100
Gucheng 2016-08-07,Gucheng,2016-08-07,08 Aug,Summer,24,24,19.3,30.6,2,19.6,533,106,26.7,1.3,100
Gucheng 2016-08-08,Gucheng,2016-08-08,08 Aug,Summer,24,24,30.4,56.8,2,27.9,704,105.4,28,1.5,100
Gucheng 2016-08-09,Gucheng,2016-08-09,08 Aug,Summer,24,23,44.2,82.3,3.6,38.9,1035,106,27.4,1.6,95.8
Gucheng 2016-08-10,Gucheng,2016-08-10,08 Aug,Summer,24,24,79,114.8,2.7,34.9,854,97.8,29.4,2.2,100
Gucheng 2016-08-11,Gucheng,2016-08-11,08 Aug,Summer,24,24,104.3,129.5,3.1,39.5,959,99.5,30.6,1.8,100
Gucheng 2016-08-12,Gucheng,2016-08-12,08 Aug,Summer,24,22,63.6,89.1,12.9,41.1,1070,52.5,28.4,1.2,91.7
Gucheng 2016-08-13,Gucheng,2016-08-13,08 Aug,Summer,24,24,23.8,49,2,38.3,600,37.4,26.9,1,100
Gucheng 2016-08-14,Gucheng,2016-08-14,08 Aug,Summer,24,24,22.3,61.9,2.3,39.9,567,90,27.4,1,100
Gucheng 2016-08-15,Gucheng,2016-08-15,08 Aug,Summer,24,24,16.1,34.9,2,28.8,517,66.6,24.2,1.3,100
Gucheng 2016-08-16,Gucheng,2016-08-16,08 Aug,Summer,24,24,21.3,46.8,2,28.5,542,68.6,25.1,1.7,100
Gucheng 2016-08-17,Gucheng,2016-08-17,08 Aug,Summer,24,24,63.4,106.7,2,67.1,971,20.3,24.7,0.9,100
Gucheng 2016-08-18,Gucheng,2016-08-18,08 Aug,Summer,24,24,77.4,77.4,2,39.1,1571,31.1,23,1.4,100
Gucheng 2016-08-19,Gucheng,2016-08-19,08 Aug,Summer,24,24,16.3,28.5,2,22.8,929,72.2,27.5,1.7,100
Gucheng 2016-08-20,Gucheng,2016-08-20,08 Aug,Summer,24,24,60,88,2,39.7,1008,95.4,26.8,1.1,100
Gucheng 2016-08-21,Gucheng,2016-08-21,08 Aug,Summer,24,24,54.2,83.8,2,42,913,106.6,28.3,1.5,100
Gucheng 2016-08-22,Gucheng,2016-08-22,08 Aug,Summer,24,24,55.5,95.4,2.7,46,858,78.1,28.3,2,100
Gucheng 2016-08-23,Gucheng,2016-08-23,08 Aug,Summer,24,24,84.8,129.9,2.7,56.5,846,61.7,26.5,1.4,100
Gucheng 2016-08-24,Gucheng,2016-08-24,08 Aug,Summer,24,24,96.7,121.3,2,57.5,988,66,26.9,1,100
Gucheng 2016-08-25,Gucheng,2016-08-25,08 Aug,Summer,24,24,14.5,20.5,2,18.6,333,56.3,26.8,3.6,100
Gucheng 2016-08-26,Gucheng,2016-08-26,08 Aug,Summer,24,24,10.4,25.9,2,31.6,296,49.4,23.8,1.6,100
Gucheng 2016-08-27,Gucheng,2016-08-27,08 Aug,Summer,24,24,11.2,34.1,2.3,34.2,388,48.5,24.3,1.4,100
Gucheng 2016-08-28,Gucheng,2016-08-28,08 Aug,Summer,24,24,14,49.9,2.3,44.7,371,44.6,25.4,1.6,100
Gucheng 2016-08-29,Gucheng,2016-08-29,08 Aug,Summer,24,24,22.5,76.5,2.5,59.8,554,55.5,24.6,1.3,100
Gucheng 2016-08-30,Gucheng,2016-08-30,08 Aug,Summer,24,24,32.2,85.8,2.3,58.6,671,85.7,25.1,1.2,100
Gucheng 2016-08-31,Gucheng,2016-08-31,08 Aug,Summer,24,24,14.3,36.9,2.2,36.7,417,55.8,26.2,2.1,100
Gucheng 2016-09-01,Gucheng,2016-09-01,09 Sep,Autumn,24,24,8.7,41.2,2.4,34.3,333,45.9,25.1,1.9,100
Gucheng 2016-09-02,Gucheng,2016-09-02,09 Sep,Autumn,24,24,16.2,60.1,2,41.3,467,25.4,23.5,1.4,100
Gucheng 2016-09-03,Gucheng,2016-09-03,09 Sep,Autumn,24,24,23.8,70.7,2.1,41.9,508,61.4,24.8,1.3,100
Gucheng 2016-09-04,Gucheng,2016-09-04,09 Sep,Autumn,24,24,79.9,146.3,3,64.8,900,66.5,24.8,1.5,100
Gucheng 2016-09-05,Gucheng,2016-09-05,09 Sep,Autumn,24,21,33.2,46.6,2,35.2,535,67.1,25,1.7,87.5
Gucheng 2016-09-06,Gucheng,2016-09-06,09 Sep,Autumn,24,18,,,,,,,24.8,1.2,75
Gucheng 2016-09-07,Gucheng,2016-09-07,09 Sep,Autumn,24,13,,,,,,,23.6,1.4,54.2
Gucheng 2016-09-08,Gucheng,2016-09-08,09 Sep,Autumn,24,24,20.3,48.9,2,33.7,504,61.4,22.9,1.3,100
Gucheng 2016-09-09,Gucheng,2016-09-09,09 Sep,Autumn,24,24,20.8,58.8,2.6,44.8,533,30.4,23.5,1.5,100
Gucheng 2016-09-10,Gucheng,2016-09-10,09 Sep,Autumn,24,24,17.4,59.2,2.8,39.3,492,48.1,23.3,1.1,100
Gucheng 2016-09-11,Gucheng,2016-09-11,09 Sep,Autumn,24,24,31.8,54,2,39.8,767,62.6,21.6,1.5,100
Gucheng 2016-09-12,Gucheng,2016-09-12,09 Sep,Autumn,24,24,46.3,74.9,2,44.9,908,53.7,22.1,1.1,100
Gucheng 2016-09-13,Gucheng,2016-09-13,09 Sep,Autumn,24,24,92.1,137.2,2.4,61.9,1021,54.6,22.3,1.1,100
Gucheng 2016-09-14,Gucheng,2016-09-14,09 Sep,Autumn,24,24,92.6,127.8,2.8,42.5,1021,74.6,22.8,1.6,100
Gucheng 2016-09-15,Gucheng,2016-09-15,09 Sep,Autumn,24,24,73.6,116.5,4.2,47.6,958,69.1,24.4,1.6,100
Gucheng 2016-09-16,Gucheng,2016-09-16,09 Sep,Autumn,24,24,138.7,187.5,2.2,39.1,1350,91.8,24,1.4,100
Gucheng 2016-09-17,Gucheng,2016-09-17,09 Sep,Autumn,24,24,48.3,64.4,2.3,40.1,833,33.8,21,1.3,100
Gucheng 2016-09-18,Gucheng,2016-09-18,09 Sep,Autumn,24,24,24,26.1,2,28,592,35.1,18.1,1.1,100
Gucheng 2016-09-19,Gucheng,2016-09-19,09 Sep,Autumn,24,24,13.2,28.2,2,,446,40.3,17.6,1.3,100
Gucheng 2016-09-20,Gucheng,2016-09-20,09 Sep,Autumn,24,24,23.9,68.2,2.1,,642,44.5,18.4,1.1,100
Gucheng 2016-09-21,Gucheng,2016-09-21,09 Sep,Autumn,24,22,72.3,133.9,3.7,67,1036,24.2,18.5,1.4,91.7
Gucheng 2016-09-22,Gucheng,2016-09-22,09 Sep,Autumn,24,19,,151.9,,,,,19,2.2,79.2
Gucheng 2016-09-23,Gucheng,2016-09-23,09 Sep,Autumn,24,23,123,129.7,2.5,46.5,1115,82.3,20.7,1.7,95.8
Gucheng 2016-09-24,Gucheng,2016-09-24,09 Sep,Autumn,24,24,148.3,163.3,2.1,56.9,1283,71.3,21.8,1.7,100
Gucheng 2016-09-25,Gucheng,2016-09-25,09 Sep,Autumn,24,24,197.8,199.9,2,58.9,1583,52.4,,,100
Gucheng 2016-09-26,Gucheng,2016-09-26,09 Sep,Autumn,24,23,73.3,72.6,2,46,1192,46.4,19.5,1.4,95.8
Gucheng 2016-09-27,Gucheng,2016-09-27,09 Sep,Autumn,24,24,30,41.8,2,21.2,575,38.4,17.8,3.6,100
Gucheng 2016-09-28,Gucheng,2016-09-28,09 Sep,Autumn,24,23,20.6,43.1,2,43.9,429,30.8,14.8,2.2,95.8
Gucheng 2016-09-29,Gucheng,2016-09-29,09 Sep,Autumn,24,15,,102.6,3.9,70,674,34.3,14.9,2,62.5
Gucheng 2016-09-30,Gucheng,2016-09-30,09 Sep,Autumn,24,11,,141.3,4.1,80.7,1042,63.3,16.5,1.1,45.8
Gucheng 2016-10-01,Gucheng,2016-10-01,10 Oct,Autumn,24,24,183.5,210.5,11.5,96,1533,49.9,18.3,1.2,100
Gucheng 2016-10-02,Gucheng,2016-10-02,10 Oct,Autumn,24,24,212.4,220.4,4.3,75.6,1554,51.7,18.7,1,100
Gucheng 2016-10-03,Gucheng,2016-10-03,10 Oct,Autumn,24,24,156.3,180.5,2.2,72.1,1258,44.3,20.5,0.9,100
Gucheng 2016-10-04,Gucheng,2016-10-04,10 Oct,Autumn,24,24,37,42.8,2,35.8,900,18.9,16,1.9,100
Gucheng 2016-10-05,Gucheng,2016-10-05,10 Oct,Autumn,24,24,55.5,69.3,2,45.5,1117,25.1,15.8,1.6,100
Gucheng 2016-10-06,Gucheng,2016-10-06,10 Oct,Autumn,24,24,84,88.3,2.1,59.2,1692,2.5,15.3,1.6,100
Gucheng 2016-10-07,Gucheng,2016-10-07,10 Oct,Autumn,24,24,37.8,39.3,2,46.7,1463,10.9,13.4,1.4,100
Gucheng 2016-10-08,Gucheng,2016-10-08,10 Oct,Autumn,24,24,14.1,30.9,2,30.9,458,35.7,12,2.3,100
Gucheng 2016-10-09,Gucheng,2016-10-09,10 Oct,Autumn,24,24,32.1,68.2,2.4,54.2,629,11.7,9.5,1.3,100
Gucheng 2016-10-10,Gucheng,2016-10-10,10 Oct,Autumn,24,24,89.2,122.3,5.7,84.8,1096,15.3,10.8,1,100
Gucheng 2016-10-11,Gucheng,2016-10-11,10 Oct,Autumn,24,24,117.8,138,4.8,77.5,1383,20.1,13.5,1.6,100
Gucheng 2016-10-12,Gucheng,2016-10-12,10 Oct,Autumn,24,24,82.2,107.6,2.5,75.5,1154,15.3,14.1,1.1,100
Gucheng 2016-10-13,Gucheng,2016-10-13,10 Oct,Autumn,24,21,159.7,166,2.8,67.5,1435,35,14.5,1,87.5
Gucheng 2016-10-14,Gucheng,2016-10-14,10 Oct,Autumn,24,24,269.3,273.8,3.7,94.5,2000,25.8,15.3,0.9,100
Gucheng 2016-10-15,Gucheng,2016-10-15,10 Oct,Autumn,24,23,239.3,243.1,2.1,90.7,1909,3.4,13.9,0.7,95.8
Gucheng 2016-10-16,Gucheng,2016-10-16,10 Oct,Autumn,24,24,125,125.3,2.1,62.2,979,19.2,15.7,1.6,100
Gucheng 2016-10-17,Gucheng,2016-10-17,10 Oct,Autumn,24,24,66,96,2,67.3,879,14.4,15.1,1.3,100
Gucheng 2016-10-18,Gucheng,2016-10-18,10 Oct,Autumn,24,24,138.6,164.7,2,87.2,1688,4.9,15.1,1,100
Gucheng 2016-10-19,Gucheng,2016-10-19,10 Oct,Autumn,24,23,259.7,264,2.3,82.6,1839,14.2,16.9,1,95.8
Gucheng 2016-10-20,Gucheng,2016-10-20,10 Oct,Autumn,24,24,110.7,124.7,2.3,51.2,1438,13.5,13.6,1.6,100
Gucheng 2016-10-21,Gucheng,2016-10-21,10 Oct,Autumn,24,24,44.7,44.7,2,41.4,908,12.5,10.1,1.2,100
Gucheng 2016-10-22,Gucheng,2016-10-22,10 Oct,Autumn,24,24,16.8,19.3,2,32.4,629,14.3,12.2,2,100
Gucheng 2016-10-23,Gucheng,2016-10-23,10 Oct,Autumn,24,24,30.1,53.6,2.3,46,579,17.2,10.9,1.2,100
Gucheng 2016-10-24,Gucheng,2016-10-24,10 Oct,Autumn,24,24,58,106.3,2,62.4,1042,2.6,9.5,1.3,100
Gucheng 2016-10-25,Gucheng,2016-10-25,10 Oct,Autumn,24,24,91.3,123,2.2,66.9,1317,6.1,10.6,1.4,100
Gucheng 2016-10-26,Gucheng,2016-10-26,10 Oct,Autumn,24,24,50.8,85.3,3,53.7,954,15.3,12.7,2.4,100
Gucheng 2016-10-27,Gucheng,2016-10-27,10 Oct,Autumn,24,24,31.6,56.6,2.2,58.5,913,2.6,8.9,1.8,100
Gucheng 2016-10-28,Gucheng,2016-10-28,10 Oct,Autumn,24,24,13.2,36.4,2,29.8,538,26.5,8.3,2.4,100
Gucheng 2016-10-29,Gucheng,2016-10-29,10 Oct,Autumn,24,24,30.9,74.3,4,48.6,823,10.5,5.9,1.9,100
Gucheng 2016-10-30,Gucheng,2016-10-30,10 Oct,Autumn,24,24,44.5,81.1,3.5,42.8,1021,16.4,5.5,2.4,100
Gucheng 2016-10-31,Gucheng,2016-10-31,10 Oct,Autumn,24,24,11.4,23.8,2.7,14.9,363,33,2.8,3.6,100
Gucheng 2016-11-01,Gucheng,2016-11-01,11 Nov,Autumn,24,24,49.2,92.3,6.1,47.3,850,15.4,1.6,1.3,100
Gucheng 2016-11-02,Gucheng,2016-11-02,11 Nov,Autumn,24,24,108.3,154.6,9.3,73.5,1458,10.2,4.8,1.2,100
Gucheng 2016-11-03,Gucheng,2016-11-03,11 Nov,Autumn,24,24,187.2,225.7,5.5,107.6,2679,6.3,5.2,1,100
Gucheng 2016-11-04,Gucheng,2016-11-04,11 Nov,Autumn,24,24,268.5,285.5,3.3,125.9,3525,7,6.6,1.1,100
Gucheng 2016-11-05,Gucheng,2016-11-05,11 Nov,Autumn,24,24,185.6,195,2.5,114.3,3450,15.3,8.9,1.6,100
Gucheng 2016-11-06,Gucheng,2016-11-06,11 Nov,Autumn,24,24,77.1,94.8,5.3,52.6,1096,22.7,8.2,2.2,100
Gucheng 2016-11-07,Gucheng,2016-11-07,11 Nov,Autumn,24,24,40.2,46,2.1,37.4,875,27.3,8.2,2.8,100
Gucheng 2016-11-08,Gucheng,2016-11-08,11 Nov,Autumn,24,24,48,98.3,7.7,49.4,692,18.9,5,1.6,100
Gucheng 2016-11-09,Gucheng,2016-11-09,11 Nov,Autumn,24,24,155.2,192.8,18.9,87.3,2179,3.7,3.2,1.1,100
Gucheng 2016-11-10,Gucheng,2016-11-10,11 Nov,Autumn,24,23,183.7,199.3,17.2,86.8,2130,6.8,6.1,1.4,95.8
Gucheng 2016-11-11,Gucheng,2016-11-11,11 Nov,Autumn,24,24,69.8,131.2,9.7,66.1,1396,7.4,4.9,1.4,100
Gucheng 2016-11-12,Gucheng,2016-11-12,11 Nov,Autumn,24,24,79.9,139.6,11.9,65.2,1550,14.4,7.1,1.7,100
Gucheng 2016-11-13,Gucheng,2016-11-13,11 Nov,Autumn,24,24,96.5,151,10.9,83.5,2033,3.6,8.6,1.4,100
Gucheng 2016-11-14,Gucheng,2016-11-14,11 Nov,Autumn,24,24,38.1,70.5,5.2,33.7,746,39.3,9.8,4.1,100
Gucheng 2016-11-15,Gucheng,2016-11-15,11 Nov,Autumn,24,24,43.9,93.1,17.5,69.5,1638,11.7,4.8,1.7,100
Gucheng 2016-11-16,Gucheng,2016-11-16,11 Nov,Autumn,24,20,103.5,170,20.9,82,2342,9.3,4.9,1.1,83.3
Gucheng 2016-11-17,Gucheng,2016-11-17,11 Nov,Autumn,24,24,98.3,135.8,14.9,63.6,2133,4.6,5.8,1,100
Gucheng 2016-11-18,Gucheng,2016-11-18,11 Nov,Autumn,24,24,190,258.9,23.3,96,3596,5,7.2,1.2,100
Gucheng 2016-11-19,Gucheng,2016-11-19,11 Nov,Autumn,24,24,155.5,178.3,13.7,108.1,2258,21.3,10,2,100
Gucheng 2016-11-20,Gucheng,2016-11-20,11 Nov,Autumn,24,24,59.3,59.3,3.2,62.9,1238,7.5,3.8,2.4,100
Gucheng 2016-11-21,Gucheng,2016-11-21,11 Nov,Autumn,24,24,10.6,14.2,2,15.4,417,46.8,-1.3,4.5,100
Gucheng 2016-11-22,Gucheng,2016-11-22,11 Nov,Autumn,24,24,8.2,19.8,3.5,20.7,425,39.2,-4,2.7,100
Gucheng 2016-11-23,Gucheng,2016-11-23,11 Nov,Autumn,24,24,33,50.1,10.6,43.6,833,23.7,-1.3,2.3,100
Gucheng 2016-11-24,Gucheng,2016-11-24,11 Nov,Autumn,24,23,71,108.8,18.9,61.8,1367,15.6,-0.7,1.6,95.8
Gucheng 2016-11-25,Gucheng,2016-11-25,11 Nov,Autumn,24,24,173.5,231.2,26.7,101,2717,7.3,-0.1,1.2,100
Gucheng 2016-11-26,Gucheng,2016-11-26,11 Nov,Autumn,24,24,313.7,379.8,28,129.7,3738,9.1,1.8,1,100
Gucheng 2016-11-27,Gucheng,2016-11-27,11 Nov,Autumn,24,24,38,72.9,5.4,35.9,833,34.7,4.5,3,100
Gucheng 2016-11-28,Gucheng,2016-11-28,11 Nov,Autumn,24,24,65.9,133.9,16.8,81.3,1783,11.3,0.8,0.9,100
Gucheng 2016-11-29,Gucheng,2016-11-29,11 Nov,Autumn,24,24,109,174.3,25.3,94.4,2813,5.6,0.8,1.3,100
Gucheng 2016-11-30,Gucheng,2016-11-30,11 Nov,Autumn,24,24,104.8,152.3,18,74.8,2500,20.1,4.5,1.9,100
Gucheng 2016-12-01,Gucheng,2016-12-01,12 Dec,Winter,24,24,40.6,75.7,8.8,54,1038,30.8,5.8,1.8,100
Gucheng 2016-12-02,Gucheng,2016-12-02,12 Dec,Winter,24,24,93.8,136.4,17.8,92.5,2229,9.1,1.7,1,100
Gucheng 2016-12-03,Gucheng,2016-12-03,12 Dec,Winter,24,24,165.2,214,24.5,111.8,2996,7.8,2.1,0.9,100
Gucheng 2016-12-04,Gucheng,2016-12-04,12 Dec,Winter,24,24,211.2,277.4,22.6,111,3504,10.4,2.5,1,100
Gucheng 2016-12-05,Gucheng,2016-12-05,12 Dec,Winter,24,24,61.5,86.6,7.2,43.8,1346,28.3,2.2,2.5,100
Gucheng 2016-12-06,Gucheng,2016-12-06,12 Dec,Winter,24,24,64.9,119.8,19.3,86.5,1767,9.3,0.4,1.2,100
Gucheng 2016-12-07,Gucheng,2016-12-07,12 Dec,Winter,24,22,114.8,165.5,21,107.4,2483,10.8,4.3,1.9,91.7
Gucheng 2016-12-08,Gucheng,2016-12-08,12 Dec,Winter,24,24,108.7,153.9,15.8,63.2,1975,33.6,4,2.7,100
Gucheng 2016-12-09,Gucheng,2016-12-09,12 Dec,Winter,24,24,27.2,53.7,10.1,45.8,825,25.9,0.5,2.5,100
Gucheng 2016-12-10,Gucheng,2016-12-10,12 Dec,Winter,24,24,50.6,87.1,13.8,68.5,1417,9.5,-1.8,1,100
Gucheng 2016-12-11,Gucheng,2016-12-11,12 Dec,Winter,24,24,148.8,197.4,29.9,104.3,3138,5.4,-1.6,1.3,100
Gucheng 2016-12-12,Gucheng,2016-12-12,12 Dec,Winter,24,24,243.7,271.7,37.6,113.8,3013,7.4,1.8,1,100
Gucheng 2016-12-13,Gucheng,2016-12-13,12 Dec,Winter,24,24,84,96.5,11.1,64.7,1654,14.4,0.3,1.2,100
Gucheng 2016-12-14,Gucheng,2016-12-14,12 Dec,Winter,24,22,32.2,52.7,10.4,54.8,,19.5,-1.5,2.1,91.7
Gucheng 2016-12-15,Gucheng,2016-12-15,12 Dec,Winter,24,23,33.6,66.5,10,46.9,1143,25.5,-0.4,2,95.8
Gucheng 2016-12-16,Gucheng,2016-12-16,12 Dec,Winter,24,24,133.7,180.8,22.5,85,2508,10.3,-0.9,1,100
Gucheng 2016-12-17,Gucheng,2016-12-17,12 Dec,Winter,24,24,162.8,192.7,29,92.1,3092,9.8,-0.7,1.2,100
Gucheng 2016-12-18,Gucheng,2016-12-18,12 Dec,Winter,24,24,200.3,210.7,23.3,95.4,2963,11.9,-0.6,0.8,100
Gucheng 2016-12-19,Gucheng,2016-12-19,12 Dec,Winter,24,24,192.3,196.6,18.3,95.4,2950,11.9,0.1,0.8,100
Gucheng 2016-12-20,Gucheng,2016-12-20,12 Dec,Winter,24,24,476.3,503.9,11.4,155.2,8124,7.9,-0.7,1.1,100
Gucheng 2016-12-21,Gucheng,2016-12-21,12 Dec,Winter,24,24,460.4,469.4,11.5,166.5,8904,6.5,1.3,0.7,100
Gucheng 2016-12-22,Gucheng,2016-12-22,12 Dec,Winter,24,24,29,29,4.7,24.2,642,41.7,3.7,4.1,100
Gucheng 2016-12-23,Gucheng,2016-12-23,12 Dec,Winter,24,24,42.2,50.8,9.7,57.9,1017,18.4,-1.3,2.1,100
Gucheng 2016-12-24,Gucheng,2016-12-24,12 Dec,Winter,24,24,130.9,162.8,30,95.7,2750,6.5,-2.4,1.1,100
Gucheng 2016-12-25,Gucheng,2016-12-25,12 Dec,Winter,24,24,146.9,166.4,27,101.3,2875,5.1,-1.8,0.9,100
Gucheng 2016-12-26,Gucheng,2016-12-26,12 Dec,Winter,24,24,49.8,57.7,15.5,51.2,1121,25.5,1.9,2.4,100
Gucheng 2016-12-27,Gucheng,2016-12-27,12 Dec,Winter,24,22,50.8,71.4,8.6,53,1068,21,-1.6,1.8,91.7
Gucheng 2016-12-28,Gucheng,2016-12-28,12 Dec,Winter,24,24,69.1,83.4,8.2,41.8,1286,22.6,-2,2.6,100
Gucheng 2016-12-29,Gucheng,2016-12-29,12 Dec,Winter,24,23,45.2,73.8,13.7,55.7,1145,20,-3.1,1.5,95.8
Gucheng 2016-12-30,Gucheng,2016-12-30,12 Dec,Winter,24,23,180.9,228.4,19,104.4,3009,3.2,-4.5,1,95.8
Gucheng 2016-12-31,Gucheng,2016-12-31,12 Dec,Winter,24,24,302.9,353.8,20,134.6,4408,4.4,-3.2,1.1,100
Huairou 2016-01-01,Huairou,2016-01-01,01 Jan,Winter,24,24,136.3,136.8,14.6,57.8,1950,4.8,-3.1,1.1,100
Huairou 2016-01-02,Huairou,2016-01-02,01 Jan,Winter,24,24,215.8,215.8,19.9,72.8,2725,5.2,-1.4,1.2,100
Huairou 2016-01-03,Huairou,2016-01-03,01 Jan,Winter,24,24,233.1,233.1,11.3,69.1,3221,6.3,-2.3,1.6,100
Huairou 2016-01-04,Huairou,2016-01-04,01 Jan,Winter,24,24,50.6,50.8,2.5,28,1246,32.6,-2.4,1.8,100
Huairou 2016-01-05,Huairou,2016-01-05,01 Jan,Winter,24,24,22.5,24.5,3.5,25.5,713,23,-5.9,1.6,100
Huairou 2016-01-06,Huairou,2016-01-06,01 Jan,Winter,24,23,20.5,24.6,3,24.6,630,23.7,-4.6,1.7,95.8
Huairou 2016-01-07,Huairou,2016-01-07,01 Jan,Winter,24,24,16.8,20.1,4.2,20,563,29.5,-5.4,1.9,100
Huairou 2016-01-08,Huairou,2016-01-08,01 Jan,Winter,24,24,26.7,29.2,6.5,25.8,683,25,-5.2,1.6,100
Huairou 2016-01-09,Huairou,2016-01-09,01 Jan,Winter,24,24,39.3,43.3,9.5,37.2,965,13.8,-4.9,1.5,100
Huairou 2016-01-10,Huairou,2016-01-10,01 Jan,Winter,24,24,29.9,35.3,8.3,26.5,658,26.9,-3.6,1.8,100
Huairou 2016-01-11,Huairou,2016-01-11,01 Jan,Winter,24,24,12,15.1,2.5,13.4,421,41.5,-6.3,1.9,100
Huairou 2016-01-12,Huairou,2016-01-12,01 Jan,Winter,24,23,18.3,22.7,3.5,18.6,609,34.6,-8.1,1.9,95.8
Huairou 2016-01-13,Huairou,2016-01-13,01 Jan,Winter,24,24,27.8,34.8,9.2,31.4,750,23.3,-6.7,1.5,100
Huairou 2016-01-14,Huairou,2016-01-14,01 Jan,Winter,24,24,34.8,50.6,13,31.1,896,23.5,-4.1,1.7,100
Huairou 2016-01-15,Huairou,2016-01-15,01 Jan,Winter,24,24,73,88.7,18.7,51.3,1508,11.6,-3.5,1.3,100
Huairou 2016-01-16,Huairou,2016-01-16,01 Jan,Winter,24,24,133.6,140,41.4,69.8,2442,3.6,-2.2,2,100
Huairou 2016-01-17,Huairou,2016-01-17,01 Jan,Winter,24,24,56.2,57,17.7,24,1118,34.5,-7.5,1.8,100
Huairou 2016-01-18,Huairou,2016-01-18,01 Jan,Winter,24,23,9.9,22.4,,5.9,621,49.3,-10.3,3.2,95.8
Huairou 2016-01-19,Huairou,2016-01-19,01 Jan,Winter,24,24,30.4,45.1,7.9,30.6,832,23.9,-9.9,1.5,100
Huairou 2016-01-20,Huairou,2016-01-20,01 Jan,Winter,24,24,75.9,89.8,27.6,51.2,1817,7.8,-8.1,1.3,100
Huairou 2016-01-21,Huairou,2016-01-21,01 Jan,Winter,24,24,136.3,138.5,19.7,61.3,2667,3.5,-6.7,1.1,100
Huairou 2016-01-22,Huairou,2016-01-22,01 Jan,Winter,24,22,25,32.3,2.9,11,546,51.7,-11,3.4,91.7
Huairou 2016-01-23,Huairou,2016-01-23,01 Jan,Winter,24,24,5.8,14.3,2.5,3.7,246,46,-15.7,3.1,100
Huairou 2016-01-24,Huairou,2016-01-24,01 Jan,Winter,24,23,14.2,38.5,4.1,13.3,463,39.5,-11,2.3,95.8
Huairou 2016-01-25,Huairou,2016-01-25,01 Jan,Winter,24,23,25.9,46.6,9.7,26.6,700,26.4,-6.1,1.7,95.8
Huairou 2016-01-26,Huairou,2016-01-26,01 Jan,Winter,24,24,22.4,53,6.5,12.4,408,39.8,-3.8,1.9,100
Huairou 2016-01-27,Huairou,2016-01-27,01 Jan,Winter,24,24,59.8,69,18.4,48.3,1329,9,-5.8,1.4,100
Huairou 2016-01-28,Huairou,2016-01-28,01 Jan,Winter,24,24,98.7,101.8,28.2,50.4,1600,11.8,-4.1,1.3,100
Huairou 2016-01-29,Huairou,2016-01-29,01 Jan,Winter,24,24,95,105.5,29.3,52.6,2167,4,-6.8,1.5,100
Huairou 2016-01-30,Huairou,2016-01-30,01 Jan,Winter,24,24,48.9,52.8,12.5,31.6,1350,20.7,-8.1,1.4,100
Huairou 2016-01-31,Huairou,2016-01-31,01 Jan,Winter,24,24,21.5,27.6,5.7,23.6,746,28.8,-7.1,1.4,100
Huairou 2016-02-01,Huairou,2016-02-01,02 Feb,Winter,24,24,16.8,21.3,3.5,20.1,546,33.9,-4.8,1.5,100
Huairou 2016-02-02,Huairou,2016-02-02,02 Feb,Winter,24,23,26.8,31.3,8.6,29.6,735,23.6,-4.4,1.6,95.8
Huairou 2016-02-03,Huairou,2016-02-03,02 Feb,Winter,24,24,31.5,37,12.8,28.1,796,23.7,-3.3,1.8,100
Huairou 2016-02-04,Huairou,2016-02-04,02 Feb,Winter,24,24,16.2,21.2,5.8,15.6,421,40.7,-1.8,1.6,100
Huairou 2016-02-05,Huairou,2016-02-05,02 Feb,Winter,24,24,7,14.6,2.2,4,200,56,-1,2.2,100
Huairou 2016-02-06,Huairou,2016-02-06,02 Feb,Winter,24,24,20.7,26.7,5.4,16.1,545,34,-2.1,1.8,100
Huairou 2016-02-07,Huairou,2016-02-07,02 Feb,Winter,24,24,30.5,59.4,9.7,18.7,613,2,-0.7,2.2,100
Huairou 2016-02-08,Huairou,2016-02-08,02 Feb,Winter,24,24,120.4,177.8,25.8,15.2,654,2,2.9,3.4,100
Huairou 2016-02-09,Huairou,2016-02-09,02 Feb,Winter,24,24,37.7,44.5,9.6,24.9,733,22.3,3,1.6,100
Huairou 2016-02-10,Huairou,2016-02-10,02 Feb,Winter,24,24,72.5,75.6,21.5,26.7,1517,27.4,2.1,1.4,100
Huairou 2016-02-11,Huairou,2016-02-11,02 Feb,Winter,24,24,157.2,161.8,40,53.4,3108,5.6,2.7,0.6,100
Huairou 2016-02-12,Huairou,2016-02-12,02 Feb,Winter,24,24,133.7,135.5,14.3,34,1883,15.1,3.2,1.1,100
Huairou 2016-02-13,Huairou,2016-02-13,02 Feb,Winter,24,23,6.9,7.9,2,5.2,417,46.6,0.6,3.5,95.8
Huairou 2016-02-14,Huairou,2016-02-14,02 Feb,Winter,24,24,5.8,10,2.1,4.7,317,49.2,-5,2.9,100
Huairou 2016-02-15,Huairou,2016-02-15,02 Feb,Winter,24,24,6.3,31.1,2,7.1,258,44.3,-2,4.1,100
Huairou 2016-02-16,Huairou,2016-02-16,02 Feb,Winter,24,24,9.6,31,2.4,12.4,383,20.5,1.3,3.2,100
Huairou 2016-02-17,Huairou,2016-02-17,02 Feb,Winter,24,22,42,45.2,7.9,29.6,938,21.3,1.8,1.9,91.7
Huairou 2016-02-18,Huairou,2016-02-18,02 Feb,Winter,24,24,17.5,25.2,3.6,7.5,375,66.7,3.8,3.3,100
Huairou 2016-02-19,Huairou,2016-02-19,02 Feb,Winter,24,24,15.4,18.9,2.9,10.9,400,60.2,1.4,2.6,100
Huairou 2016-02-20,Huairou,2016-02-20,02 Feb,Winter,24,21,26.4,27.6,3.3,11,409,54.6,-1.4,2.8,87.5
Huairou 2016-02-21,Huairou,2016-02-21,02 Feb,Winter,24,21,75.6,82.5,17.1,36.5,950,27.2,-2,1.5,87.5
Huairou 2016-02-22,Huairou,2016-02-22,02 Feb,Winter,24,24,79.1,87.5,11.6,25.1,958,41.2,1.1,2.9,100
Huairou 2016-02-23,Huairou,2016-02-23,02 Feb,Winter,24,22,13.5,18.2,2.1,3.7,425,77.4,-1.6,3.1,91.7
Huairou 2016-02-24,Huairou,2016-02-24,02 Feb,Winter,24,21,18.8,31.3,4.4,11.8,395,48.5,-1.4,2.4,87.5
Huairou 2016-02-25,Huairou,2016-02-25,02 Feb,Winter,24,19,,42.6,6.5,21.3,367,36.9,-0.3,1.7,79.2
Huairou 2016-02-26,Huairou,2016-02-26,02 Feb,Winter,24,17,,54.2,10.8,25.8,817,46.1,1.4,2,70.8
Huairou 2016-02-27,Huairou,2016-02-27,02 Feb,Winter,24,24,23.3,38,5.4,20.3,533,54,2.4,1.8,100
Huairou 2016-02-28,Huairou,2016-02-28,02 Feb,Winter,24,24,31.5,46.6,4.8,16.1,763,51.9,-0.5,3.3,100
Huairou 2016-02-29,Huairou,2016-02-29,02 Feb,Winter,24,24,27,34.8,7,21.6,921,52,-2.4,2,100
Huairou 2016-03-01,Huairou,2016-03-01,03 Mar,Spring,24,24,104,110.6,19.5,62,1758,17.5,1.7,1.5,100
Huairou 2016-03-02,Huairou,2016-03-02,03 Mar,Spring,24,24,126.9,138.9,18.8,68,1658,27,6.9,1.5,100
Huairou 2016-03-03,Huairou,2016-03-03,03 Mar,Spring,24,24,238,241.6,33.5,63,2633,31.7,8,1.8,100
Huairou 2016-03-04,Huairou,2016-03-04,03 Mar,Spring,24,24,353.4,354.5,16.8,73.8,3954,8.5,4.9,1,100
Huairou 2016-03-05,Huairou,2016-03-05,03 Mar,Spring,24,24,39,230.3,2.6,7.7,371,62.1,8,3.3,100
Huairou 2016-03-06,Huairou,2016-03-06,03 Mar,Spring,24,24,56.5,153,15.6,34.5,1196,22.5,3.5,1.1,100
Huairou 2016-03-07,Huairou,2016-03-07,03 Mar,Spring,24,24,30.1,77.6,5,12.7,642,53,4.6,4,100
Huairou 2016-03-08,Huairou,2016-03-08,03 Mar,Spring,24,24,8.5,26,2.1,6.4,425,64.1,1.3,2.9,100
Huairou 2016-03-09,Huairou,2016-03-09,03 Mar,Spring,24,24,8.3,17.4,3.3,9,379,54.6,-0.1,2.6,100
Huairou 2016-03-10,Huairou,2016-03-10,03 Mar,Spring,24,23,6.7,31.9,2.4,4.3,209,65.3,1.7,2.4,95.8
Huairou 2016-03-11,Huairou,2016-03-11,03 Mar,Spring,24,24,19.1,42.1,4.6,22,563,44.1,1.5,1.8,100
Huairou 2016-03-12,Huairou,2016-03-12,03 Mar,Spring,24,24,85.5,113.8,28.2,50.4,1558,17.1,1.8,1.6,100
Huairou 2016-03-13,Huairou,2016-03-13,03 Mar,Spring,24,24,49.7,59.5,7.9,31.6,938,39.8,4.7,1.9,100
Huairou 2016-03-14,Huairou,2016-03-14,03 Mar,Spring,24,23,62.4,94.1,10.6,40.7,1061,28.7,6.5,1.9,95.8
Huairou 2016-03-15,Huairou,2016-03-15,03 Mar,Spring,24,20,116.7,160.4,27.3,,1465,19,7.2,1.3,83.3
Huairou 2016-03-16,Huairou,2016-03-16,03 Mar,Spring,24,22,234.4,266.2,27,73.4,2045,31.7,7.8,1.4,91.7
Huairou 2016-03-17,Huairou,2016-03-17,03 Mar,Spring,24,24,279.5,279.5,24.9,61.4,2000,47.7,9.7,1.5,100
Huairou 2016-03-18,Huairou,2016-03-18,03 Mar,Spring,24,24,160.3,160.8,6.8,28.9,1192,62,12.7,2.6,100
Huairou 2016-03-19,Huairou,2016-03-19,03 Mar,Spring,24,24,51.1,84,12.2,35.1,904,39.3,10.1,1.8,100
Huairou 2016-03-20,Huairou,2016-03-20,03 Mar,Spring,24,24,64,89.4,5.6,43.5,950,33.8,10.4,1.7,100
Huairou 2016-03-21,Huairou,2016-03-21,03 Mar,Spring,24,24,101,133.7,13.3,47.8,975,48.9,10.9,1.5,100
Huairou 2016-03-22,Huairou,2016-03-22,03 Mar,Spring,24,24,84.8,129.8,17.3,31.5,791,50.3,12.6,2.2,100
Huairou 2016-03-23,Huairou,2016-03-23,03 Mar,Spring,24,23,6.9,24.6,2.3,4.7,209,70.1,9.8,4.5,95.8
Huairou 2016-03-24,Huairou,2016-03-24,03 Mar,Spring,24,24,8.5,14.1,2.2,9.5,233,64,8.8,2.5,100
Huairou 2016-03-25,Huairou,2016-03-25,03 Mar,Spring,24,24,11.5,18.5,2.2,11.3,346,63.1,9.4,2.3,100
Huairou 2016-03-26,Huairou,2016-03-26,03 Mar,Spring,24,24,9.2,16.4,2.2,11.1,375,58.8,13.1,2.4,100
Huairou 2016-03-27,Huairou,2016-03-27,03 Mar,Spring,24,23,18,40.5,3,23.8,475,44.9,13.1,1.8,95.8
Huairou 2016-03-28,Huairou,2016-03-28,03 Mar,Spring,24,24,57.3,124.8,11,41.9,696,31,13,2.1,100
Huairou 2016-03-29,Huairou,2016-03-29,03 Mar,Spring,24,24,11.1,26.4,2.3,14.9,375,53.5,15,2.2,100
Huairou 2016-03-30,Huairou,2016-03-30,03 Mar,Spring,24,24,21.5,59.2,5.5,20.5,500,59.5,15,2.2,100
Huairou 2016-03-31,Huairou,2016-03-31,03 Mar,Spring,24,24,146.9,219.1,27.5,51,1325,59.3,14.5,1.6,100
Huairou 2016-04-01,Huairou,2016-04-01,04 Apr,Spring,24,22,48.3,95.6,5.5,16.7,479,46.8,16.4,3.7,91.7
Huairou 2016-04-02,Huairou,2016-04-02,04 Apr,Spring,24,24,6,14.4,2,7,271,61.8,14.3,3.1,100
Huairou 2016-04-03,Huairou,2016-04-03,04 Apr,Spring,24,17,,,,,,,13.2,1.8,70.8
Huairou 2016-04-04,Huairou,2016-04-04,04 Apr,Spring,24,10,,,,,,,13.3,1.9,41.7
Huairou 2016-04-05,Huairou,2016-04-05,04 Apr,Spring,24,24,100.7,138.7,16.4,30.1,1117,74.3,14.6,2.3,100
Huairou 2016-04-06,Huairou,2016-04-06,04 Apr,Spring,24,21,112.4,152.3,21.3,48.3,2008,38.8,13.1,1.2,87.5
Huairou 2016-04-07,Huairou,2016-04-07,04 Apr,Spring,24,24,85.4,108.9,3.3,20,1688,53,16.3,2.9,100
Huairou 2016-04-08,Huairou,2016-04-08,04 Apr,Spring,24,24,14.4,68.8,2.7,19,483,62,15.7,2.7,100
Huairou 2016-04-09,Huairou,2016-04-09,04 Apr,Spring,24,24,46.9,243.9,7.9,25,604,47.3,15.1,2.5,100
Huairou 2016-04-10,Huairou,2016-04-10,04 Apr,Spring,24,24,49.5,226.1,10.4,28.8,692,53.3,12.4,2.4,100
Huairou 2016-04-11,Huairou,2016-04-11,04 Apr,Spring,24,24,35.6,98.6,6.7,24.2,479,60.9,10.2,2.5,100
Huairou 2016-04-12,Huairou,2016-04-12,04 Apr,Spring,24,24,54.6,60.9,3.4,20.1,629,40.5,9.8,1.5,100
Huairou 2016-04-13,Huairou,2016-04-13,04 Apr,Spring,24,24,123.9,140.2,4.6,39.9,1063,42.3,15.7,2.6,100
Huairou 2016-04-14,Huairou,2016-04-14,04 Apr,Spring,24,24,29.9,89.9,2.8,15.7,313,72.7,17.7,2.9,100
Huairou 2016-04-15,Huairou,2016-04-15,04 Apr,Spring,24,24,43.2,75.8,11.9,40.3,821,40.4,14.8,1.7,100
Huairou 2016-04-16,Huairou,2016-04-16,04 Apr,Spring,24,24,25.1,45.3,2,7.4,254,53.6,15,3.3,100
Huairou 2016-04-17,Huairou,2016-04-17,04 Apr,Spring,24,23,16.8,28.8,2,4.4,204,77.8,15,4.8,95.8
Huairou 2016-04-18,Huairou,2016-04-18,04 Apr,Spring,24,24,10.5,22.2,2,10.3,263,66.8,13.9,2.2,100
Huairou 2016-04-19,Huairou,2016-04-19,04 Apr,Spring,24,24,55.8,91.8,15.9,51,1158,20.2,11.6,1.6,100
Huairou 2016-04-20,Huairou,2016-04-20,04 Apr,Spring,24,23,43,61.3,4.4,25.7,548,61,16.7,1.7,95.8
Huairou 2016-04-21,Huairou,2016-04-21,04 Apr,Spring,24,23,79.6,144.4,7.1,27.1,687,70.5,19.6,2.9,95.8
Huairou 2016-04-22,Huairou,2016-04-22,04 Apr,Spring,24,24,38,139.9,2,6.2,204,81.3,19.5,3.5,100
Huairou 2016-04-23,Huairou,2016-04-23,04 Apr,Spring,24,24,19.4,54.6,3.2,18.3,292,61.8,16.6,2.4,100
Huairou 2016-04-24,Huairou,2016-04-24,04 Apr,Spring,24,24,69.4,150,19.2,,850,58.4,16.1,1.8,100
Huairou 2016-04-25,Huairou,2016-04-25,04 Apr,Spring,24,24,78.5,171.4,12.9,,850,99.2,20.3,2.4,100
Huairou 2016-04-26,Huairou,2016-04-26,04 Apr,Spring,24,24,66,146.8,22.1,30.2,1313,98.5,17.7,2.2,100
Huairou 2016-04-27,Huairou,2016-04-27,04 Apr,Spring,24,23,75,100,4,38.7,896,50.5,13.7,0.9,95.8
Huairou 2016-04-28,Huairou,2016-04-28,04 Apr,Spring,24,24,65,97.8,6.6,26.5,829,101.5,17.3,2.1,100
Huairou 2016-04-29,Huairou,2016-04-29,04 Apr,Spring,24,24,98.8,132.5,14.3,32,1138,112.4,17.2,1.9,100
Huairou 2016-04-30,Huairou,2016-04-30,04 Apr,Spring,24,24,111.8,159.9,7.1,21.7,1083,149.3,21.5,2.1,100
Huairou 2016-05-01,Huairou,2016-05-01,05 May,Spring,24,23,165.6,194.4,18.7,21.1,1991,168.4,22.9,1.7,95.8
Huairou 2016-05-02,Huairou,2016-05-02,05 May,Spring,24,24,46,80.3,2.8,7.1,358,68.9,15.4,2.6,100
Huairou 2016-05-03,Huairou,2016-05-03,05 May,Spring,24,22,25.6,55.1,2,8.4,208,68,18.4,3.7,91.7
Huairou 2016-05-04,Huairou,2016-05-04,05 May,Spring,24,24,44.9,60.8,2.7,20.3,283,71.8,19.2,1.6,100
Huairou 2016-05-05,Huairou,2016-05-05,05 May,Spring,24,24,50.2,99.8,9.3,23.5,704,77,20.2,2,100
Huairou 2016-05-06,Huairou,2016-05-06,05 May,Spring,24,24,68,79.5,2,4.6,209,78.6,19.6,3.9,100
Huairou 2016-05-07,Huairou,2016-05-07,05 May,Spring,24,24,29.1,55.5,2.8,15.7,225,79,19.7,2.1,100
Huairou 2016-05-08,Huairou,2016-05-08,05 May,Spring,24,22,54.5,111.1,16.5,33.2,708,78.7,19.1,1.9,91.7
Huairou 2016-05-09,Huairou,2016-05-09,05 May,Spring,24,24,35.3,64.3,3.2,23.5,408,49.5,16.9,1.5,100
Huairou 2016-05-10,Huairou,2016-05-10,05 May,Spring,24,24,40.1,56.2,2.2,17,404,78.8,19.5,1.7,100
Huairou 2016-05-11,Huairou,2016-05-11,05 May,Spring,24,21,115.9,181.1,7.8,34.8,991,108.9,20.8,1.4,87.5
Huairou 2016-05-12,Huairou,2016-05-12,05 May,Spring,24,24,26.3,42.5,2,10.3,375,58.8,16.5,2.7,100
Huairou 2016-05-13,Huairou,2016-05-13,05 May,Spring,24,24,22.6,50.9,4.2,25.3,371,53.4,16.1,1.9,100
Huairou 2016-05-14,Huairou,2016-05-14,05 May,Spring,24,24,40.4,60.4,2.8,37,550,40.3,13.2,1.3,100
Huairou 2016-05-15,Huairou,2016-05-15,05 May,Spring,24,24,29.1,39.7,2,17.5,392,36.2,16.7,2.3,100
Huairou 2016-05-16,Huairou,2016-05-16,05 May,Spring,24,24,14.2,45.8,2,25,308,53.7,19.7,2.1,100
Huairou 2016-05-17,Huairou,2016-05-17,05 May,Spring,24,24,44.3,91.3,8,25.6,575,123.4,22.4,1.8,100
Huairou 2016-05-18,Huairou,2016-05-18,05 May,Spring,24,24,57.7,110.9,7.1,31.8,692,119.9,23,1.7,100
Huairou 2016-05-19,Huairou,2016-05-19,05 May,Spring,24,24,85.6,113.7,13.5,28.4,846,171.5,22.8,1.8,100
Huairou 2016-05-20,Huairou,2016-05-20,05 May,Spring,24,23,74.2,95.8,16.6,23.3,843,152.3,22,1.7,95.8
Huairou 2016-05-21,Huairou,2016-05-21,05 May,Spring,24,24,48,66,13.8,21.1,621,139.6,22.1,1.7,100
Huairou 2016-05-22,Huairou,2016-05-22,05 May,Spring,24,24,35.6,89.7,5.5,17.2,675,136,22.3,1.5,100
Huairou 2016-05-23,Huairou,2016-05-23,05 May,Spring,24,24,59.2,105,11.3,31.8,1125,79.3,19.4,1.6,100
Huairou 2016-05-24,Huairou,2016-05-24,05 May,Spring,24,24,12.6,29,2,11.2,404,62.3,19.6,2.7,100
Huairou 2016-05-25,Huairou,2016-05-25,05 May,Spring,24,24,10.1,22.8,2,7.5,338,78.9,19.6,2.5,100
Huairou 2016-05-26,Huairou,2016-05-26,05 May,Spring,24,24,15,29.3,2,15.2,329,63.5,21.9,2,100
Huairou 2016-05-27,Huairou,2016-05-27,05 May,Spring,24,24,39.9,92.2,10,28.2,583,102.2,22.2,1.8,100
Huairou 2016-05-28,Huairou,2016-05-28,05 May,Spring,24,24,49.3,92.6,8.5,29,692,113.4,22.6,1.9,100
Huairou 2016-05-29,Huairou,2016-05-29,05 May,Spring,24,24,26.7,60.8,3.3,16.6,404,93.8,23.7,2.6,100
Huairou 2016-05-30,Huairou,2016-05-30,05 May,Spring,24,24,66.8,151.1,9.4,27.9,958,165.7,24.6,1.6,100
Huairou 2016-05-31,Huairou,2016-05-31,05 May,Spring,24,24,60.5,121.6,13.9,31,1175,86.8,23.9,1.7,100
Huairou 2016-06-01,Huairou,2016-06-01,06 Jun,Summer,24,24,31,70.8,5.1,22.7,567,83.6,23.4,1.4,100
Huairou 2016-06-02,Huairou,2016-06-02,06 Jun,Summer,24,22,48.4,85,6.1,33.6,614,135.8,24.1,1.6,91.7
Huairou 2016-06-03,Huairou,2016-06-03,06 Jun,Summer,24,24,57.9,100.3,16.3,27.3,892,150.5,23.3,1.4,100
Huairou 2016-06-04,Huairou,2016-06-04,06 Jun,Summer,24,24,93.6,151.5,15.7,38.9,754,156.2,25.7,1.8,100
Huairou 2016-06-05,Huairou,2016-06-05,06 Jun,Summer,24,24,69.7,97.4,16.3,22,883,147.7,24.1,2.3,100
Huairou 2016-06-06,Huairou,2016-06-06,06 Jun,Summer,24,24,57.6,87.2,8.3,18.6,825,139,23.5,2,100
Huairou 2016-06-07,Huairou,2016-06-07,06 Jun,Summer,24,24,42,87.5,2.5,19.7,692,103.3,23,1.9,100
Huairou 2016-06-08,Huairou,2016-06-08,06 Jun,Summer,24,24,84.1,102.1,2.3,27.8,942,119.8,24.2,1.6,100
Huairou 2016-06-09,Huairou,2016-06-09,06 Jun,Summer,24,24,98.6,138.4,8.1,21,1108,146.6,26,2,100
Huairou 2016-06-10,Huairou,2016-06-10,06 Jun,Summer,24,24,51.2,57,2,11.2,825,117.1,24.3,2.5,100
Huairou 2016-06-11,Huairou,2016-06-11,06 Jun,Summer,24,24,8,24.8,2,13,338,60.2,25,2,100
Huairou 2016-06-12,Huairou,2016-06-12,06 Jun,Summer,24,24,64.8,82.3,7.3,20.3,1133,136.5,24.8,1.9,100
Huairou 2016-06-13,Huairou,2016-06-13,06 Jun,Summer,24,24,31.8,37.6,2,10.5,513,90.5,18.9,1.3,100
Huairou 2016-06-14,Huairou,2016-06-14,06 Jun,Summer,24,24,22.5,24.5,2,10.9,483,71.9,19.1,2,100
Huairou 2016-06-15,Huairou,2016-06-15,06 Jun,Summer,24,24,11.8,19.3,2,10.7,404,82.4,23.1,1.8,100
Huairou 2016-06-16,Huairou,2016-06-16,06 Jun,Summer,24,24,15.3,31.3,2.1,15.3,425,79.7,25.7,2,100
Huairou 2016-06-17,Huairou,2016-06-17,06 Jun,Summer,24,24,16.7,37.1,2.1,15.3,450,53.5,23.5,1.4,100
Huairou 2016-06-18,Huairou,2016-06-18,06 Jun,Summer,24,24,29.3,54.6,3.4,22.5,533,112.2,25.3,1.8,100
Huairou 2016-06-19,Huairou,2016-06-19,06 Jun,Summer,24,24,42.1,69.3,3.5,21.3,638,127.8,27.3,1.5,100
Huairou 2016-06-20,Huairou,2016-06-20,06 Jun,Summer,24,24,74.7,108.8,3.8,21.3,1004,148.3,25.7,1.5,100
Huairou 2016-06-21,Huairou,2016-06-21,06 Jun,Summer,24,24,63.7,76.6,2.1,14.5,813,136.5,26.3,1.4,100
Huairou 2016-06-22,Huairou,2016-06-22,06 Jun,Summer,24,24,49.1,74.3,2.2,17.6,654,153.8,26.5,1.9,100
Huairou 2016-06-23,Huairou,2016-06-23,06 Jun,Summer,24,24,71.4,90.3,4.3,20,1039,90.2,25.8,1.4,100
Huairou 2016-06-24,Huairou,2016-06-24,06 Jun,Summer,24,23,8.9,11.3,2,16.6,270,43.9,24.6,1.8,95.8
Huairou 2016-06-25,Huairou,2016-06-25,06 Jun,Summer,24,24,16.1,31.9,2,12.6,283,59.5,26.6,1.5,100
Huairou 2016-06-26,Huairou,2016-06-26,06 Jun,Summer,24,24,39.5,68.8,4.3,10.1,342,100.6,27.5,1.5,100
Huairou 2016-06-27,Huairou,2016-06-27,06 Jun,Summer,24,24,57.3,85,5.8,20.8,609,64.1,24.2,1.6,100
Huairou 2016-06-28,Huairou,2016-06-28,06 Jun,Summer,24,24,43.9,44.2,2,14.7,508,64.8,19.6,1.5,100
Huairou 2016-06-29,Huairou,2016-06-29,06 Jun,Summer,24,24,79.3,79.3,2,13.4,650,75,22.9,1.2,100
Huairou 2016-06-30,Huairou,2016-06-30,06 Jun,Summer,24,24,26.5,32.2,2,15.5,392,79.5,25.1,1.4,100
Huairou 2016-07-01,Huairou,2016-07-01,07 Jul,Summer,24,24,12.3,22.8,2,13.5,342,53.1,26,1.7,100
Huairou 2016-07-02,Huairou,2016-07-02,07 Jul,Summer,24,24,36.6,50.5,2.2,18,579,109.1,25.8,1.4,100
Huairou 2016-07-03,Huairou,2016-07-03,07 Jul,Summer,24,24,50.5,69.8,5.3,18.4,667,117.7,26.2,1.4,100
Huairou 2016-07-04,Huairou,2016-07-04,07 Jul,Summer,24,24,124.4,129.5,5.8,19.2,1254,133.5,27.5,1.5,100
Huairou 2016-07-05,Huairou,2016-07-05,07 Jul,Summer,24,24,86.2,97.5,6.3,20.2,983,123.6,26.9,1.6,100
Huairou 2016-07-06,Huairou,2016-07-06,07 Jul,Summer,24,24,82.8,96.2,3.5,20,896,153,27.2,1.5,100
Huairou 2016-07-07,Huairou,2016-07-07,07 Jul,Summer,24,24,106.5,117.3,5.1,19.5,1125,155.4,27.3,1.6,100
Huairou 2016-07-08,Huairou,2016-07-08,07 Jul,Summer,24,24,79.1,85.6,4,21.6,1129,111.8,27.9,1.5,100
Huairou 2016-07-09,Huairou,2016-07-09,07 Jul,Summer,24,24,67.5,78.3,2.3,17.2,775,120.1,29.8,1.8,100
Huairou 2016-07-10,Huairou,2016-07-10,07 Jul,Summer,24,24,100,108.1,2.3,21.6,921,136.4,30.3,1.6,100
Huairou 2016-07-11,Huairou,2016-07-11,07 Jul,Summer,24,24,87.6,103.4,3.5,25,775,104.9,30.1,1.5,100
Huairou 2016-07-12,Huairou,2016-07-12,07 Jul,Summer,24,24,37.4,49.8,2,17.8,546,46.3,26.2,1.5,100
Huairou 2016-07-13,Huairou,2016-07-13,07 Jul,Summer,24,23,13.4,24.7,2.4,13,378,59.2,28.3,1.4,95.8
Huairou 2016-07-14,Huairou,2016-07-14,07 Jul,Summer,24,24,32.2,49,3.7,21,671,86.5,26.8,1.5,100
Huairou 2016-07-15,Huairou,2016-07-15,07 Jul,Summer,24,24,31.3,32.3,2,9.3,671,61.7,20.9,1.2,100
Huairou 2016-07-16,Huairou,2016-07-16,07 Jul,Summer,24,24,22,29.8,2,9.3,613,31.5,21.8,1,100
Huairou 2016-07-17,Huairou,2016-07-17,07 Jul,Summer,24,24,62.1,69.8,2.1,14,1017,105.9,25.4,1.1,100
Huairou 2016-07-18,Huairou,2016-07-18,07 Jul,Summer,24,24,101.6,103.3,3.2,18.1,1117,88.4,25.2,1.2,100
Huairou 2016-07-19,Huairou,2016-07-19,07 Jul,Summer,24,24,73,74.8,2,17.1,879,40.4,23.7,1,100
Huairou 2016-07-20,Huairou,2016-07-20,07 Jul,Summer,24,24,28,43.2,2,8.3,600,35.8,22.6,4.3,100
Huairou 2016-07-21,Huairou,2016-07-21,07 Jul,Summer,24,24,13.1,19.8,2,10.6,667,29.3,23.7,1,100
Huairou 2016-07-22,Huairou,2016-07-22,07 Jul,Summer,24,23,56.5,56.8,2,15.8,900,82.6,26.4,1,95.8
Huairou 2016-07-23,Huairou,2016-07-23,07 Jul,Summer,24,24,90.3,92.8,2.9,13.1,983,70.4,27.9,1.5,100
Huairou 2016-07-24,Huairou,2016-07-24,07 Jul,Summer,24,20,46.7,60.5,2,11.3,765,60.2,27.9,1,83.3
Huairou 2016-07-25,Huairou,2016-07-25,07 Jul,Summer,24,20,29.4,31.2,3.2,,875,,26.6,1.5,83.3
Huairou 2016-07-26,Huairou,2016-07-26,07 Jul,Summer,24,23,14.4,25.2,4.5,11.4,904,69.2,27.4,1.4,95.8
Huairou 2016-07-27,Huairou,2016-07-27,07 Jul,Summer,24,24,33.8,51.5,2.5,17,617,112.8,27.3,1.4,100
Huairou 2016-07-28,Huairou,2016-07-28,07 Jul,Summer,24,23,34.9,50,2.1,17.2,496,117.1,26.5,1.1,95.8
Huairou 2016-07-29,Huairou,2016-07-29,07 Jul,Summer,24,24,108,113,2.2,17.4,1217,119.1,28.6,1.2,100
Huairou 2016-07-30,Huairou,2016-07-30,07 Jul,Summer,24,22,107.1,108.1,2,19.8,1718,38.6,27.1,1.6,91.7
Huairou 2016-07-31,Huairou,2016-07-31,07 Jul,Summer,24,24,27.9,33.1,2,14.5,704,77.3,24.9,1.5,100
Huairou 2016-08-01,Huairou,2016-08-01,08 Aug,Summer,24,24,42.9,52.9,2.5,11.5,929,77.6,27.7,1.3,100
Huairou 2016-08-02,Huairou,2016-08-02,08 Aug,Summer,24,23,31,42.4,2.3,9.1,683,68.5,28.5,1.4,95.8
Huairou 2016-08-03,Huairou,2016-08-03,08 Aug,Summer,24,24,33.5,44.8,2,11.2,629,77.1,28.8,1.1,100
Huairou 2016-08-04,Huairou,2016-08-04,08 Aug,Summer,24,22,102.8,108.9,2,15.4,1336,79.5,28.9,1.3,91.7
Huairou 2016-08-05,Huairou,2016-08-05,08 Aug,Summer,24,24,63.1,71,2,14.5,658,52.7,28.5,1.2,100
Huairou 2016-08-06,Huairou,2016-08-06,08 Aug,Summer,24,24,101,106,2.4,20.1,908,42.2,28.8,1.5,100
Huairou 2016-08-07,Huairou,2016-08-07,08 Aug,Summer,24,24,22.2,38,2,10.3,567,32.3,26.9,1.7,100
Huairou 2016-08-08,Huairou,2016-08-08,08 Aug,Summer,24,24,20.2,29,2.3,12.8,542,62,27.3,1.3,100
Huairou 2016-08-09,Huairou,2016-08-09,08 Aug,Summer,24,24,44.3,61.3,5,19.2,1071,113.2,26.7,1.3,100
Huairou 2016-08-10,Huairou,2016-08-10,08 Aug,Summer,24,24,102.8,109.3,3,24.7,963,76.5,29,1.6,100
Huairou 2016-08-11,Huairou,2016-08-11,08 Aug,Summer,24,24,91.4,98.3,2.8,21.7,833,17,29.6,1.1,100
Huairou 2016-08-12,Huairou,2016-08-12,08 Aug,Summer,24,24,54.5,60.9,3,14.7,696,13,26.6,1.4,100
Huairou 2016-08-13,Huairou,2016-08-13,08 Aug,Summer,24,24,15.5,20.1,3.3,11.3,454,5.3,25.3,0.9,100
Huairou 2016-08-14,Huairou,2016-08-14,08 Aug,Summer,24,24,13.9,27.2,2.2,13,383,52.8,26.8,1.3,100
Huairou 2016-08-15,Huairou,2016-08-15,08 Aug,Summer,24,24,17.5,26.1,2,8.9,508,61.8,24.2,1.8,100
Huairou 2016-08-16,Huairou,2016-08-16,08 Aug,Summer,24,24,22.5,34,2,15.3,529,79.6,25.1,1.2,100
Huairou 2016-08-17,Huairou,2016-08-17,08 Aug,Summer,24,24,49.6,59.4,2,18.9,738,31.7,24.4,1,100
Huairou 2016-08-18,Huairou,2016-08-18,08 Aug,Summer,24,24,56.8,56.8,2,16.7,1138,26.7,22.8,0.9,100
Huairou 2016-08-19,Huairou,2016-08-19,08 Aug,Summer,24,24,18.2,31.3,2,14.8,704,48,27.1,1.7,100
Huairou 2016-08-20,Huairou,2016-08-20,08 Aug,Summer,24,24,35,44.3,2.5,17.4,638,70.4,26.8,1.3,100
Huairou 2016-08-21,Huairou,2016-08-21,08 Aug,Summer,24,24,42.5,64.6,2,16.4,725,120.3,27.6,1.3,100
Huairou 2016-08-22,Huairou,2016-08-22,08 Aug,Summer,24,24,71,82.1,5.1,19.6,1075,113.7,27.2,1.1,100
Huairou 2016-08-23,Huairou,2016-08-23,08 Aug,Summer,24,24,69.7,79.5,7.4,28.5,1017,64.4,25.2,1,100
Huairou 2016-08-24,Huairou,2016-08-24,08 Aug,Summer,24,24,66,81.7,2.2,18.9,842,102.8,26.7,1.3,100
Huairou 2016-08-25,Huairou,2016-08-25,08 Aug,Summer,24,23,23.8,30.3,2,10.6,396,46.3,26.4,3.8,95.8
Huairou 2016-08-26,Huairou,2016-08-26,08 Aug,Summer,24,24,8.1,21.1,2,8.2,254,42,22.8,1.4,100
Huairou 2016-08-27,Huairou,2016-08-27,08 Aug,Summer,24,23,12.8,28.4,2,9.4,321,34.6,22.1,1.4,95.8
Huairou 2016-08-28,Huairou,2016-08-28,08 Aug,Summer,24,24,9.8,22.5,2.1,8,271,40.3,23,1.3,100
Huairou 2016-08-29,Huairou,2016-08-29,08 Aug,Summer,24,23,12.7,27.3,2.7,7.3,339,58.6,23.3,1.5,95.8
Huairou 2016-08-30,Huairou,2016-08-30,08 Aug,Summer,24,24,19.8,34.8,2.5,9.3,450,85.5,23.4,1.4,100
Huairou 2016-08-31,Huairou,2016-08-31,08 Aug,Summer,24,22,13.5,24.4,3.6,11.6,279,60,24.2,2.2,91.7
Huairou 2016-09-01,Huairou,2016-09-01,09 Sep,Autumn,24,24,6.2,27.2,2.3,7.2,275,42.2,22.8,1.9,100
Huairou 2016-09-02,Huairou,2016-09-02,09 Sep,Autumn,24,24,6.9,24.5,2,,350,7,21.9,1.2,100
Huairou 2016-09-03,Huairou,2016-09-03,09 Sep,Autumn,24,24,13.5,29.8,2,13.6,379,41.8,23.6,1.3,100
Huairou 2016-09-04,Huairou,2016-09-04,09 Sep,Autumn,24,24,82.2,92,4.7,17.3,1142,96.6,23.3,1.8,100
Huairou 2016-09-05,Huairou,2016-09-05,09 Sep,Autumn,24,22,22.8,28,2,11.8,457,51,22.3,1.3,91.7
Huairou 2016-09-06,Huairou,2016-09-06,09 Sep,Autumn,24,18,,,,,,,22.4,1.2,75
Huairou 2016-09-07,Huairou,2016-09-07,09 Sep,Autumn,24,13,,,,,,,22.3,1.2,54.2
Huairou 2016-09-08,Huairou,2016-09-08,09 Sep,Autumn,24,24,17.4,27.1,2,,400,34.2,22.2,1.2,100
Huairou 2016-09-09,Huairou,2016-09-09,09 Sep,Autumn,24,24,12.4,27,2,11.2,367,31.3,22,1.1,100
Huairou 2016-09-10,Huairou,2016-09-10,09 Sep,Autumn,24,24,13,34,2,18,354,37.8,21.9,1.3,100
Huairou 2016-09-11,Huairou,2016-09-11,09 Sep,Autumn,24,24,21,28.5,2,9.5,608,59.2,20.3,1.4,100
Huairou 2016-09-12,Huairou,2016-09-12,09 Sep,Autumn,24,24,21.8,30.5,2,13.9,613,53.8,21.5,1.3,100
Huairou 2016-09-13,Huairou,2016-09-13,09 Sep,Autumn,24,24,73.7,81.8,2.1,24,1021,75,22.1,1.1,100
Huairou 2016-09-14,Huairou,2016-09-14,09 Sep,Autumn,24,24,114.5,118.7,2,27.8,1188,89.5,23,1.3,100
Huairou 2016-09-15,Huairou,2016-09-15,09 Sep,Autumn,24,24,66,77.5,2,14.2,708,94.4,23.6,1.2,100
Huairou 2016-09-16,Huairou,2016-09-16,09 Sep,Autumn,24,24,96.9,108.4,2,12.1,825,101.4,22.8,1.3,100
Huairou 2016-09-17,Huairou,2016-09-17,09 Sep,Autumn,24,24,24,34.8,2,13.3,542,26.8,19.8,1.1,100
Huairou 2016-09-18,Huairou,2016-09-18,09 Sep,Autumn,24,15,,,,,,,17.3,1.2,62.5
Huairou 2016-09-19,Huairou,2016-09-19,09 Sep,Autumn,24,13,,,,,,,17.9,1.6,54.2
Huairou 2016-09-20,Huairou,2016-09-20,09 Sep,Autumn,24,24,12.5,24.8,2,13.3,283,37.9,18,1.5,100
Huairou 2016-09-21,Huairou,2016-09-21,09 Sep,Autumn,24,24,42.1,52.5,5.5,21.1,633,33.4,16,1.1,100
Huairou 2016-09-22,Huairou,2016-09-22,09 Sep,Autumn,24,24,80.1,86.8,11.6,15.5,888,65.4,18.2,1,100
Huairou 2016-09-23,Huairou,2016-09-23,09 Sep,Autumn,24,22,127.5,128.9,5.8,21.6,1064,113,20.3,1.1,91.7
Huairou 2016-09-24,Huairou,2016-09-24,09 Sep,Autumn,24,24,83.9,95.3,5.8,20.5,813,110.4,21.1,1.6,100
Huairou 2016-09-25,Huairou,2016-09-25,09 Sep,Autumn,24,24,126.9,133.8,4.2,21,1213,67.7,,,100
Huairou 2016-09-26,Huairou,2016-09-26,09 Sep,Autumn,24,24,48.9,50.5,2.8,17.5,900,43,18.9,1.3,100
Huairou 2016-09-27,Huairou,2016-09-27,09 Sep,Autumn,24,24,18,20.8,2.2,9.2,417,33.4,17.2,3.1,100
Huairou 2016-09-28,Huairou,2016-09-28,09 Sep,Autumn,24,24,9.1,15.9,2,9.7,171,35.6,15.3,2.7,100
Huairou 2016-09-29,Huairou,2016-09-29,09 Sep,Autumn,24,24,38.6,53.8,3.6,30,442,33,13.3,1.1,100
Huairou 2016-09-30,Huairou,2016-09-30,09 Sep,Autumn,24,23,79.2,90,6,24.9,675,79,16,1.3,95.8
Huairou 2016-10-01,Huairou,2016-10-01,10 Oct,Autumn,24,24,166.1,167.1,14,34.4,1192,95.6,17.9,1.3,100
Huairou 2016-10-02,Huairou,2016-10-02,10 Oct,Autumn,24,24,163.3,169.2,8.5,20.4,1146,86.2,18.5,1.2,100
Huairou 2016-10-03,Huairou,2016-10-03,10 Oct,Autumn,24,24,94.6,114.5,5.5,23.1,908,55.8,22.4,1.5,100
Huairou 2016-10-04,Huairou,2016-10-04,10 Oct,Autumn,24,24,35.7,69.9,8,28.8,1321,4.8,15.5,2.2,100
Huairou 2016-10-05,Huairou,2016-10-05,10 Oct,Autumn,24,24,53.5,60.6,2.8,26.4,1000,5.3,14.5,1,100
Huairou 2016-10-06,Huairou,2016-10-06,10 Oct,Autumn,24,24,69,76.3,3.4,26.3,1283,2,13.7,1.1,100
Huairou 2016-10-07,Huairou,2016-10-07,10 Oct,Autumn,24,24,35.2,35.2,2.5,26.5,1333,4.7,12.1,1.4,100
Huairou 2016-10-08,Huairou,2016-10-08,10 Oct,Autumn,24,24,8.4,14.3,2.3,8.2,263,36.6,11,2.4,100
Huairou 2016-10-09,Huairou,2016-10-09,10 Oct,Autumn,24,24,31.6,49.2,3.7,39.6,517,9.4,8.9,1.2,100
Huairou 2016-10-10,Huairou,2016-10-10,10 Oct,Autumn,24,24,80.7,98.2,9.9,49,883,10.3,10.5,1.2,100
Huairou 2016-10-11,Huairou,2016-10-11,10 Oct,Autumn,24,24,116,129.2,7.8,39.3,1213,23.2,12.7,1.3,100
Huairou 2016-10-12,Huairou,2016-10-12,10 Oct,Autumn,24,24,83,104.7,11.2,42.6,1313,8.7,13.5,1.1,100
Huairou 2016-10-13,Huairou,2016-10-13,10 Oct,Autumn,24,24,136.5,149,6.4,40.1,1204,29.7,15.6,1.2,100
Huairou 2016-10-14,Huairou,2016-10-14,10 Oct,Autumn,24,24,248.5,256.2,6.8,48.8,1596,21.2,15.4,1.2,100
Huairou 2016-10-15,Huairou,2016-10-15,10 Oct,Autumn,24,23,165.2,167.5,5,44.9,1548,3.7,13.9,0.7,95.8
Huairou 2016-10-16,Huairou,2016-10-16,10 Oct,Autumn,24,24,125.6,125.6,2,42.4,1063,7.2,14.5,1,100
Huairou 2016-10-17,Huairou,2016-10-17,10 Oct,Autumn,24,24,46.2,62.9,2,24.8,554,18.7,13.8,1.5,100
Huairou 2016-10-18,Huairou,2016-10-18,10 Oct,Autumn,24,24,96.8,133.1,4.1,37.3,1354,2.6,15,1,100
Huairou 2016-10-19,Huairou,2016-10-19,10 Oct,Autumn,24,23,233.1,246.7,5,57.9,1974,19,17,0.9,95.8
Huairou 2016-10-20,Huairou,2016-10-20,10 Oct,Autumn,24,24,105.6,126.3,7.4,35.7,1371,14,13.6,1.4,100
Huairou 2016-10-21,Huairou,2016-10-21,10 Oct,Autumn,24,24,35.2,36.1,2,,550,38,10.2,0.9,100
Huairou 2016-10-22,Huairou,2016-10-22,10 Oct,Autumn,24,24,12.6,15,2,16.8,383,33.4,11.9,2.7,100
Huairou 2016-10-23,Huairou,2016-10-23,10 Oct,Autumn,24,24,16,29,2.5,19.8,321,38,9.5,1,100
Huairou 2016-10-24,Huairou,2016-10-24,10 Oct,Autumn,24,24,52.3,82,3.1,41.9,692,9.1,8.1,0.9,100
Huairou 2016-10-25,Huairou,2016-10-25,10 Oct,Autumn,24,22,87,120.4,2.9,58.9,1233,4.2,10.2,1.2,91.7
Huairou 2016-10-26,Huairou,2016-10-26,10 Oct,Autumn,24,24,34,68.8,2.8,38.9,588,34.8,12.3,2.3,100
Huairou 2016-10-27,Huairou,2016-10-27,10 Oct,Autumn,24,24,23.1,43.9,4.8,28.7,708,26.8,8.5,1.2,100
Huairou 2016-10-28,Huairou,2016-10-28,10 Oct,Autumn,24,24,8,14.5,2,11.6,321,49.5,7.8,2.2,100
Huairou 2016-10-29,Huairou,2016-10-29,10 Oct,Autumn,24,24,24.4,52.9,3.1,31.1,513,34.5,4.7,1.6,100
Huairou 2016-10-30,Huairou,2016-10-30,10 Oct,Autumn,24,24,35.3,59,5.8,29.8,517,38.1,6.4,2.7,100
Huairou 2016-10-31,Huairou,2016-10-31,10 Oct,Autumn,24,24,6,13.6,2,5.5,188,67.1,1.6,2.5,100
Huairou 2016-11-01,Huairou,2016-11-01,11 Nov,Autumn,24,24,34.9,60.5,3.5,45.2,713,20.7,0.3,1.3,100
Huairou 2016-11-02,Huairou,2016-11-02,11 Nov,Autumn,24,24,79.2,124.9,4.4,60.3,1075,12.6,3,1.3,100
Huairou 2016-11-03,Huairou,2016-11-03,11 Nov,Autumn,24,24,175.9,242.1,9.9,92.7,1850,3,4.4,1.3,100
Huairou 2016-11-04,Huairou,2016-11-04,11 Nov,Autumn,24,23,229.5,275.3,5.1,98.7,2582,5.1,5.6,1.1,95.8
Huairou 2016-11-05,Huairou,2016-11-05,11 Nov,Autumn,24,24,170.9,191.4,2,79.2,2908,18.2,8.6,1.7,100
Huairou 2016-11-06,Huairou,2016-11-06,11 Nov,Autumn,24,24,82.7,98.9,4.5,63.5,1208,18.1,7.1,1.3,100
Huairou 2016-11-07,Huairou,2016-11-07,11 Nov,Autumn,24,24,39.3,48.8,3.1,28.7,1055,38,7,2.2,100
Huairou 2016-11-08,Huairou,2016-11-08,11 Nov,Autumn,24,24,29.1,48.6,3.6,39.3,663,18.3,3.9,1.5,100
Huairou 2016-11-09,Huairou,2016-11-09,11 Nov,Autumn,24,24,117,144,13.5,62.8,1871,4.1,2.9,1.4,100
Huairou 2016-11-10,Huairou,2016-11-10,11 Nov,Autumn,24,24,164.8,185.4,6,64.9,1804,3,4.8,1,100
Huairou 2016-11-11,Huairou,2016-11-11,11 Nov,Autumn,24,24,60.8,91.9,4.2,37.6,1050,15.5,3.5,0.9,100
Huairou 2016-11-12,Huairou,2016-11-12,11 Nov,Autumn,24,24,71.1,122.2,6,46.9,1183,14.9,5.7,1.4,100
Huairou 2016-11-13,Huairou,2016-11-13,11 Nov,Autumn,24,24,82.8,142.1,6.6,51,1679,7.5,7.5,1.4,100
Huairou 2016-11-14,Huairou,2016-11-14,11 Nov,Autumn,24,24,36.8,55.3,2,16,671,42.7,7.9,3,100
Huairou 2016-11-15,Huairou,2016-11-15,11 Nov,Autumn,24,24,30.8,56.6,8.4,34.3,846,24.4,3.6,1.7,100
Huairou 2016-11-16,Huairou,2016-11-16,11 Nov,Autumn,24,24,76,112.3,7.5,,1448,12.1,5,1.3,100
Huairou 2016-11-17,Huairou,2016-11-17,11 Nov,Autumn,24,24,122.8,183.7,21.3,67.5,2496,3.7,5,1.1,100
Huairou 2016-11-18,Huairou,2016-11-18,11 Nov,Autumn,24,24,179.1,305,6.3,67.6,2565,2,6.2,0.8,100
Huairou 2016-11-19,Huairou,2016-11-19,11 Nov,Autumn,24,24,109.3,124.3,3,43.3,1646,17.3,8,1.6,100
Huairou 2016-11-20,Huairou,2016-11-20,11 Nov,Autumn,24,24,42.7,44,2.2,26.7,829,21.6,2.5,2.5,100
Huairou 2016-11-21,Huairou,2016-11-21,11 Nov,Autumn,24,24,7.3,9.7,2,6,213,63.6,-1.6,4,100
Huairou 2016-11-22,Huairou,2016-11-22,11 Nov,Autumn,24,24,5.4,11.8,2,7.7,254,53.6,-4.1,2.1,100
Huairou 2016-11-23,Huairou,2016-11-23,11 Nov,Autumn,24,24,8.5,16.7,3.1,14.4,438,38.1,-3.1,2.3,100
Huairou 2016-11-24,Huairou,2016-11-24,11 Nov,Autumn,24,24,50.7,80,7.8,46.3,1143,15.3,-2.6,1.3,100
Huairou 2016-11-25,Huairou,2016-11-25,11 Nov,Autumn,24,24,93.9,124.6,9.6,65.2,1758,5.4,-2.1,1.2,100
Huairou 2016-11-26,Huairou,2016-11-26,11 Nov,Autumn,24,24,169.4,280.6,10.7,84.3,2396,8.1,0.9,1.6,100
Huairou 2016-11-27,Huairou,2016-11-27,11 Nov,Autumn,24,24,34.5,80.9,3.3,27.9,750,30.3,1.5,2.3,100
Huairou 2016-11-28,Huairou,2016-11-28,11 Nov,Autumn,24,24,31.4,51.5,5.5,34,905,16.7,-0.5,1.5,100
Huairou 2016-11-29,Huairou,2016-11-29,11 Nov,Autumn,24,24,68,99.7,14.7,51.9,1688,4,0.2,1.9,100
Huairou 2016-11-30,Huairou,2016-11-30,11 Nov,Autumn,24,24,80.8,106.8,5.5,48.5,1500,25.3,3.6,1.9,100
Huairou 2016-12-01,Huairou,2016-12-01,12 Dec,Winter,24,24,16.1,30.6,3,24.5,525,43.3,2.2,1.9,100
Huairou 2016-12-02,Huairou,2016-12-02,12 Dec,Winter,24,24,44.9,62,5.9,39.4,1033,18.6,0.5,1.2,100
Huairou 2016-12-03,Huairou,2016-12-03,12 Dec,Winter,24,24,154.5,183.5,12,75.4,2104,7,0.8,1.2,100
Huairou 2016-12-04,Huairou,2016-12-04,12 Dec,Winter,24,24,176.7,197.1,7.8,64.4,2142,9.1,1.9,1.3,100
Huairou 2016-12-05,Huairou,2016-12-05,12 Dec,Winter,24,23,49.8,62.8,3.9,27.6,938,35.2,1.1,2.6,95.8
Huairou 2016-12-06,Huairou,2016-12-06,12 Dec,Winter,24,24,47.7,71.7,10.3,53.8,1225,15.7,-2,1.3,100
Huairou 2016-12-07,Huairou,2016-12-07,12 Dec,Winter,24,24,97.4,144.1,13,74.1,1975,6.4,0.3,1.6,100
Huairou 2016-12-08,Huairou,2016-12-08,12 Dec,Winter,24,24,67.5,89.4,3.6,36.4,1292,38.6,1.9,2.9,100
Huairou 2016-12-09,Huairou,2016-12-09,12 Dec,Winter,24,24,14.2,23.3,3.1,25.5,567,40,-1.4,1.6,100
Huairou 2016-12-10,Huairou,2016-12-10,12 Dec,Winter,24,24,22.2,31.3,3,25,717,30.2,-2.4,1.3,100
Huairou 2016-12-11,Huairou,2016-12-11,12 Dec,Winter,24,24,98.3,124,20.2,64.3,1567,7.4,-2.3,1.2,100
Huairou 2016-12-12,Huairou,2016-12-12,12 Dec,Winter,24,24,197.7,225.8,21.4,78.1,,10.2,1.3,1.1,100
Huairou 2016-12-13,Huairou,2016-12-13,12 Dec,Winter,24,24,28.2,31.1,3.3,22.9,,55,1.2,3,100
Huairou 2016-12-14,Huairou,2016-12-14,12 Dec,Winter,24,24,15.2,24.9,3.9,23.6,,46.3,-2.9,1.9,100
Huairou 2016-12-15,Huairou,2016-12-15,12 Dec,Winter,24,24,18.1,30.7,4.3,30.1,758,34.7,-2.1,1.7,100
Huairou 2016-12-16,Huairou,2016-12-16,12 Dec,Winter,24,24,30.2,46.3,7,36.9,833,23.6,-2.4,1.4,100
Huairou 2016-12-17,Huairou,2016-12-17,12 Dec,Winter,24,24,100,122.4,12.5,66.8,1779,8.3,-1,1.3,100
Huairou 2016-12-18,Huairou,2016-12-18,12 Dec,Winter,24,24,150.4,165.2,10.2,58,2108,11,-0.9,1.3,100
Huairou 2016-12-19,Huairou,2016-12-19,12 Dec,Winter,24,24,115.2,137.3,7.7,51.6,2092,14.3,-0.3,1.3,100
Huairou 2016-12-20,Huairou,2016-12-20,12 Dec,Winter,24,24,309.9,366.5,3.7,96.7,6721,4.2,-2.7,1.2,100
Huairou 2016-12-21,Huairou,2016-12-21,12 Dec,Winter,24,24,364.7,417.9,7,117.7,7217,4.2,-0.1,1,100
Huairou 2016-12-22,Huairou,2016-12-22,12 Dec,Winter,24,24,114.8,131.3,2.7,35.6,2258,45.3,1.2,2.8,100
Huairou 2016-12-23,Huairou,2016-12-23,12 Dec,Winter,24,24,19,21,3,24,588,46,-3.2,2.1,100
Huairou 2016-12-24,Huairou,2016-12-24,12 Dec,Winter,24,24,80.4,91.9,10.8,56.8,1513,7.6,-3.9,1.1,100
Huairou 2016-12-25,Huairou,2016-12-25,12 Dec,Winter,24,24,127.7,136,15.4,76.7,2054,2.1,-2.6,0.9,100
Huairou 2016-12-26,Huairou,2016-12-26,12 Dec,Winter,24,24,36.7,40,7,29.1,679,48.3,0.1,2.7,100
Huairou 2016-12-27,Huairou,2016-12-27,12 Dec,Winter,24,24,21.3,33.8,4.3,30.1,663,36,-4.5,1.5,100
Huairou 2016-12-28,Huairou,2016-12-28,12 Dec,Winter,24,24,53.5,67.3,4.7,30.4,1057,28.1,-3.8,1.6,100
Huairou 2016-12-29,Huairou,2016-12-29,12 Dec,Winter,24,24,26.9,40.1,6.9,43.4,1008,25.3,-5.4,1.5,100
Huairou 2016-12-30,Huairou,2016-12-30,12 Dec,Winter,24,24,93.9,119.2,9.8,66.6,1887,7,-5.9,1.3,100
Huairou 2016-12-31,Huairou,2016-12-31,12 Dec,Winter,24,24,138,165,13,81.9,2371,5.7,-4.1,1.2,100
Nongzhanguan 2016-01-01,Nongzhanguan,2016-01-01,01 Jan,Winter,24,24,199.9,202,35.4,119.9,3833,30.8,-2,1,100
Nongzhanguan 2016-01-02,Nongzhanguan,2016-01-02,01 Jan,Winter,24,24,299.5,299.6,42.6,139.8,4625,29.8,-0.9,0.9,100
Nongzhanguan 2016-01-03,Nongzhanguan,2016-01-03,01 Jan,Winter,24,24,229.3,229.3,22.8,86.6,2829,29.3,-1.4,1,100
Nongzhanguan 2016-01-04,Nongzhanguan,2016-01-04,01 Jan,Winter,24,24,45.9,46.2,4.3,38.8,858,55,-1.1,2.5,100
Nongzhanguan 2016-01-05,Nongzhanguan,2016-01-05,01 Jan,Winter,24,24,30.9,34.4,11.1,47.1,663,41.3,-3.2,2.3,100
Nongzhanguan 2016-01-06,Nongzhanguan,2016-01-06,01 Jan,Winter,24,24,24.2,30.7,9.9,46.5,729,40.2,-2.8,2.5,100
Nongzhanguan 2016-01-07,Nongzhanguan,2016-01-07,01 Jan,Winter,24,24,10.3,13.6,6.8,30.7,383,44.2,-3.1,3.4,100
Nongzhanguan 2016-01-08,Nongzhanguan,2016-01-08,01 Jan,Winter,24,24,33.5,36.8,13.6,48,746,35.1,-3,2,100
Nongzhanguan 2016-01-09,Nongzhanguan,2016-01-09,01 Jan,Winter,24,24,78.1,81.3,23.4,84,1625,17.2,-3,1,100
Nongzhanguan 2016-01-10,Nongzhanguan,2016-01-10,01 Jan,Winter,24,24,52.2,58.5,27,71.1,1550,19.9,-3.3,1.4,100
Nongzhanguan 2016-01-11,Nongzhanguan,2016-01-11,01 Jan,Winter,24,24,10,16.2,6.2,27.7,379,51.2,-5.9,2.9,100
Nongzhanguan 2016-01-12,Nongzhanguan,2016-01-12,01 Jan,Winter,24,22,13.3,16.4,7,36,508,45.3,-5.7,2.7,91.7
Nongzhanguan 2016-01-13,Nongzhanguan,2016-01-13,01 Jan,Winter,24,24,19.2,32.6,12.4,53.3,708,32.8,-2.8,2.1,100
Nongzhanguan 2016-01-14,Nongzhanguan,2016-01-14,01 Jan,Winter,24,24,65.3,81.6,25.3,87.7,1746,18.8,-2,1.2,100
Nongzhanguan 2016-01-15,Nongzhanguan,2016-01-15,01 Jan,Winter,24,24,123.7,136,42.8,104.3,3117,20.2,-2.3,1.2,100
Nongzhanguan 2016-01-16,Nongzhanguan,2016-01-16,01 Jan,Winter,24,24,117.4,123.8,51.4,74.2,2413,16.1,-2.7,1.4,100
Nongzhanguan 2016-01-17,Nongzhanguan,2016-01-17,01 Jan,Winter,24,24,37.7,41.1,9.9,31.1,692,50.6,-6,2.8,100
Nongzhanguan 2016-01-18,Nongzhanguan,2016-01-18,01 Jan,Winter,24,24,9.9,44.9,2.8,22.1,371,57.4,-9.2,3.6,100
Nongzhanguan 2016-01-19,Nongzhanguan,2016-01-19,01 Jan,Winter,24,24,56.8,77,20.8,73.3,1517,18.9,-8.4,1.4,100
Nongzhanguan 2016-01-20,Nongzhanguan,2016-01-20,01 Jan,Winter,24,24,139.8,153.6,74.8,88.5,4067,11.9,-7,1.5,100
Nongzhanguan 2016-01-21,Nongzhanguan,2016-01-21,01 Jan,Winter,24,24,126.2,126.6,30.5,70.6,2725,10.2,-5.9,1.4,100
Nongzhanguan 2016-01-22,Nongzhanguan,2016-01-22,01 Jan,Winter,24,24,16.4,30.8,5.3,23.1,529,57.8,-10.2,4,100
Nongzhanguan 2016-01-23,Nongzhanguan,2016-01-23,01 Jan,Winter,24,24,10.4,38.3,5.3,21.5,396,57.3,-15.2,3.9,100
Nongzhanguan 2016-01-24,Nongzhanguan,2016-01-24,01 Jan,Winter,24,24,10.7,47.1,5.7,30.7,442,53.5,-9.6,3.6,100
Nongzhanguan 2016-01-25,Nongzhanguan,2016-01-25,01 Jan,Winter,24,24,18.4,32.3,13.8,45.9,617,38.6,-2.4,2.4,100
Nongzhanguan 2016-01-26,Nongzhanguan,2016-01-26,01 Jan,Winter,24,24,29.3,49.7,18.6,44.5,688,38.6,-1.8,2.8,100
Nongzhanguan 2016-01-27,Nongzhanguan,2016-01-27,01 Jan,Winter,24,24,102.7,106.6,44.3,93.6,2113,19.9,-3.7,1.1,100
Nongzhanguan 2016-01-28,Nongzhanguan,2016-01-28,01 Jan,Winter,24,24,150.5,152.3,54.8,94.1,2775,25.3,-2.7,1.3,100
Nongzhanguan 2016-01-29,Nongzhanguan,2016-01-29,01 Jan,Winter,24,24,54.7,72.6,41.1,60,1729,22.8,-4.7,1.6,100
Nongzhanguan 2016-01-30,Nongzhanguan,2016-01-30,01 Jan,Winter,24,24,43,45.9,20.9,55.5,1292,31.9,-5.5,1.7,100
Nongzhanguan 2016-01-31,Nongzhanguan,2016-01-31,01 Jan,Winter,24,24,15,19,8,30.3,504,54,-3.6,2.8,100
Nongzhanguan 2016-02-01,Nongzhanguan,2016-02-01,02 Feb,Winter,24,24,11.8,15.7,9.7,36.6,571,49.3,-1.5,2.4,100
Nongzhanguan 2016-02-02,Nongzhanguan,2016-02-02,02 Feb,Winter,24,24,25.3,25.6,13.4,52,804,43.8,-1.3,1.5,100
Nongzhanguan 2016-02-03,Nongzhanguan,2016-02-03,02 Feb,Winter,24,24,34.2,34.5,16,67.5,1063,29.2,-0.7,1.1,100
Nongzhanguan 2016-02-04,Nongzhanguan,2016-02-04,02 Feb,Winter,24,23,15.7,16.4,7.8,30.1,579,60.8,0.8,2.3,95.8
Nongzhanguan 2016-02-05,Nongzhanguan,2016-02-05,02 Feb,Winter,24,24,10.3,28.5,5.2,20.4,417,70.8,-0.1,3.5,100
Nongzhanguan 2016-02-06,Nongzhanguan,2016-02-06,02 Feb,Winter,24,24,27.8,33.7,13.2,44,721,51.3,0.2,1.8,100
Nongzhanguan 2016-02-07,Nongzhanguan,2016-02-07,02 Feb,Winter,24,24,44.3,64.1,21.5,47.9,996,47.3,0.9,1.9,100
Nongzhanguan 2016-02-08,Nongzhanguan,2016-02-08,02 Feb,Winter,24,24,187.2,220.2,56.6,47.4,938,52.9,4.5,2.5,100
Nongzhanguan 2016-02-09,Nongzhanguan,2016-02-09,02 Feb,Winter,24,24,43.2,45.3,21.3,44.2,1104,55.5,3.8,1.5,100
Nongzhanguan 2016-02-10,Nongzhanguan,2016-02-10,02 Feb,Winter,24,24,106.5,107.4,61.4,73.5,2825,31.7,1.6,1.1,100
Nongzhanguan 2016-02-11,Nongzhanguan,2016-02-11,02 Feb,Winter,24,24,153.7,154.3,56,72.8,3121,24.8,3.7,0.7,100
Nongzhanguan 2016-02-12,Nongzhanguan,2016-02-12,02 Feb,Winter,24,24,152.6,152.6,24.3,62.3,2263,31.7,5.2,1.3,100
Nongzhanguan 2016-02-13,Nongzhanguan,2016-02-13,02 Feb,Winter,24,24,10.2,13.5,5,11.7,325,64.6,0.6,4.8,100
Nongzhanguan 2016-02-14,Nongzhanguan,2016-02-14,02 Feb,Winter,24,24,7.6,13.7,3.8,13.7,304,64.9,-4.3,4.7,100
Nongzhanguan 2016-02-15,Nongzhanguan,2016-02-15,02 Feb,Winter,24,24,7.2,43.8,3.3,19,354,62.4,-0.4,4.1,100
Nongzhanguan 2016-02-16,Nongzhanguan,2016-02-16,02 Feb,Winter,24,24,7,35.5,4.1,19.3,292,67.5,4.2,3.9,100
Nongzhanguan 2016-02-17,Nongzhanguan,2016-02-17,02 Feb,Winter,24,24,42.7,45.3,17.4,56.7,950,40.3,3.7,1.7,100
Nongzhanguan 2016-02-18,Nongzhanguan,2016-02-18,02 Feb,Winter,24,24,15.7,29.7,6.8,27.6,379,65.9,5.8,4,100
Nongzhanguan 2016-02-19,Nongzhanguan,2016-02-19,02 Feb,Winter,24,24,14.3,26.7,6.5,31.6,488,56.5,2.7,2.6,100
Nongzhanguan 2016-02-20,Nongzhanguan,2016-02-20,02 Feb,Winter,24,23,12.4,14.7,4.8,21.5,378,63.8,-0.1,3,95.8
Nongzhanguan 2016-02-21,Nongzhanguan,2016-02-21,02 Feb,Winter,24,24,85.7,100.3,30.4,70,1763,27,-0.3,1.8,100
Nongzhanguan 2016-02-22,Nongzhanguan,2016-02-22,02 Feb,Winter,24,24,66,77.9,21.7,50.5,1163,43.7,1.8,3.2,100
Nongzhanguan 2016-02-23,Nongzhanguan,2016-02-23,02 Feb,Winter,24,24,12,15.3,8.2,21.8,313,68,-0.2,2.8,100
Nongzhanguan 2016-02-24,Nongzhanguan,2016-02-24,02 Feb,Winter,24,24,25.4,39.1,10.2,49.5,714,40.1,0,2.1,100
Nongzhanguan 2016-02-25,Nongzhanguan,2016-02-25,02 Feb,Winter,24,24,20.3,35.5,8,44.2,604,42.8,2.5,2.2,100
Nongzhanguan 2016-02-26,Nongzhanguan,2016-02-26,02 Feb,Winter,24,24,32.6,52.7,13,42,713,52,3.3,2.4,100
Nongzhanguan 2016-02-27,Nongzhanguan,2016-02-27,02 Feb,Winter,24,24,20.2,27.3,10.1,39.3,588,52.4,4.1,1.8,100
Nongzhanguan 2016-02-28,Nongzhanguan,2016-02-28,02 Feb,Winter,24,24,30.6,44.9,9.7,38.6,758,46.6,0.8,3,100
Nongzhanguan 2016-02-29,Nongzhanguan,2016-02-29,02 Feb,Winter,24,24,30.7,34,11.2,47.3,579,47.8,-1,1.5,100
Nongzhanguan 2016-03-01,Nongzhanguan,2016-03-01,03 Mar,Spring,24,24,115.5,117.5,33.8,89.5,1804,31.6,3.3,1.5,100
Nongzhanguan 2016-03-02,Nongzhanguan,2016-03-02,03 Mar,Spring,24,24,175.6,176.1,32.7,,2733,28.5,7.8,1.2,100
Nongzhanguan 2016-03-03,Nongzhanguan,2016-03-03,03 Mar,Spring,24,24,286.8,287.1,51.4,129.6,3642,26.7,7.8,1.2,100
Nongzhanguan 2016-03-04,Nongzhanguan,2016-03-04,03 Mar,Spring,24,24,321.3,327,66.6,130.3,4775,12.7,6.1,1.3,100
Nongzhanguan 2016-03-05,Nongzhanguan,2016-03-05,03 Mar,Spring,24,24,58.8,274.6,4,25.4,342,65,8.9,3.4,100
Nongzhanguan 2016-03-06,Nongzhanguan,2016-03-06,03 Mar,Spring,24,24,79.1,180.9,32.8,85.9,1692,18,5,1.2,100
Nongzhanguan 2016-03-07,Nongzhanguan,2016-03-07,03 Mar,Spring,24,24,38.6,88.5,15,43.8,942,55.7,5.8,3.5,100
Nongzhanguan 2016-03-08,Nongzhanguan,2016-03-08,03 Mar,Spring,24,24,9.3,19.3,2.8,18.2,267,72.6,1.8,3.1,100
Nongzhanguan 2016-03-09,Nongzhanguan,2016-03-09,03 Mar,Spring,24,24,7.5,13.7,3,20.1,333,62.1,1.3,3.6,100
Nongzhanguan 2016-03-10,Nongzhanguan,2016-03-10,03 Mar,Spring,24,21,9.6,40.3,3.4,22.7,376,59.8,2.7,3.3,87.5
Nongzhanguan 2016-03-11,Nongzhanguan,2016-03-11,03 Mar,Spring,24,24,20.3,48.1,6.3,46,529,42.8,3,1.9,100
Nongzhanguan 2016-03-12,Nongzhanguan,2016-03-12,03 Mar,Spring,24,24,99.8,123.9,43,92.3,1575,20.7,3.6,1.3,100
Nongzhanguan 2016-03-13,Nongzhanguan,2016-03-13,03 Mar,Spring,24,24,22.8,42.3,9.2,34.5,471,64.5,7.4,3.3,100
Nongzhanguan 2016-03-14,Nongzhanguan,2016-03-14,03 Mar,Spring,24,23,78.5,115.7,25,72.8,1287,38.9,8.5,1.9,95.8
Nongzhanguan 2016-03-15,Nongzhanguan,2016-03-15,03 Mar,Spring,24,20,130.1,170.8,52.5,81.3,1285,39.3,9.3,1.7,83.3
Nongzhanguan 2016-03-16,Nongzhanguan,2016-03-16,03 Mar,Spring,24,23,244.7,258.3,45.2,102.3,2143,63.5,9.4,1.4,95.8
Nongzhanguan 2016-03-17,Nongzhanguan,2016-03-17,03 Mar,Spring,24,24,263.8,263.8,36.5,112.7,2071,57.6,10.7,1.1,100
Nongzhanguan 2016-03-18,Nongzhanguan,2016-03-18,03 Mar,Spring,24,24,197.5,198.8,16.3,93.3,1588,57.4,13.6,1.8,100
Nongzhanguan 2016-03-19,Nongzhanguan,2016-03-19,03 Mar,Spring,24,24,71,110.3,21.1,51.3,1088,56.1,11.3,1.9,100
Nongzhanguan 2016-03-20,Nongzhanguan,2016-03-20,03 Mar,Spring,24,22,62.2,92.7,16.4,80,1439,53,11.6,1.5,91.7
Nongzhanguan 2016-03-21,Nongzhanguan,2016-03-21,03 Mar,Spring,24,24,129.9,176,26.1,103.4,1258,61.3,11.9,1.6,100
Nongzhanguan 2016-03-22,Nongzhanguan,2016-03-22,03 Mar,Spring,24,24,116.3,212.5,33.1,97.2,1371,28.4,12.4,1.9,100
Nongzhanguan 2016-03-23,Nongzhanguan,2016-03-23,03 Mar,Spring,24,21,24,45.3,5.8,39.7,1091,54.5,9.3,2.2,87.5
Nongzhanguan 2016-03-24,Nongzhanguan,2016-03-24,03 Mar,Spring,24,24,12,27.1,4.2,42.9,700,57.6,8.8,1.7,100
Nongzhanguan 2016-03-25,Nongzhanguan,2016-03-25,03 Mar,Spring,24,24,21.3,42.6,6.2,50.6,470,48.6,9.1,1.6,100
Nongzhanguan 2016-03-26,Nongzhanguan,2016-03-26,03 Mar,Spring,24,24,12.2,30.3,3.1,34.5,304,62,13.8,2.5,100
Nongzhanguan 2016-03-27,Nongzhanguan,2016-03-27,03 Mar,Spring,24,24,15.2,38.3,3.6,38.7,254,59.9,16.7,2.4,100
Nongzhanguan 2016-03-28,Nongzhanguan,2016-03-28,03 Mar,Spring,24,24,79.6,193.9,19.7,80.3,804,42.2,16.2,2,100
Nongzhanguan 2016-03-29,Nongzhanguan,2016-03-29,03 Mar,Spring,24,24,18.4,68,4.3,35.4,354,68.9,16.6,2.4,100
Nongzhanguan 2016-03-30,Nongzhanguan,2016-03-30,03 Mar,Spring,24,24,26.9,64.4,9.2,43.2,492,66,16,2.1,100
Nongzhanguan 2016-03-31,Nongzhanguan,2016-03-31,03 Mar,Spring,24,24,154.6,231.2,40.4,88.8,1525,60,15.5,1.9,100
Nongzhanguan 2016-04-01,Nongzhanguan,2016-04-01,04 Apr,Spring,24,24,37.2,111.5,6.1,33.5,475,63.8,17.7,3.4,100
Nongzhanguan 2016-04-02,Nongzhanguan,2016-04-02,04 Apr,Spring,24,24,7.6,21.7,2.2,18,188,69.8,15.1,2.9,100
Nongzhanguan 2016-04-03,Nongzhanguan,2016-04-03,04 Apr,Spring,24,24,15.2,42,2.7,28.3,221,70.4,14.6,2.3,100
Nongzhanguan 2016-04-04,Nongzhanguan,2016-04-04,04 Apr,Spring,24,24,73,105,14.1,54.4,558,72.3,15.5,2.4,100
Nongzhanguan 2016-04-05,Nongzhanguan,2016-04-05,04 Apr,Spring,24,23,134.5,155.5,21.5,59.2,967,78.2,15.4,2.7,95.8
Nongzhanguan 2016-04-06,Nongzhanguan,2016-04-06,04 Apr,Spring,24,22,142,156.9,37.4,75.7,1946,57,14.5,1.3,91.7
Nongzhanguan 2016-04-07,Nongzhanguan,2016-04-07,04 Apr,Spring,24,24,95.5,147.5,5.2,59.2,1021,51.6,17.7,2.7,100
Nongzhanguan 2016-04-08,Nongzhanguan,2016-04-08,04 Apr,Spring,24,24,21.8,73.6,4.5,34.6,317,71.6,18.3,3.5,100
Nongzhanguan 2016-04-09,Nongzhanguan,2016-04-09,04 Apr,Spring,24,24,85.1,250,13.7,64.1,800,53.2,16,2.2,100
Nongzhanguan 2016-04-10,Nongzhanguan,2016-04-10,04 Apr,Spring,24,24,47.5,185.7,16,48.7,875,61.3,12.8,1.8,100
Nongzhanguan 2016-04-11,Nongzhanguan,2016-04-11,04 Apr,Spring,24,24,37.4,95.2,8.3,47.4,575,57.8,10.2,2.4,100
Nongzhanguan 2016-04-12,Nongzhanguan,2016-04-12,04 Apr,Spring,24,24,75.1,84.3,8,65.5,771,40.1,11.6,1.5,100
Nongzhanguan 2016-04-13,Nongzhanguan,2016-04-13,04 Apr,Spring,24,24,140.3,156.3,7.5,87.8,1200,47.3,16.8,2,100
Nongzhanguan 2016-04-14,Nongzhanguan,2016-04-14,04 Apr,Spring,24,24,29.9,87.2,3.8,32.8,304,75.8,17.8,2.6,100
Nongzhanguan 2016-04-15,Nongzhanguan,2016-04-15,04 Apr,Spring,24,24,59.8,101.1,22.7,72.6,1167,50.9,15.8,1.8,100
Nongzhanguan 2016-04-16,Nongzhanguan,2016-04-16,04 Apr,Spring,24,24,24,72.7,2.3,22.8,279,64.3,15.4,3.6,100
Nongzhanguan 2016-04-17,Nongzhanguan,2016-04-17,04 Apr,Spring,24,24,10.3,27.8,2,19,225,83.3,15.7,3.9,100
Nongzhanguan 2016-04-18,Nongzhanguan,2016-04-18,04 Apr,Spring,24,24,14.7,27.8,2.6,26.3,242,76.2,15.1,2.7,100
Nongzhanguan 2016-04-19,Nongzhanguan,2016-04-19,04 Apr,Spring,24,24,68.2,86.1,23.4,68.8,1363,34,13.1,2,100
Nongzhanguan 2016-04-20,Nongzhanguan,2016-04-20,04 Apr,Spring,24,23,59.4,67.7,9.3,44.4,670,76.4,18.3,2.1,95.8
Nongzhanguan 2016-04-21,Nongzhanguan,2016-04-21,04 Apr,Spring,24,23,122.6,161.4,9.2,74.2,974,68.2,20.3,2,95.8
Nongzhanguan 2016-04-22,Nongzhanguan,2016-04-22,04 Apr,Spring,24,24,40.6,91,2,23.8,196,82.8,19.8,3,100
Nongzhanguan 2016-04-23,Nongzhanguan,2016-04-23,04 Apr,Spring,24,24,28.2,45.7,3.3,40.9,283,60.1,16.6,2.1,100
Nongzhanguan 2016-04-24,Nongzhanguan,2016-04-24,04 Apr,Spring,24,24,104.9,135.7,24.5,59.6,838,73.3,17.4,2.2,100
Nongzhanguan 2016-04-25,Nongzhanguan,2016-04-25,04 Apr,Spring,24,24,103.5,119.8,16,35.5,671,112.5,21.4,2.9,100
Nongzhanguan 2016-04-26,Nongzhanguan,2016-04-26,04 Apr,Spring,24,17,,119.3,27.7,46.8,1350,93.7,17.5,2.2,70.8
Nongzhanguan 2016-04-27,Nongzhanguan,2016-04-27,04 Apr,Spring,24,22,98.8,102.9,12.1,72.7,1161,72.9,15.2,1.2,91.7
Nongzhanguan 2016-04-28,Nongzhanguan,2016-04-28,04 Apr,Spring,24,23,93.6,100.9,6.5,63.7,1013,91.2,18.3,2.1,95.8
Nongzhanguan 2016-04-29,Nongzhanguan,2016-04-29,04 Apr,Spring,24,22,124.7,132.1,19.6,77.3,1383,89.5,18.2,1.8,91.7
Nongzhanguan 2016-04-30,Nongzhanguan,2016-04-30,04 Apr,Spring,24,24,167,173,11.4,79.4,1550,125,21.8,2.1,100
Nongzhanguan 2016-05-01,Nongzhanguan,2016-05-01,05 May,Spring,24,24,193.2,195.4,29.1,47.4,2204,144.6,22.8,1.4,100
Nongzhanguan 2016-05-02,Nongzhanguan,2016-05-02,05 May,Spring,24,24,50.5,82.3,2.6,18.5,350,72.1,15.4,2.8,100
Nongzhanguan 2016-05-03,Nongzhanguan,2016-05-03,05 May,Spring,24,24,19.5,55.9,2.2,36.3,325,57.2,19,3.1,100
Nongzhanguan 2016-05-04,Nongzhanguan,2016-05-04,05 May,Spring,24,23,37.3,51.3,3.9,67.3,575,55,20.5,1.5,95.8
Nongzhanguan 2016-05-05,Nongzhanguan,2016-05-05,05 May,Spring,24,24,55.3,86.1,16.7,53.5,1121,73.5,20.3,2.2,100
Nongzhanguan 2016-05-06,Nongzhanguan,2016-05-06,05 May,Spring,24,24,53.6,184.4,2,13.1,129,82.8,20.4,3.5,100
Nongzhanguan 2016-05-07,Nongzhanguan,2016-05-07,05 May,Spring,24,22,22.3,32.3,3.3,31.3,200,83.5,21.8,2.2,91.7
Nongzhanguan 2016-05-08,Nongzhanguan,2016-05-08,05 May,Spring,24,20,67.4,86.2,19,55.9,810,68.3,20.3,2.5,83.3
Nongzhanguan 2016-05-09,Nongzhanguan,2016-05-09,05 May,Spring,24,24,39.2,47.9,6,41.4,558,60.8,18.1,1.6,100
Nongzhanguan 2016-05-10,Nongzhanguan,2016-05-10,05 May,Spring,24,23,38.9,56.2,4.1,47.2,617,85.7,21.3,2,95.8
Nongzhanguan 2016-05-11,Nongzhanguan,2016-05-11,05 May,Spring,24,24,141.8,143,14.3,35.9,1058,140.3,23.1,2.5,100
Nongzhanguan 2016-05-12,Nongzhanguan,2016-05-12,05 May,Spring,24,21,41.1,49.4,6.5,38.3,943,70.1,17.6,2.6,87.5
Nongzhanguan 2016-05-13,Nongzhanguan,2016-05-13,05 May,Spring,24,21,39.2,72.6,13.2,68,935,69.3,17.6,2.3,87.5
Nongzhanguan 2016-05-14,Nongzhanguan,2016-05-14,05 May,Spring,24,22,39.9,41.9,3.4,46.6,325,67.8,14.1,1.8,91.7
Nongzhanguan 2016-05-15,Nongzhanguan,2016-05-15,05 May,Spring,24,24,33.5,41.3,2.1,51.8,404,44.7,17.6,1.5,100
Nongzhanguan 2016-05-16,Nongzhanguan,2016-05-16,05 May,Spring,24,24,23.6,56.8,3.6,56.5,,67.8,22.5,2.7,100
Nongzhanguan 2016-05-17,Nongzhanguan,2016-05-17,05 May,Spring,24,24,61.5,112.8,13.7,62.3,317,115.5,24.7,2.3,100
Nongzhanguan 2016-05-18,Nongzhanguan,2016-05-18,05 May,Spring,24,24,56.5,95.2,11.3,32.1,463,145.8,25.2,2.7,100
Nongzhanguan 2016-05-19,Nongzhanguan,2016-05-19,05 May,Spring,24,24,84,107.5,19.3,39.2,613,185.5,24.8,2,100
Nongzhanguan 2016-05-20,Nongzhanguan,2016-05-20,05 May,Spring,24,24,90.4,108.8,23.1,61.4,992,134.2,22.9,1.9,100
Nongzhanguan 2016-05-21,Nongzhanguan,2016-05-21,05 May,Spring,24,24,71.5,85.7,20,51.5,729,127.5,22.6,1.7,100
Nongzhanguan 2016-05-22,Nongzhanguan,2016-05-22,05 May,Spring,24,24,51.1,91,9.3,64.4,588,118.7,23.6,1.5,100
Nongzhanguan 2016-05-23,Nongzhanguan,2016-05-23,05 May,Spring,24,23,64.3,89.3,16.4,53.8,883,95.5,21.3,2,95.8
Nongzhanguan 2016-05-24,Nongzhanguan,2016-05-24,05 May,Spring,24,24,18.6,33.5,2.8,30.7,371,86.1,21.6,2.4,100
Nongzhanguan 2016-05-25,Nongzhanguan,2016-05-25,05 May,Spring,24,24,11.6,26.9,2,26.7,321,95.4,22.6,2.2,100
Nongzhanguan 2016-05-26,Nongzhanguan,2016-05-26,05 May,Spring,24,24,22.6,61.3,2.1,35.5,354,86.8,24.7,2.2,100
Nongzhanguan 2016-05-27,Nongzhanguan,2016-05-27,05 May,Spring,24,24,50,113,14.1,61.5,675,100,24.5,2.7,100
Nongzhanguan 2016-05-28,Nongzhanguan,2016-05-28,05 May,Spring,24,24,38.6,70,10.3,35.7,629,127,24.8,2.6,100
Nongzhanguan 2016-05-29,Nongzhanguan,2016-05-29,05 May,Spring,24,24,35,66.8,5.8,33.7,542,105.4,25.1,2.4,100
Nongzhanguan 2016-05-30,Nongzhanguan,2016-05-30,05 May,Spring,24,24,80.9,142.3,19.3,59.8,1167,136.4,26.3,1.5,100
Nongzhanguan 2016-05-31,Nongzhanguan,2016-05-31,05 May,Spring,24,24,43.5,123.9,12.4,37.7,871,81.5,25,2.2,100
Nongzhanguan 2016-06-01,Nongzhanguan,2016-06-01,06 Jun,Summer,24,24,31.1,62.8,7.5,47.3,717,91.9,24.5,1.5,100
Nongzhanguan 2016-06-02,Nongzhanguan,2016-06-02,06 Jun,Summer,24,24,46.9,82.1,10.8,59.3,804,117.8,26,1.9,100
Nongzhanguan 2016-06-03,Nongzhanguan,2016-06-03,06 Jun,Summer,24,24,83.3,120.5,27,63,1313,132.9,25,1.6,100
Nongzhanguan 2016-06-04,Nongzhanguan,2016-06-04,06 Jun,Summer,24,24,84.9,109.5,17.7,31.7,929,163,26.9,2,100
Nongzhanguan 2016-06-05,Nongzhanguan,2016-06-05,06 Jun,Summer,24,24,70.1,89.6,16.5,36.8,913,129.2,24.7,2,100
Nongzhanguan 2016-06-06,Nongzhanguan,2016-06-06,06 Jun,Summer,24,24,95,103.1,9.6,34.8,938,142,24.5,1.7,100
Nongzhanguan 2016-06-07,Nongzhanguan,2016-06-07,06 Jun,Summer,24,24,58.9,74.8,2.5,26.3,871,108.4,22.2,1.8,100
Nongzhanguan 2016-06-08,Nongzhanguan,2016-06-08,06 Jun,Summer,24,24,133.1,133.1,2.8,36,1300,138.6,24.7,1.7,100
Nongzhanguan 2016-06-09,Nongzhanguan,2016-06-09,06 Jun,Summer,24,24,109.8,129.7,7.8,39.7,1067,135.5,27,2.6,100
Nongzhanguan 2016-06-10,Nongzhanguan,2016-06-10,06 Jun,Summer,24,24,55.8,56.6,2.1,22,650,122.6,24.4,1.8,100
Nongzhanguan 2016-06-11,Nongzhanguan,2016-06-11,06 Jun,Summer,24,24,11.3,18.7,2,23.3,342,81.2,25.7,1.9,100
Nongzhanguan 2016-06-12,Nongzhanguan,2016-06-12,06 Jun,Summer,24,24,73.4,87.5,7.9,34.6,1054,126,25.3,1.6,100
Nongzhanguan 2016-06-13,Nongzhanguan,2016-06-13,06 Jun,Summer,24,24,50.8,55.3,2.8,34.8,704,90,20.4,1.7,100
Nongzhanguan 2016-06-14,Nongzhanguan,2016-06-14,06 Jun,Summer,24,24,38.9,40.7,2,29.5,600,74.9,19.5,1.8,100
Nongzhanguan 2016-06-15,Nongzhanguan,2016-06-15,06 Jun,Summer,24,24,20.2,36.5,2,38.8,538,92.3,23.5,1.6,100
Nongzhanguan 2016-06-16,Nongzhanguan,2016-06-16,06 Jun,Summer,24,22,24.9,38.2,2,58.1,604,72.7,26.8,1.5,91.7
Nongzhanguan 2016-06-17,Nongzhanguan,2016-06-17,06 Jun,Summer,24,24,25.8,55.3,2.3,56.8,546,56,25.8,1.6,100
Nongzhanguan 2016-06-18,Nongzhanguan,2016-06-18,06 Jun,Summer,24,24,46.8,78,4.3,54.9,817,106.2,26.9,2,100
Nongzhanguan 2016-06-19,Nongzhanguan,2016-06-19,06 Jun,Summer,24,24,66,81.8,6.3,39,838,158.7,29.5,2.1,100
Nongzhanguan 2016-06-20,Nongzhanguan,2016-06-20,06 Jun,Summer,24,24,82.8,89.4,7.4,34.6,1108,174.5,28.5,1.8,100
Nongzhanguan 2016-06-21,Nongzhanguan,2016-06-21,06 Jun,Summer,24,24,104.9,110.1,2.2,37.8,1013,149.2,28.4,1.8,100
Nongzhanguan 2016-06-22,Nongzhanguan,2016-06-22,06 Jun,Summer,24,24,56.4,69.8,2.1,39.7,808,142,27.7,1.9,100
Nongzhanguan 2016-06-23,Nongzhanguan,2016-06-23,06 Jun,Summer,24,24,76.5,93.2,6.6,40.8,1154,112.3,27.4,1.6,100
Nongzhanguan 2016-06-24,Nongzhanguan,2016-06-24,06 Jun,Summer,24,24,20.1,30.6,2,39.3,500,61.7,27.6,2.2,100
Nongzhanguan 2016-06-25,Nongzhanguan,2016-06-25,06 Jun,Summer,24,24,17.5,32.5,2,28.3,342,85.3,30.8,2,100
Nongzhanguan 2016-06-26,Nongzhanguan,2016-06-26,06 Jun,Summer,24,24,43.5,79.4,4.7,52.3,575,110.9,30.1,2.2,100
Nongzhanguan 2016-06-27,Nongzhanguan,2016-06-27,06 Jun,Summer,24,24,61,82,7.7,42.7,763,122.9,26.5,2.1,100
Nongzhanguan 2016-06-28,Nongzhanguan,2016-06-28,06 Jun,Summer,24,24,76.6,76.7,2,41.4,833,74.9,21.1,1.4,100
Nongzhanguan 2016-06-29,Nongzhanguan,2016-06-29,06 Jun,Summer,24,24,112.5,112.5,2,39.5,958,84.9,24.2,1.3,100
Nongzhanguan 2016-06-30,Nongzhanguan,2016-06-30,06 Jun,Summer,24,24,65.6,67.3,2,42.7,795,95.2,26.6,1.5,100
Nongzhanguan 2016-07-01,Nongzhanguan,2016-07-01,07 Jul,Summer,24,24,14.5,24.9,2,24,396,100.7,28.1,2.1,100
Nongzhanguan 2016-07-02,Nongzhanguan,2016-07-02,07 Jul,Summer,24,24,50,61.5,2.8,43.2,721,112.7,28.2,1.9,100
Nongzhanguan 2016-07-03,Nongzhanguan,2016-07-03,07 Jul,Summer,24,24,83.9,92.1,12,39.4,1013,140.9,28.6,1.8,100
Nongzhanguan 2016-07-04,Nongzhanguan,2016-07-04,07 Jul,Summer,24,24,143.6,145.1,7.8,33.1,1300,132.2,27.8,2,100
Nongzhanguan 2016-07-05,Nongzhanguan,2016-07-05,07 Jul,Summer,24,24,97.2,100,5.3,31,1071,144.8,27.9,1.7,100
Nongzhanguan 2016-07-06,Nongzhanguan,2016-07-06,07 Jul,Summer,24,24,64,83,6,42.9,950,145.5,29.3,1.8,100
Nongzhanguan 2016-07-07,Nongzhanguan,2016-07-07,07 Jul,Summer,24,24,112.3,116.9,10.7,32.2,1325,160.1,29,2,100
Nongzhanguan 2016-07-08,Nongzhanguan,2016-07-08,07 Jul,Summer,24,24,86.2,93.3,7.8,36.1,1271,109.6,28.3,1.9,100
Nongzhanguan 2016-07-09,Nongzhanguan,2016-07-09,07 Jul,Summer,24,24,78.7,81.8,3.9,34.3,825,110,30.4,1.9,100
Nongzhanguan 2016-07-10,Nongzhanguan,2016-07-10,07 Jul,Summer,24,24,82,85.1,3.1,28.7,796,121.9,31.8,2.1,100
Nongzhanguan 2016-07-11,Nongzhanguan,2016-07-11,07 Jul,Summer,24,24,83.1,86.6,6.7,28.5,721,123.6,32.1,2.8,100
Nongzhanguan 2016-07-12,Nongzhanguan,2016-07-12,07 Jul,Summer,24,24,33.7,39.4,4.4,30.5,583,75.2,28,1.9,100
Nongzhanguan 2016-07-13,Nongzhanguan,2016-07-13,07 Jul,Summer,24,24,20.8,28.4,2.3,38.2,554,97.5,30.1,1.6,100
Nongzhanguan 2016-07-14,Nongzhanguan,2016-07-14,07 Jul,Summer,24,24,36.9,56.4,5.1,49.3,929,93.5,29,1.7,100
Nongzhanguan 2016-07-15,Nongzhanguan,2016-07-15,07 Jul,Summer,24,24,37.3,37.4,2,35.5,675,65.1,22.1,1.3,100
Nongzhanguan 2016-07-16,Nongzhanguan,2016-07-16,07 Jul,Summer,24,24,39.9,43.3,2.9,42.5,754,64.2,23.8,1.3,100
Nongzhanguan 2016-07-17,Nongzhanguan,2016-07-17,07 Jul,Summer,24,22,83.2,94.3,2.7,57.5,1961,116.1,26.6,1.4,91.7
Nongzhanguan 2016-07-18,Nongzhanguan,2016-07-18,07 Jul,Summer,24,22,102.1,103.3,5.3,63.1,2035,87.1,25.8,1.1,91.7
Nongzhanguan 2016-07-19,Nongzhanguan,2016-07-19,07 Jul,Summer,24,24,108.9,109,2.4,63.5,1378,30.8,24,1.3,100
Nongzhanguan 2016-07-20,Nongzhanguan,2016-07-20,07 Jul,Summer,24,24,38.5,38.8,2,27,771,52.1,21.9,3.1,100
Nongzhanguan 2016-07-21,Nongzhanguan,2016-07-21,07 Jul,Summer,24,24,25.7,26,2,35.5,875,42.4,24,1.2,100
Nongzhanguan 2016-07-22,Nongzhanguan,2016-07-22,07 Jul,Summer,24,24,76,76,2,47.7,1100,87,27.6,1.3,100
Nongzhanguan 2016-07-23,Nongzhanguan,2016-07-23,07 Jul,Summer,24,24,128.3,128.3,2,60.3,1392,102.9,28.8,1.5,100
Nongzhanguan 2016-07-24,Nongzhanguan,2016-07-24,07 Jul,Summer,24,24,71.1,72.7,2,51,1004,99.2,28.5,1.4,100
Nongzhanguan 2016-07-25,Nongzhanguan,2016-07-25,07 Jul,Summer,24,24,40.1,41.5,2,41,979,70.8,28.3,1.4,100
Nongzhanguan 2016-07-26,Nongzhanguan,2016-07-26,07 Jul,Summer,24,24,17.2,26.4,2,26.3,554,105.3,29.2,1.5,100
Nongzhanguan 2016-07-27,Nongzhanguan,2016-07-27,07 Jul,Summer,24,23,57.6,70.8,2.1,42.7,939,126.4,28.9,1.7,95.8
Nongzhanguan 2016-07-28,Nongzhanguan,2016-07-28,07 Jul,Summer,24,24,53.9,58,2.2,38.7,,107.1,28,1.2,100
Nongzhanguan 2016-07-29,Nongzhanguan,2016-07-29,07 Jul,Summer,24,24,125.5,126.1,2.3,37.3,,128.9,29.2,1.6,100
Nongzhanguan 2016-07-30,Nongzhanguan,2016-07-30,07 Jul,Summer,24,22,147,148.1,2,29.6,,80,27.8,1.7,91.7
Nongzhanguan 2016-07-31,Nongzhanguan,2016-07-31,07 Jul,Summer,24,24,62.7,62.7,2.4,33.3,,73.6,25.7,1.3,100
Nongzhanguan 2016-08-01,Nongzhanguan,2016-08-01,08 Aug,Summer,24,24,69.4,71,2.4,29.1,,100.6,28.4,1.3,100
Nongzhanguan 2016-08-02,Nongzhanguan,2016-08-02,08 Aug,Summer,24,24,58.7,63.1,2,30.3,1225,99.3,29.7,1.6,100
Nongzhanguan 2016-08-03,Nongzhanguan,2016-08-03,08 Aug,Summer,24,24,67.8,75.5,2.3,32,1146,137.2,30.7,1.4,100
Nongzhanguan 2016-08-04,Nongzhanguan,2016-08-04,08 Aug,Summer,24,24,106.5,107,4.3,34.3,1604,144.4,30.5,1.7,100
Nongzhanguan 2016-08-05,Nongzhanguan,2016-08-05,08 Aug,Summer,24,24,63.5,66,3.1,27.9,858,92.4,29.6,1.6,100
Nongzhanguan 2016-08-06,Nongzhanguan,2016-08-06,08 Aug,Summer,24,24,111.6,112.2,2.6,33.8,1100,99.1,29.9,1.6,100
Nongzhanguan 2016-08-07,Nongzhanguan,2016-08-07,08 Aug,Summer,24,24,22.3,25.7,2,16.8,738,94.3,27.6,1.5,100
Nongzhanguan 2016-08-08,Nongzhanguan,2016-08-08,08 Aug,Summer,24,24,37.5,43.4,3.2,28.5,988,98.4,28.8,1.8,100
Nongzhanguan 2016-08-09,Nongzhanguan,2016-08-09,08 Aug,Summer,24,24,53,65.8,6.7,49.6,1367,106.1,27.8,1.6,100
Nongzhanguan 2016-08-10,Nongzhanguan,2016-08-10,08 Aug,Summer,24,24,84,84.4,2.5,25.3,1071,103.9,30.5,2.3,100
Nongzhanguan 2016-08-11,Nongzhanguan,2016-08-11,08 Aug,Summer,24,23,78.6,81.5,5.5,25.4,1009,109.4,32,1.9,95.8
Nongzhanguan 2016-08-12,Nongzhanguan,2016-08-12,08 Aug,Summer,24,24,57,59,2.5,32.2,829,62.3,29.4,1.6,100
Nongzhanguan 2016-08-13,Nongzhanguan,2016-08-13,08 Aug,Summer,24,24,22.9,33.9,2.8,34.7,750,26.7,27.9,1.4,100
Nongzhanguan 2016-08-14,Nongzhanguan,2016-08-14,08 Aug,Summer,24,24,19.8,38.9,3.6,27.9,658,101.2,29.2,1.4,100
Nongzhanguan 2016-08-15,Nongzhanguan,2016-08-15,08 Aug,Summer,24,24,28.7,34.6,3,25.6,758,82.6,25.6,1.6,100
Nongzhanguan 2016-08-16,Nongzhanguan,2016-08-16,08 Aug,Summer,24,24,24,34.8,2.1,33,646,85.4,26.4,1.6,100
Nongzhanguan 2016-08-17,Nongzhanguan,2016-08-17,08 Aug,Summer,24,24,70.1,93.2,4.5,71.5,1088,32.7,25.5,1,100
Nongzhanguan 2016-08-18,Nongzhanguan,2016-08-18,08 Aug,Summer,24,24,84.3,84.3,2,64.6,1754,28.4,23.4,1.3,100
Nongzhanguan 2016-08-19,Nongzhanguan,2016-08-19,08 Aug,Summer,24,24,20.5,26.7,2,33.8,938,97.5,27.9,2,100
Nongzhanguan 2016-08-20,Nongzhanguan,2016-08-20,08 Aug,Summer,24,24,56.3,62.9,2.3,46.3,1183,126.2,27.7,1.1,100
Nongzhanguan 2016-08-21,Nongzhanguan,2016-08-21,08 Aug,Summer,24,24,61,77.2,3.3,51.5,1075,154.5,28.9,1.4,100
Nongzhanguan 2016-08-22,Nongzhanguan,2016-08-22,08 Aug,Summer,24,24,48.9,60.1,7.1,34.5,1017,123.5,29.4,1.7,100
Nongzhanguan 2016-08-23,Nongzhanguan,2016-08-23,08 Aug,Summer,24,24,62.5,76.5,8.5,42.4,867,96.5,27.9,1.5,100
Nongzhanguan 2016-08-24,Nongzhanguan,2016-08-24,08 Aug,Summer,24,24,85.9,93.7,7.4,58.2,1183,82.3,27.9,1,100
Nongzhanguan 2016-08-25,Nongzhanguan,2016-08-25,08 Aug,Summer,24,24,17.6,27.9,2.5,26.4,408,65.5,27.3,2.9,100
Nongzhanguan 2016-08-26,Nongzhanguan,2016-08-26,08 Aug,Summer,24,24,11,24.7,2,35.8,325,57.6,24.6,1.5,100
Nongzhanguan 2016-08-27,Nongzhanguan,2016-08-27,08 Aug,Summer,24,24,16,36.3,3.4,48.1,538,41.3,24.5,1.4,100
Nongzhanguan 2016-08-28,Nongzhanguan,2016-08-28,08 Aug,Summer,24,24,12.2,27.1,2.3,37.6,388,60.3,25.7,1.7,100
Nongzhanguan 2016-08-29,Nongzhanguan,2016-08-29,08 Aug,Summer,24,24,19.1,43.3,2.8,44.8,533,68,25.5,1.5,100
Nongzhanguan 2016-08-30,Nongzhanguan,2016-08-30,08 Aug,Summer,24,24,34.5,67.2,6.5,49.8,742,115,26.3,1.5,100
Nongzhanguan 2016-08-31,Nongzhanguan,2016-08-31,08 Aug,Summer,24,24,19.7,43.7,4.3,49.4,496,57.4,27.4,2.7,100
Nongzhanguan 2016-09-01,Nongzhanguan,2016-09-01,09 Sep,Autumn,24,24,7.4,29.2,2.6,32.2,308,49.5,25.2,2.3,100
Nongzhanguan 2016-09-02,Nongzhanguan,2016-09-02,09 Sep,Autumn,24,24,12.2,31.6,2.3,30,438,28.9,24,1.5,100
Nongzhanguan 2016-09-03,Nongzhanguan,2016-09-03,09 Sep,Autumn,24,24,20.5,36.8,3.1,32.9,533,77,25.9,1.4,100
Nongzhanguan 2016-09-04,Nongzhanguan,2016-09-04,09 Sep,Autumn,24,24,78.9,94,9,45,1083,104,26.1,1.7,100
Nongzhanguan 2016-09-05,Nongzhanguan,2016-09-05,09 Sep,Autumn,24,24,29.4,38.9,2.6,31.1,554,87.3,25.6,1.8,100
Nongzhanguan 2016-09-06,Nongzhanguan,2016-09-06,09 Sep,Autumn,24,18,,,,,,,26.2,1.7,75
Nongzhanguan 2016-09-07,Nongzhanguan,2016-09-07,09 Sep,Autumn,24,13,,,,,,,24.7,2.1,54.2
Nongzhanguan 2016-09-08,Nongzhanguan,2016-09-08,09 Sep,Autumn,24,24,23.6,35.6,2.3,49.3,700,54.1,24.1,1.3,100
Nongzhanguan 2016-09-09,Nongzhanguan,2016-09-09,09 Sep,Autumn,24,23,19.5,35.2,4.2,46.8,522,49.4,24.9,1.6,95.8
Nongzhanguan 2016-09-10,Nongzhanguan,2016-09-10,09 Sep,Autumn,24,24,16.7,35.4,3.4,44,479,59.7,25.3,1.5,100
Nongzhanguan 2016-09-11,Nongzhanguan,2016-09-11,09 Sep,Autumn,24,24,40.9,50.2,2.8,31.3,892,87,21.7,1.8,100
Nongzhanguan 2016-09-12,Nongzhanguan,2016-09-12,09 Sep,Autumn,24,24,35.8,42,2,41.1,762,65.8,22.6,1.2,100
Nongzhanguan 2016-09-13,Nongzhanguan,2016-09-13,09 Sep,Autumn,24,24,92.5,93.3,3.6,55,1141,55.5,23.1,1.3,100
Nongzhanguan 2016-09-14,Nongzhanguan,2016-09-14,09 Sep,Autumn,24,24,103.2,103.9,5.9,50.3,1162,83.6,24.4,1.7,100
Nongzhanguan 2016-09-15,Nongzhanguan,2016-09-15,09 Sep,Autumn,24,24,89.8,94.7,4.3,49,888,99.7,25.2,1.3,100
Nongzhanguan 2016-09-16,Nongzhanguan,2016-09-16,09 Sep,Autumn,24,24,157.5,159.3,5.7,46.8,1154,97,24.9,1.5,100
Nongzhanguan 2016-09-17,Nongzhanguan,2016-09-17,09 Sep,Autumn,24,24,44.9,52.4,2.1,39.7,804,39.6,21.6,1.2,100
Nongzhanguan 2016-09-18,Nongzhanguan,2016-09-18,09 Sep,Autumn,24,24,21.3,21.8,2,37.6,596,18.3,19.1,1.3,100
Nongzhanguan 2016-09-19,Nongzhanguan,2016-09-19,09 Sep,Autumn,24,24,11.5,16.6,2.1,35.9,408,39.5,19.3,1.4,100
Nongzhanguan 2016-09-20,Nongzhanguan,2016-09-20,09 Sep,Autumn,24,20,24,40.5,4.9,50,604,47.3,19.8,1.2,83.3
Nongzhanguan 2016-09-21,Nongzhanguan,2016-09-21,09 Sep,Autumn,24,24,73.8,128,6.1,,1132,15.1,19.2,1.2,100
Nongzhanguan 2016-09-22,Nongzhanguan,2016-09-22,09 Sep,Autumn,24,24,110.1,119.3,7.5,,1182,40.2,20.2,1.4,100
Nongzhanguan 2016-09-23,Nongzhanguan,2016-09-23,09 Sep,Autumn,24,22,137.2,139.5,4,,1264,99.9,21.6,1.3,91.7
Nongzhanguan 2016-09-24,Nongzhanguan,2016-09-24,09 Sep,Autumn,24,24,126.7,147.8,6,54.9,1179,90.2,22.3,1.1,100
Nongzhanguan 2016-09-25,Nongzhanguan,2016-09-25,09 Sep,Autumn,24,24,184.4,199.2,8.1,49.4,1763,81.3,,,100
Nongzhanguan 2016-09-26,Nongzhanguan,2016-09-26,09 Sep,Autumn,24,24,61.5,62.9,2.3,41.3,1196,47.1,19.6,1.3,100
Nongzhanguan 2016-09-27,Nongzhanguan,2016-09-27,09 Sep,Autumn,24,24,24.9,36.2,2.1,25.4,675,42,18.3,3.7,100
Nongzhanguan 2016-09-28,Nongzhanguan,2016-09-28,09 Sep,Autumn,24,24,12.8,27.6,2.1,37.5,367,32.5,15.5,1.9,100
Nongzhanguan 2016-09-29,Nongzhanguan,2016-09-29,09 Sep,Autumn,24,24,59,98.4,9.6,60.2,783,43,14.9,1.3,100
Nongzhanguan 2016-09-30,Nongzhanguan,2016-09-30,09 Sep,Autumn,24,24,105.3,141.2,11.4,75.5,1025,62.6,17.6,1.1,100
Nongzhanguan 2016-10-01,Nongzhanguan,2016-10-01,10 Oct,Autumn,24,24,166.2,199.3,14.1,91,1546,53.3,18.8,1,100
Nongzhanguan 2016-10-02,Nongzhanguan,2016-10-02,10 Oct,Autumn,24,24,192.3,207.4,9.4,69.5,1492,66,19.5,1,100
Nongzhanguan 2016-10-03,Nongzhanguan,2016-10-03,10 Oct,Autumn,24,24,111.5,126.8,5.5,46.5,1146,65.1,22.3,1.3,100
Nongzhanguan 2016-10-04,Nongzhanguan,2016-10-04,10 Oct,Autumn,24,24,34.1,55,3,32.6,1038,24,16.8,2.2,100
Nongzhanguan 2016-10-05,Nongzhanguan,2016-10-05,10 Oct,Autumn,24,24,60.5,69,2.8,36,1304,25.1,16.7,1.4,100
Nongzhanguan 2016-10-06,Nongzhanguan,2016-10-06,10 Oct,Autumn,24,24,69.7,83.5,6.2,43,1688,7.7,15.4,1.6,100
Nongzhanguan 2016-10-07,Nongzhanguan,2016-10-07,10 Oct,Autumn,24,24,41.6,41.7,2.2,40.3,1742,8.2,13.5,1.6,100
Nongzhanguan 2016-10-08,Nongzhanguan,2016-10-08,10 Oct,Autumn,24,24,10.3,22.9,2.5,20.3,557,46.3,12.6,2.4,100
Nongzhanguan 2016-10-09,Nongzhanguan,2016-10-09,10 Oct,Autumn,24,24,35.9,72.2,6.4,48.9,750,13.8,10.2,1.2,100
Nongzhanguan 2016-10-10,Nongzhanguan,2016-10-10,10 Oct,Autumn,24,24,98,147.5,14.6,75.4,1392,10.8,11.6,0.9,100
Nongzhanguan 2016-10-11,Nongzhanguan,2016-10-11,10 Oct,Autumn,24,24,129.3,141,11.2,60.3,1575,26.6,13.7,1.7,100
Nongzhanguan 2016-10-12,Nongzhanguan,2016-10-12,10 Oct,Autumn,24,24,79.5,102.7,8.4,55.2,1146,30.6,14.9,1.1,100
Nongzhanguan 2016-10-13,Nongzhanguan,2016-10-13,10 Oct,Autumn,24,24,169.1,185.5,6.8,79.1,1633,29,15.4,0.7,100
Nongzhanguan 2016-10-14,Nongzhanguan,2016-10-14,10 Oct,Autumn,24,21,228.3,238,9.4,91.4,2135,25.3,16,0.8,87.5
Nongzhanguan 2016-10-15,Nongzhanguan,2016-10-15,10 Oct,Autumn,24,23,184,203.5,9.1,82.2,2196,2.5,14.1,0.7,95.8
Nongzhanguan 2016-10-16,Nongzhanguan,2016-10-16,10 Oct,Autumn,24,24,113.6,113.6,4.5,48,1004,30.9,16,1,100
Nongzhanguan 2016-10-17,Nongzhanguan,2016-10-17,10 Oct,Autumn,24,24,70,89.7,4.3,44.8,1000,27.8,15.9,1.4,100
Nongzhanguan 2016-10-18,Nongzhanguan,2016-10-18,10 Oct,Autumn,24,24,112.8,158.8,7.5,62.4,1992,3.6,15.9,1.2,100
Nongzhanguan 2016-10-19,Nongzhanguan,2016-10-19,10 Oct,Autumn,24,24,220.6,229.3,6.2,67.9,2404,15.9,17,1,100
Nongzhanguan 2016-10-20,Nongzhanguan,2016-10-20,10 Oct,Autumn,24,24,88.4,114.7,7,51.8,1513,12.9,14,1.8,100
Nongzhanguan 2016-10-21,Nongzhanguan,2016-10-21,10 Oct,Autumn,24,24,46.4,48,2,36,838,15.4,10.8,1.1,100
Nongzhanguan 2016-10-22,Nongzhanguan,2016-10-22,10 Oct,Autumn,24,24,14.2,21.1,2,29.6,558,17.5,12.1,2.3,100
Nongzhanguan 2016-10-23,Nongzhanguan,2016-10-23,10 Oct,Autumn,24,24,31.9,50.8,4,47.2,679,16.3,11.1,1.2,100
Nongzhanguan 2016-10-24,Nongzhanguan,2016-10-24,10 Oct,Autumn,24,24,72.2,131.1,3.8,56.6,1258,2.5,10,0.9,100
Nongzhanguan 2016-10-25,Nongzhanguan,2016-10-25,10 Oct,Autumn,24,24,116.1,157.3,3.8,70.7,1583,4.1,11.4,1.2,100
Nongzhanguan 2016-10-26,Nongzhanguan,2016-10-26,10 Oct,Autumn,24,24,47.3,85.2,3.6,45.5,838,22.6,12.6,2.1,100
Nongzhanguan 2016-10-27,Nongzhanguan,2016-10-27,10 Oct,Autumn,24,24,33.8,62.3,7.5,48.6,1258,4.2,9.1,1.7,100
Nongzhanguan 2016-10-28,Nongzhanguan,2016-10-28,10 Oct,Autumn,24,24,10.5,17.1,2.4,27.3,396,34.1,9.5,2.1,100
Nongzhanguan 2016-10-29,Nongzhanguan,2016-10-29,10 Oct,Autumn,24,24,27.3,58.3,5.4,49.2,617,17.5,6.9,1.9,100
Nongzhanguan 2016-10-30,Nongzhanguan,2016-10-30,10 Oct,Autumn,24,24,52.7,91.5,6,42.8,867,22.5,6.5,2.3,100
Nongzhanguan 2016-10-31,Nongzhanguan,2016-10-31,10 Oct,Autumn,24,24,7,19.2,3,17.4,258,44.4,3.2,2.9,100
Nongzhanguan 2016-11-01,Nongzhanguan,2016-11-01,11 Nov,Autumn,24,24,41.5,70.8,9.4,53.6,750,17,2.7,1.3,100
Nongzhanguan 2016-11-02,Nongzhanguan,2016-11-02,11 Nov,Autumn,24,24,120.7,171.3,18,84.7,1558,9.8,5.2,1.3,100
Nongzhanguan 2016-11-03,Nongzhanguan,2016-11-03,11 Nov,Autumn,24,24,209.8,268.3,17.1,98.5,2625,6.8,5.6,1,100
Nongzhanguan 2016-11-04,Nongzhanguan,2016-11-04,11 Nov,Autumn,24,24,255.6,303.3,10.5,103.8,3467,6.5,6.1,1,100
Nongzhanguan 2016-11-05,Nongzhanguan,2016-11-05,11 Nov,Autumn,24,24,188.6,197.3,6.6,85,3038,20.6,8.7,1.6,100
Nongzhanguan 2016-11-06,Nongzhanguan,2016-11-06,11 Nov,Autumn,24,24,65.3,74.8,13,49.4,1125,25.5,7.9,1.6,100
Nongzhanguan 2016-11-07,Nongzhanguan,2016-11-07,11 Nov,Autumn,24,24,44.1,54.3,3.8,40.6,742,23.8,8.4,2.2,100
Nongzhanguan 2016-11-08,Nongzhanguan,2016-11-08,11 Nov,Autumn,24,22,31.1,44.1,6.6,52.3,691,15,5.3,1.2,91.7
Nongzhanguan 2016-11-09,Nongzhanguan,2016-11-09,11 Nov,Autumn,24,24,172.1,218.1,11.1,74.1,2775,3.4,3.3,1,100
Nongzhanguan 2016-11-10,Nongzhanguan,2016-11-10,11 Nov,Autumn,24,24,145.9,159.8,6.5,50.3,1629,9.9,7,1.5,100
Nongzhanguan 2016-11-11,Nongzhanguan,2016-11-11,11 Nov,Autumn,24,24,81.4,119,6,60,1696,5.3,4.8,1,100
Nongzhanguan 2016-11-12,Nongzhanguan,2016-11-12,11 Nov,Autumn,24,24,72.8,120.8,10.9,59.1,1446,13,6.9,1.2,100
Nongzhanguan 2016-11-13,Nongzhanguan,2016-11-13,11 Nov,Autumn,24,24,100.8,177.9,13.8,63,2508,3.6,8.1,1,100
Nongzhanguan 2016-11-14,Nongzhanguan,2016-11-14,11 Nov,Autumn,24,24,50.3,97.7,4.6,39.6,1063,36.7,9.4,3,100
Nongzhanguan 2016-11-15,Nongzhanguan,2016-11-15,11 Nov,Autumn,24,24,45.8,85.5,13.5,69.6,1433,11,4.2,1,100
Nongzhanguan 2016-11-16,Nongzhanguan,2016-11-16,11 Nov,Autumn,24,22,111.2,166.1,14.5,77.3,2354,10.8,5.3,0.9,91.7
Nongzhanguan 2016-11-17,Nongzhanguan,2016-11-17,11 Nov,Autumn,24,24,120.3,186.5,25.3,68.8,2663,5.2,5.9,1.1,100
Nongzhanguan 2016-11-18,Nongzhanguan,2016-11-18,11 Nov,Autumn,24,24,206.6,304.8,23.2,78.9,4175,4.7,6.7,1,100
Nongzhanguan 2016-11-19,Nongzhanguan,2016-11-19,11 Nov,Autumn,24,24,129.5,152.1,8.6,59.3,2004,20.8,10.1,1.7,100
Nongzhanguan 2016-11-20,Nongzhanguan,2016-11-20,11 Nov,Autumn,24,24,56.1,65,5.5,41,1121,8,3.8,2.4,100
Nongzhanguan 2016-11-21,Nongzhanguan,2016-11-21,11 Nov,Autumn,24,24,9.6,15.4,2.9,16.9,408,52.8,-1.3,3.8,100
Nongzhanguan 2016-11-22,Nongzhanguan,2016-11-22,11 Nov,Autumn,24,24,7.7,19.8,4.8,21,371,45.4,-3.3,3.8,100
Nongzhanguan 2016-11-23,Nongzhanguan,2016-11-23,11 Nov,Autumn,24,24,13.1,24.5,7.4,34.8,513,31.5,-0.6,2.4,100
Nongzhanguan 2016-11-24,Nongzhanguan,2016-11-24,11 Nov,Autumn,24,24,72.2,100.8,20.7,74.6,1392,11.5,-0.2,1.3,100
Nongzhanguan 2016-11-25,Nongzhanguan,2016-11-25,11 Nov,Autumn,24,24,170.8,220.7,25.2,97.6,2892,5.8,0.6,1,100
Nongzhanguan 2016-11-26,Nongzhanguan,2016-11-26,11 Nov,Autumn,24,24,288.6,419.8,21.5,116.8,3846,10.1,2.1,1,100
Nongzhanguan 2016-11-27,Nongzhanguan,2016-11-27,11 Nov,Autumn,24,24,95.9,141,9.6,66.4,1821,26.8,2.8,1.8,100
Nongzhanguan 2016-11-28,Nongzhanguan,2016-11-28,11 Nov,Autumn,24,24,71.4,109.8,23.2,91.6,2138,6.6,0.8,0.9,100
Nongzhanguan 2016-11-29,Nongzhanguan,2016-11-29,11 Nov,Autumn,24,24,90.5,136.4,25.7,75.5,2513,4,1.3,1.1,100
Nongzhanguan 2016-11-30,Nongzhanguan,2016-11-30,11 Nov,Autumn,24,24,76.8,128.6,15.3,67,2238,23.4,5,2,100
Nongzhanguan 2016-12-01,Nongzhanguan,2016-12-01,12 Dec,Winter,24,24,28.4,43.3,8,49.5,675,40.8,5.1,1.4,100
Nongzhanguan 2016-12-02,Nongzhanguan,2016-12-02,12 Dec,Winter,24,21,117.4,135.2,24.2,91.5,2132,9.2,3.1,1,87.5
Nongzhanguan 2016-12-03,Nongzhanguan,2016-12-03,12 Dec,Winter,24,24,256.7,301.3,29.4,117,4125,9.9,2.1,0.9,100
Nongzhanguan 2016-12-04,Nongzhanguan,2016-12-04,12 Dec,Winter,24,24,302.8,336.1,17.6,104.4,3942,10,2.9,0.7,100
Nongzhanguan 2016-12-05,Nongzhanguan,2016-12-05,12 Dec,Winter,24,24,44.3,53.5,11.6,47,1038,31,2.6,2.4,100
Nongzhanguan 2016-12-06,Nongzhanguan,2016-12-06,12 Dec,Winter,24,24,96.1,140.1,23.3,101.1,2413,7,0,0.9,100
Nongzhanguan 2016-12-07,Nongzhanguan,2016-12-07,12 Dec,Winter,24,22,143.4,174.5,29.7,101.7,2950,8.1,3,1.6,91.7
Nongzhanguan 2016-12-08,Nongzhanguan,2016-12-08,12 Dec,Winter,24,24,100.4,135,14.5,54.4,1833,35.9,4.4,2.6,100
Nongzhanguan 2016-12-09,Nongzhanguan,2016-12-09,12 Dec,Winter,24,24,20.5,35.5,9.3,42.3,625,36.2,1.5,1.6,100
Nongzhanguan 2016-12-10,Nongzhanguan,2016-12-10,12 Dec,Winter,24,24,51.1,69.5,15,70.7,1367,10.6,-0.7,0.9,100
Nongzhanguan 2016-12-11,Nongzhanguan,2016-12-11,12 Dec,Winter,24,24,209.8,245.8,41.4,107.6,4358,11.2,-0.7,1.2,100
Nongzhanguan 2016-12-12,Nongzhanguan,2016-12-12,12 Dec,Winter,24,24,221.3,229.5,41.4,95,2746,11,2.5,1,100
Nongzhanguan 2016-12-13,Nongzhanguan,2016-12-13,12 Dec,Winter,24,24,47,50,9.8,50.2,1050,32.1,1.2,1.6,100
Nongzhanguan 2016-12-14,Nongzhanguan,2016-12-14,12 Dec,Winter,24,24,24.7,38.9,11,47.7,688,30,-0.8,2,100
Nongzhanguan 2016-12-15,Nongzhanguan,2016-12-15,12 Dec,Winter,24,23,27.3,50.9,11,47.3,968,29.1,0.1,2.4,95.8
Nongzhanguan 2016-12-16,Nongzhanguan,2016-12-16,12 Dec,Winter,24,24,129,156.9,24.9,103.3,2413,6.4,-0.1,1,100
Nongzhanguan 2016-12-17,Nongzhanguan,2016-12-17,12 Dec,Winter,24,24,236.5,261.3,36.6,107.4,3617,8.1,-0.1,0.9,100
Nongzhanguan 2016-12-18,Nongzhanguan,2016-12-18,12 Dec,Winter,24,24,257.7,265.9,24.7,108.3,4050,8.8,0.1,0.5,100
Nongzhanguan 2016-12-19,Nongzhanguan,2016-12-19,12 Dec,Winter,24,24,233.2,238.2,26.6,116.9,4383,9.5,0.5,0.7,100
Nongzhanguan 2016-12-20,Nongzhanguan,2016-12-20,12 Dec,Winter,24,24,357,372.4,6.9,118.2,7796,10.3,-1.3,1.2,100
Nongzhanguan 2016-12-21,Nongzhanguan,2016-12-21,12 Dec,Winter,24,24,371.8,384.8,11.7,132.6,7650,8.9,1,1,100
Nongzhanguan 2016-12-22,Nongzhanguan,2016-12-22,12 Dec,Winter,24,23,80,87.3,6.8,44.6,1617,45.2,2.9,3.3,95.8
Nongzhanguan 2016-12-23,Nongzhanguan,2016-12-23,12 Dec,Winter,24,22,33,46.5,9.4,52.1,721,23.5,-0.6,1.5,91.7
Nongzhanguan 2016-12-24,Nongzhanguan,2016-12-24,12 Dec,Winter,24,24,128.7,158,30,89.1,2796,6.8,-0.6,1.2,100
Nongzhanguan 2016-12-25,Nongzhanguan,2016-12-25,12 Dec,Winter,24,16,,,,,,,-1.2,1,66.7
Nongzhanguan 2016-12-26,Nongzhanguan,2016-12-26,12 Dec,Winter,24,24,54.3,59.1,20.2,59.1,1100,22.9,1.5,1.6,100
Nongzhanguan 2016-12-27,Nongzhanguan,2016-12-27,12 Dec,Winter,24,24,36.9,53,10.8,47,825,30.8,-0.9,2.1,100
Nongzhanguan 2016-12-28,Nongzhanguan,2016-12-28,12 Dec,Winter,24,20,81.6,93.5,,,,,-0.8,2.7,83.3
Nongzhanguan 2016-12-29,Nongzhanguan,2016-12-29,12 Dec,Winter,24,22,69.3,96.2,11.8,,,,-1.2,1.6,91.7
Nongzhanguan 2016-12-30,Nongzhanguan,2016-12-30,12 Dec,Winter,24,20,274,310,22.6,106.3,3860,,-3.1,1.1,83.3
Nongzhanguan 2016-12-31,Nongzhanguan,2016-12-31,12 Dec,Winter,24,24,334.3,377.1,21.9,126.7,4929,9.8,-2.5,0.9,100
Shunyi 2016-01-01,Shunyi,2016-01-01,01 Jan,Winter,24,23,189.7,189.7,24.1,84.2,3043,8.7,-1.7,0.9,95.8
Shunyi 2016-01-02,Shunyi,2016-01-02,01 Jan,Winter,24,24,324.5,324.5,29.5,107,3978,8.8,-0.4,0.9,100
Shunyi 2016-01-03,Shunyi,2016-01-03,01 Jan,Winter,24,23,284.3,284.3,18.2,92.2,4143,9.8,-1.8,0.9,95.8
Shunyi 2016-01-04,Shunyi,2016-01-04,01 Jan,Winter,24,24,56.5,56.5,5.7,37.5,891,40.3,-1.2,1.8,100
Shunyi 2016-01-05,Shunyi,2016-01-05,01 Jan,Winter,24,24,16.8,17.5,3,27.5,617,43.4,-3.1,2.5,100
Shunyi 2016-01-06,Shunyi,2016-01-06,01 Jan,Winter,24,24,16.8,18.8,4.2,25.3,482,40.2,-2.8,2.1,100
Shunyi 2016-01-07,Shunyi,2016-01-07,01 Jan,Winter,24,24,14.6,17.5,2.4,24.8,425,43.1,-3.3,3.2,100
Shunyi 2016-01-08,Shunyi,2016-01-08,01 Jan,Winter,24,24,19.5,21.2,8.3,32,645,35.5,-3.8,1.6,100
Shunyi 2016-01-09,Shunyi,2016-01-09,01 Jan,Winter,24,24,52.2,55.7,19.5,57.7,1242,15.5,-3.4,1.3,100
Shunyi 2016-01-10,Shunyi,2016-01-10,01 Jan,Winter,24,23,36.4,40,15,36.4,900,35.3,-2.1,1.9,95.8
Shunyi 2016-01-11,Shunyi,2016-01-11,01 Jan,Winter,24,24,11.3,13.6,3,16.5,454,59.2,-5.6,1.9,100
Shunyi 2016-01-12,Shunyi,2016-01-12,01 Jan,Winter,24,24,12,21.5,5.3,18,417,47.8,-6,3.4,100
Shunyi 2016-01-13,Shunyi,2016-01-13,01 Jan,Winter,24,24,16.2,20.6,6.3,28,417,46.4,-3.1,2.5,100
Shunyi 2016-01-14,Shunyi,2016-01-14,01 Jan,Winter,24,24,51.1,62.1,14.8,59.3,1317,18.8,-2.5,1.9,100
Shunyi 2016-01-15,Shunyi,2016-01-15,01 Jan,Winter,24,24,117.3,124.8,30.1,77.3,2413,12.6,-1.8,1.5,100
Shunyi 2016-01-16,Shunyi,2016-01-16,01 Jan,Winter,24,24,132.8,133.3,40.8,69.3,2909,10.1,-2.2,1.6,100
Shunyi 2016-01-17,Shunyi,2016-01-17,01 Jan,Winter,24,24,52.8,53.4,5.7,32.5,954,46.8,-6.6,1.9,100
Shunyi 2016-01-18,Shunyi,2016-01-18,01 Jan,Winter,24,23,12.8,25.3,3.6,13.8,523,53.4,-9.4,3.6,95.8
Shunyi 2016-01-19,Shunyi,2016-01-19,01 Jan,Winter,24,24,47.8,59.6,15.5,51,1200,26.3,-8,1.4,100
Shunyi 2016-01-20,Shunyi,2016-01-20,01 Jan,Winter,24,24,91.2,99.2,40,62.6,2413,7.3,-6.4,1.3,100
Shunyi 2016-01-21,Shunyi,2016-01-21,01 Jan,Winter,24,24,128.8,128.9,23.7,59,2533,9,-5.3,1.3,100
Shunyi 2016-01-22,Shunyi,2016-01-22,01 Jan,Winter,24,24,31,36.5,6.5,15.3,875,53,-9.9,3.9,100
Shunyi 2016-01-23,Shunyi,2016-01-23,01 Jan,Winter,24,24,10.3,37.8,2,8.4,825,63.4,-15.3,5.8,100
Shunyi 2016-01-24,Shunyi,2016-01-24,01 Jan,Winter,24,24,13.3,56,4.9,15.3,333,56.7,-9.2,5.6,100
Shunyi 2016-01-25,Shunyi,2016-01-25,01 Jan,Winter,24,24,22.8,34.9,10.1,29.7,208,46.8,-3.7,3.5,100
Shunyi 2016-01-26,Shunyi,2016-01-26,01 Jan,Winter,24,24,26.8,51.8,11.3,32.3,586,42.7,-2,3,100
Shunyi 2016-01-27,Shunyi,2016-01-27,01 Jan,Winter,24,24,110.2,113.1,33.8,73.4,2138,14.7,-4,1.2,100
Shunyi 2016-01-28,Shunyi,2016-01-28,01 Jan,Winter,24,24,119.4,121.5,29.6,62.6,1905,23.6,-2.6,1.5,100
Shunyi 2016-01-29,Shunyi,2016-01-29,01 Jan,Winter,24,24,86.3,98.7,40.8,64.1,2175,13,-4.8,1.4,100
Shunyi 2016-01-30,Shunyi,2016-01-30,01 Jan,Winter,24,24,64.9,66.5,15.1,37.4,1454,34.8,-6.3,1.6,100
Shunyi 2016-01-31,Shunyi,2016-01-31,01 Jan,Winter,24,24,15.6,20.8,5.1,22.4,517,60.2,-5,2.5,100
Shunyi 2016-02-01,Shunyi,2016-02-01,02 Feb,Winter,24,23,12.5,16.7,5.5,20,458,56.1,-2.4,2.3,95.8
Shunyi 2016-02-02,Shunyi,2016-02-02,02 Feb,Winter,24,24,27.6,29.6,10,30.7,704,54.8,-2.1,1.9,100
Shunyi 2016-02-03,Shunyi,2016-02-03,02 Feb,Winter,24,24,34.2,36.6,12.9,38,833,40.3,-1.5,1.4,100
Shunyi 2016-02-04,Shunyi,2016-02-04,02 Feb,Winter,24,24,18.8,20.2,5.4,19.8,492,64.2,-0.1,1.8,100
Shunyi 2016-02-05,Shunyi,2016-02-05,02 Feb,Winter,24,24,8.8,16.5,3.3,10.1,313,68.5,0.1,4.5,100
Shunyi 2016-02-06,Shunyi,2016-02-06,02 Feb,Winter,24,24,21.5,23.7,6.5,21.8,525,60.7,-0.5,2.1,100
Shunyi 2016-02-07,Shunyi,2016-02-07,02 Feb,Winter,24,22,64.3,80.4,16.7,31,967,41.7,-0.2,2.1,91.7
Shunyi 2016-02-08,Shunyi,2016-02-08,02 Feb,Winter,24,24,241.5,206.5,47.5,32,1108,46,3.4,2.7,100
Shunyi 2016-02-09,Shunyi,2016-02-09,02 Feb,Winter,24,24,42.5,44.1,13.7,22.6,854,55.3,3.2,1.4,100
Shunyi 2016-02-10,Shunyi,2016-02-10,02 Feb,Winter,24,24,116.8,117.3,39.7,54.3,2483,30.3,1.7,1,100
Shunyi 2016-02-11,Shunyi,2016-02-11,02 Feb,Winter,24,24,207.3,207.9,43.6,72.5,3914,9,3.4,0.9,100
Shunyi 2016-02-12,Shunyi,2016-02-12,02 Feb,Winter,24,24,164.2,164.3,17.1,47.3,2350,32.8,4.3,1.3,100
Shunyi 2016-02-13,Shunyi,2016-02-13,02 Feb,Winter,24,24,10.8,11,3,10.5,357,54.6,0.2,5.1,100
Shunyi 2016-02-14,Shunyi,2016-02-14,02 Feb,Winter,24,24,7.2,9.5,2.1,8.9,304,70.4,-4.2,5.1,100
Shunyi 2016-02-15,Shunyi,2016-02-15,02 Feb,Winter,24,24,12.1,33.8,4.7,15.5,209,57.8,-1.3,3.6,100
Shunyi 2016-02-16,Shunyi,2016-02-16,02 Feb,Winter,24,23,9.4,29.3,2.4,9.2,,50,3.2,3.2,95.8
Shunyi 2016-02-17,Shunyi,2016-02-17,02 Feb,Winter,24,24,36.5,39.7,13.7,46.3,800,36.3,3.3,1.7,100
Shunyi 2016-02-18,Shunyi,2016-02-18,02 Feb,Winter,24,24,17.7,24.8,6.8,26.4,400,57,4.9,3.2,100
Shunyi 2016-02-19,Shunyi,2016-02-19,02 Feb,Winter,24,24,11.5,16.8,5.9,17.7,429,56,2.5,2.5,100
Shunyi 2016-02-20,Shunyi,2016-02-20,02 Feb,Winter,24,23,16.4,24,7.3,24.1,422,54.2,-0.5,2.9,95.8
Shunyi 2016-02-21,Shunyi,2016-02-21,02 Feb,Winter,24,24,74.5,80.3,21.3,44.4,1192,29.1,-0.2,2.1,100
Shunyi 2016-02-22,Shunyi,2016-02-22,02 Feb,Winter,24,24,80.2,83.7,16.6,40.5,1233,39,1.8,2.5,100
Shunyi 2016-02-23,Shunyi,2016-02-23,02 Feb,Winter,24,24,9.2,10.7,3.3,11.5,286,67.2,-0.5,3.3,100
Shunyi 2016-02-24,Shunyi,2016-02-24,02 Feb,Winter,24,24,22.4,32.3,5.4,23.3,495,36.2,-0.3,2.2,100
Shunyi 2016-02-25,Shunyi,2016-02-25,02 Feb,Winter,24,23,30.4,40.2,10.5,39.1,676,35.2,0.9,1.8,95.8
Shunyi 2016-02-26,Shunyi,2016-02-26,02 Feb,Winter,24,24,38.7,50.8,15.3,56.3,879,28.9,2.4,1.9,100
Shunyi 2016-02-27,Shunyi,2016-02-27,02 Feb,Winter,24,24,26.5,32.5,7.9,30.2,546,46.9,3.6,1.9,100
Shunyi 2016-02-28,Shunyi,2016-02-28,02 Feb,Winter,24,24,35.6,44.2,7.6,27.4,875,48.7,0.6,3.3,100
Shunyi 2016-02-29,Shunyi,2016-02-29,02 Feb,Winter,24,24,28.9,31,8.8,30.5,588,47.8,-0.6,2.2,100
Shunyi 2016-03-01,Shunyi,2016-03-01,03 Mar,Spring,24,24,117.2,118.5,26.3,79.8,1908,19.7,2.6,1.3,100
Shunyi 2016-03-02,Shunyi,2016-03-02,03 Mar,Spring,24,24,163.9,164,26.6,79.7,2018,36.9,7.6,1.4,100
Shunyi 2016-03-03,Shunyi,2016-03-03,03 Mar,Spring,24,23,301.1,301.2,50,104,3226,31.1,8,1.1,95.8
Shunyi 2016-03-04,Shunyi,2016-03-04,03 Mar,Spring,24,23,375,375,35.1,110.1,4922,6,5.8,0.9,95.8
Shunyi 2016-03-05,Shunyi,2016-03-05,03 Mar,Spring,24,24,50,186.9,3.3,19.8,408,65.3,8.9,3.4,100
Shunyi 2016-03-06,Shunyi,2016-03-06,03 Mar,Spring,24,23,62.9,128.8,25.6,51,1252,22.7,5,1.4,95.8
Shunyi 2016-03-07,Shunyi,2016-03-07,03 Mar,Spring,24,23,45.9,82,10.9,36,1078,46.7,5.5,3.1,95.8
Shunyi 2016-03-08,Shunyi,2016-03-08,03 Mar,Spring,24,24,7.7,17.9,2.8,11.4,263,60.7,1.5,2.8,100
Shunyi 2016-03-09,Shunyi,2016-03-09,03 Mar,Spring,24,22,13.1,16,3,19.6,354,57.1,0.8,2.4,91.7
Shunyi 2016-03-10,Shunyi,2016-03-10,03 Mar,Spring,24,24,12.8,44.4,4.2,20.1,378,55.7,2.2,3.4,100
Shunyi 2016-03-11,Shunyi,2016-03-11,03 Mar,Spring,24,24,20.3,42.7,5.8,26.3,446,,2.8,1.7,100
Shunyi 2016-03-12,Shunyi,2016-03-12,03 Mar,Spring,24,24,127.6,143.7,42.4,81.2,1818,19.4,3,1.2,100
Shunyi 2016-03-13,Shunyi,2016-03-13,03 Mar,Spring,24,20,77.3,82.8,14.2,53.5,1067,43,5.7,1.9,83.3
Shunyi 2016-03-14,Shunyi,2016-03-14,03 Mar,Spring,24,23,79.3,106.6,14.8,65,1205,29.3,7.4,1.6,95.8
Shunyi 2016-03-15,Shunyi,2016-03-15,03 Mar,Spring,24,20,149.3,186.4,39.8,92.9,1925,17.9,8.1,1.4,83.3
Shunyi 2016-03-16,Shunyi,2016-03-16,03 Mar,Spring,24,23,260.7,272,31,79.2,2122,54,8.9,1.5,95.8
Shunyi 2016-03-17,Shunyi,2016-03-17,03 Mar,Spring,24,24,264.2,264.3,35.2,97.5,1925,47.9,10.5,1.1,100
Shunyi 2016-03-18,Shunyi,2016-03-18,03 Mar,Spring,24,23,167,167,8.3,44.4,1073,71.5,13.7,2.2,95.8
Shunyi 2016-03-19,Shunyi,2016-03-19,03 Mar,Spring,24,24,69.8,100.5,26.5,48.3,1342,56.7,11.7,2,100
Shunyi 2016-03-20,Shunyi,2016-03-20,03 Mar,Spring,24,24,65.8,90.3,11.1,60.8,864,40.9,11.1,1.4,100
Shunyi 2016-03-21,Shunyi,2016-03-21,03 Mar,Spring,24,24,125.8,158,20.8,90.3,1263,45.5,11.8,1.5,100
Shunyi 2016-03-22,Shunyi,2016-03-22,03 Mar,Spring,24,24,100.7,148.1,18.1,73.1,1152,16.7,12.9,1.9,100
Shunyi 2016-03-23,Shunyi,2016-03-23,03 Mar,Spring,24,23,16.5,28.4,3.8,18.2,443,67.1,9.9,2.7,95.8
Shunyi 2016-03-24,Shunyi,2016-03-24,03 Mar,Spring,24,23,15,19.4,3.2,28.7,367,55.6,8.2,1.5,95.8
Shunyi 2016-03-25,Shunyi,2016-03-25,03 Mar,Spring,24,24,16,23.8,3.3,32.9,375,61,8.6,1.4,100
Shunyi 2016-03-26,Shunyi,2016-03-26,03 Mar,Spring,24,24,22.2,30,4,39.5,457,44.7,11.6,1.8,100
Shunyi 2016-03-27,Shunyi,2016-03-27,03 Mar,Spring,24,24,16.6,35.2,2.1,9.5,154,,15.2,2.1,100
Shunyi 2016-03-28,Shunyi,2016-03-28,03 Mar,Spring,24,24,84.4,155,19.5,70.8,818,35.3,14.4,2,100
Shunyi 2016-03-29,Shunyi,2016-03-29,03 Mar,Spring,24,22,14.7,40.9,4.1,34.5,345,63.3,16.3,2.6,91.7
Shunyi 2016-03-30,Shunyi,2016-03-30,03 Mar,Spring,24,24,27.9,51.3,9,25.9,632,74.5,15.6,2.5,100
Shunyi 2016-03-31,Shunyi,2016-03-31,03 Mar,Spring,24,24,163.3,194.2,22.7,43.4,,62.3,15.8,1.8,100
Shunyi 2016-04-01,Shunyi,2016-04-01,04 Apr,Spring,24,17,,117.7,5.2,22.8,391,62.6,17.4,3.5,70.8
Shunyi 2016-04-02,Shunyi,2016-04-02,04 Apr,Spring,24,23,15.7,25.3,2,13.4,171,75.9,15,2.9,95.8
Shunyi 2016-04-03,Shunyi,2016-04-03,04 Apr,Spring,24,24,25.5,48.8,2.6,26.5,296,62.8,14.4,1.8,100
Shunyi 2016-04-04,Shunyi,2016-04-04,04 Apr,Spring,24,24,96.4,111,12.3,58.4,592,57.5,14.8,2,100
Shunyi 2016-04-05,Shunyi,2016-04-05,04 Apr,Spring,24,21,134.1,136,16.7,48.1,1057,71.6,15.2,2.4,87.5
Shunyi 2016-04-06,Shunyi,2016-04-06,04 Apr,Spring,24,16,,,27.6,73.1,2067,40.8,14.3,1.4,66.7
Shunyi 2016-04-07,Shunyi,2016-04-07,04 Apr,Spring,24,22,114.4,129.8,4.3,41.9,900,52.7,17.3,2.8,91.7
Shunyi 2016-04-08,Shunyi,2016-04-08,04 Apr,Spring,24,24,17.9,68.1,4.1,33.5,267,70,18.1,3.2,100
Shunyi 2016-04-09,Shunyi,2016-04-09,04 Apr,Spring,24,24,79.3,222.3,3.3,,205,2.2,15.6,2.3,100
Shunyi 2016-04-10,Shunyi,2016-04-10,04 Apr,Spring,24,24,53.6,172.9,2,,100,2,12.7,2.3,100
Shunyi 2016-04-11,Shunyi,2016-04-11,04 Apr,Spring,24,23,41.5,81.2,7.1,29.8,443,66.8,10.4,2.6,95.8
Shunyi 2016-04-12,Shunyi,2016-04-12,04 Apr,Spring,24,24,95.3,97.3,5.3,44.1,704,47.3,11.1,1.5,100
Shunyi 2016-04-13,Shunyi,2016-04-13,04 Apr,Spring,24,23,158.2,175,7.1,63.2,1104,41.3,16.8,2.6,95.8
Shunyi 2016-04-14,Shunyi,2016-04-14,04 Apr,Spring,24,23,22.8,76.3,3.2,20.7,196,85,18,3.1,95.8
Shunyi 2016-04-15,Shunyi,2016-04-15,04 Apr,Spring,24,24,63.9,87.1,18.5,62.1,1091,43.3,15.5,1.6,100
Shunyi 2016-04-16,Shunyi,2016-04-16,04 Apr,Spring,24,7,,,2.8,20.7,257,56.5,15.3,3.6,29.2
Shunyi 2016-04-17,Shunyi,2016-04-17,04 Apr,Spring,24,21,10.9,28.7,2.3,19.2,288,68.8,15.2,3.6,87.5
Shunyi 2016-04-18,Shunyi,2016-04-18,04 Apr,Spring,24,24,16.9,28.3,2.3,28.9,254,66.8,14.7,2.7,100
Shunyi 2016-04-19,Shunyi,2016-04-19,04 Apr,Spring,24,20,84.7,97.3,16.1,,881,26.5,12.6,1.9,83.3
Shunyi 2016-04-20,Shunyi,2016-04-20,04 Apr,Spring,24,19,,,7.6,30.1,1887,79.6,18,1.9,79.2
Shunyi 2016-04-21,Shunyi,2016-04-21,04 Apr,Spring,24,22,118.4,166,9.5,55.3,2565,54.9,20.2,2.8,91.7
Shunyi 2016-04-22,Shunyi,2016-04-22,04 Apr,Spring,24,24,42.6,134.7,2,27.3,196,76.8,18.5,2.7,100
Shunyi 2016-04-23,Shunyi,2016-04-23,04 Apr,Spring,24,24,17.8,50.2,4.1,24.4,304,67.9,16.9,2.4,100
Shunyi 2016-04-24,Shunyi,2016-04-24,04 Apr,Spring,24,24,82,137.9,20.6,56.4,775,68.5,17.8,2,100
Shunyi 2016-04-25,Shunyi,2016-04-25,04 Apr,Spring,24,24,85.8,139,12.2,32.4,771,105.4,21.3,3.1,100
Shunyi 2016-04-26,Shunyi,2016-04-26,04 Apr,Spring,24,22,72,135.8,27.9,50.4,1605,90.6,17.9,2,91.7
Shunyi 2016-04-27,Shunyi,2016-04-27,04 Apr,Spring,24,23,94.4,111.9,7.5,75.3,1035,44.6,14.6,1.3,95.8
Shunyi 2016-04-28,Shunyi,2016-04-28,04 Apr,Spring,24,24,79.5,103.2,6,45.2,863,97.3,18.3,2.4,100
Shunyi 2016-04-29,Shunyi,2016-04-29,04 Apr,Spring,24,24,129.7,147.3,15.8,42.8,1364,112,18.3,1.8,100
Shunyi 2016-04-30,Shunyi,2016-04-30,04 Apr,Spring,24,24,189.1,189.5,6.3,40.5,1117,139.2,21.9,2.3,100
Shunyi 2016-05-01,Shunyi,2016-05-01,05 May,Spring,24,13,,,,,,,23.1,1.3,54.2
Shunyi 2016-05-02,Shunyi,2016-05-02,05 May,Spring,24,0,,,,,,,15.4,2.6,0
Shunyi 2016-05-03,Shunyi,2016-05-03,05 May,Spring,24,3,,,,,,,18.3,3.2,12.5
Shunyi 2016-05-04,Shunyi,2016-05-04,05 May,Spring,24,20,14.2,42,2.5,45.9,217,59.9,19.9,1.8,83.3
Shunyi 2016-05-05,Shunyi,2016-05-05,05 May,Spring,24,24,39.8,77.2,11.8,46.3,861,65.1,20.6,2,100
Shunyi 2016-05-06,Shunyi,2016-05-06,05 May,Spring,24,24,64.6,132,2,11.8,183,80.2,20.2,5,100
Shunyi 2016-05-07,Shunyi,2016-05-07,05 May,Spring,24,23,18,36.5,3.1,26.7,330,72.2,20.5,2,95.8
Shunyi 2016-05-08,Shunyi,2016-05-08,05 May,Spring,24,24,53.2,92.6,14.8,48,821,77.7,19.9,2.6,100
Shunyi 2016-05-09,Shunyi,2016-05-09,05 May,Spring,24,24,27.6,53.5,3.5,34.4,433,53.5,17.9,1.7,100
Shunyi 2016-05-10,Shunyi,2016-05-10,05 May,Spring,24,24,25.9,45.1,2.3,30.8,333,87.7,20.7,1.8,100
Shunyi 2016-05-11,Shunyi,2016-05-11,05 May,Spring,24,24,118.9,132.7,4,37.1,917,124.5,22.7,2.4,100
Shunyi 2016-05-12,Shunyi,2016-05-12,05 May,Spring,24,24,30.5,43.5,2,32,388,59.7,17.3,3,100
Shunyi 2016-05-13,Shunyi,2016-05-13,05 May,Spring,24,24,27.9,49.6,3.7,41,414,61.9,17.1,2.6,100
Shunyi 2016-05-14,Shunyi,2016-05-14,05 May,Spring,24,24,41.4,45.8,2.8,44,588,52.3,13.8,1.7,100
Shunyi 2016-05-15,Shunyi,2016-05-15,05 May,Spring,24,24,33.9,38.4,2.2,33.8,323,42.5,17.2,1.8,100
Shunyi 2016-05-16,Shunyi,2016-05-16,05 May,Spring,24,24,18.8,42.9,2.8,36.3,,56.2,21.3,2.4,100
Shunyi 2016-05-17,Shunyi,2016-05-17,05 May,Spring,24,24,60,97.3,9,53.5,523,119.8,23.9,2.1,100
Shunyi 2016-05-18,Shunyi,2016-05-18,05 May,Spring,24,24,59,91.8,3.5,48,546,122.9,24.2,2.2,100
Shunyi 2016-05-19,Shunyi,2016-05-19,05 May,Spring,24,24,90.7,106.1,10.7,47.9,809,173.4,23.9,2.2,100
Shunyi 2016-05-20,Shunyi,2016-05-20,05 May,Spring,24,24,79.1,88.7,17.1,44.5,867,146.1,23,2,100
Shunyi 2016-05-21,Shunyi,2016-05-21,05 May,Spring,24,24,51.5,65.4,,,,,22.6,1.6,100
Shunyi 2016-05-22,Shunyi,2016-05-22,05 May,Spring,24,23,46.4,81,,,,,23.3,1.6,95.8
Shunyi 2016-05-23,Shunyi,2016-05-23,05 May,Spring,24,24,60,83.1,,,,,20.4,2.1,100
Shunyi 2016-05-24,Shunyi,2016-05-24,05 May,Spring,24,24,15.2,27.8,2.3,28.4,254,73,21.2,2.7,100
Shunyi 2016-05-25,Shunyi,2016-05-25,05 May,Spring,24,23,12.4,24.1,2.3,27,257,79.2,20.9,2.1,95.8
Shunyi 2016-05-26,Shunyi,2016-05-26,05 May,Spring,24,24,18,35.3,2.1,40.3,208,71,23.7,2.4,100
Shunyi 2016-05-27,Shunyi,2016-05-27,05 May,Spring,24,24,50.3,88.7,10.2,61,468,93.8,23.6,2.3,100
Shunyi 2016-05-28,Shunyi,2016-05-28,05 May,Spring,24,24,46.9,68.9,5.4,53.7,458,105.4,23.6,2.2,100
Shunyi 2016-05-29,Shunyi,2016-05-29,05 May,Spring,24,24,29.9,49,3.3,33,363,94.1,24.4,2.5,100
Shunyi 2016-05-30,Shunyi,2016-05-30,05 May,Spring,24,24,80.6,119.2,12.8,56.5,858,146.3,25.9,1.6,100
Shunyi 2016-05-31,Shunyi,2016-05-31,05 May,Spring,24,24,58.8,95.5,14.4,42.8,1148,70,24.6,1.9,100
Shunyi 2016-06-01,Shunyi,2016-06-01,06 Jun,Summer,24,24,27.7,48.5,5.5,41.3,563,81.9,24,1.6,100
Shunyi 2016-06-02,Shunyi,2016-06-02,06 Jun,Summer,24,24,43.7,64.7,7,55.4,583,116.9,25.1,1.9,100
Shunyi 2016-06-03,Shunyi,2016-06-03,06 Jun,Summer,24,24,69,85.3,15.5,58.2,958,134.7,24.2,1.7,100
Shunyi 2016-06-04,Shunyi,2016-06-04,06 Jun,Summer,24,24,93.2,109.9,9,46.2,838,147.7,26.1,2,100
Shunyi 2016-06-05,Shunyi,2016-06-05,06 Jun,Summer,24,24,61.1,66.8,6.7,32.5,692,130.4,24.4,2.2,100
Shunyi 2016-06-06,Shunyi,2016-06-06,06 Jun,Summer,24,23,74.3,76.4,3.3,27.4,823,149.5,23.9,1.9,95.8
Shunyi 2016-06-07,Shunyi,2016-06-07,06 Jun,Summer,24,24,56.8,76.1,2,23.8,725,101.4,22.3,1.9,100
Shunyi 2016-06-08,Shunyi,2016-06-08,06 Jun,Summer,24,24,121.1,121.2,2,30.6,1064,125.5,24.6,1.7,100
Shunyi 2016-06-09,Shunyi,2016-06-09,06 Jun,Summer,24,23,107.8,121,2.8,14.3,430,,26.4,2.8,95.8
Shunyi 2016-06-10,Shunyi,2016-06-10,06 Jun,Summer,24,23,64,64.7,2,16.9,529,124.2,24.3,2.1,95.8
Shunyi 2016-06-11,Shunyi,2016-06-11,06 Jun,Summer,24,24,7.8,16.1,2,21.4,188,79.5,25.8,2,100
Shunyi 2016-06-12,Shunyi,2016-06-12,06 Jun,Summer,24,24,72.8,78.1,8.2,25.2,1059,151.7,25.2,1.7,100
Shunyi 2016-06-13,Shunyi,2016-06-13,06 Jun,Summer,24,24,44.2,44.2,,13.7,388,56.3,19.7,1.5,100
Shunyi 2016-06-14,Shunyi,2016-06-14,06 Jun,Summer,24,24,28.8,29.5,2.2,15.8,463,71.8,19.2,1.8,100
Shunyi 2016-06-15,Shunyi,2016-06-15,06 Jun,Summer,24,24,13.6,18.3,2,18.4,308,90.9,23,1.2,100
Shunyi 2016-06-16,Shunyi,2016-06-16,06 Jun,Summer,24,23,18.4,28.5,2.3,33.2,374,77.3,26.3,1.6,95.8
Shunyi 2016-06-17,Shunyi,2016-06-17,06 Jun,Summer,24,24,18.1,30.5,2.1,28.3,317,68,25.4,1.8,100
Shunyi 2016-06-18,Shunyi,2016-06-18,06 Jun,Summer,24,24,36.8,54.8,2.6,38.9,538,105.3,26.2,2,100
Shunyi 2016-06-19,Shunyi,2016-06-19,06 Jun,Summer,24,24,63.8,76.5,2.1,44.8,746,130.8,28.2,1.8,100
Shunyi 2016-06-20,Shunyi,2016-06-20,06 Jun,Summer,24,23,99.2,100.5,2.1,24,978,183,27.6,2,95.8
Shunyi 2016-06-21,Shunyi,2016-06-21,06 Jun,Summer,24,23,83.1,86.2,2,23.1,774,136.7,27.4,1.9,95.8
Shunyi 2016-06-22,Shunyi,2016-06-22,06 Jun,Summer,24,23,57.1,61.7,2.1,28.5,722,143.5,27,1.8,95.8
Shunyi 2016-06-23,Shunyi,2016-06-23,06 Jun,Summer,24,22,104.4,103.9,2.7,25.8,1296,82.9,26.5,1.8,91.7
Shunyi 2016-06-24,Shunyi,2016-06-24,06 Jun,Summer,24,22,12.5,15.8,2.4,26.7,2957,52.5,25.5,1.5,91.7
Shunyi 2016-06-25,Shunyi,2016-06-25,06 Jun,Summer,24,24,20.3,36.3,2.2,36.8,525,84.5,28.2,1.5,100
Shunyi 2016-06-26,Shunyi,2016-06-26,06 Jun,Summer,24,24,45.4,73.1,4.4,42.2,478,119,29.3,2.3,100
Shunyi 2016-06-27,Shunyi,2016-06-27,06 Jun,Summer,24,24,64.3,82.6,5.5,39.5,709,75.2,25.9,1.9,100
Shunyi 2016-06-28,Shunyi,2016-06-28,06 Jun,Summer,24,24,49.2,49.3,2.2,23.2,513,69.6,20.7,1.8,100
Shunyi 2016-06-29,Shunyi,2016-06-29,06 Jun,Summer,24,24,91,91,2,25.4,679,95.7,24.1,1.4,100
Shunyi 2016-06-30,Shunyi,2016-06-30,06 Jun,Summer,24,24,37.7,42.2,2.1,24.3,450,108.5,26.2,1.7,100
Shunyi 2016-07-01,Shunyi,2016-07-01,07 Jul,Summer,24,22,10.8,21.5,2,23.5,283,63.8,27.3,1.8,91.7
Shunyi 2016-07-02,Shunyi,2016-07-02,07 Jul,Summer,24,22,66.1,73.4,2,28.8,668,85,27.4,1.7,91.7
Shunyi 2016-07-03,Shunyi,2016-07-03,07 Jul,Summer,24,24,65.5,86.8,2.4,35.2,729,87.1,27.7,1.8,100
Shunyi 2016-07-04,Shunyi,2016-07-04,07 Jul,Summer,24,22,117.8,121.2,2.5,23.3,1419,103.5,27.8,2,91.7
Shunyi 2016-07-05,Shunyi,2016-07-05,07 Jul,Summer,24,22,81.3,92.5,2.9,28,958,119.9,27.6,1.9,91.7
Shunyi 2016-07-06,Shunyi,2016-07-06,07 Jul,Summer,24,24,83.3,99.5,2.9,30.4,977,165.4,28.4,1.8,100
Shunyi 2016-07-07,Shunyi,2016-07-07,07 Jul,Summer,24,24,113.9,120.3,3.3,26,1292,160.3,28.2,2.1,100
Shunyi 2016-07-08,Shunyi,2016-07-08,07 Jul,Summer,24,24,77.5,82.6,2.1,21.3,1217,120.9,28,2.1,100
Shunyi 2016-07-09,Shunyi,2016-07-09,07 Jul,Summer,24,24,70,77.9,2,21.3,721,126.5,30,1.9,100
Shunyi 2016-07-10,Shunyi,2016-07-10,07 Jul,Summer,24,24,99.6,106.5,2,26.4,813,127.2,31.2,2,100
Shunyi 2016-07-11,Shunyi,2016-07-11,07 Jul,Summer,24,24,79.3,97,2.5,31,588,116.3,31.5,2.5,100
Shunyi 2016-07-12,Shunyi,2016-07-12,07 Jul,Summer,24,22,40.6,51.1,2,24.3,517,60.2,27.3,1.8,91.7
Shunyi 2016-07-13,Shunyi,2016-07-13,07 Jul,Summer,24,24,16.8,26.8,3.2,25.5,363,96,29.5,1.6,100
Shunyi 2016-07-14,Shunyi,2016-07-14,07 Jul,Summer,24,24,37.3,64.5,2.9,36.1,788,96.8,28.2,1.6,100
Shunyi 2016-07-15,Shunyi,2016-07-15,07 Jul,Summer,24,20,35.7,35.9,2,13.9,555,82,21.6,1.6,83.3
Shunyi 2016-07-16,Shunyi,2016-07-16,07 Jul,Summer,24,24,27.3,35.5,2.1,23.3,571,46.2,23.1,1.3,100
Shunyi 2016-07-17,Shunyi,2016-07-17,07 Jul,Summer,24,24,77.2,86,2,35,967,111.9,25.9,1.4,100
Shunyi 2016-07-18,Shunyi,2016-07-18,07 Jul,Summer,24,13,,,,,,,26,1.3,54.2
Shunyi 2016-07-19,Shunyi,2016-07-19,07 Jul,Summer,24,24,82.9,83.5,3.8,28,883,54.7,24.5,1.3,100
Shunyi 2016-07-20,Shunyi,2016-07-20,07 Jul,Summer,24,24,36,36.5,2,9.6,559,54.2,22.2,4.2,100
Shunyi 2016-07-21,Shunyi,2016-07-21,07 Jul,Summer,24,24,16.8,18.7,2,12.7,625,53.5,24.1,1.6,100
Shunyi 2016-07-22,Shunyi,2016-07-22,07 Jul,Summer,24,24,72.6,72.8,2.1,22.5,879,96.6,27.2,1.2,100
Shunyi 2016-07-23,Shunyi,2016-07-23,07 Jul,Summer,24,23,98,98,2,27.8,1013,99.2,28.3,1.6,95.8
Shunyi 2016-07-24,Shunyi,2016-07-24,07 Jul,Summer,24,24,53.7,58.9,2.1,20.8,721,96.7,28.4,1.4,100
Shunyi 2016-07-25,Shunyi,2016-07-25,07 Jul,Summer,24,24,32.8,33.5,2,19.1,583,81.9,27.7,1.4,100
Shunyi 2016-07-26,Shunyi,2016-07-26,07 Jul,Summer,24,24,16.5,28.3,2.3,17.9,408,93.3,28.6,1.5,100
Shunyi 2016-07-27,Shunyi,2016-07-27,07 Jul,Summer,24,24,48.4,66.3,2,29.9,621,125.1,28.1,1.8,100
Shunyi 2016-07-28,Shunyi,2016-07-28,07 Jul,Summer,24,24,44.1,54.2,2,31.3,636,110.6,27.2,0.9,100
Shunyi 2016-07-29,Shunyi,2016-07-29,07 Jul,Summer,24,24,116.6,118.2,2,28.9,1367,123.7,29,1.2,100
Shunyi 2016-07-30,Shunyi,2016-07-30,07 Jul,Summer,24,22,126.5,126.8,2.4,24.6,1768,86.6,27.6,1.5,91.7
Shunyi 2016-07-31,Shunyi,2016-07-31,07 Jul,Summer,24,24,43.4,44.5,2,21.9,883,81,25.4,1.1,100
Shunyi 2016-08-01,Shunyi,2016-08-01,08 Aug,Summer,24,24,45.2,51.8,2,23.7,1005,85,28.3,1.4,100
Shunyi 2016-08-02,Shunyi,2016-08-02,08 Aug,Summer,24,24,36.2,46.3,2,26.9,692,84.9,29.2,1.6,100
Shunyi 2016-08-03,Shunyi,2016-08-03,08 Aug,Summer,24,24,54.7,69.6,2.2,30.1,788,97.2,30,1.3,100
Shunyi 2016-08-04,Shunyi,2016-08-04,08 Aug,Summer,24,17,,122.3,2,31,1696,121.6,29.8,1.7,70.8
Shunyi 2016-08-05,Shunyi,2016-08-05,08 Aug,Summer,24,24,65,68.8,2.4,20.4,650,89.3,29,1.6,100
Shunyi 2016-08-06,Shunyi,2016-08-06,08 Aug,Summer,24,24,101.9,105.8,2,31.4,863,89.5,29.2,1.8,100
Shunyi 2016-08-07,Shunyi,2016-08-07,08 Aug,Summer,24,24,19.9,23.5,2.5,16.2,468,88.9,27.2,1.7,100
Shunyi 2016-08-08,Shunyi,2016-08-08,08 Aug,Summer,24,24,28.8,40.4,3.3,25.7,621,85,28,1.9,100
Shunyi 2016-08-09,Shunyi,2016-08-09,08 Aug,Summer,24,23,55,67.1,6.4,22.6,1190,126,27.5,1.6,95.8
Shunyi 2016-08-10,Shunyi,2016-08-10,08 Aug,Summer,24,23,99.5,104.4,3.3,17.3,952,101.7,29.9,2.2,95.8
Shunyi 2016-08-11,Shunyi,2016-08-11,08 Aug,Summer,24,24,81.1,89.3,2,29.7,805,93.5,30.8,1.7,100
Shunyi 2016-08-12,Shunyi,2016-08-12,08 Aug,Summer,24,24,60.3,66.5,2,43.2,721,35.2,28.2,1.3,100
Shunyi 2016-08-13,Shunyi,2016-08-13,08 Aug,Summer,24,24,21,29.8,2,29.9,527,20,26.4,1.3,100
Shunyi 2016-08-14,Shunyi,2016-08-14,08 Aug,Summer,24,24,17.9,37.6,2,28.6,467,72.5,28.4,1.6,100
Shunyi 2016-08-15,Shunyi,2016-08-15,08 Aug,Summer,24,24,27.1,34.3,2,29.7,655,60.6,24.8,1.5,100
Shunyi 2016-08-16,Shunyi,2016-08-16,08 Aug,Summer,24,24,25,41.4,2,30,517,85.8,25.9,1.5,100
Shunyi 2016-08-17,Shunyi,2016-08-17,08 Aug,Summer,24,24,59,76.1,2,38.8,733,32.6,25.3,1,100
Shunyi 2016-08-18,Shunyi,2016-08-18,08 Aug,Summer,24,24,66.3,66.4,2,18.5,1213,37.5,23.2,1.4,100
Shunyi 2016-08-19,Shunyi,2016-08-19,08 Aug,Summer,24,24,17.7,26.7,2,16,663,76.1,27.6,2.2,100
Shunyi 2016-08-20,Shunyi,2016-08-20,08 Aug,Summer,24,24,39.4,49.5,2,37,746,79.3,27.2,1.3,100
Shunyi 2016-08-21,Shunyi,2016-08-21,08 Aug,Summer,24,24,49,69,2,27.1,773,138.5,28.1,1.7,100
Shunyi 2016-08-22,Shunyi,2016-08-22,08 Aug,Summer,24,23,76.7,86.7,2.1,29.3,1161,116.2,28.6,1.6,95.8
Shunyi 2016-08-23,Shunyi,2016-08-23,08 Aug,Summer,24,24,71.7,83,2.5,37.5,964,80.7,26.9,1.5,100
Shunyi 2016-08-24,Shunyi,2016-08-24,08 Aug,Summer,24,24,76.2,86.5,2,33.9,838,101.9,27.6,1.4,100
Shunyi 2016-08-25,Shunyi,2016-08-25,08 Aug,Summer,24,24,35.3,43.1,2,23.4,332,53.1,26.4,2.5,100
Shunyi 2016-08-26,Shunyi,2016-08-26,08 Aug,Summer,24,24,11,28.6,2.1,32.7,292,49.3,23.1,1.3,100
Shunyi 2016-08-27,Shunyi,2016-08-27,08 Aug,Summer,24,24,14.5,33.9,2,40.2,314,41.5,23.7,1.7,100
Shunyi 2016-08-28,Shunyi,2016-08-28,08 Aug,Summer,24,23,11.1,25.2,2.1,35.5,204,51.4,24.8,1.6,95.8
Shunyi 2016-08-29,Shunyi,2016-08-29,08 Aug,Summer,24,24,19.8,47.3,6.8,43.8,441,64.5,24.8,1.6,100
Shunyi 2016-08-30,Shunyi,2016-08-30,08 Aug,Summer,24,24,29.8,61.7,,40.6,442,61.1,24.9,1.4,100
Shunyi 2016-08-31,Shunyi,2016-08-31,08 Aug,Summer,24,24,19,34.5,2.9,37.7,292,55.5,26.3,2.6,100
Shunyi 2016-09-01,Shunyi,2016-09-01,09 Sep,Autumn,24,22,5.7,23.4,4.3,20.7,163,50.3,24.3,2.5,91.7
Shunyi 2016-09-02,Shunyi,2016-09-02,09 Sep,Autumn,24,24,7.9,25.7,2.4,,210,10.2,23.7,1.5,100
Shunyi 2016-09-03,Shunyi,2016-09-03,09 Sep,Autumn,24,24,17,37.6,2,29.8,317,56.7,25,1.5,100
Shunyi 2016-09-04,Shunyi,2016-09-04,09 Sep,Autumn,24,14,,,,,,,24.9,1.9,58.3
Shunyi 2016-09-05,Shunyi,2016-09-05,09 Sep,Autumn,24,24,26,38,2,33,373,,24,1.6,100
Shunyi 2016-09-06,Shunyi,2016-09-06,09 Sep,Autumn,24,18,,,,,,,25.1,1.5,75
Shunyi 2016-09-07,Shunyi,2016-09-07,09 Sep,Autumn,24,13,,,,,,,24.2,1.6,54.2
Shunyi 2016-09-08,Shunyi,2016-09-08,09 Sep,Autumn,24,24,23.5,43.8,3,48.5,479,,23.6,1.2,100
Shunyi 2016-09-09,Shunyi,2016-09-09,09 Sep,Autumn,24,24,17.9,41.9,2,38.8,375,,24.3,1.6,100
Shunyi 2016-09-10,Shunyi,2016-09-10,09 Sep,Autumn,24,23,17,41.2,2.2,32.3,391,,24.5,1.8,95.8
Shunyi 2016-09-11,Shunyi,2016-09-11,09 Sep,Autumn,24,24,33.2,38.8,2,20,679,,21.1,1.8,100
Shunyi 2016-09-12,Shunyi,2016-09-12,09 Sep,Autumn,24,24,28.4,37,2.5,28.6,621,,22.5,1.5,100
Shunyi 2016-09-13,Shunyi,2016-09-13,09 Sep,Autumn,24,24,94.8,99.5,3.5,44.2,1188,,22.7,1.3,100
Shunyi 2016-09-14,Shunyi,2016-09-14,09 Sep,Autumn,24,16,,,,,,,23.1,1.2,66.7
Shunyi 2016-09-15,Shunyi,2016-09-15,09 Sep,Autumn,24,13,,,,,,,24.3,1.3,54.2
Shunyi 2016-09-16,Shunyi,2016-09-16,09 Sep,Autumn,24,16,,,,,,,24.2,1.4,66.7
Shunyi 2016-09-17,Shunyi,2016-09-17,09 Sep,Autumn,24,24,36.3,46.4,2.3,29,763,,21,1.3,100
Shunyi 2016-09-18,Shunyi,2016-09-18,09 Sep,Autumn,24,22,19.8,25,2.8,23.4,468,,18.4,1.5,91.7
Shunyi 2016-09-19,Shunyi,2016-09-19,09 Sep,Autumn,24,23,11.2,22.9,2.1,28.6,300,,18.6,1.4,95.8
Shunyi 2016-09-20,Shunyi,2016-09-20,09 Sep,Autumn,24,24,16.8,36.3,3.6,38.8,346,,19.3,1.6,100
Shunyi 2016-09-21,Shunyi,2016-09-21,09 Sep,Autumn,24,24,50.5,71,4.6,44.7,779,,18.1,1.6,100
Shunyi 2016-09-22,Shunyi,2016-09-22,09 Sep,Autumn,24,19,,,,,,,19.4,1.1,79.2
Shunyi 2016-09-23,Shunyi,2016-09-23,09 Sep,Autumn,24,23,142.3,142.3,3.5,46.3,1030,,21,1.2,95.8
Shunyi 2016-09-24,Shunyi,2016-09-24,09 Sep,Autumn,24,23,102,108.9,4.3,34.4,874,,22,1.5,95.8
Shunyi 2016-09-25,Shunyi,2016-09-25,09 Sep,Autumn,24,16,,,,,,,,,66.7
Shunyi 2016-09-26,Shunyi,2016-09-26,09 Sep,Autumn,24,24,59.7,60.8,3.7,38,1013,,19.2,1.1,100
Shunyi 2016-09-27,Shunyi,2016-09-27,09 Sep,Autumn,24,24,24.3,28.9,3.1,19.3,521,41,17.9,3,100
Shunyi 2016-09-28,Shunyi,2016-09-28,09 Sep,Autumn,24,24,11.9,26.9,2.9,23.5,342,35.3,14.5,1.4,100
Shunyi 2016-09-29,Shunyi,2016-09-29,09 Sep,Autumn,24,24,49.8,71.2,5.7,53.8,509,31.4,14.7,1.5,100
Shunyi 2016-09-30,Shunyi,2016-09-30,09 Sep,Autumn,24,24,96.6,106.8,9.6,62,677,63.1,17.2,1.3,100
Shunyi 2016-10-01,Shunyi,2016-10-01,10 Oct,Autumn,24,24,178.4,181.9,,10.5,188,3.3,18.8,1.2,100
Shunyi 2016-10-02,Shunyi,2016-10-02,10 Oct,Autumn,24,24,163.7,164.3,7.1,46.3,979,73.7,19.5,1.3,100
Shunyi 2016-10-03,Shunyi,2016-10-03,10 Oct,Autumn,24,24,109,121.2,4,46.5,971,57.5,22.7,1.5,100
Shunyi 2016-10-04,Shunyi,2016-10-04,10 Oct,Autumn,24,24,42,65.3,8,38.6,1383,10.3,16.5,2.1,100
Shunyi 2016-10-05,Shunyi,2016-10-05,10 Oct,Autumn,24,24,70.2,70.7,2.7,30.6,,18.5,16.2,1.4,100
Shunyi 2016-10-06,Shunyi,2016-10-06,10 Oct,Autumn,24,24,81,82.3,7.4,40.3,1579,6.3,15.2,1.8,100
Shunyi 2016-10-07,Shunyi,2016-10-07,10 Oct,Autumn,24,24,61.3,61.3,3.1,43.7,1621,9.8,12.9,1.6,100
Shunyi 2016-10-08,Shunyi,2016-10-08,10 Oct,Autumn,24,21,20.2,29.1,,,,,12,2.8,87.5
Shunyi 2016-10-09,Shunyi,2016-10-09,10 Oct,Autumn,24,16,,,,,,,10.1,1.4,66.7
Shunyi 2016-10-10,Shunyi,2016-10-10,10 Oct,Autumn,24,24,84,102.7,10.7,70.4,975,16.7,11.6,1,100
Shunyi 2016-10-11,Shunyi,2016-10-11,10 Oct,Autumn,24,24,128.8,133.4,12.1,60.4,1421,37.2,13.6,1.5,100
Shunyi 2016-10-12,Shunyi,2016-10-12,10 Oct,Autumn,24,24,82.9,97.1,12.3,64.6,1346,18.5,14.4,1,100
Shunyi 2016-10-13,Shunyi,2016-10-13,10 Oct,Autumn,24,23,140,159.9,8.1,82.8,1458,32.5,15.5,0.8,95.8
Shunyi 2016-10-14,Shunyi,2016-10-14,10 Oct,Autumn,24,24,244.5,247.2,5.8,97,1733,23.2,15.7,1.1,100
Shunyi 2016-10-15,Shunyi,2016-10-15,10 Oct,Autumn,24,24,145,145,4.8,69.7,1492,5.3,14.4,0.9,100
Shunyi 2016-10-16,Shunyi,2016-10-16,10 Oct,Autumn,24,24,120.8,120.9,4.3,62.9,1217,19.9,15.5,1.2,100
Shunyi 2016-10-17,Shunyi,2016-10-17,10 Oct,Autumn,24,24,58.6,70.5,2.3,46.6,733,34.5,15.6,1.6,100
Shunyi 2016-10-18,Shunyi,2016-10-18,10 Oct,Autumn,24,24,89.5,120.4,14.1,61.4,1800,6.9,15.7,1,100
Shunyi 2016-10-19,Shunyi,2016-10-19,10 Oct,Autumn,24,24,213.1,220.7,7.6,78.5,2113,19.2,17,0.9,100
Shunyi 2016-10-20,Shunyi,2016-10-20,10 Oct,Autumn,24,24,80.2,103.8,9.5,53.5,1404,17,14.2,1.9,100
Shunyi 2016-10-21,Shunyi,2016-10-21,10 Oct,Autumn,24,24,38.4,39.2,4.2,34.3,688,20.5,10.6,1.1,100
Shunyi 2016-10-22,Shunyi,2016-10-22,10 Oct,Autumn,24,24,11.3,15.1,2.4,19,475,32.2,12,2.5,100
Shunyi 2016-10-23,Shunyi,2016-10-23,10 Oct,Autumn,24,24,21.8,44.1,4.6,38.6,525,22.7,10.7,1.2,100
Shunyi 2016-10-24,Shunyi,2016-10-24,10 Oct,Autumn,24,24,64.2,102.1,3.2,54.1,946,2.8,8.9,1,100
Shunyi 2016-10-25,Shunyi,2016-10-25,10 Oct,Autumn,24,24,93.2,124,4.3,70.3,1304,7.6,10.9,1,100
Shunyi 2016-10-26,Shunyi,2016-10-26,10 Oct,Autumn,24,13,,,,,,,12.4,2.4,54.2
Shunyi 2016-10-27,Shunyi,2016-10-27,10 Oct,Autumn,24,7,,,,,,,8.9,1.3,29.2
Shunyi 2016-10-28,Shunyi,2016-10-28,10 Oct,Autumn,24,24,11.5,37.4,2,28.3,421,36.4,8.8,2.3,100
Shunyi 2016-10-29,Shunyi,2016-10-29,10 Oct,Autumn,24,24,27.8,80.8,4,53.3,592,17,5.9,1.6,100
Shunyi 2016-10-30,Shunyi,2016-10-30,10 Oct,Autumn,24,23,51.4,88.9,8.3,45.3,787,27.1,6.4,2,95.8
Shunyi 2016-10-31,Shunyi,2016-10-31,10 Oct,Autumn,24,24,11.5,31.4,3.5,25.1,350,43.8,2.2,2.2,100
Shunyi 2016-11-01,Shunyi,2016-11-01,11 Nov,Autumn,24,24,44.9,72.8,,61.8,875,13.9,1.4,0.9,100
Shunyi 2016-11-02,Shunyi,2016-11-02,11 Nov,Autumn,24,23,100.8,149.4,10.1,88.6,1529,9.3,4.3,1.2,95.8
Shunyi 2016-11-03,Shunyi,2016-11-03,11 Nov,Autumn,24,24,198.2,239.5,12.7,105.9,2421,7.6,5.2,1.2,100
Shunyi 2016-11-04,Shunyi,2016-11-04,11 Nov,Autumn,24,24,176.6,186.9,4.6,100.8,3538,6.2,5.5,0.9,100
Shunyi 2016-11-05,Shunyi,2016-11-05,11 Nov,Autumn,24,24,154.9,168.9,8.8,90.7,2900,19.4,8.6,1.7,100
Shunyi 2016-11-06,Shunyi,2016-11-06,11 Nov,Autumn,24,24,73.9,84,14.5,65.2,1183,23,7.3,1.7,100
Shunyi 2016-11-07,Shunyi,2016-11-07,11 Nov,Autumn,24,24,44.4,51.5,5.5,35.4,725,34.1,8.1,2.6,100
Shunyi 2016-11-08,Shunyi,2016-11-08,11 Nov,Autumn,24,24,35.2,60,8.4,55.6,838,19,5.1,1.2,100
Shunyi 2016-11-09,Shunyi,2016-11-09,11 Nov,Autumn,24,24,131.5,163.3,24.3,77.5,2300,5.7,3.8,1.2,100
Shunyi 2016-11-10,Shunyi,2016-11-10,11 Nov,Autumn,24,24,161.1,165.3,15.5,71.5,1767,4.9,6.2,1.4,100
Shunyi 2016-11-11,Shunyi,2016-11-11,11 Nov,Autumn,24,24,90.6,112.7,6.8,54.3,1704,10.8,4.1,1.1,100
Shunyi 2016-11-12,Shunyi,2016-11-12,11 Nov,Autumn,24,24,67.2,106.9,15.1,59,1175,16.6,7.1,1.7,100
Shunyi 2016-11-13,Shunyi,2016-11-13,11 Nov,Autumn,24,24,97.5,157.5,30.4,70.4,2304,4.6,8,0.9,100
Shunyi 2016-11-14,Shunyi,2016-11-14,11 Nov,Autumn,24,24,49.9,70.5,,28.9,992,45.4,8.5,2.5,100
Shunyi 2016-11-15,Shunyi,2016-11-15,11 Nov,Autumn,24,24,42.3,76.3,16.2,49.7,1025,26.1,5.1,1.7,100
Shunyi 2016-11-16,Shunyi,2016-11-16,11 Nov,Autumn,24,24,95.9,135.6,19,71,1817,16.8,5.7,1.2,100
Shunyi 2016-11-17,Shunyi,2016-11-17,11 Nov,Autumn,24,24,156.7,203.6,51.7,85,3642,5,5.6,0.9,100
Shunyi 2016-11-18,Shunyi,2016-11-18,11 Nov,Autumn,24,24,185.7,260.3,30.5,80.8,3325,2.8,6.5,1,100
Shunyi 2016-11-19,Shunyi,2016-11-19,11 Nov,Autumn,24,24,109.1,125.3,11.8,52.4,1758,21.1,9,1.7,100
Shunyi 2016-11-20,Shunyi,2016-11-20,11 Nov,Autumn,24,24,44.5,48,11.3,33.5,979,22.7,3,2.9,100
Shunyi 2016-11-21,Shunyi,2016-11-21,11 Nov,Autumn,24,24,6.5,8.8,3.2,5.6,258,67.7,-1.4,4.6,100
Shunyi 2016-11-22,Shunyi,2016-11-22,11 Nov,Autumn,24,24,7.8,21.5,4.2,15.3,383,56.2,-3.6,3.3,100
Shunyi 2016-11-23,Shunyi,2016-11-23,11 Nov,Autumn,24,24,14.5,22.7,7.3,31.9,508,38.2,-1.9,2.3,100
Shunyi 2016-11-24,Shunyi,2016-11-24,11 Nov,Autumn,24,24,56.1,78.5,18.5,69,1350,19.2,-1.2,1.3,100
Shunyi 2016-11-25,Shunyi,2016-11-25,11 Nov,Autumn,24,24,135.8,167.4,27.4,93,2400,9.9,-0.1,1.1,100
Shunyi 2016-11-26,Shunyi,2016-11-26,11 Nov,Autumn,24,24,235.8,343.1,28.9,110.6,3604,12,2,1.2,100
Shunyi 2016-11-27,Shunyi,2016-11-27,11 Nov,Autumn,24,24,91.5,129.3,12.2,52.2,1454,37.7,2.2,1.9,100
Shunyi 2016-11-28,Shunyi,2016-11-28,11 Nov,Autumn,24,24,46,60,17.8,71.1,1367,13.1,0.8,0.9,100
Shunyi 2016-11-29,Shunyi,2016-11-29,11 Nov,Autumn,24,24,74.2,101.5,33.1,70.3,2200,4.7,1.4,1.3,100
Shunyi 2016-11-30,Shunyi,2016-11-30,11 Nov,Autumn,24,24,92.7,120.8,19.1,66.8,2275,23.9,4.4,1.6,100
Shunyi 2016-12-01,Shunyi,2016-12-01,12 Dec,Winter,24,24,16.8,26.6,8,48.8,638,35.9,2.7,1.3,100
Shunyi 2016-12-02,Shunyi,2016-12-02,12 Dec,Winter,24,24,68,82.7,19.9,73.3,1654,14.4,2.1,1.1,100
Shunyi 2016-12-03,Shunyi,2016-12-03,12 Dec,Winter,24,24,213,237,28.9,101.7,3088,8.5,1.9,0.9,100
Shunyi 2016-12-04,Shunyi,2016-12-04,12 Dec,Winter,24,24,261.2,273.5,23.3,94.3,3508,11.8,2.7,1,100
Shunyi 2016-12-05,Shunyi,2016-12-05,12 Dec,Winter,24,24,91.5,96.5,13.7,50.8,1870,32.3,1.6,2.4,100
Shunyi 2016-12-06,Shunyi,2016-12-06,12 Dec,Winter,24,24,90.5,109.3,24.8,87.6,2629,11.4,-0.9,1,100
Shunyi 2016-12-07,Shunyi,2016-12-07,12 Dec,Winter,24,24,115,140.7,28,81.8,2404,9.9,1.9,1.3,100
Shunyi 2016-12-08,Shunyi,2016-12-08,12 Dec,Winter,24,24,83,100.2,12.3,44.7,1563,37.8,3.2,2.6,100
Shunyi 2016-12-09,Shunyi,2016-12-09,12 Dec,Winter,24,24,23.8,34.3,11.4,38.3,850,41,0.2,1.2,100
Shunyi 2016-12-10,Shunyi,2016-12-10,12 Dec,Winter,24,24,38.2,50.4,20.1,59,1288,27.1,-1,1.2,100
Shunyi 2016-12-11,Shunyi,2016-12-11,12 Dec,Winter,24,24,154.5,172.3,49.6,88.6,3217,8.7,-0.9,1.2,100
Shunyi 2016-12-12,Shunyi,2016-12-12,12 Dec,Winter,24,24,225.8,229.8,49.7,93.5,3188,13.5,2.4,1,100
Shunyi 2016-12-13,Shunyi,2016-12-13,12 Dec,Winter,24,24,45.2,46,10.4,28.3,746,52.8,1.2,2.2,100
Shunyi 2016-12-14,Shunyi,2016-12-14,12 Dec,Winter,24,24,20.7,31.6,13,33.3,721,47.4,-2,1.7,100
Shunyi 2016-12-15,Shunyi,2016-12-15,12 Dec,Winter,24,24,30.9,44.8,11.8,40.1,946,36.5,-0.6,2.8,100
Shunyi 2016-12-16,Shunyi,2016-12-16,12 Dec,Winter,24,24,48.3,64.9,18.5,70,1321,18.8,-0.7,1.1,100
Shunyi 2016-12-17,Shunyi,2016-12-17,12 Dec,Winter,24,24,178,195,37.3,99.2,3029,9.5,-0.1,0.9,100
Shunyi 2016-12-18,Shunyi,2016-12-18,12 Dec,Winter,24,24,185.4,190,31.6,85.3,3013,14.5,0.1,1,100
Shunyi 2016-12-19,Shunyi,2016-12-19,12 Dec,Winter,24,24,172.6,188.3,20.9,77.1,3467,15.9,0.3,0.7,100
Shunyi 2016-12-20,Shunyi,2016-12-20,12 Dec,Winter,24,24,289.1,294.2,4.8,112,6750,7.2,-2.5,1.2,100
Shunyi 2016-12-21,Shunyi,2016-12-21,12 Dec,Winter,24,24,356.3,374.6,13.9,137.3,7413,6.2,0.2,0.8,100
Shunyi 2016-12-22,Shunyi,2016-12-22,12 Dec,Winter,24,24,133.6,133.7,9.4,47.6,1150,44.8,1.9,3.2,100
Shunyi 2016-12-23,Shunyi,2016-12-23,12 Dec,Winter,24,22,25,29.7,10.3,31.7,738,48.1,-1.6,2.2,91.7
Shunyi 2016-12-24,Shunyi,2016-12-24,12 Dec,Winter,24,24,103.6,117.8,26.1,83.4,2721,10.8,-2,1.2,100
Shunyi 2016-12-25,Shunyi,2016-12-25,12 Dec,Winter,24,24,121.9,126.8,28.7,80,2679,4.5,-1.6,0.9,100
Shunyi 2016-12-26,Shunyi,2016-12-26,12 Dec,Winter,24,24,51,52.9,15,35.5,1100,47.3,0.8,2.2,100
Shunyi 2016-12-27,Shunyi,2016-12-27,12 Dec,Winter,24,24,28,42.6,10.3,42,983,42.7,-2.3,1.3,100
Shunyi 2016-12-28,Shunyi,2016-12-28,12 Dec,Winter,24,24,79.2,85.5,13.4,46.3,1829,33.2,-2.1,2.1,100
Shunyi 2016-12-29,Shunyi,2016-12-29,12 Dec,Winter,24,24,38.7,56.8,17.5,45.4,879,21.5,-3,1.5,100
Shunyi 2016-12-30,Shunyi,2016-12-30,12 Dec,Winter,24,24,161,174.1,22.1,101.9,3108,7.3,-4.3,1,100
Shunyi 2016-12-31,Shunyi,2016-12-31,12 Dec,Winter,24,24,221,239.2,28.8,106.5,3958,8.7,-2.9,1,100
Tiantan 2016-01-01,Tiantan,2016-01-01,01 Jan,Winter,24,24,176.8,186.2,15.4,109.4,3488,3.8,-2,1,100
Tiantan 2016-01-02,Tiantan,2016-01-02,01 Jan,Winter,24,24,274.1,275.7,16.2,134.5,4725,5.2,-0.9,0.9,100
Tiantan 2016-01-03,Tiantan,2016-01-03,01 Jan,Winter,24,24,228.4,228.4,11.4,78,2813,13.1,-1.4,1,100
Tiantan 2016-01-04,Tiantan,2016-01-04,01 Jan,Winter,24,24,43.8,45.2,7.4,39,908,44,-1.1,2.5,100
Tiantan 2016-01-05,Tiantan,2016-01-05,01 Jan,Winter,24,24,37,45.5,14.6,49.5,838,28.8,-3.2,2.3,100
Tiantan 2016-01-06,Tiantan,2016-01-06,01 Jan,Winter,24,24,34.7,51.6,10.5,46.8,933,30.2,-2.8,2.5,100
Tiantan 2016-01-07,Tiantan,2016-01-07,01 Jan,Winter,24,24,11.7,22,9.5,34.5,483,44.5,-3.1,3.4,100
Tiantan 2016-01-08,Tiantan,2016-01-08,01 Jan,Winter,24,24,34.3,46.6,13.2,48,858,35.9,-3,2,100
Tiantan 2016-01-09,Tiantan,2016-01-09,01 Jan,Winter,24,24,88.1,95,15.4,78.2,1708,11,-3,1,100
Tiantan 2016-01-10,Tiantan,2016-01-10,01 Jan,Winter,24,24,60.6,68.5,20.6,68.4,1521,15.4,-3.3,1.4,100
Tiantan 2016-01-11,Tiantan,2016-01-11,01 Jan,Winter,24,24,11.4,26,7.3,30.2,550,51.7,-5.9,2.9,100
Tiantan 2016-01-12,Tiantan,2016-01-12,01 Jan,Winter,24,24,12.5,24.9,9.5,38.5,667,43.6,-5.7,2.7,100
Tiantan 2016-01-13,Tiantan,2016-01-13,01 Jan,Winter,24,24,39.3,57,17.8,66.4,1300,22.6,-2.8,2.1,100
Tiantan 2016-01-14,Tiantan,2016-01-14,01 Jan,Winter,24,24,86,98.5,24.6,87,2500,16.5,-2,1.2,100
Tiantan 2016-01-15,Tiantan,2016-01-15,01 Jan,Winter,24,23,122.5,138.3,30.5,98.2,3217,10.7,-2.3,1.2,95.8
Tiantan 2016-01-16,Tiantan,2016-01-16,01 Jan,Winter,24,24,121.5,129.2,43.6,73.9,2458,7.5,-2.7,1.4,100
Tiantan 2016-01-17,Tiantan,2016-01-17,01 Jan,Winter,24,24,34.8,46.1,5.3,29.8,754,52.1,-6,2.8,100
Tiantan 2016-01-18,Tiantan,2016-01-18,01 Jan,Winter,24,24,8.1,44.8,7.6,21.7,563,60.2,-9.2,3.6,100
Tiantan 2016-01-19,Tiantan,2016-01-19,01 Jan,Winter,24,24,64.8,84.1,21.6,65.5,1738,16.5,-8.4,1.4,100
Tiantan 2016-01-20,Tiantan,2016-01-20,01 Jan,Winter,24,24,129,144.5,53.6,89.7,3763,3.8,-7,1.5,100
Tiantan 2016-01-21,Tiantan,2016-01-21,01 Jan,Winter,24,21,126,139.2,28.6,72.9,2274,3.3,-5.9,1.4,87.5
Tiantan 2016-01-22,Tiantan,2016-01-22,01 Jan,Winter,24,24,17.4,62.8,7,20.6,542,58.4,-10.2,4,100
Tiantan 2016-01-23,Tiantan,2016-01-23,01 Jan,Winter,24,24,9.8,56.5,4.7,16.2,621,58.5,-15.2,3.9,100
Tiantan 2016-01-24,Tiantan,2016-01-24,01 Jan,Winter,24,24,10.8,51.8,6.8,28.8,483,47,-9.6,3.6,100
Tiantan 2016-01-25,Tiantan,2016-01-25,01 Jan,Winter,24,24,37.2,66.2,20.1,67.5,854,22,-2.4,2.4,100
Tiantan 2016-01-26,Tiantan,2016-01-26,01 Jan,Winter,24,24,32.8,60.1,16,48.9,817,39.4,-1.8,2.8,100
Tiantan 2016-01-27,Tiantan,2016-01-27,01 Jan,Winter,24,24,103.1,110.9,27.5,85.8,2146,11.5,-3.7,1.1,100
Tiantan 2016-01-28,Tiantan,2016-01-28,01 Jan,Winter,24,24,136.3,138.9,37.4,94.9,2467,13,-2.7,1.3,100
Tiantan 2016-01-29,Tiantan,2016-01-29,01 Jan,Winter,24,24,52.7,70.1,28.2,49.4,1538,22.8,-4.7,1.6,100
Tiantan 2016-01-30,Tiantan,2016-01-30,01 Jan,Winter,24,24,46.3,53.5,18.6,54.7,1138,22.1,-5.5,1.7,100
Tiantan 2016-01-31,Tiantan,2016-01-31,01 Jan,Winter,24,24,30.1,40.1,10.8,39.7,738,48.9,-3.6,2.8,100
Tiantan 2016-02-01,Tiantan,2016-02-01,02 Feb,Winter,24,24,11.8,20.7,9.7,41,583,45.5,-1.5,2.4,100
Tiantan 2016-02-02,Tiantan,2016-02-02,02 Feb,Winter,24,24,30.2,32.6,17,59.7,921,32.5,-1.3,1.5,100
Tiantan 2016-02-03,Tiantan,2016-02-03,02 Feb,Winter,24,24,36,40.3,14.8,71.8,1158,19.3,-0.7,1.1,100
Tiantan 2016-02-04,Tiantan,2016-02-04,02 Feb,Winter,24,23,10.1,33.5,5.9,30.7,475,62.7,0.8,2.3,95.8
Tiantan 2016-02-05,Tiantan,2016-02-05,02 Feb,Winter,24,24,10.5,38.4,5.4,21.5,467,68,-0.1,3.5,100
Tiantan 2016-02-06,Tiantan,2016-02-06,02 Feb,Winter,24,24,37,46.6,16.8,42.7,921,49.8,0.2,1.8,100
Tiantan 2016-02-07,Tiantan,2016-02-07,02 Feb,Winter,24,24,45,65.2,19.3,43,871,48.1,0.9,1.9,100
Tiantan 2016-02-08,Tiantan,2016-02-08,02 Feb,Winter,24,24,247,311.8,52.9,49.5,1196,40,4.5,2.5,100
Tiantan 2016-02-09,Tiantan,2016-02-09,02 Feb,Winter,24,24,43.4,49.8,19,49,1304,43.3,3.8,1.5,100
Tiantan 2016-02-10,Tiantan,2016-02-10,02 Feb,Winter,24,24,90.3,93.8,41.1,73.6,2521,18.5,1.6,1.1,100
Tiantan 2016-02-11,Tiantan,2016-02-11,02 Feb,Winter,24,24,145.3,150.7,27,77.6,2583,5.8,3.7,0.7,100
Tiantan 2016-02-12,Tiantan,2016-02-12,02 Feb,Winter,24,24,143.7,143.7,11.4,62.3,2163,20.5,5.2,1.3,100
Tiantan 2016-02-13,Tiantan,2016-02-13,02 Feb,Winter,24,24,12.2,16.5,6.5,13.8,408,62.6,0.6,4.8,100
Tiantan 2016-02-14,Tiantan,2016-02-14,02 Feb,Winter,24,24,7.8,15.7,5.8,12.7,454,71.3,-4.3,4.7,100
Tiantan 2016-02-15,Tiantan,2016-02-15,02 Feb,Winter,24,24,6.1,44.4,3.2,17.6,392,68.6,-0.4,4.1,100
Tiantan 2016-02-16,Tiantan,2016-02-16,02 Feb,Winter,24,24,7.5,38.2,3.3,23.8,392,67,4.2,3.9,100
Tiantan 2016-02-17,Tiantan,2016-02-17,02 Feb,Winter,24,24,46.3,50.6,13,51.1,1121,38,3.7,1.7,100
Tiantan 2016-02-18,Tiantan,2016-02-18,02 Feb,Winter,24,24,14.5,31.8,6.8,29,492,66.5,5.8,4,100
Tiantan 2016-02-19,Tiantan,2016-02-19,02 Feb,Winter,24,24,11.6,29.3,5.3,29.3,454,56,2.7,2.6,100
Tiantan 2016-02-20,Tiantan,2016-02-20,02 Feb,Winter,24,23,11.8,16.9,6.2,21.1,452,65.7,-0.1,3,95.8
Tiantan 2016-02-21,Tiantan,2016-02-21,02 Feb,Winter,24,24,87.8,106.2,18.8,61.1,1683,27,-0.3,1.8,100
Tiantan 2016-02-22,Tiantan,2016-02-22,02 Feb,Winter,24,24,67.3,87.6,10.9,46,1208,42.7,1.8,3.2,100
Tiantan 2016-02-23,Tiantan,2016-02-23,02 Feb,Winter,24,24,11.7,19,3.4,20.4,400,68.4,-0.2,2.8,100
Tiantan 2016-02-24,Tiantan,2016-02-24,02 Feb,Winter,24,23,27.9,55.5,6.6,40.3,765,44.9,0,2.1,95.8
Tiantan 2016-02-25,Tiantan,2016-02-25,02 Feb,Winter,24,24,20.8,55.2,7.7,36.7,683,49.5,2.5,2.2,100
Tiantan 2016-02-26,Tiantan,2016-02-26,02 Feb,Winter,24,24,32.1,56,10,34.8,683,55.2,3.3,2.4,100
Tiantan 2016-02-27,Tiantan,2016-02-27,02 Feb,Winter,24,24,19.1,27.9,8.8,34.5,563,53.6,4.1,1.8,100
Tiantan 2016-02-28,Tiantan,2016-02-28,02 Feb,Winter,24,24,32.3,51.9,7.8,36.2,821,44.8,0.8,3,100
Tiantan 2016-02-29,Tiantan,2016-02-29,02 Feb,Winter,24,24,30.9,38.4,9.4,41.3,717,47.9,-1,1.5,100
Tiantan 2016-03-01,Tiantan,2016-03-01,03 Mar,Spring,24,24,114.7,117.7,23,83.7,1842,24.8,3.3,1.5,100
Tiantan 2016-03-02,Tiantan,2016-03-02,03 Mar,Spring,24,24,173.9,174.8,22.3,116.5,2679,25.9,7.8,1.2,100
Tiantan 2016-03-03,Tiantan,2016-03-03,03 Mar,Spring,24,24,268.5,268.5,30.2,117.3,3275,17.2,7.8,1.2,100
Tiantan 2016-03-04,Tiantan,2016-03-04,03 Mar,Spring,24,23,291.5,302.4,37.5,113.5,4087,9.3,6.1,1.3,95.8
Tiantan 2016-03-05,Tiantan,2016-03-05,03 Mar,Spring,24,24,66.6,350.4,2.3,21.3,371,68.2,8.9,3.4,100
Tiantan 2016-03-06,Tiantan,2016-03-06,03 Mar,Spring,24,24,78.2,178.7,27.1,80.5,1546,11.2,5,1.2,100
Tiantan 2016-03-07,Tiantan,2016-03-07,03 Mar,Spring,24,24,38,102.8,7.6,41.3,1038,51.2,5.8,3.5,100
Tiantan 2016-03-08,Tiantan,2016-03-08,03 Mar,Spring,24,24,10,24,2.9,21.1,413,66.4,1.8,3.1,100
Tiantan 2016-03-09,Tiantan,2016-03-09,03 Mar,Spring,24,24,9,20,3.5,18.7,450,66.9,1.3,3.6,100
Tiantan 2016-03-10,Tiantan,2016-03-10,03 Mar,Spring,24,24,9.7,43.1,4.9,20.8,408,68,2.7,3.3,100
Tiantan 2016-03-11,Tiantan,2016-03-11,03 Mar,Spring,24,24,19.3,43,8,38.4,629,53.3,3,1.9,100
Tiantan 2016-03-12,Tiantan,2016-03-12,03 Mar,Spring,24,24,98.6,117,34.5,81.1,1638,23.3,3.6,1.3,100
Tiantan 2016-03-13,Tiantan,2016-03-13,03 Mar,Spring,24,24,27.8,43.6,10.1,37.8,621,64.6,7.4,3.3,100
Tiantan 2016-03-14,Tiantan,2016-03-14,03 Mar,Spring,24,23,75.4,101.9,19.3,68.9,1230,36.5,8.5,1.9,95.8
Tiantan 2016-03-15,Tiantan,2016-03-15,03 Mar,Spring,24,20,130.7,167.5,41.8,75.5,1430,33.1,9.3,1.7,83.3
Tiantan 2016-03-16,Tiantan,2016-03-16,03 Mar,Spring,24,23,231.5,244.8,28.1,88.3,2065,56.7,9.4,1.4,95.8
Tiantan 2016-03-17,Tiantan,2016-03-17,03 Mar,Spring,24,24,258.7,258.7,24.2,96.2,2100,49.1,10.7,1.1,100
Tiantan 2016-03-18,Tiantan,2016-03-18,03 Mar,Spring,24,24,184.5,186.4,9.2,84.8,1629,51.9,13.6,1.8,100
Tiantan 2016-03-19,Tiantan,2016-03-19,03 Mar,Spring,24,24,66.7,98,18.7,36.5,1071,65,11.3,1.9,100
Tiantan 2016-03-20,Tiantan,2016-03-20,03 Mar,Spring,24,24,58.5,71.8,8.5,58.9,958,47.5,11.6,1.5,100
Tiantan 2016-03-21,Tiantan,2016-03-21,03 Mar,Spring,24,24,124.8,161,18.5,79.3,1346,61.2,11.9,1.6,100
Tiantan 2016-03-22,Tiantan,2016-03-22,03 Mar,Spring,24,24,107,193.7,28.1,77.6,1563,33.7,12.4,1.9,100
Tiantan 2016-03-23,Tiantan,2016-03-23,03 Mar,Spring,24,23,18.6,27.6,6,33.7,504,60.7,9.3,2.2,95.8
Tiantan 2016-03-24,Tiantan,2016-03-24,03 Mar,Spring,24,24,10.3,20.2,4,38.5,408,57.3,8.8,1.7,100
Tiantan 2016-03-25,Tiantan,2016-03-25,03 Mar,Spring,24,24,18.8,30.1,6.3,44.8,546,53.7,9.1,1.6,100
Tiantan 2016-03-26,Tiantan,2016-03-26,03 Mar,Spring,24,23,12.8,25.5,2.7,37,429,60.2,13.8,2.5,95.8
Tiantan 2016-03-27,Tiantan,2016-03-27,03 Mar,Spring,24,24,14.3,40.6,2.8,45.9,425,51,16.7,2.4,100
Tiantan 2016-03-28,Tiantan,2016-03-28,03 Mar,Spring,24,21,80.5,107.8,18.3,73.2,825,43.8,16.2,2,87.5
Tiantan 2016-03-29,Tiantan,2016-03-29,03 Mar,Spring,24,23,17.7,58.9,4.3,29.4,348,73.5,16.6,2.4,95.8
Tiantan 2016-03-30,Tiantan,2016-03-30,03 Mar,Spring,24,24,29.3,69.2,9.6,45.2,563,68,16,2.1,100
Tiantan 2016-03-31,Tiantan,2016-03-31,03 Mar,Spring,24,24,152,218.6,32,78.6,1504,62.5,15.5,1.9,100
Tiantan 2016-04-01,Tiantan,2016-04-01,04 Apr,Spring,24,24,38,152.7,4.1,29.2,458,67,17.7,3.4,100
Tiantan 2016-04-02,Tiantan,2016-04-02,04 Apr,Spring,24,24,8.5,27.5,2,18.4,300,74.4,15.1,2.9,100
Tiantan 2016-04-03,Tiantan,2016-04-03,04 Apr,Spring,24,24,15.5,42.8,3.2,21.5,333,79.8,14.6,2.3,100
Tiantan 2016-04-04,Tiantan,2016-04-04,04 Apr,Spring,24,24,74.9,112.5,14,47.3,738,73.2,15.5,2.4,100
Tiantan 2016-04-05,Tiantan,2016-04-05,04 Apr,Spring,24,23,122.2,160.9,18.4,55,1087,78,15.4,2.7,95.8
Tiantan 2016-04-06,Tiantan,2016-04-06,04 Apr,Spring,24,24,142.4,159.9,30.3,66.8,2000,58.5,14.5,1.3,100
Tiantan 2016-04-07,Tiantan,2016-04-07,04 Apr,Spring,24,24,96.9,136.3,3.7,47.9,1150,53.1,17.7,2.7,100
Tiantan 2016-04-08,Tiantan,2016-04-08,04 Apr,Spring,24,24,27.8,76.7,6.2,26.8,371,81,18.3,3.5,100
Tiantan 2016-04-09,Tiantan,2016-04-09,04 Apr,Spring,24,24,76.1,232.2,14.8,57.5,742,58.5,16,2.2,100
Tiantan 2016-04-10,Tiantan,2016-04-10,04 Apr,Spring,24,24,59.9,169.8,17.5,39,913,66.3,12.8,1.8,100
Tiantan 2016-04-11,Tiantan,2016-04-11,04 Apr,Spring,24,24,39.3,88.5,8.5,43.7,621,58.4,10.2,2.4,100
Tiantan 2016-04-12,Tiantan,2016-04-12,04 Apr,Spring,24,24,71.4,82.1,6.2,65.3,858,34.5,11.6,1.5,100
Tiantan 2016-04-13,Tiantan,2016-04-13,04 Apr,Spring,24,24,130.7,146.4,7.8,75.3,1079,52.7,16.8,2,100
Tiantan 2016-04-14,Tiantan,2016-04-14,04 Apr,Spring,24,24,29.5,84.3,3.5,24.9,396,87.3,17.8,2.6,100
Tiantan 2016-04-15,Tiantan,2016-04-15,04 Apr,Spring,24,24,62.7,106.3,19,64.9,1242,56.7,15.8,1.8,100
Tiantan 2016-04-16,Tiantan,2016-04-16,04 Apr,Spring,24,18,,81.4,2.2,25.4,371,63,15.4,3.6,75
Tiantan 2016-04-17,Tiantan,2016-04-17,04 Apr,Spring,24,24,21.8,50.9,2.6,18.3,325,86.2,15.7,3.9,100
Tiantan 2016-04-18,Tiantan,2016-04-18,04 Apr,Spring,24,24,28.1,37.5,4.1,26.1,425,78.7,15.1,2.7,100
Tiantan 2016-04-19,Tiantan,2016-04-19,04 Apr,Spring,24,24,70.3,98.1,19.5,72.4,1525,29.6,13.1,2,100
Tiantan 2016-04-20,Tiantan,2016-04-20,04 Apr,Spring,24,23,77.5,86.1,9.6,47.4,809,75,18.3,2.1,95.8
Tiantan 2016-04-21,Tiantan,2016-04-21,04 Apr,Spring,24,14,,,8.7,65.1,900,67.8,20.3,2,58.3
Tiantan 2016-04-22,Tiantan,2016-04-22,04 Apr,Spring,24,16,,105.7,4.6,29.7,330,87.9,19.8,3,66.7
Tiantan 2016-04-23,Tiantan,2016-04-23,04 Apr,Spring,24,24,13.4,54.4,5.8,36.3,413,70,16.6,2.1,100
Tiantan 2016-04-24,Tiantan,2016-04-24,04 Apr,Spring,24,24,66.7,143.4,27.9,51.2,988,78.8,17.4,2.2,100
Tiantan 2016-04-25,Tiantan,2016-04-25,04 Apr,Spring,24,24,64.8,136.4,14.1,28.8,700,116.2,21.4,2.9,100
Tiantan 2016-04-26,Tiantan,2016-04-26,04 Apr,Spring,24,21,62.2,132,28.2,41.8,1323,98.4,17.5,2.2,87.5
Tiantan 2016-04-27,Tiantan,2016-04-27,04 Apr,Spring,24,23,73.4,95.7,11.9,54.1,1078,79.7,15.2,1.2,95.8
Tiantan 2016-04-28,Tiantan,2016-04-28,04 Apr,Spring,24,24,72.3,102.4,8.5,46.1,1050,93.9,18.3,2.1,100
Tiantan 2016-04-29,Tiantan,2016-04-29,04 Apr,Spring,24,24,102,142.4,20.3,63.4,1400,98.7,18.2,1.8,100
Tiantan 2016-04-30,Tiantan,2016-04-30,04 Apr,Spring,24,22,131.3,170.4,10.5,60.6,1538,130.6,21.8,2.1,91.7
Tiantan 2016-05-01,Tiantan,2016-05-01,05 May,Spring,24,24,151.5,174.6,28.5,35.8,2133,152.6,22.8,1.4,100
Tiantan 2016-05-02,Tiantan,2016-05-02,05 May,Spring,24,24,42.2,120.5,2.5,19,442,69.8,15.4,2.8,100
Tiantan 2016-05-03,Tiantan,2016-05-03,05 May,Spring,24,24,17.8,71,2,25.9,383,57.2,19,3.1,100
Tiantan 2016-05-04,Tiantan,2016-05-04,05 May,Spring,24,24,18.9,58.4,5.4,52.1,608,63.1,20.5,1.5,100
Tiantan 2016-05-05,Tiantan,2016-05-05,05 May,Spring,24,24,45.1,118.3,18.3,45.5,1054,85,20.3,2.2,100
Tiantan 2016-05-06,Tiantan,2016-05-06,05 May,Spring,24,24,65.2,76,2,17.3,296,86,20.4,3.5,100
Tiantan 2016-05-07,Tiantan,2016-05-07,05 May,Spring,24,24,19.7,55.6,2.8,27.9,325,86.1,21.8,2.2,100
Tiantan 2016-05-08,Tiantan,2016-05-08,05 May,Spring,24,24,52.4,125.3,16.2,41.9,821,87.5,20.3,2.5,100
Tiantan 2016-05-09,Tiantan,2016-05-09,05 May,Spring,24,24,28.5,66.8,5,37.3,588,56.2,18.1,1.6,100
Tiantan 2016-05-10,Tiantan,2016-05-10,05 May,Spring,24,24,33,65.5,3.6,33.4,600,92.5,21.3,2,100
Tiantan 2016-05-11,Tiantan,2016-05-11,05 May,Spring,24,24,119.1,148.5,13.9,27.4,1038,137,23.1,2.5,100
Tiantan 2016-05-12,Tiantan,2016-05-12,05 May,Spring,24,24,35.2,60.7,2,27.3,458,63.1,17.6,2.6,100
Tiantan 2016-05-13,Tiantan,2016-05-13,05 May,Spring,24,24,32.9,59.3,4.7,40,725,66.2,17.6,2.3,100
Tiantan 2016-05-14,Tiantan,2016-05-14,05 May,Spring,24,23,36.8,47.7,2.3,30.4,600,56.6,14.1,1.8,95.8
Tiantan 2016-05-15,Tiantan,2016-05-15,05 May,Spring,24,24,30.6,43.3,2.1,31.5,596,41.2,17.6,1.5,100
Tiantan 2016-05-16,Tiantan,2016-05-16,05 May,Spring,24,24,19.8,51.3,4.1,41.3,550,69.7,22.5,2.7,100
Tiantan 2016-05-17,Tiantan,2016-05-17,05 May,Spring,24,24,57.2,105.9,10.6,53.1,817,117.4,24.7,2.3,100
Tiantan 2016-05-18,Tiantan,2016-05-18,05 May,Spring,24,24,51.1,87,6.3,25.1,521,144.7,25.2,2.7,100
Tiantan 2016-05-19,Tiantan,2016-05-19,05 May,Spring,24,24,75.5,98.5,15,31.5,758,177.2,24.8,2,100
Tiantan 2016-05-20,Tiantan,2016-05-20,05 May,Spring,24,24,81.6,105.9,24,46.7,1088,151.7,22.9,1.9,100
Tiantan 2016-05-21,Tiantan,2016-05-21,05 May,Spring,24,24,69.5,93.2,22.5,45.5,938,136.3,22.6,1.7,100
Tiantan 2016-05-22,Tiantan,2016-05-22,05 May,Spring,24,24,45.1,75.5,8.5,47,700,124,23.6,1.5,100
Tiantan 2016-05-23,Tiantan,2016-05-23,05 May,Spring,24,24,61.2,86.7,19,48.6,1054,101,21.3,2,100
Tiantan 2016-05-24,Tiantan,2016-05-24,05 May,Spring,24,21,18.3,28.1,3.2,30.2,381,78.5,21.6,2.4,87.5
Tiantan 2016-05-25,Tiantan,2016-05-25,05 May,Spring,24,24,12.7,32.3,2,23.5,329,102.2,22.6,2.2,100
Tiantan 2016-05-26,Tiantan,2016-05-26,05 May,Spring,24,24,29.3,61.7,2,33.9,358,85.7,24.7,2.2,100
Tiantan 2016-05-27,Tiantan,2016-05-27,05 May,Spring,24,24,54.4,112.3,12.3,55.7,642,99.1,24.5,2.7,100
Tiantan 2016-05-28,Tiantan,2016-05-28,05 May,Spring,24,24,42.8,79.1,8.8,32.7,558,128.8,24.8,2.6,100
Tiantan 2016-05-29,Tiantan,2016-05-29,05 May,Spring,24,24,41.8,74.6,5.7,28.5,454,98.4,25.1,2.4,100
Tiantan 2016-05-30,Tiantan,2016-05-30,05 May,Spring,24,24,85.6,159.3,19.8,55.7,1146,118.5,26.3,1.5,100
Tiantan 2016-05-31,Tiantan,2016-05-31,05 May,Spring,24,22,45.8,109.1,11.8,28,825,79.8,25,2.2,91.7
Tiantan 2016-06-01,Tiantan,2016-06-01,06 Jun,Summer,24,24,36.5,74.4,7.9,40.3,729,90.2,24.5,1.5,100
Tiantan 2016-06-02,Tiantan,2016-06-02,06 Jun,Summer,24,24,48,88.8,9.8,48.9,746,106.8,26,1.9,100
Tiantan 2016-06-03,Tiantan,2016-06-03,06 Jun,Summer,24,24,81.2,123.8,22.1,55.2,1233,119.7,25,1.6,100
Tiantan 2016-06-04,Tiantan,2016-06-04,06 Jun,Summer,24,24,83.2,115.1,18.6,28.9,858,149.4,26.9,2,100
Tiantan 2016-06-05,Tiantan,2016-06-05,06 Jun,Summer,24,24,71.2,96.3,17.7,35,854,122.1,24.7,2,100
Tiantan 2016-06-06,Tiantan,2016-06-06,06 Jun,Summer,24,24,95.9,108.5,8.5,31.1,888,138.1,24.5,1.7,100
Tiantan 2016-06-07,Tiantan,2016-06-07,06 Jun,Summer,24,24,62.5,77.1,2.2,16.5,850,103.6,22.2,1.8,100
Tiantan 2016-06-08,Tiantan,2016-06-08,06 Jun,Summer,24,24,137.1,139.1,2,32.4,1333,112.8,24.7,1.7,100
Tiantan 2016-06-09,Tiantan,2016-06-09,06 Jun,Summer,24,24,111.2,137.3,6.8,38.9,1067,118.6,27,2.6,100
Tiantan 2016-06-10,Tiantan,2016-06-10,06 Jun,Summer,24,24,55.8,60.1,3.3,17.1,650,113.4,24.4,1.8,100
Tiantan 2016-06-11,Tiantan,2016-06-11,06 Jun,Summer,24,24,9.5,30.1,3.3,13,379,74.7,25.7,1.9,100
Tiantan 2016-06-12,Tiantan,2016-06-12,06 Jun,Summer,24,24,69.4,87.9,7.6,30.1,946,122.4,25.3,1.6,100
Tiantan 2016-06-13,Tiantan,2016-06-13,06 Jun,Summer,24,24,55.8,59.5,3.5,39.8,746,83.4,20.4,1.7,100
Tiantan 2016-06-14,Tiantan,2016-06-14,06 Jun,Summer,24,24,40.7,44.8,2.1,26.6,692,66.6,19.5,1.8,100
Tiantan 2016-06-15,Tiantan,2016-06-15,06 Jun,Summer,24,24,21.1,34,2.5,30.4,542,86.4,23.5,1.6,100
Tiantan 2016-06-16,Tiantan,2016-06-16,06 Jun,Summer,24,23,30.3,46.6,2,49.2,592,65.2,26.8,1.5,95.8
Tiantan 2016-06-17,Tiantan,2016-06-17,06 Jun,Summer,24,24,29.6,68.5,2,55.4,604,50.5,25.8,1.6,100
Tiantan 2016-06-18,Tiantan,2016-06-18,06 Jun,Summer,24,24,48.4,74.6,6,53.5,829,88.4,26.9,2,100
Tiantan 2016-06-19,Tiantan,2016-06-19,06 Jun,Summer,24,24,68.7,98.7,6.3,39.5,779,113.3,29.5,2.1,100
Tiantan 2016-06-20,Tiantan,2016-06-20,06 Jun,Summer,24,21,88.2,109.1,6.3,27.7,932,140.7,28.5,1.8,87.5
Tiantan 2016-06-21,Tiantan,2016-06-21,06 Jun,Summer,24,24,105.3,112.3,3,31.3,1025,128.6,28.4,1.8,100
Tiantan 2016-06-22,Tiantan,2016-06-22,06 Jun,Summer,24,24,52.4,65,2.4,30,729,119.6,27.7,1.9,100
Tiantan 2016-06-23,Tiantan,2016-06-23,06 Jun,Summer,24,24,72.7,91.5,5.6,37.2,1113,106.7,27.4,1.6,100
Tiantan 2016-06-24,Tiantan,2016-06-24,06 Jun,Summer,24,24,17.5,37.9,2.7,43.6,450,41,27.6,2.2,100
Tiantan 2016-06-25,Tiantan,2016-06-25,06 Jun,Summer,24,16,,,,,,,30.8,2,66.7
Tiantan 2016-06-26,Tiantan,2016-06-26,06 Jun,Summer,24,24,39.9,72.6,7.9,51.5,513,103.6,30.1,2.2,100
Tiantan 2016-06-27,Tiantan,2016-06-27,06 Jun,Summer,24,24,60.3,77.4,9,43.1,700,112.7,26.5,2.1,100
Tiantan 2016-06-28,Tiantan,2016-06-28,06 Jun,Summer,24,24,74.7,74.9,2,27.6,746,,21.1,1.4,100
Tiantan 2016-06-29,Tiantan,2016-06-29,06 Jun,Summer,24,24,115.7,115.7,2,29.5,929,67.8,24.2,1.3,100
Tiantan 2016-06-30,Tiantan,2016-06-30,06 Jun,Summer,24,24,77.1,79.8,2.3,30.8,854,97,26.6,1.5,100
Tiantan 2016-07-01,Tiantan,2016-07-01,07 Jul,Summer,24,24,15.6,26.2,2.4,19.6,446,89,28.1,2.1,100
Tiantan 2016-07-02,Tiantan,2016-07-02,07 Jul,Summer,24,24,51,62.4,3.3,39.9,696,95.3,28.2,1.9,100
Tiantan 2016-07-03,Tiantan,2016-07-03,07 Jul,Summer,24,24,84,95.5,11.3,43.5,942,108.8,28.6,1.8,100
Tiantan 2016-07-04,Tiantan,2016-07-04,07 Jul,Summer,24,24,138.7,139.7,7.3,30.9,1238,115.4,27.8,2,100
Tiantan 2016-07-05,Tiantan,2016-07-05,07 Jul,Summer,24,24,93.2,98.2,7.5,24.9,1004,123.3,27.9,1.7,100
Tiantan 2016-07-06,Tiantan,2016-07-06,07 Jul,Summer,24,24,64.2,79.2,8.1,32.4,892,131.6,29.3,1.8,100
Tiantan 2016-07-07,Tiantan,2016-07-07,07 Jul,Summer,24,24,107.8,114.5,11,33.6,1304,139,29,2,100
Tiantan 2016-07-08,Tiantan,2016-07-08,07 Jul,Summer,24,24,86.5,93,9,36.8,1154,98.6,28.3,1.9,100
Tiantan 2016-07-09,Tiantan,2016-07-09,07 Jul,Summer,24,24,77.3,81.3,6.4,33.8,738,93.3,30.4,1.9,100
Tiantan 2016-07-10,Tiantan,2016-07-10,07 Jul,Summer,24,24,80.9,84.5,5.2,21.5,754,105.4,31.8,2.1,100
Tiantan 2016-07-11,Tiantan,2016-07-11,07 Jul,Summer,24,24,84.3,88.5,8.5,19.2,683,111.1,32.1,2.8,100
Tiantan 2016-07-12,Tiantan,2016-07-12,07 Jul,Summer,24,24,31.1,40.7,6,32.6,621,63.5,28,1.9,100
Tiantan 2016-07-13,Tiantan,2016-07-13,07 Jul,Summer,24,24,21.3,31,4.5,29.3,571,87,30.1,1.6,100
Tiantan 2016-07-14,Tiantan,2016-07-14,07 Jul,Summer,24,24,33.3,49.7,8.1,39.8,867,86.2,29,1.7,100
Tiantan 2016-07-15,Tiantan,2016-07-15,07 Jul,Summer,24,24,36.1,36.3,2.8,42.3,729,50.3,22.1,1.3,100
Tiantan 2016-07-16,Tiantan,2016-07-16,07 Jul,Summer,24,24,41.5,45.5,3.5,53.1,829,49.5,23.8,1.3,100
Tiantan 2016-07-17,Tiantan,2016-07-17,07 Jul,Summer,24,24,80.5,87.6,5.7,47.8,1167,97.7,26.6,1.4,100
Tiantan 2016-07-18,Tiantan,2016-07-18,07 Jul,Summer,24,24,101.5,104.1,5.8,49.5,1167,59.3,25.8,1.1,100
Tiantan 2016-07-19,Tiantan,2016-07-19,07 Jul,Summer,24,24,120.5,120.8,2.7,56,1504,29.6,24,1.3,100
Tiantan 2016-07-20,Tiantan,2016-07-20,07 Jul,Summer,24,24,37.8,38.1,2.6,16,746,48.3,21.9,3.1,100
Tiantan 2016-07-21,Tiantan,2016-07-21,07 Jul,Summer,24,24,27.5,29.2,2,27.7,888,28.2,24,1.2,100
Tiantan 2016-07-22,Tiantan,2016-07-22,07 Jul,Summer,24,24,73.9,73.9,2.1,24.2,1054,70.1,27.6,1.3,100
Tiantan 2016-07-23,Tiantan,2016-07-23,07 Jul,Summer,24,24,135,135,2,34.4,1292,83.3,28.8,1.5,100
Tiantan 2016-07-24,Tiantan,2016-07-24,07 Jul,Summer,24,24,73,74.7,2.8,35.9,1013,76.8,28.5,1.4,100
Tiantan 2016-07-25,Tiantan,2016-07-25,07 Jul,Summer,24,24,39.2,42.4,2,30.9,633,52.1,28.3,1.4,100
Tiantan 2016-07-26,Tiantan,2016-07-26,07 Jul,Summer,24,24,21.2,27,2.1,25,675,92.9,29.2,1.5,100
Tiantan 2016-07-27,Tiantan,2016-07-27,07 Jul,Summer,24,22,60,79.7,2,35.4,991,106.3,28.9,1.7,91.7
Tiantan 2016-07-28,Tiantan,2016-07-28,07 Jul,Summer,24,23,48.8,51.6,2,23.5,713,80.9,28,1.2,95.8
Tiantan 2016-07-29,Tiantan,2016-07-29,07 Jul,Summer,24,24,130.5,130.5,2,18.7,1446,115.7,29.2,1.6,100
Tiantan 2016-07-30,Tiantan,2016-07-30,07 Jul,Summer,24,22,138.6,139.9,2.2,17.3,1550,69.5,27.8,1.7,91.7
Tiantan 2016-07-31,Tiantan,2016-07-31,07 Jul,Summer,24,24,68.1,68.1,2,30.1,1579,66.9,25.7,1.3,100
Tiantan 2016-08-01,Tiantan,2016-08-01,08 Aug,Summer,24,24,76.5,78.2,2,31.1,1550,76.3,28.4,1.3,100
Tiantan 2016-08-02,Tiantan,2016-08-02,08 Aug,Summer,24,24,60.7,65.1,2,25.5,1371,89,29.7,1.6,100
Tiantan 2016-08-03,Tiantan,2016-08-03,08 Aug,Summer,24,24,72.4,80.5,2,34.3,1171,123.9,30.7,1.4,100
Tiantan 2016-08-04,Tiantan,2016-08-04,08 Aug,Summer,24,24,99.5,99.5,2,25,1433,125.6,30.5,1.7,100
Tiantan 2016-08-05,Tiantan,2016-08-05,08 Aug,Summer,24,24,62,65.1,3.6,21.9,800,95,29.6,1.6,100
Tiantan 2016-08-06,Tiantan,2016-08-06,08 Aug,Summer,24,24,102.6,103.9,2,23.9,1008,98.3,29.9,1.6,100
Tiantan 2016-08-07,Tiantan,2016-08-07,08 Aug,Summer,24,24,22,27.2,3.9,5.3,663,82.1,27.6,1.5,100
Tiantan 2016-08-08,Tiantan,2016-08-08,08 Aug,Summer,24,24,34.6,39.6,2.8,3.8,896,88.2,28.8,1.8,100
Tiantan 2016-08-09,Tiantan,2016-08-09,08 Aug,Summer,24,18,,,5.8,26.8,1140,90.2,27.8,1.6,75
Tiantan 2016-08-10,Tiantan,2016-08-10,08 Aug,Summer,24,24,80.5,83.7,2.1,26.5,863,93.6,30.5,2.3,100
Tiantan 2016-08-11,Tiantan,2016-08-11,08 Aug,Summer,24,24,76.7,81.3,2.4,24,896,93.2,32,1.9,100
Tiantan 2016-08-12,Tiantan,2016-08-12,08 Aug,Summer,24,24,57.8,57.8,2,41,792,38.3,29.4,1.6,100
Tiantan 2016-08-13,Tiantan,2016-08-13,08 Aug,Summer,24,24,25.2,33.3,5,51.8,733,17.9,27.9,1.4,100
Tiantan 2016-08-14,Tiantan,2016-08-14,08 Aug,Summer,24,24,22.7,47.1,5,46.7,567,74.3,29.2,1.4,100
Tiantan 2016-08-15,Tiantan,2016-08-15,08 Aug,Summer,24,23,21.3,29.7,2.2,36.8,522,61.2,25.6,1.6,95.8
Tiantan 2016-08-16,Tiantan,2016-08-16,08 Aug,Summer,24,24,24.8,34,2.2,30.3,571,76.1,26.4,1.6,100
Tiantan 2016-08-17,Tiantan,2016-08-17,08 Aug,Summer,24,24,66.8,80.2,3.6,61.1,1013,30.6,25.5,1,100
Tiantan 2016-08-18,Tiantan,2016-08-18,08 Aug,Summer,24,24,85.4,85.4,2.1,47.5,1721,24,23.4,1.3,100
Tiantan 2016-08-19,Tiantan,2016-08-19,08 Aug,Summer,24,24,20.5,29.3,2,27,963,81,27.9,2,100
Tiantan 2016-08-20,Tiantan,2016-08-20,08 Aug,Summer,24,24,59,63.8,2,34.7,1154,102.7,27.7,1.1,100
Tiantan 2016-08-21,Tiantan,2016-08-21,08 Aug,Summer,24,24,59.5,71.3,2.3,37.3,979,127.5,28.9,1.4,100
Tiantan 2016-08-22,Tiantan,2016-08-22,08 Aug,Summer,24,24,44.5,54.8,4.2,29,920,109,29.4,1.7,100
Tiantan 2016-08-23,Tiantan,2016-08-23,08 Aug,Summer,24,24,66.6,78.6,7.7,40.5,867,89.2,27.9,1.5,100
Tiantan 2016-08-24,Tiantan,2016-08-24,08 Aug,Summer,24,24,83.9,93,4.7,58.8,1150,63.8,27.9,1,100
Tiantan 2016-08-25,Tiantan,2016-08-25,08 Aug,Summer,24,24,21.1,33.3,2.5,33.3,508,52.2,27.3,2.9,100
Tiantan 2016-08-26,Tiantan,2016-08-26,08 Aug,Summer,24,22,11,29.5,2.2,40.1,538,52.3,24.6,1.5,91.7
Tiantan 2016-08-27,Tiantan,2016-08-27,08 Aug,Summer,24,24,19.2,40,2.3,47.1,496,37.8,24.5,1.4,100
Tiantan 2016-08-28,Tiantan,2016-08-28,08 Aug,Summer,24,23,9.2,30.3,2.1,38.3,333,55.5,25.7,1.7,95.8
Tiantan 2016-08-29,Tiantan,2016-08-29,08 Aug,Summer,24,24,16.8,41,3.3,41.6,600,63.8,25.5,1.5,100
Tiantan 2016-08-30,Tiantan,2016-08-30,08 Aug,Summer,24,24,33,64,3.3,49.2,642,99.4,26.3,1.5,100
Tiantan 2016-08-31,Tiantan,2016-08-31,08 Aug,Summer,24,24,21.5,43.4,3.2,50,504,50.9,27.4,2.7,100
Tiantan 2016-09-01,Tiantan,2016-09-01,09 Sep,Autumn,24,24,11.4,38,3.5,36.7,421,42.3,25.2,2.3,100
Tiantan 2016-09-02,Tiantan,2016-09-02,09 Sep,Autumn,24,24,14,36,2.1,42.1,400,27,24,1.5,100
Tiantan 2016-09-03,Tiantan,2016-09-03,09 Sep,Autumn,24,24,19.8,39.5,2,37.5,404,69.5,25.9,1.4,100
Tiantan 2016-09-04,Tiantan,2016-09-04,09 Sep,Autumn,24,24,71.4,89.4,5.3,48.3,963,88.8,26.1,1.7,100
Tiantan 2016-09-05,Tiantan,2016-09-05,09 Sep,Autumn,24,24,28.5,42,2.1,36.9,608,81.9,25.6,1.8,100
Tiantan 2016-09-06,Tiantan,2016-09-06,09 Sep,Autumn,24,18,,,,,,,26.2,1.7,75
Tiantan 2016-09-07,Tiantan,2016-09-07,09 Sep,Autumn,24,13,,,,,,,24.7,2.1,54.2
Tiantan 2016-09-08,Tiantan,2016-09-08,09 Sep,Autumn,24,22,21.2,38.8,2.4,38.8,586,,24.1,1.3,91.7
Tiantan 2016-09-09,Tiantan,2016-09-09,09 Sep,Autumn,24,24,20.7,44.3,3.8,42.5,517,38.4,24.9,1.6,100
Tiantan 2016-09-10,Tiantan,2016-09-10,09 Sep,Autumn,24,24,16.5,37.4,2.1,44,454,53.3,25.3,1.5,100
Tiantan 2016-09-11,Tiantan,2016-09-11,09 Sep,Autumn,24,24,38.8,45,2,31.1,896,91.1,21.7,1.8,100
Tiantan 2016-09-12,Tiantan,2016-09-12,09 Sep,Autumn,24,24,30.9,36.8,2,34.6,733,68.7,22.6,1.2,100
Tiantan 2016-09-13,Tiantan,2016-09-13,09 Sep,Autumn,24,24,86.6,90.4,2.8,55,1121,64.9,23.1,1.3,100
Tiantan 2016-09-14,Tiantan,2016-09-14,09 Sep,Autumn,24,24,98,101.3,4.3,46.4,1113,78.8,24.4,1.7,100
Tiantan 2016-09-15,Tiantan,2016-09-15,09 Sep,Autumn,24,24,82.3,88.2,3.1,45.2,988,91.2,25.2,1.3,100
Tiantan 2016-09-16,Tiantan,2016-09-16,09 Sep,Autumn,24,24,149.8,152.7,3.7,44.6,1246,91.7,24.9,1.5,100
Tiantan 2016-09-17,Tiantan,2016-09-17,09 Sep,Autumn,24,24,44.9,52.8,2.9,41.3,913,48.4,21.6,1.2,100
Tiantan 2016-09-18,Tiantan,2016-09-18,09 Sep,Autumn,24,24,21.5,25.1,2,39.3,629,19.7,19.1,1.3,100
Tiantan 2016-09-19,Tiantan,2016-09-19,09 Sep,Autumn,24,24,10.6,17.5,2,37,421,32.1,19.3,1.4,100
Tiantan 2016-09-20,Tiantan,2016-09-20,09 Sep,Autumn,24,24,18.1,35.5,2.9,45,600,44.3,19.8,1.2,100
Tiantan 2016-09-21,Tiantan,2016-09-21,09 Sep,Autumn,24,24,68.1,91.4,5.2,94.3,1050,13.8,19.2,1.2,100
Tiantan 2016-09-22,Tiantan,2016-09-22,09 Sep,Autumn,24,21,110.6,112.3,7.1,67.3,1195,50.4,20.2,1.4,87.5
Tiantan 2016-09-23,Tiantan,2016-09-23,09 Sep,Autumn,24,18,,123.1,2.5,50.3,1190,88.2,21.6,1.3,75
Tiantan 2016-09-24,Tiantan,2016-09-24,09 Sep,Autumn,24,24,124.7,134.5,3,60.9,1167,79.1,22.3,1.1,100
Tiantan 2016-09-25,Tiantan,2016-09-25,09 Sep,Autumn,24,24,177.8,182.2,4.1,62.9,1779,70,,,100
Tiantan 2016-09-26,Tiantan,2016-09-26,09 Sep,Autumn,24,24,59,59.3,2,48.1,1379,39.2,19.6,1.3,100
Tiantan 2016-09-27,Tiantan,2016-09-27,09 Sep,Autumn,24,24,27.2,41.9,2,29.4,875,37.4,18.3,3.7,100
Tiantan 2016-09-28,Tiantan,2016-09-28,09 Sep,Autumn,24,24,15.4,27.2,2,35.2,450,30.8,15.5,1.9,100
Tiantan 2016-09-29,Tiantan,2016-09-29,09 Sep,Autumn,24,24,53.7,76,5.6,53.7,783,40.4,14.9,1.3,100
Tiantan 2016-09-30,Tiantan,2016-09-30,09 Sep,Autumn,24,24,94.3,114,8.3,72.8,967,57.5,17.6,1.1,100
Tiantan 2016-10-01,Tiantan,2016-10-01,10 Oct,Autumn,24,24,150.8,164.4,11.4,89.6,1404,46.2,18.8,1,100
Tiantan 2016-10-02,Tiantan,2016-10-02,10 Oct,Autumn,24,24,178.3,181.8,5.5,77.7,1496,49.8,19.5,1,100
Tiantan 2016-10-03,Tiantan,2016-10-03,10 Oct,Autumn,24,24,109.3,123.4,2.8,52.1,1042,56.1,22.3,1.3,100
Tiantan 2016-10-04,Tiantan,2016-10-04,10 Oct,Autumn,24,24,32.1,48.2,2.2,37.8,1025,23.5,16.8,2.2,100
Tiantan 2016-10-05,Tiantan,2016-10-05,10 Oct,Autumn,24,24,55.8,60,2,32.3,1313,23.6,16.7,1.4,100
Tiantan 2016-10-06,Tiantan,2016-10-06,10 Oct,Autumn,24,24,67,73.8,3.7,47.8,1638,10.3,15.4,1.6,100
Tiantan 2016-10-07,Tiantan,2016-10-07,10 Oct,Autumn,24,24,39.8,39.9,2,43.5,1758,11.5,13.5,1.6,100
Tiantan 2016-10-08,Tiantan,2016-10-08,10 Oct,Autumn,24,24,11.3,25.1,2.1,21,467,45.4,12.6,2.4,100
Tiantan 2016-10-09,Tiantan,2016-10-09,10 Oct,Autumn,24,24,32.8,62.1,4.1,46.1,854,13,10.2,1.2,100
Tiantan 2016-10-10,Tiantan,2016-10-10,10 Oct,Autumn,24,24,85.2,110.7,9,65.5,1267,10.3,11.6,0.9,100
Tiantan 2016-10-11,Tiantan,2016-10-11,10 Oct,Autumn,24,24,122.1,126.7,7.6,61.9,1575,24.7,13.7,1.7,100
Tiantan 2016-10-12,Tiantan,2016-10-12,10 Oct,Autumn,24,24,70.2,87.6,5.9,60.9,1108,26.7,14.9,1.1,100
Tiantan 2016-10-13,Tiantan,2016-10-13,10 Oct,Autumn,24,24,150,154.9,4,65.9,1504,26.2,15.4,0.7,100
Tiantan 2016-10-14,Tiantan,2016-10-14,10 Oct,Autumn,24,22,207.8,210.3,4.5,72,2029,26.2,16,0.8,91.7
Tiantan 2016-10-15,Tiantan,2016-10-15,10 Oct,Autumn,24,23,165.3,172.5,2.4,84,2074,2,14.1,0.7,95.8
Tiantan 2016-10-16,Tiantan,2016-10-16,10 Oct,Autumn,24,24,107.1,107.1,2,48.5,1071,28.5,16,1,100
Tiantan 2016-10-17,Tiantan,2016-10-17,10 Oct,Autumn,24,24,65.8,86.9,2.1,45.6,1021,32,15.9,1.4,100
Tiantan 2016-10-18,Tiantan,2016-10-18,10 Oct,Autumn,24,24,118.9,154.8,5,75.1,1808,8.7,15.9,1.2,100
Tiantan 2016-10-19,Tiantan,2016-10-19,10 Oct,Autumn,24,24,210.6,217.6,3.3,72.5,2363,10.2,17,1,100
Tiantan 2016-10-20,Tiantan,2016-10-20,10 Oct,Autumn,24,24,83.5,102.3,6.2,52.6,1533,15.3,14,1.8,100
Tiantan 2016-10-21,Tiantan,2016-10-21,10 Oct,Autumn,24,24,44.9,45.7,2,44.4,971,17.5,10.8,1.1,100
Tiantan 2016-10-22,Tiantan,2016-10-22,10 Oct,Autumn,24,24,13.4,19.7,2.9,32.1,571,17.5,12.1,2.3,100
Tiantan 2016-10-23,Tiantan,2016-10-23,10 Oct,Autumn,24,24,27.9,44.9,4.7,41,667,16.8,11.1,1.2,100
Tiantan 2016-10-24,Tiantan,2016-10-24,10 Oct,Autumn,24,24,64,99.7,2.3,51.4,1271,2.5,10,0.9,100
Tiantan 2016-10-25,Tiantan,2016-10-25,10 Oct,Autumn,24,24,106.7,126.4,2.3,63.6,1546,3.7,11.4,1.2,100
Tiantan 2016-10-26,Tiantan,2016-10-26,10 Oct,Autumn,24,24,45.9,77.3,4.5,49.3,858,21.3,12.6,2.1,100
Tiantan 2016-10-27,Tiantan,2016-10-27,10 Oct,Autumn,24,24,32.7,56,7.5,59.3,1342,4.9,9.1,1.7,100
Tiantan 2016-10-28,Tiantan,2016-10-28,10 Oct,Autumn,24,23,10.6,22.3,2,38.1,483,25.6,9.5,2.1,95.8
Tiantan 2016-10-29,Tiantan,2016-10-29,10 Oct,Autumn,24,24,21.5,64.2,4.2,43.7,575,22.3,6.9,1.9,100
Tiantan 2016-10-30,Tiantan,2016-10-30,10 Oct,Autumn,24,24,47.2,100,4.5,50.9,813,26.7,6.5,2.3,100
Tiantan 2016-10-31,Tiantan,2016-10-31,10 Oct,Autumn,24,21,7.7,38.5,4.9,22.5,186,48.1,3.2,2.9,87.5
Tiantan 2016-11-01,Tiantan,2016-11-01,11 Nov,Autumn,24,24,40.5,55.6,10.7,48.8,326,26.7,2.7,1.3,100
Tiantan 2016-11-02,Tiantan,2016-11-02,11 Nov,Autumn,24,24,112.1,136.5,6.6,85.6,1517,19.8,5.2,1.3,100
Tiantan 2016-11-03,Tiantan,2016-11-03,11 Nov,Autumn,24,24,196.1,213.8,4.5,87.6,2446,21,5.6,1,100
Tiantan 2016-11-04,Tiantan,2016-11-04,11 Nov,Autumn,24,24,231.3,239.6,3.7,101.1,3263,21,6.1,1,100
Tiantan 2016-11-05,Tiantan,2016-11-05,11 Nov,Autumn,24,24,191.7,201,3.3,101,3046,25.9,8.7,1.6,100
Tiantan 2016-11-06,Tiantan,2016-11-06,11 Nov,Autumn,24,24,67.9,75.8,10.4,52.4,1138,26.7,7.9,1.6,100
Tiantan 2016-11-07,Tiantan,2016-11-07,11 Nov,Autumn,24,24,43.2,54.4,4,50,825,22.1,8.4,2.2,100
Tiantan 2016-11-08,Tiantan,2016-11-08,11 Nov,Autumn,24,24,34.9,48.5,3.8,47.8,713,16.6,5.3,1.2,100
Tiantan 2016-11-09,Tiantan,2016-11-09,11 Nov,Autumn,24,24,159,178.4,5.9,83.1,2358,2.1,3.3,1,100
Tiantan 2016-11-10,Tiantan,2016-11-10,11 Nov,Autumn,24,24,148.5,150.9,3.4,61.1,1604,5.7,7,1.5,100
Tiantan 2016-11-11,Tiantan,2016-11-11,11 Nov,Autumn,24,24,90,110.9,5,63.9,1817,2.9,4.8,1,100
Tiantan 2016-11-12,Tiantan,2016-11-12,11 Nov,Autumn,24,24,70.7,106.9,6.1,66,1471,10,6.9,1.2,100
Tiantan 2016-11-13,Tiantan,2016-11-13,11 Nov,Autumn,24,24,95.2,150.5,7.4,76.1,2400,2.2,8.1,1,100
Tiantan 2016-11-14,Tiantan,2016-11-14,11 Nov,Autumn,24,24,46.1,85.5,3,43,1075,36.5,9.4,3,100
Tiantan 2016-11-15,Tiantan,2016-11-15,11 Nov,Autumn,24,24,33,63.6,8.8,58.3,1292,11.7,4.2,1,100
Tiantan 2016-11-16,Tiantan,2016-11-16,11 Nov,Autumn,24,22,98.9,129.8,9.4,73.2,2204,7.8,5.3,0.9,91.7
Tiantan 2016-11-17,Tiantan,2016-11-17,11 Nov,Autumn,24,24,103.1,145.9,17.3,68.3,2496,4,5.9,1.1,100
Tiantan 2016-11-18,Tiantan,2016-11-18,11 Nov,Autumn,24,24,181.1,243.8,14.8,84,4021,2,6.7,1,100
Tiantan 2016-11-19,Tiantan,2016-11-19,11 Nov,Autumn,24,24,128.8,156,6.8,70.4,1933,19.8,10.1,1.7,100
Tiantan 2016-11-20,Tiantan,2016-11-20,11 Nov,Autumn,24,24,59.6,71,5.2,50.1,1238,6.3,3.8,2.4,100
Tiantan 2016-11-21,Tiantan,2016-11-21,11 Nov,Autumn,24,24,11.3,21.4,3.8,17.8,404,56,-1.3,3.8,100
Tiantan 2016-11-22,Tiantan,2016-11-22,11 Nov,Autumn,24,24,7.9,28.1,4.8,28,450,44.8,-3.3,3.8,100
Tiantan 2016-11-23,Tiantan,2016-11-23,11 Nov,Autumn,24,24,26.2,49.7,9.5,45.7,642,29.4,-0.6,2.4,100
Tiantan 2016-11-24,Tiantan,2016-11-24,11 Nov,Autumn,24,24,70.4,110,10.8,73.1,1350,12,-0.2,1.3,100
Tiantan 2016-11-25,Tiantan,2016-11-25,11 Nov,Autumn,24,24,164.7,224.7,14.8,103,2621,3,0.6,1,100
Tiantan 2016-11-26,Tiantan,2016-11-26,11 Nov,Autumn,24,24,277.1,388.4,12.8,115.1,3683,3.9,2.1,1,100
Tiantan 2016-11-27,Tiantan,2016-11-27,11 Nov,Autumn,24,24,52.3,74.3,4.9,51,992,32.8,2.8,1.8,100
Tiantan 2016-11-28,Tiantan,2016-11-28,11 Nov,Autumn,24,24,65.2,108.6,9.9,77.3,1542,8,0.8,0.9,100
Tiantan 2016-11-29,Tiantan,2016-11-29,11 Nov,Autumn,24,24,95,154.9,17.3,84.8,2538,2,1.3,1.1,100
Tiantan 2016-11-30,Tiantan,2016-11-30,11 Nov,Autumn,24,24,94.1,143.5,11.1,72.8,2254,18.2,5,2,100
Tiantan 2016-12-01,Tiantan,2016-12-01,12 Dec,Winter,24,24,27.1,54,3.2,51.3,821,36.9,5.1,1.4,100
Tiantan 2016-12-02,Tiantan,2016-12-02,12 Dec,Winter,24,24,114,151.1,10,90.2,2013,6.2,3.1,1,100
Tiantan 2016-12-03,Tiantan,2016-12-03,12 Dec,Winter,24,24,224.2,279.1,14.5,114.7,3521,3.4,2.1,0.9,100
Tiantan 2016-12-04,Tiantan,2016-12-04,12 Dec,Winter,24,24,287.2,341.8,11.3,98.7,4096,5.3,2.9,0.7,100
Tiantan 2016-12-05,Tiantan,2016-12-05,12 Dec,Winter,24,24,42.3,62.4,3.9,42.8,896,26.3,2.6,2.4,100
Tiantan 2016-12-06,Tiantan,2016-12-06,12 Dec,Winter,24,23,79.9,127.9,10.6,93.2,2142,3.6,0,0.9,95.8
Tiantan 2016-12-07,Tiantan,2016-12-07,12 Dec,Winter,24,24,142.1,191.5,13.2,112.2,3196,4.3,3,1.6,100
Tiantan 2016-12-08,Tiantan,2016-12-08,12 Dec,Winter,24,24,98.1,151.3,8.3,65.8,1917,33.2,4.4,2.6,100
Tiantan 2016-12-09,Tiantan,2016-12-09,12 Dec,Winter,24,24,23.4,38.7,7.5,44,646,34.1,1.5,1.6,100
Tiantan 2016-12-10,Tiantan,2016-12-10,12 Dec,Winter,24,24,46.5,70.8,6.6,67,1217,9.5,-0.7,0.9,100
Tiantan 2016-12-11,Tiantan,2016-12-11,12 Dec,Winter,24,24,177.3,220.5,22.3,106.8,3025,4.5,-0.7,1.2,100
Tiantan 2016-12-12,Tiantan,2016-12-12,12 Dec,Winter,24,24,214.4,249.1,37.1,109.3,2663,5.6,2.5,1,100
Tiantan 2016-12-13,Tiantan,2016-12-13,12 Dec,Winter,24,24,52.3,58.5,2.6,55.7,1104,22.7,1.2,1.6,100
Tiantan 2016-12-14,Tiantan,2016-12-14,12 Dec,Winter,24,24,27,43.4,9.8,53,758,29.7,-0.8,2,100
Tiantan 2016-12-15,Tiantan,2016-12-15,12 Dec,Winter,24,24,27.6,56.9,5.9,50.9,904,26.9,0.1,2.4,100
Tiantan 2016-12-16,Tiantan,2016-12-16,12 Dec,Winter,24,24,161.3,214.5,12,107.1,2575,6.9,-0.1,1,100
Tiantan 2016-12-17,Tiantan,2016-12-17,12 Dec,Winter,24,24,230.4,270.2,17.5,111.8,3308,3.8,-0.1,0.9,100
Tiantan 2016-12-18,Tiantan,2016-12-18,12 Dec,Winter,24,24,244,261.7,8.9,103.6,3375,5.3,0.1,0.5,100
Tiantan 2016-12-19,Tiantan,2016-12-19,12 Dec,Winter,24,24,245.1,260.1,8.6,118.7,4213,3,0.5,0.7,100
Tiantan 2016-12-20,Tiantan,2016-12-20,12 Dec,Winter,24,24,383.1,432,5.3,146.7,8439,2.6,-1.3,1.2,100
Tiantan 2016-12-21,Tiantan,2016-12-21,12 Dec,Winter,24,24,385.8,436,7.7,170.7,8571,2.2,1,1,100
Tiantan 2016-12-22,Tiantan,2016-12-22,12 Dec,Winter,24,24,74.8,91.7,5.3,47.2,1954,43.1,2.9,3.3,100
Tiantan 2016-12-23,Tiantan,2016-12-23,12 Dec,Winter,24,24,30.4,49.2,7,53.1,867,25.7,-0.6,1.5,100
Tiantan 2016-12-24,Tiantan,2016-12-24,12 Dec,Winter,24,24,110.3,143.3,14,84.6,2196,9,-0.6,1.2,100
Tiantan 2016-12-25,Tiantan,2016-12-25,12 Dec,Winter,24,24,143.5,180.8,16.7,102.3,2933,2,-1.2,1,100
Tiantan 2016-12-26,Tiantan,2016-12-26,12 Dec,Winter,24,24,44.3,55.6,15.7,63.3,1004,22.1,1.5,1.6,100
Tiantan 2016-12-27,Tiantan,2016-12-27,12 Dec,Winter,24,24,39.7,63.7,9,51.1,808,28.1,-0.9,2.1,100
Tiantan 2016-12-28,Tiantan,2016-12-28,12 Dec,Winter,24,21,78.7,98,,,1110,14.5,-0.8,2.7,87.5
Tiantan 2016-12-29,Tiantan,2016-12-29,12 Dec,Winter,24,24,67.4,106.3,4.8,44,608,3,-1.2,1.6,100
Tiantan 2016-12-30,Tiantan,2016-12-30,12 Dec,Winter,24,24,279.3,353.6,5.4,83.5,3200,2.4,-3.1,1.1,100
Tiantan 2016-12-31,Tiantan,2016-12-31,12 Dec,Winter,24,24,346.2,425.8,7.8,134.2,5075,2.4,-2.5,0.9,100
Wanliu 2016-01-01,Wanliu,2016-01-01,01 Jan,Winter,24,24,158.5,171.5,44,114.6,4217,5,-1.3,0.9,100
Wanliu 2016-01-02,Wanliu,2016-01-02,01 Jan,Winter,24,24,226.1,233.1,45.7,130.5,5638,5.5,-0.7,0.7,100
Wanliu 2016-01-03,Wanliu,2016-01-03,01 Jan,Winter,24,24,286,287.4,29.3,100.4,5413,6.5,-1.9,1.2,100
Wanliu 2016-01-04,Wanliu,2016-01-04,01 Jan,Winter,24,24,44.9,46.3,6.6,40,1429,34.6,-0.7,2.4,100
Wanliu 2016-01-05,Wanliu,2016-01-05,01 Jan,Winter,24,24,35.7,46.9,13.7,46.9,1313,22,-3.3,1.7,100
Wanliu 2016-01-06,Wanliu,2016-01-06,01 Jan,Winter,24,24,35.2,48.2,13.8,46.5,2004,23.9,-3.1,2.1,100
Wanliu 2016-01-07,Wanliu,2016-01-07,01 Jan,Winter,24,24,10.5,18.8,7.8,30.5,842,33.9,-3,2.2,100
Wanliu 2016-01-08,Wanliu,2016-01-08,01 Jan,Winter,24,24,34.7,45.3,13.8,47.4,1258,24,-2.8,1.7,100
Wanliu 2016-01-09,Wanliu,2016-01-09,01 Jan,Winter,24,24,73.5,93.8,26.8,82.2,2679,6.4,-3.3,1.1,100
Wanliu 2016-01-10,Wanliu,2016-01-10,01 Jan,Winter,24,24,53.8,67.5,27.3,64.8,2321,14.6,-2.1,1.4,100
Wanliu 2016-01-11,Wanliu,2016-01-11,01 Jan,Winter,24,24,9,20.8,8,27.2,917,41.8,-4.6,2.7,100
Wanliu 2016-01-12,Wanliu,2016-01-12,01 Jan,Winter,24,24,12.4,24.2,9.2,34.7,1038,35.4,-5.2,2.1,100
Wanliu 2016-01-13,Wanliu,2016-01-13,01 Jan,Winter,24,24,21.7,44.8,12.3,54.2,1483,22.7,-2.7,1.3,100
Wanliu 2016-01-14,Wanliu,2016-01-14,01 Jan,Winter,24,24,76.3,99.3,28.5,77.2,2392,15.1,-2.4,1,100
Wanliu 2016-01-15,Wanliu,2016-01-15,01 Jan,Winter,24,24,86.6,120.1,29.8,88,3738,8.1,-2.6,1.1,100
Wanliu 2016-01-16,Wanliu,2016-01-16,01 Jan,Winter,24,24,122.7,128.3,45.3,68.4,2879,6.9,-1.8,1.3,100
Wanliu 2016-01-17,Wanliu,2016-01-17,01 Jan,Winter,24,24,42.8,49.8,9.3,30,1450,48.4,-5,2.6,100
Wanliu 2016-01-18,Wanliu,2016-01-18,01 Jan,Winter,24,24,7.5,40.3,2.4,18.1,925,52,-8.2,3.4,100
Wanliu 2016-01-19,Wanliu,2016-01-19,01 Jan,Winter,24,24,61.4,84.8,23.5,70.5,2321,12,-7.6,1.4,100
Wanliu 2016-01-20,Wanliu,2016-01-20,01 Jan,Winter,24,24,107.8,123.8,54.8,81.5,4104,3.7,-5.7,1.4,100
Wanliu 2016-01-21,Wanliu,2016-01-21,01 Jan,Winter,24,24,142.6,146,36,75.6,3817,3.9,-4.8,1.3,100
Wanliu 2016-01-22,Wanliu,2016-01-22,01 Jan,Winter,24,24,15,32.2,4.8,16.4,1200,54.7,-9.6,4.1,100
Wanliu 2016-01-23,Wanliu,2016-01-23,01 Jan,Winter,24,24,7.8,30.8,4.3,15.8,1108,52.1,-14.2,3.7,100
Wanliu 2016-01-24,Wanliu,2016-01-24,01 Jan,Winter,24,24,11.5,35.4,5,27.7,1317,43.5,-9.9,2.3,100
Wanliu 2016-01-25,Wanliu,2016-01-25,01 Jan,Winter,24,24,24.3,42.6,16.7,56.6,1838,20.1,-4.8,1.3,100
Wanliu 2016-01-26,Wanliu,2016-01-26,01 Jan,Winter,24,24,32.4,50.1,20.3,37.7,939,38.6,-2.4,2.2,100
Wanliu 2016-01-27,Wanliu,2016-01-27,01 Jan,Winter,24,24,100.4,112,49.7,89.9,2825,8.3,-5,0.9,100
Wanliu 2016-01-28,Wanliu,2016-01-28,01 Jan,Winter,24,22,114.4,128.5,59.4,94.1,2609,11.6,-2.2,1.2,91.7
Wanliu 2016-01-29,Wanliu,2016-01-29,01 Jan,Winter,24,24,56.1,79.3,36.7,61,1004,14.3,-4.1,1.9,100
Wanliu 2016-01-30,Wanliu,2016-01-30,01 Jan,Winter,24,24,58.2,68,28.5,59.9,1000,17.7,-5.6,1.4,100
Wanliu 2016-01-31,Wanliu,2016-01-31,01 Jan,Winter,24,24,10.1,20,10.8,29.3,208,49.3,-3.9,1.9,100
Wanliu 2016-02-01,Wanliu,2016-02-01,02 Feb,Winter,24,24,14.7,28.7,14.5,41.8,513,36.7,-2.4,1.7,100
Wanliu 2016-02-02,Wanliu,2016-02-02,02 Feb,Winter,24,24,32.4,39.8,23.5,61.9,1036,24.1,-2.9,0.9,100
Wanliu 2016-02-03,Wanliu,2016-02-03,02 Feb,Winter,24,21,39,46.9,29.8,70.8,1904,15.1,-2.2,0.9,87.5
Wanliu 2016-02-04,Wanliu,2016-02-04,02 Feb,Winter,24,24,10.3,16.9,10,25.3,275,62.3,1.9,2.3,100
Wanliu 2016-02-05,Wanliu,2016-02-05,02 Feb,Winter,24,24,9.9,28.8,7.6,18.7,221,67.8,0.3,2.8,100
Wanliu 2016-02-06,Wanliu,2016-02-06,02 Feb,Winter,24,24,28,38.3,15.9,39.8,617,48.9,0.1,1.4,100
Wanliu 2016-02-07,Wanliu,2016-02-07,02 Feb,Winter,24,22,26.8,60.1,21.6,39.1,700,49.8,1.3,1.3,91.7
Wanliu 2016-02-08,Wanliu,2016-02-08,02 Feb,Winter,24,24,241.3,260.1,67,40.6,921,50.7,4.2,2.6,100
Wanliu 2016-02-09,Wanliu,2016-02-09,02 Feb,Winter,24,24,35.1,40.1,23.5,44.2,633,48.2,3.8,1.5,100
Wanliu 2016-02-10,Wanliu,2016-02-10,02 Feb,Winter,24,24,93,95.9,56.3,77.6,2300,17.3,2.1,1,100
Wanliu 2016-02-11,Wanliu,2016-02-11,02 Feb,Winter,24,24,139.7,145.7,51.2,76.7,2592,7.1,3.4,0.6,100
Wanliu 2016-02-12,Wanliu,2016-02-12,02 Feb,Winter,24,24,146.7,146.7,25.2,68.2,1733,14.7,4.2,1.2,100
Wanliu 2016-02-13,Wanliu,2016-02-13,02 Feb,Winter,24,24,8.7,11.9,7.6,9.8,100,63.9,0.8,4.8,100
Wanliu 2016-02-14,Wanliu,2016-02-14,02 Feb,Winter,24,24,5.9,12.6,4.9,10.4,263,71,-3.8,3.7,100
Wanliu 2016-02-15,Wanliu,2016-02-15,02 Feb,Winter,24,24,6.3,38.8,3.3,11.5,313,72.5,0.3,3,100
Wanliu 2016-02-16,Wanliu,2016-02-16,02 Feb,Winter,24,24,5.4,33,4.1,15,213,76.1,4.5,3.5,100
Wanliu 2016-02-17,Wanliu,2016-02-17,02 Feb,Winter,24,24,42.5,51.6,19.4,58,1196,33.6,2.5,1.3,100
Wanliu 2016-02-18,Wanliu,2016-02-18,02 Feb,Winter,24,24,13.3,29.9,6.6,21,229,74.9,6.2,2.5,100
Wanliu 2016-02-19,Wanliu,2016-02-19,02 Feb,Winter,24,24,15.8,32.5,8.3,38.2,546,48.4,3,2.1,100
Wanliu 2016-02-20,Wanliu,2016-02-20,02 Feb,Winter,24,23,13.3,20.9,7.1,27.2,330,61.5,-0.4,2.4,95.8
Wanliu 2016-02-21,Wanliu,2016-02-21,02 Feb,Winter,24,24,71.7,91.9,30.9,65.8,1421,23.3,-0.4,1.9,100
Wanliu 2016-02-22,Wanliu,2016-02-22,02 Feb,Winter,24,24,72.1,86.4,17.4,44.8,863,49.5,2.3,2.9,100
Wanliu 2016-02-23,Wanliu,2016-02-23,02 Feb,Winter,24,24,7.8,13.2,4,20.9,177,70,0,2.7,100
Wanliu 2016-02-24,Wanliu,2016-02-24,02 Feb,Winter,24,24,24.6,39,13,49.2,813,42.5,-0.2,1.5,100
Wanliu 2016-02-25,Wanliu,2016-02-25,02 Feb,Winter,24,24,22.4,39.3,13,42.6,542,45.2,1.9,1.9,100
Wanliu 2016-02-26,Wanliu,2016-02-26,02 Feb,Winter,24,22,34.4,54.8,14.8,52.6,729,47.2,2.5,2.1,91.7
Wanliu 2016-02-27,Wanliu,2016-02-27,02 Feb,Winter,24,24,19.8,24.2,13.1,61.9,733,42.4,3.7,1.8,100
Wanliu 2016-02-28,Wanliu,2016-02-28,02 Feb,Winter,24,24,31.8,46.3,8.3,52.7,558,46.9,1.2,2.5,100
Wanliu 2016-02-29,Wanliu,2016-02-29,02 Feb,Winter,24,24,32.4,37.9,12.6,65.8,275,40,-1,1.7,100
Wanliu 2016-03-01,Wanliu,2016-03-01,03 Mar,Spring,24,24,118.3,123.6,34.7,120.6,1664,20.9,2.9,1.5,100
Wanliu 2016-03-02,Wanliu,2016-03-02,03 Mar,Spring,24,24,159.9,167.6,35.9,166,2841,17.8,7.2,1.1,100
Wanliu 2016-03-03,Wanliu,2016-03-03,03 Mar,Spring,24,24,277,279.6,59.4,193.3,3704,14.1,7.8,1,100
Wanliu 2016-03-04,Wanliu,2016-03-04,03 Mar,Spring,24,24,347.3,356.3,49,200.8,4345,9.2,6.4,1,100
Wanliu 2016-03-05,Wanliu,2016-03-05,03 Mar,Spring,24,24,70,299.9,3.2,26.5,235,71,9.3,3.1,100
Wanliu 2016-03-06,Wanliu,2016-03-06,03 Mar,Spring,24,23,73.3,174.5,29.3,77.5,1857,13.1,4.9,1.1,95.8
Wanliu 2016-03-07,Wanliu,2016-03-07,03 Mar,Spring,24,23,35.4,84,11,,1078,56.3,5.9,2.9,95.8
Wanliu 2016-03-08,Wanliu,2016-03-08,03 Mar,Spring,24,24,9.5,21.3,2.1,,350,72.3,2.4,3.2,100
Wanliu 2016-03-09,Wanliu,2016-03-09,03 Mar,Spring,24,24,9.5,18.7,3.9,18.5,317,65.8,1.6,2.7,100
Wanliu 2016-03-10,Wanliu,2016-03-10,03 Mar,Spring,24,24,8.9,38.2,2.4,14.4,275,72.4,2.8,2.7,100
Wanliu 2016-03-11,Wanliu,2016-03-11,03 Mar,Spring,24,24,21,43.3,9.2,48.9,558,50.8,3.1,1.8,100
Wanliu 2016-03-12,Wanliu,2016-03-12,03 Mar,Spring,24,24,109,132.8,44.3,107.5,2004,13.8,3.5,1.5,100
Wanliu 2016-03-13,Wanliu,2016-03-13,03 Mar,Spring,24,24,28,44,11.6,39.5,692,67.4,7.6,2.6,100
Wanliu 2016-03-14,Wanliu,2016-03-14,03 Mar,Spring,24,23,73.5,104.9,25.6,84.9,1478,28.5,8.7,1.9,95.8
Wanliu 2016-03-15,Wanliu,2016-03-15,03 Mar,Spring,24,18,,,,,,,8.1,1.2,75
Wanliu 2016-03-16,Wanliu,2016-03-16,03 Mar,Spring,24,23,246.8,266.4,46.1,115.5,2561,51.5,9.4,1.2,95.8
Wanliu 2016-03-17,Wanliu,2016-03-17,03 Mar,Spring,24,23,308.5,308.5,36.2,139.9,2361,39.4,10.1,1.1,95.8
Wanliu 2016-03-18,Wanliu,2016-03-18,03 Mar,Spring,24,24,215.1,215.1,16,90,1754,57.1,14.1,1.5,100
Wanliu 2016-03-19,Wanliu,2016-03-19,03 Mar,Spring,24,24,61.5,103.4,16.2,59.5,892,58.5,11.3,1.9,100
Wanliu 2016-03-20,Wanliu,2016-03-20,03 Mar,Spring,24,24,63.4,110.3,11,80,1071,39.5,11.7,1.3,100
Wanliu 2016-03-21,Wanliu,2016-03-21,03 Mar,Spring,24,24,117.7,170.7,22,102.4,1183,51.7,12.1,1.6,100
Wanliu 2016-03-22,Wanliu,2016-03-22,03 Mar,Spring,24,22,107.8,223.8,27.1,100,1433,28.5,12.8,1.8,91.7
Wanliu 2016-03-23,Wanliu,2016-03-23,03 Mar,Spring,24,23,22,53.8,4.8,44.3,496,56.5,10.1,2.2,95.8
Wanliu 2016-03-24,Wanliu,2016-03-24,03 Mar,Spring,24,24,13.4,31.2,2.7,47,408,49.3,8.7,1.7,100
Wanliu 2016-03-25,Wanliu,2016-03-25,03 Mar,Spring,24,24,17.8,51.6,5.5,55.8,438,49.9,9.1,1.3,100
Wanliu 2016-03-26,Wanliu,2016-03-26,03 Mar,Spring,24,24,12.6,43.9,4.8,39.3,313,61.7,13.5,2.3,100
Wanliu 2016-03-27,Wanliu,2016-03-27,03 Mar,Spring,24,24,16,52.3,3.8,58.5,396,49,14.8,1.7,100
Wanliu 2016-03-28,Wanliu,2016-03-28,03 Mar,Spring,24,24,70.7,205.1,14.1,84.3,763,35.6,15,1.6,100
Wanliu 2016-03-29,Wanliu,2016-03-29,03 Mar,Spring,24,24,20.9,84.3,5.8,50.7,400,59.7,15.5,2,100
Wanliu 2016-03-30,Wanliu,2016-03-30,03 Mar,Spring,24,24,28.3,75.3,8.4,61.5,554,52.3,14.9,1.5,100
Wanliu 2016-03-31,Wanliu,2016-03-31,03 Mar,Spring,24,24,141.1,235.3,36.6,99.8,1442,59.3,15.4,1.8,100
Wanliu 2016-04-01,Wanliu,2016-04-01,04 Apr,Spring,24,24,31.3,155.9,5.5,34.3,342,72.5,17.7,2.7,100
Wanliu 2016-04-02,Wanliu,2016-04-02,04 Apr,Spring,24,24,6.5,32.9,2.1,25.3,242,72.6,14.8,2.2,100
Wanliu 2016-04-03,Wanliu,2016-04-03,04 Apr,Spring,24,23,18.2,72.8,2.2,48.6,357,55.1,14.3,1.9,95.8
Wanliu 2016-04-04,Wanliu,2016-04-04,04 Apr,Spring,24,24,64.9,105.6,11,63.4,583,66.7,14.8,1.9,100
Wanliu 2016-04-05,Wanliu,2016-04-05,04 Apr,Spring,24,24,110.8,158,18.9,69.8,925,82.8,15.4,1.5,100
Wanliu 2016-04-06,Wanliu,2016-04-06,04 Apr,Spring,24,24,129.5,165.7,29.6,87,1838,52.7,14.2,1,100
Wanliu 2016-04-07,Wanliu,2016-04-07,04 Apr,Spring,24,24,85.3,147.1,5.3,59,1017,56.6,17.4,2.3,100
Wanliu 2016-04-08,Wanliu,2016-04-08,04 Apr,Spring,24,24,21.7,88.4,4.7,46.8,363,66.3,16.6,2.6,100
Wanliu 2016-04-09,Wanliu,2016-04-09,04 Apr,Spring,24,24,65.4,238.2,12.7,65.6,754,54.3,16,1.5,100
Wanliu 2016-04-10,Wanliu,2016-04-10,04 Apr,Spring,24,24,44.7,183.3,14.6,55.8,825,67.8,13.1,1.8,100
Wanliu 2016-04-11,Wanliu,2016-04-11,04 Apr,Spring,24,24,34.3,92.7,11.1,51.4,608,62.9,11.1,1.8,100
Wanliu 2016-04-12,Wanliu,2016-04-12,04 Apr,Spring,24,24,69.8,88.5,7.8,78.3,771,30.7,11.9,1.4,100
Wanliu 2016-04-13,Wanliu,2016-04-13,04 Apr,Spring,24,24,100.1,132.4,8.4,84.7,883,52,16.8,1.6,100
Wanliu 2016-04-14,Wanliu,2016-04-14,04 Apr,Spring,24,24,23.8,97,4.3,35.3,358,81.9,18.1,2.2,100
Wanliu 2016-04-15,Wanliu,2016-04-15,04 Apr,Spring,24,24,54.8,106.9,17.5,76,967,42.6,15.5,1.5,100
Wanliu 2016-04-16,Wanliu,2016-04-16,04 Apr,Spring,24,24,33.8,65.7,2.6,31.8,300,56.3,15.2,2.8,100
Wanliu 2016-04-17,Wanliu,2016-04-17,04 Apr,Spring,24,23,15.3,28.4,2,20.8,296,87.4,15.7,2.9,95.8
Wanliu 2016-04-18,Wanliu,2016-04-18,04 Apr,Spring,24,22,29.5,38.1,2.2,33.2,283,76.2,14.6,2,91.7
Wanliu 2016-04-19,Wanliu,2016-04-19,04 Apr,Spring,24,24,67.5,87,18.8,76.5,1238,32.5,13.1,1.3,100
Wanliu 2016-04-20,Wanliu,2016-04-20,04 Apr,Spring,24,18,,,6.8,,824,66.4,17.9,1.7,75
Wanliu 2016-04-21,Wanliu,2016-04-21,04 Apr,Spring,24,23,87.5,117.7,4.2,77.8,783,63.5,20,1.9,95.8
Wanliu 2016-04-22,Wanliu,2016-04-22,04 Apr,Spring,24,24,25.1,64.7,2,24.3,242,91.9,20.2,3,100
Wanliu 2016-04-23,Wanliu,2016-04-23,04 Apr,Spring,24,24,17.7,33.1,2.4,34.3,308,71.9,16.9,1.7,100
Wanliu 2016-04-24,Wanliu,2016-04-24,04 Apr,Spring,24,24,74,97.5,19.7,64.8,846,74.4,17.3,1.9,100
Wanliu 2016-04-25,Wanliu,2016-04-25,04 Apr,Spring,24,24,85.6,96.5,14.9,48,642,109.9,21.5,2.1,100
Wanliu 2016-04-26,Wanliu,2016-04-26,04 Apr,Spring,24,24,70.7,78.3,27,52.1,1325,103.6,18,1.3,100
Wanliu 2016-04-27,Wanliu,2016-04-27,04 Apr,Spring,24,23,83.2,84.3,10.6,68.6,1143,63.6,14.4,0.7,95.8
Wanliu 2016-04-28,Wanliu,2016-04-28,04 Apr,Spring,24,24,80.1,91.2,7.2,60.8,1025,87.9,18.5,1.3,100
Wanliu 2016-04-29,Wanliu,2016-04-29,04 Apr,Spring,24,24,113.7,119,12.9,90.4,1292,75.7,18,1.3,100
Wanliu 2016-04-30,Wanliu,2016-04-30,04 Apr,Spring,24,24,153.3,158.8,9,88.7,1383,118.2,22.1,1.4,100
Wanliu 2016-05-01,Wanliu,2016-05-01,05 May,Spring,24,24,188.3,188.4,24.1,63.8,2063,140.9,23,0.9,100
Wanliu 2016-05-02,Wanliu,2016-05-02,05 May,Spring,24,24,43.7,78.1,2.6,27.2,338,67.1,15,2.1,100
Wanliu 2016-05-03,Wanliu,2016-05-03,05 May,Spring,24,24,18.9,53.2,2,35.2,350,57.5,17.4,2,100
Wanliu 2016-05-04,Wanliu,2016-05-04,05 May,Spring,24,24,27.9,48.3,4.1,66.2,546,62.3,19.5,1.5,100
Wanliu 2016-05-05,Wanliu,2016-05-05,05 May,Spring,24,24,50.3,76.5,13.4,62.3,871,77.8,21,1.6,100
Wanliu 2016-05-06,Wanliu,2016-05-06,05 May,Spring,24,24,63.5,122.5,2,20.8,192,85.3,20,2.7,100
Wanliu 2016-05-07,Wanliu,2016-05-07,05 May,Spring,24,24,19.6,38.4,2.5,42.2,267,80.9,20,1.6,100
Wanliu 2016-05-08,Wanliu,2016-05-08,05 May,Spring,24,24,52,69.3,13.5,57.5,642,86.4,19.3,2.1,100
Wanliu 2016-05-09,Wanliu,2016-05-09,05 May,Spring,24,24,31.9,42.9,4,53.3,488,50.4,17.1,1.4,100
Wanliu 2016-05-10,Wanliu,2016-05-10,05 May,Spring,24,24,37.7,52.8,3.8,50.7,588,85.5,20.3,1.5,100
Wanliu 2016-05-11,Wanliu,2016-05-11,05 May,Spring,24,24,157.1,157.8,15.2,52.5,1196,115.2,21.9,1.7,100
Wanliu 2016-05-12,Wanliu,2016-05-12,05 May,Spring,24,23,34.1,44.6,2,30.1,439,67.9,17,2.2,95.8
Wanliu 2016-05-13,Wanliu,2016-05-13,05 May,Spring,24,24,35,46.5,5.3,50,558,59.9,16.8,2,100
Wanliu 2016-05-14,Wanliu,2016-05-14,05 May,Spring,24,24,37.3,41.3,2.4,41.7,563,59.4,13.6,1.6,100
Wanliu 2016-05-15,Wanliu,2016-05-15,05 May,Spring,24,24,36.5,44.5,2.1,41.7,517,41.8,17.1,1.3,100
Wanliu 2016-05-16,Wanliu,2016-05-16,05 May,Spring,24,24,22.3,40.7,2.6,54.3,492,66.2,21.2,1.9,100
Wanliu 2016-05-17,Wanliu,2016-05-17,05 May,Spring,24,24,54,72.8,10.6,62,650,112.3,23.5,1.8,100
Wanliu 2016-05-18,Wanliu,2016-05-18,05 May,Spring,24,24,58.6,70.4,10.8,43.6,563,127.7,23.6,2,100
Wanliu 2016-05-19,Wanliu,2016-05-19,05 May,Spring,24,22,82.7,82.6,16.3,49.5,733,164,23.4,1.7,91.7
Wanliu 2016-05-20,Wanliu,2016-05-20,05 May,Spring,24,24,92.3,94.3,20.2,65.2,1071,148.8,23,1.3,100
Wanliu 2016-05-21,Wanliu,2016-05-21,05 May,Spring,24,24,73,76.3,18,63.8,825,129.2,22.4,1,100
Wanliu 2016-05-22,Wanliu,2016-05-22,05 May,Spring,24,24,49.5,57.4,7.4,75.5,671,110.3,22.7,1.2,100
Wanliu 2016-05-23,Wanliu,2016-05-23,05 May,Spring,24,24,63,67,11.5,54.5,821,89.8,20.1,1.5,100
Wanliu 2016-05-24,Wanliu,2016-05-24,05 May,Spring,24,23,24,30,2.8,40.8,392,82.3,20.7,1.7,95.8
Wanliu 2016-05-25,Wanliu,2016-05-25,05 May,Spring,24,23,11.2,19,2,30,292,95,22,1.5,95.8
Wanliu 2016-05-26,Wanliu,2016-05-26,05 May,Spring,24,23,25.2,36.1,2.1,32,350,87.4,24.2,1.9,95.8
Wanliu 2016-05-27,Wanliu,2016-05-27,05 May,Spring,24,19,,84.2,11.6,51.3,665,87.4,23,2.2,79.2
Wanliu 2016-05-28,Wanliu,2016-05-28,05 May,Spring,24,24,40.6,77.5,10.7,41.7,646,119.1,22.9,1.8,100
Wanliu 2016-05-29,Wanliu,2016-05-29,05 May,Spring,24,24,28.9,55.5,4.4,35.7,442,107.5,24.7,2,100
Wanliu 2016-05-30,Wanliu,2016-05-30,05 May,Spring,24,24,77.5,135.1,16.4,52,1067,156.3,26.2,1.4,100
Wanliu 2016-05-31,Wanliu,2016-05-31,05 May,Spring,24,24,44.4,106,9.1,47,725,71.1,23.6,1,100
Wanliu 2016-06-01,Wanliu,2016-06-01,06 Jun,Summer,24,24,30.4,62.2,4.7,48.3,608,91.6,23.9,1.3,100
Wanliu 2016-06-02,Wanliu,2016-06-02,06 Jun,Summer,24,24,45.1,83.3,8.2,60.7,729,117,24.3,1.5,100
Wanliu 2016-06-03,Wanliu,2016-06-03,06 Jun,Summer,24,24,79.5,120.5,20.6,91.2,1238,105.8,23.5,1.1,100
Wanliu 2016-06-04,Wanliu,2016-06-04,06 Jun,Summer,24,24,84.1,107.5,19.4,54.6,904,146.5,25.6,1.5,100
Wanliu 2016-06-05,Wanliu,2016-06-05,06 Jun,Summer,24,24,72.7,94.7,12.8,58.3,846,128.9,24.5,1.3,100
Wanliu 2016-06-06,Wanliu,2016-06-06,06 Jun,Summer,24,24,85.2,99.1,7.7,53.8,846,128.8,24.5,1.3,100
Wanliu 2016-06-07,Wanliu,2016-06-07,06 Jun,Summer,24,24,55,66.3,2.3,32.6,800,108.5,22.4,1.6,100
Wanliu 2016-06-08,Wanliu,2016-06-08,06 Jun,Summer,24,24,123.9,124,2.4,46.8,1175,129.4,24.4,1.3,100
Wanliu 2016-06-09,Wanliu,2016-06-09,06 Jun,Summer,24,24,111,127.7,7.7,52,1058,138,26.3,2.2,100
Wanliu 2016-06-10,Wanliu,2016-06-10,06 Jun,Summer,24,22,47.5,50.8,2,29.7,577,111,24.1,2,91.7
Wanliu 2016-06-11,Wanliu,2016-06-11,06 Jun,Summer,24,24,8.9,22.5,2,31,338,81.9,24.8,1.7,100
Wanliu 2016-06-12,Wanliu,2016-06-12,06 Jun,Summer,24,24,64.6,79.9,7.3,53.4,967,110.3,24.7,1.1,100
Wanliu 2016-06-13,Wanliu,2016-06-13,06 Jun,Summer,24,24,45.3,50.2,2.3,43.3,621,81.8,19.6,1,100
Wanliu 2016-06-14,Wanliu,2016-06-14,06 Jun,Summer,24,24,37.4,40.2,2,35,613,72,19,1.2,100
Wanliu 2016-06-15,Wanliu,2016-06-15,06 Jun,Summer,24,24,21.3,28.8,2,40.8,508,89.2,23.7,1.1,100
Wanliu 2016-06-16,Wanliu,2016-06-16,06 Jun,Summer,24,23,29.7,67.3,2.5,69.5,683,58.1,25.6,0.9,95.8
Wanliu 2016-06-17,Wanliu,2016-06-17,06 Jun,Summer,24,24,26.2,67.5,3.1,,,35.5,25.3,1.4,100
Wanliu 2016-06-18,Wanliu,2016-06-18,06 Jun,Summer,24,24,39.3,65.6,3.5,50.2,688,104.2,26.3,1.7,100
Wanliu 2016-06-19,Wanliu,2016-06-19,06 Jun,Summer,24,24,61.4,86.5,4.7,54,742,130.7,27.7,1.3,100
Wanliu 2016-06-20,Wanliu,2016-06-20,06 Jun,Summer,24,20,92.4,94.8,5.9,24.6,964,129.9,27.6,1.4,83.3
Wanliu 2016-06-21,Wanliu,2016-06-21,06 Jun,Summer,24,24,84.5,93.8,2.9,44.5,875,131.2,27.6,1.4,100
Wanliu 2016-06-22,Wanliu,2016-06-22,06 Jun,Summer,24,24,51.5,59,2.5,41.1,667,118.5,27.3,1.4,100
Wanliu 2016-06-23,Wanliu,2016-06-23,06 Jun,Summer,24,24,84.2,98,4.4,50.5,1050,109.9,27.3,1.2,100
Wanliu 2016-06-24,Wanliu,2016-06-24,06 Jun,Summer,24,22,13,26.4,2.1,47.2,350,63.1,26.7,1.7,91.7
Wanliu 2016-06-25,Wanliu,2016-06-25,06 Jun,Summer,24,24,15.6,34.3,2.2,43.1,350,67.3,28.3,1.3,100
Wanliu 2016-06-26,Wanliu,2016-06-26,06 Jun,Summer,24,24,37.1,70.3,4.9,59.2,542,106,29.1,1.8,100
Wanliu 2016-06-27,Wanliu,2016-06-27,06 Jun,Summer,24,24,56.5,82.6,7,54.3,692,115.1,26.1,1.5,100
Wanliu 2016-06-28,Wanliu,2016-06-28,06 Jun,Summer,24,24,70,70.1,2,45.4,696,59.2,20.9,1.3,100
Wanliu 2016-06-29,Wanliu,2016-06-29,06 Jun,Summer,24,24,115.4,115.4,2,47.1,900,80.7,24,1.1,100
Wanliu 2016-06-30,Wanliu,2016-06-30,06 Jun,Summer,24,24,62.1,68.5,2,45.4,729,107.8,26.9,1.1,100
Wanliu 2016-07-01,Wanliu,2016-07-01,07 Jul,Summer,24,24,13.7,29.5,2,33.3,408,85.3,26.4,1.2,100
Wanliu 2016-07-02,Wanliu,2016-07-02,07 Jul,Summer,24,24,46,63,2.9,51.5,688,96.6,26.7,1.4,100
Wanliu 2016-07-03,Wanliu,2016-07-03,07 Jul,Summer,24,24,81.3,107.3,4.5,70.3,1000,87.9,25.8,1,100
Wanliu 2016-07-04,Wanliu,2016-07-04,07 Jul,Summer,24,24,122.3,122.4,2.4,46.3,1133,116.7,26.7,1,100
Wanliu 2016-07-05,Wanliu,2016-07-05,07 Jul,Summer,24,24,96.9,101.4,3,39.6,950,121.5,27.5,1.3,100
Wanliu 2016-07-06,Wanliu,2016-07-06,07 Jul,Summer,24,24,76.8,91.1,2.9,45.5,892,125.7,28.3,1.4,100
Wanliu 2016-07-07,Wanliu,2016-07-07,07 Jul,Summer,24,24,110,120.6,5.8,44,1204,139.6,28.3,1.4,100
Wanliu 2016-07-08,Wanliu,2016-07-08,07 Jul,Summer,24,24,93.5,99.2,4.2,43.3,1121,103.2,28.6,1.4,100
Wanliu 2016-07-09,Wanliu,2016-07-09,07 Jul,Summer,24,24,78,83.3,2.5,40.8,792,108.3,30,1.5,100
Wanliu 2016-07-10,Wanliu,2016-07-10,07 Jul,Summer,24,24,87.1,92.5,3.5,38.5,804,107,30.8,1.6,100
Wanliu 2016-07-11,Wanliu,2016-07-11,07 Jul,Summer,24,24,83.3,95.3,7.5,35.9,717,110.8,31.1,1.9,100
Wanliu 2016-07-12,Wanliu,2016-07-12,07 Jul,Summer,24,24,31.3,44.7,3.8,34.5,513,64.1,27,1.3,100
Wanliu 2016-07-13,Wanliu,2016-07-13,07 Jul,Summer,24,24,21.5,34.6,2,44.9,521,95.1,29.7,1.2,100
Wanliu 2016-07-14,Wanliu,2016-07-14,07 Jul,Summer,24,24,37.6,62.8,2.4,51.8,800,78.8,27.3,1.3,100
Wanliu 2016-07-15,Wanliu,2016-07-15,07 Jul,Summer,24,24,37.3,38.8,2,34,638,62,21.4,0.9,100
Wanliu 2016-07-16,Wanliu,2016-07-16,07 Jul,Summer,24,24,38.5,43.5,2,47.3,683,43.7,21.9,0.7,100
Wanliu 2016-07-17,Wanliu,2016-07-17,07 Jul,Summer,24,24,74.3,81.4,2.9,50.8,958,107.3,25.8,1,100
Wanliu 2016-07-18,Wanliu,2016-07-18,07 Jul,Summer,24,24,119.4,120.9,3.2,72.5,1196,70.1,25.3,0.7,100
Wanliu 2016-07-19,Wanliu,2016-07-19,07 Jul,Summer,24,24,91.9,94,2.2,51.6,1250,33.4,23.2,1,100
Wanliu 2016-07-20,Wanliu,2016-07-20,07 Jul,Summer,24,24,40.1,40.2,2,22.2,708,40.8,21.7,2.2,100
Wanliu 2016-07-21,Wanliu,2016-07-21,07 Jul,Summer,24,24,27.8,29.4,2,32.3,808,30.4,23.8,0.8,100
Wanliu 2016-07-22,Wanliu,2016-07-22,07 Jul,Summer,24,24,78.6,79,2,43.7,1071,62.3,27.1,0.9,100
Wanliu 2016-07-23,Wanliu,2016-07-23,07 Jul,Summer,24,24,150.6,150.6,2,40.8,1175,80.7,28.9,1,100
Wanliu 2016-07-24,Wanliu,2016-07-24,07 Jul,Summer,24,24,98.9,98.9,2,36.3,858,78.6,28.6,1,100
Wanliu 2016-07-25,Wanliu,2016-07-25,07 Jul,Summer,24,21,73.5,76.8,4.5,37.8,932,58.8,27.7,0.7,87.5
Wanliu 2016-07-26,Wanliu,2016-07-26,07 Jul,Summer,24,24,16.7,38,2,19.2,529,95.8,28.1,1,100
Wanliu 2016-07-27,Wanliu,2016-07-27,07 Jul,Summer,24,24,45,75.5,2,40.2,267,118.6,27.7,1.2,100
Wanliu 2016-07-28,Wanliu,2016-07-28,07 Jul,Summer,24,24,46.4,59.5,2,35.5,209,91.5,26.6,1,100
Wanliu 2016-07-29,Wanliu,2016-07-29,07 Jul,Summer,24,24,109.7,119.8,2,43.2,770,125.9,29.1,1.1,100
Wanliu 2016-07-30,Wanliu,2016-07-30,07 Jul,Summer,24,21,119,128.5,2,45.6,1300,59.2,26.7,0.8,87.5
Wanliu 2016-07-31,Wanliu,2016-07-31,07 Jul,Summer,24,24,53.7,56.1,2.9,42.5,179,67.1,25.6,0.9,100
Wanliu 2016-08-01,Wanliu,2016-08-01,08 Aug,Summer,24,24,72.8,77.8,2,41.7,622,97.4,28,0.6,100
Wanliu 2016-08-02,Wanliu,2016-08-02,08 Aug,Summer,24,24,53.6,66.7,2,42.9,1000,90.4,29.6,1.1,100
Wanliu 2016-08-03,Wanliu,2016-08-03,08 Aug,Summer,24,24,52.5,68.1,2,41.6,833,128,30.1,1.1,100
Wanliu 2016-08-04,Wanliu,2016-08-04,08 Aug,Summer,24,24,99.6,104.4,2,47.1,1346,118.3,29.5,1.1,100
Wanliu 2016-08-05,Wanliu,2016-08-05,08 Aug,Summer,24,24,60.1,63.5,2.1,41.8,908,86.5,29.1,0.9,100
Wanliu 2016-08-06,Wanliu,2016-08-06,08 Aug,Summer,24,24,94.8,97.3,2,46.5,929,93.7,28.9,1.3,100
Wanliu 2016-08-07,Wanliu,2016-08-07,08 Aug,Summer,24,24,15.5,20,2,23.5,554,86,26.7,0.9,100
Wanliu 2016-08-08,Wanliu,2016-08-08,08 Aug,Summer,24,24,29.7,39.1,2.5,35.5,771,93.7,27.9,1.2,100
Wanliu 2016-08-09,Wanliu,2016-08-09,08 Aug,Summer,24,24,43,58,4.9,48.8,1088,95.5,27.5,1.1,100
Wanliu 2016-08-10,Wanliu,2016-08-10,08 Aug,Summer,24,24,73.1,78.1,2.5,31.8,842,93.3,29.4,1.7,100
Wanliu 2016-08-11,Wanliu,2016-08-11,08 Aug,Summer,24,23,86.7,90.6,2.2,33.9,923,87.7,30.7,1.5,95.8
Wanliu 2016-08-12,Wanliu,2016-08-12,08 Aug,Summer,24,24,64.2,67.4,2,39.8,865,41.8,28.3,0.8,100
Wanliu 2016-08-13,Wanliu,2016-08-13,08 Aug,Summer,24,24,23.3,37.3,2,43.4,646,19.1,26.4,0.9,100
Wanliu 2016-08-14,Wanliu,2016-08-14,08 Aug,Summer,24,24,20.7,46.3,2.5,44.8,625,80.6,27.6,0.9,100
Wanliu 2016-08-15,Wanliu,2016-08-15,08 Aug,Summer,24,24,15.8,28.2,2,37.8,550,51.8,24.2,1.1,100
Wanliu 2016-08-16,Wanliu,2016-08-16,08 Aug,Summer,24,24,22.3,36.4,2,37.2,600,72.5,25.7,1.4,100
Wanliu 2016-08-17,Wanliu,2016-08-17,08 Aug,Summer,24,24,57,75.7,2,69.2,908,19.2,24.7,0.7,100
Wanliu 2016-08-18,Wanliu,2016-08-18,08 Aug,Summer,24,24,76.3,76.3,2,44.6,1633,22.9,22.9,0.9,100
Wanliu 2016-08-19,Wanliu,2016-08-19,08 Aug,Summer,24,24,18.1,24.6,2,27.9,975,66.7,27.3,1.3,100
Wanliu 2016-08-20,Wanliu,2016-08-20,08 Aug,Summer,24,23,54.6,62.8,2,42.2,1087,99.5,27,0.8,95.8
Wanliu 2016-08-21,Wanliu,2016-08-21,08 Aug,Summer,24,24,49,63,2,54.3,938,113.9,28.3,1.1,100
Wanliu 2016-08-22,Wanliu,2016-08-22,08 Aug,Summer,24,24,45.9,60.4,2.4,40.4,854,99.1,28.4,1.5,100
Wanliu 2016-08-23,Wanliu,2016-08-23,08 Aug,Summer,24,24,73.6,86.1,3.4,47.5,854,80.8,26.9,1.2,100
Wanliu 2016-08-24,Wanliu,2016-08-24,08 Aug,Summer,24,24,86.6,92,2.2,60,1071,64.5,26.9,0.8,100
Wanliu 2016-08-25,Wanliu,2016-08-25,08 Aug,Summer,24,24,15.1,22.3,2,21.6,350,55,26.3,2.1,100
Wanliu 2016-08-26,Wanliu,2016-08-26,08 Aug,Summer,24,24,7.3,24.1,2,31.1,313,52.3,23,1.1,100
Wanliu 2016-08-27,Wanliu,2016-08-27,08 Aug,Summer,24,24,13.6,40.5,2.3,36.6,475,36,22.6,0.8,100
Wanliu 2016-08-28,Wanliu,2016-08-28,08 Aug,Summer,24,24,9.5,26.4,2.1,42.5,375,45,24.2,1.2,100
Wanliu 2016-08-29,Wanliu,2016-08-29,08 Aug,Summer,24,24,18.4,52.2,2.4,54.8,583,53.7,23.8,0.9,100
Wanliu 2016-08-30,Wanliu,2016-08-30,08 Aug,Summer,24,23,29.3,67,2.9,70,709,83.1,25.3,1,95.8
Wanliu 2016-08-31,Wanliu,2016-08-31,08 Aug,Summer,24,24,17.8,38.6,2.8,52.5,513,48.2,26,1.4,100
Wanliu 2016-09-01,Wanliu,2016-09-01,09 Sep,Autumn,24,24,7.3,34.2,2.2,42.8,321,38.2,23.1,1.1,100
Wanliu 2016-09-02,Wanliu,2016-09-02,09 Sep,Autumn,24,24,12.9,38.2,2,40.3,388,26.5,23.5,0.8,100
Wanliu 2016-09-03,Wanliu,2016-09-03,09 Sep,Autumn,24,24,18.7,42,3.2,38.3,525,69,24.9,1.1,100
Wanliu 2016-09-04,Wanliu,2016-09-04,09 Sep,Autumn,24,24,79.7,99.8,4.6,53.6,988,76.6,24.6,1.2,100
Wanliu 2016-09-05,Wanliu,2016-09-05,09 Sep,Autumn,24,22,25.7,48,2.1,31.7,522,77.5,24.7,1.2,91.7
Wanliu 2016-09-06,Wanliu,2016-09-06,09 Sep,Autumn,24,18,,,,,,,24.7,1.1,75
Wanliu 2016-09-07,Wanliu,2016-09-07,09 Sep,Autumn,24,12,,,,,,,23.7,1.1,50
Wanliu 2016-09-08,Wanliu,2016-09-08,09 Sep,Autumn,24,24,19.9,34.3,2,44.7,575,45.4,22.9,1,100
Wanliu 2016-09-09,Wanliu,2016-09-09,09 Sep,Autumn,24,24,17,38.8,3.3,48.9,513,31.3,23.4,1,100
Wanliu 2016-09-10,Wanliu,2016-09-10,09 Sep,Autumn,24,24,16.4,43,3,50.7,521,42.9,23.8,1,100
Wanliu 2016-09-11,Wanliu,2016-09-11,09 Sep,Autumn,24,24,29.6,41.9,2,47.4,792,61,21.3,0.9,100
Wanliu 2016-09-12,Wanliu,2016-09-12,09 Sep,Autumn,24,24,35.8,43.9,2,46.9,788,59.1,21.9,0.8,100
Wanliu 2016-09-13,Wanliu,2016-09-13,09 Sep,Autumn,24,24,79.7,84.8,2.5,64.7,1033,57.3,22.2,0.9,100
Wanliu 2016-09-14,Wanliu,2016-09-14,09 Sep,Autumn,24,24,92.5,96.1,3.5,59.9,1067,69.1,23.9,1.5,100
Wanliu 2016-09-15,Wanliu,2016-09-15,09 Sep,Autumn,24,24,61.9,75.8,4,42.8,875,83.9,24.8,1,100
Wanliu 2016-09-16,Wanliu,2016-09-16,09 Sep,Autumn,24,24,129.9,131,3.7,36.7,1196,103.7,24.1,0.9,100
Wanliu 2016-09-17,Wanliu,2016-09-17,09 Sep,Autumn,24,24,43,50.1,3,36,750,36.8,20.6,0.7,100
Wanliu 2016-09-18,Wanliu,2016-09-18,09 Sep,Autumn,24,24,20.5,23.3,2,30.2,563,18.6,18,0.7,100
Wanliu 2016-09-19,Wanliu,2016-09-19,09 Sep,Autumn,24,24,10.6,29,2,33.7,442,28.5,18,0.9,100
Wanliu 2016-09-20,Wanliu,2016-09-20,09 Sep,Autumn,24,24,20.1,44.3,2,53.8,625,32.4,18.7,0.9,100
Wanliu 2016-09-21,Wanliu,2016-09-21,09 Sep,Autumn,24,24,64.6,100.4,3,82.9,1029,17.1,19.1,1.1,100
Wanliu 2016-09-22,Wanliu,2016-09-22,09 Sep,Autumn,24,24,104.3,109.5,4.8,61.5,1125,53.1,20.1,1.3,100
Wanliu 2016-09-23,Wanliu,2016-09-23,09 Sep,Autumn,24,22,110.1,115.4,2.7,52.7,1145,96.4,21.6,1.4,91.7
Wanliu 2016-09-24,Wanliu,2016-09-24,09 Sep,Autumn,24,24,117.2,129.7,2.8,60.5,1096,72,22,1,100
Wanliu 2016-09-25,Wanliu,2016-09-25,09 Sep,Autumn,24,24,165,168.5,2.2,56.9,1379,55.5,,,100
Wanliu 2016-09-26,Wanliu,2016-09-26,09 Sep,Autumn,24,24,54,54,2,48.7,1133,42.5,19.7,1.3,100
Wanliu 2016-09-27,Wanliu,2016-09-27,09 Sep,Autumn,24,24,23.8,23.8,2,23.2,600,42.4,18.1,3.4,100
Wanliu 2016-09-28,Wanliu,2016-09-28,09 Sep,Autumn,24,24,15,15,3,53.4,495,19.8,15.5,1.9,100
Wanliu 2016-09-29,Wanliu,2016-09-29,09 Sep,Autumn,24,24,50.5,50.5,4.7,66.3,683,39.7,14.7,1,100
Wanliu 2016-09-30,Wanliu,2016-09-30,09 Sep,Autumn,24,24,103.3,103.3,5.6,88.7,1029,59.5,17.3,0.7,100
Wanliu 2016-10-01,Wanliu,2016-10-01,10 Oct,Autumn,24,24,166.6,172.4,10.4,98.8,1438,48.7,18.2,0.7,100
Wanliu 2016-10-02,Wanliu,2016-10-02,10 Oct,Autumn,24,24,193.3,199.9,4.5,92.9,1513,46,19.1,0.6,100
Wanliu 2016-10-03,Wanliu,2016-10-03,10 Oct,Autumn,24,24,138.3,157.2,2.8,79.5,1250,45.3,21,0.7,100
Wanliu 2016-10-04,Wanliu,2016-10-04,10 Oct,Autumn,24,24,34.3,43.1,2,34.6,1013,21.3,16,1.1,100
Wanliu 2016-10-05,Wanliu,2016-10-05,10 Oct,Autumn,24,24,48.5,58.6,2,42.8,1125,21.8,15.8,1.2,100
Wanliu 2016-10-06,Wanliu,2016-10-06,10 Oct,Autumn,24,24,74.4,84.3,2,52.6,1721,3.6,15.1,0.9,100
Wanliu 2016-10-07,Wanliu,2016-10-07,10 Oct,Autumn,24,24,36.9,37.1,2,42.5,1538,12.8,13.5,1,100
Wanliu 2016-10-08,Wanliu,2016-10-08,10 Oct,Autumn,24,24,9.1,27.7,2,27.6,454,42.8,12,1.5,100
Wanliu 2016-10-09,Wanliu,2016-10-09,10 Oct,Autumn,24,24,26.9,55.6,3.8,55,629,12.9,10.1,0.9,100
Wanliu 2016-10-10,Wanliu,2016-10-10,10 Oct,Autumn,24,24,82,113.3,7.1,80.6,1067,10.2,11.5,0.8,100
Wanliu 2016-10-11,Wanliu,2016-10-11,10 Oct,Autumn,24,24,106.2,117.3,5,70.9,1367,23.3,14,1,100
Wanliu 2016-10-12,Wanliu,2016-10-12,10 Oct,Autumn,24,21,70,91.6,2.7,70.3,1096,17,14.4,0.8,87.5
Wanliu 2016-10-13,Wanliu,2016-10-13,10 Oct,Autumn,24,22,137.2,154.6,2.8,79.3,1548,29.6,14.9,0.6,91.7
Wanliu 2016-10-14,Wanliu,2016-10-14,10 Oct,Autumn,24,24,238,241.6,3.8,102,2008,26.8,15.7,0.6,100
Wanliu 2016-10-15,Wanliu,2016-10-15,10 Oct,Autumn,24,23,197.4,198.7,3,88.6,1957,2.6,14.2,0.6,95.8
Wanliu 2016-10-16,Wanliu,2016-10-16,10 Oct,Autumn,24,24,109,111.5,3.5,63.4,908,22.5,15.7,1,100
Wanliu 2016-10-17,Wanliu,2016-10-17,10 Oct,Autumn,24,24,59.5,79.5,2.8,63.9,917,22.3,15.3,1,100
Wanliu 2016-10-18,Wanliu,2016-10-18,10 Oct,Autumn,24,24,126.4,163.1,3.3,78.7,1579,4.8,15.3,0.9,100
Wanliu 2016-10-19,Wanliu,2016-10-19,10 Oct,Autumn,24,24,227.9,233.2,4.4,100.4,2133,14.7,16.9,0.6,100
Wanliu 2016-10-20,Wanliu,2016-10-20,10 Oct,Autumn,24,24,90.3,109.1,5,70.4,1500,12,13.5,1.2,100
Wanliu 2016-10-21,Wanliu,2016-10-21,10 Oct,Autumn,24,24,43.2,43.2,2,45.9,838,12.8,10.2,0.9,100
Wanliu 2016-10-22,Wanliu,2016-10-22,10 Oct,Autumn,24,24,14.2,19.7,2,29.1,592,18.5,11.7,1.1,100
Wanliu 2016-10-23,Wanliu,2016-10-23,10 Oct,Autumn,24,24,24.5,46,2.9,49.9,642,16.2,10.9,1.1,100
Wanliu 2016-10-24,Wanliu,2016-10-24,10 Oct,Autumn,24,24,50.9,104.2,2.1,62.6,1033,2.3,9.7,0.8,100
Wanliu 2016-10-25,Wanliu,2016-10-25,10 Oct,Autumn,24,24,89.8,127.7,2.6,81.6,1396,4.3,11.2,1.1,100
Wanliu 2016-10-26,Wanliu,2016-10-26,10 Oct,Autumn,24,24,43.1,78.8,2.4,59.4,842,20.6,12.5,2,100
Wanliu 2016-10-27,Wanliu,2016-10-27,10 Oct,Autumn,24,24,30,53.9,2.1,58.8,1004,4.5,9,1.7,100
Wanliu 2016-10-28,Wanliu,2016-10-28,10 Oct,Autumn,24,24,9.7,20.6,2,34,442,29.2,8.2,1.6,100
Wanliu 2016-10-29,Wanliu,2016-10-29,10 Oct,Autumn,24,24,23.5,55.7,4.3,55,671,15.1,6.2,1.6,100
Wanliu 2016-10-30,Wanliu,2016-10-30,10 Oct,Autumn,24,23,42.6,80.5,4.5,48,796,22.1,5.8,1.8,95.8
Wanliu 2016-10-31,Wanliu,2016-10-31,10 Oct,Autumn,24,24,5.5,18.1,3.4,20.9,296,44.4,2.6,2.3,100
Wanliu 2016-11-01,Wanliu,2016-11-01,11 Nov,Autumn,24,24,39.9,70.8,6.6,59.7,754,16.7,1.8,0.9,100
Wanliu 2016-11-02,Wanliu,2016-11-02,11 Nov,Autumn,24,24,104.5,148,9.2,89,1533,9.9,4.8,1.1,100
Wanliu 2016-11-03,Wanliu,2016-11-03,11 Nov,Autumn,24,24,180,226.1,7.5,109.8,2483,5.8,5.7,0.8,100
Wanliu 2016-11-04,Wanliu,2016-11-04,11 Nov,Autumn,24,24,256.2,296,6,130.6,3483,6,6.9,0.7,100
Wanliu 2016-11-05,Wanliu,2016-11-05,11 Nov,Autumn,24,24,182.3,193,4.8,105.2,3192,16.2,9.1,1.2,100
Wanliu 2016-11-06,Wanliu,2016-11-06,11 Nov,Autumn,24,24,68.3,78.2,7.8,56.2,946,28,7.8,1.6,100
Wanliu 2016-11-07,Wanliu,2016-11-07,11 Nov,Autumn,24,24,37.4,43.5,3,41.8,704,28.1,8,1.8,100
Wanliu 2016-11-08,Wanliu,2016-11-08,11 Nov,Autumn,24,24,36.6,64.1,5.8,59.7,833,14.5,4.4,1,100
Wanliu 2016-11-09,Wanliu,2016-11-09,11 Nov,Autumn,24,24,148.9,199.7,8.1,94.3,2713,2.8,3.4,0.9,100
Wanliu 2016-11-10,Wanliu,2016-11-10,11 Nov,Autumn,24,24,156.9,200.2,8,88.4,2321,8.9,6.3,1,100
Wanliu 2016-11-11,Wanliu,2016-11-11,11 Nov,Autumn,24,24,75.1,120.2,5.5,70.9,1779,7.3,4.3,0.8,100
Wanliu 2016-11-12,Wanliu,2016-11-12,11 Nov,Autumn,24,24,77.3,127.8,6.6,73.8,1738,11.8,6.7,1,100
Wanliu 2016-11-13,Wanliu,2016-11-13,11 Nov,Autumn,24,24,88,142.8,4.4,76.7,2046,2.8,8.5,0.8,100
Wanliu 2016-11-14,Wanliu,2016-11-14,11 Nov,Autumn,24,24,39.4,73.4,3.6,42.6,988,37.4,8.9,1.9,100
Wanliu 2016-11-15,Wanliu,2016-11-15,11 Nov,Autumn,24,24,37.2,78.2,11,69.5,1683,11,3.6,0.8,100
Wanliu 2016-11-16,Wanliu,2016-11-16,11 Nov,Autumn,24,24,91.7,144.8,16,87.4,2450,8.3,5.4,0.9,100
Wanliu 2016-11-17,Wanliu,2016-11-17,11 Nov,Autumn,24,24,90.1,125.2,13.6,69.8,2192,5.6,6,0.7,100
Wanliu 2016-11-18,Wanliu,2016-11-18,11 Nov,Autumn,24,24,187,278,18.6,98.9,3879,3.2,7.1,0.9,100
Wanliu 2016-11-19,Wanliu,2016-11-19,11 Nov,Autumn,24,24,140.8,190.3,12.2,75.5,2143,19,9.9,1.6,100
Wanliu 2016-11-20,Wanliu,2016-11-20,11 Nov,Autumn,24,24,55.7,55.9,2.9,46.2,1183,9.4,3.8,1.6,100
Wanliu 2016-11-21,Wanliu,2016-11-21,11 Nov,Autumn,24,24,9.6,13,3.5,15.6,413,54.8,-1.3,3.4,100
Wanliu 2016-11-22,Wanliu,2016-11-22,11 Nov,Autumn,24,24,7,18.8,5.4,20.4,417,50.6,-3.8,2.6,100
Wanliu 2016-11-23,Wanliu,2016-11-23,11 Nov,Autumn,24,24,15.3,27.9,8.9,37,596,35.4,-1.3,1.8,100
Wanliu 2016-11-24,Wanliu,2016-11-24,11 Nov,Autumn,24,22,69,90.2,16.9,80.5,1733,10.6,-1.4,1.2,91.7
Wanliu 2016-11-25,Wanliu,2016-11-25,11 Nov,Autumn,24,24,171.8,211,23.6,111,3429,4.5,0.2,0.9,100
Wanliu 2016-11-26,Wanliu,2016-11-26,11 Nov,Autumn,24,24,274.8,354.5,22.8,131.8,4208,8.8,1.4,0.9,100
Wanliu 2016-11-27,Wanliu,2016-11-27,11 Nov,Autumn,24,24,53.5,71.3,8,52.4,1238,35.5,2.9,1.7,100
Wanliu 2016-11-28,Wanliu,2016-11-28,11 Nov,Autumn,24,24,60.1,104.5,21,86.2,2263,7.9,0.7,0.8,100
Wanliu 2016-11-29,Wanliu,2016-11-29,11 Nov,Autumn,24,24,115.3,171.1,28.1,97.5,3783,4.6,0.6,0.9,100
Wanliu 2016-11-30,Wanliu,2016-11-30,11 Nov,Autumn,24,24,95.3,124.8,19.8,79.3,2483,21.8,4.4,1.6,100
Wanliu 2016-12-01,Wanliu,2016-12-01,12 Dec,Winter,24,24,33.1,55.3,10.8,51.1,875,42.7,4.9,1.4,100
Wanliu 2016-12-02,Wanliu,2016-12-02,12 Dec,Winter,24,24,99.7,129.8,20.8,98.4,2958,8,1.7,0.9,100
Wanliu 2016-12-03,Wanliu,2016-12-03,12 Dec,Winter,24,24,149.7,177.8,25.6,109.9,3871,7.4,2.1,0.7,100
Wanliu 2016-12-04,Wanliu,2016-12-04,12 Dec,Winter,24,24,250.2,292.8,20.8,119.9,4571,9.6,2.9,0.8,100
Wanliu 2016-12-05,Wanliu,2016-12-05,12 Dec,Winter,24,24,43.8,61.6,8.3,47.7,1129,32.7,1.6,2.2,100
Wanliu 2016-12-06,Wanliu,2016-12-06,12 Dec,Winter,24,24,75,119,25.6,98.5,2525,6.2,0.1,1.1,100
Wanliu 2016-12-07,Wanliu,2016-12-07,12 Dec,Winter,24,24,120.9,160.7,23.5,113.3,3183,7.6,2.6,1.4,100
Wanliu 2016-12-08,Wanliu,2016-12-08,12 Dec,Winter,24,24,89.5,117.3,13.6,62.3,1913,35.7,3.7,2.7,100
Wanliu 2016-12-09,Wanliu,2016-12-09,12 Dec,Winter,24,24,22.8,41.5,11.5,54.1,908,24.9,0.6,1.7,100
Wanliu 2016-12-10,Wanliu,2016-12-10,12 Dec,Winter,24,24,52.1,81.5,16.7,76.7,2104,8.4,-1.9,0.7,100
Wanliu 2016-12-11,Wanliu,2016-12-11,12 Dec,Winter,24,24,142.9,180.7,32.3,105.3,3888,4.8,-1.5,1,100
Wanliu 2016-12-12,Wanliu,2016-12-12,12 Dec,Winter,24,24,221,236.8,37.7,116.7,3363,5,1.6,0.9,100
Wanliu 2016-12-13,Wanliu,2016-12-13,12 Dec,Winter,24,24,68.8,76,12,67,2013,21.2,0.2,1,100
Wanliu 2016-12-14,Wanliu,2016-12-14,12 Dec,Winter,24,24,27.2,44.9,13.1,58.4,871,23.5,-1.6,1.8,100
Wanliu 2016-12-15,Wanliu,2016-12-15,12 Dec,Winter,24,24,26.3,51.4,12.8,50.4,1100,32.2,-0.2,1.9,100
Wanliu 2016-12-16,Wanliu,2016-12-16,12 Dec,Winter,24,24,100.5,130.7,23.8,104.7,2754,9.5,-0.8,0.9,100
Wanliu 2016-12-17,Wanliu,2016-12-17,12 Dec,Winter,24,24,179.5,201.5,39.4,115.6,4154,7.4,-0.3,0.9,100
Wanliu 2016-12-18,Wanliu,2016-12-18,12 Dec,Winter,24,24,205.4,210.3,31.1,118.2,4117,8,-0.6,0.6,100
Wanliu 2016-12-19,Wanliu,2016-12-19,12 Dec,Winter,24,24,224.8,231,27.5,131.1,4821,7.3,-0.3,0.7,100
Wanliu 2016-12-20,Wanliu,2016-12-20,12 Dec,Winter,24,24,355.6,368.4,11.8,152.3,8061,7.3,-0.4,1.1,100
Wanliu 2016-12-21,Wanliu,2016-12-21,12 Dec,Winter,24,24,383,384,15.4,160.7,8029,5.9,1.5,0.9,100
Wanliu 2016-12-22,Wanliu,2016-12-22,12 Dec,Winter,24,24,59,59,9.6,42,1288,47.2,2.8,2.5,100
Wanliu 2016-12-23,Wanliu,2016-12-23,12 Dec,Winter,24,24,32.8,38.2,9.6,60.1,908,20.9,-1.6,1.4,100
Wanliu 2016-12-24,Wanliu,2016-12-24,12 Dec,Winter,24,24,118.3,145,29.5,99.8,3163,7.1,-2.1,1.2,100
Wanliu 2016-12-25,Wanliu,2016-12-25,12 Dec,Winter,24,24,148.7,163.5,33.5,108.4,3242,4.4,-1.3,1,100
Wanliu 2016-12-26,Wanliu,2016-12-26,12 Dec,Winter,24,24,43.9,46.6,21.4,57.2,1133,27.5,1.7,1.7,100
Wanliu 2016-12-27,Wanliu,2016-12-27,12 Dec,Winter,24,22,41.4,60.5,14.5,56.2,1000,29.9,-1.5,1.8,91.7
Wanliu 2016-12-28,Wanliu,2016-12-28,12 Dec,Winter,24,24,66.3,74.8,8.5,47.8,1225,29.1,-2,2,100
Wanliu 2016-12-29,Wanliu,2016-12-29,12 Dec,Winter,24,23,47.8,66.4,14.5,63.2,1178,16.9,-3.1,1.4,95.8
Wanliu 2016-12-30,Wanliu,2016-12-30,12 Dec,Winter,24,20,210,237.4,19.3,123,3455,,-4.5,0.7,83.3
Wanliu 2016-12-31,Wanliu,2016-12-31,12 Dec,Winter,24,24,291.5,321.8,29,163.1,5321,5.8,-3.2,0.9,100
Wanshouxigong 2016-01-01,Wanshouxigong,2016-01-01,01 Jan,Winter,24,24,187.7,195.9,38.8,102.6,3133,12.5,-2,1,100
Wanshouxigong 2016-01-02,Wanshouxigong,2016-01-02,01 Jan,Winter,24,24,292.3,296.4,41.4,129.9,5242,11.6,-0.9,0.9,100
Wanshouxigong 2016-01-03,Wanshouxigong,2016-01-03,01 Jan,Winter,24,24,246.6,247,24.5,72.8,2950,15.4,-1.4,1,100
Wanshouxigong 2016-01-04,Wanshouxigong,2016-01-04,01 Jan,Winter,24,19,,57.5,,,,,-1.1,2.5,79.2
Wanshouxigong 2016-01-05,Wanshouxigong,2016-01-05,01 Jan,Winter,24,24,40.8,49.6,16.7,41.2,967,27.4,-3.2,2.3,100
Wanshouxigong 2016-01-06,Wanshouxigong,2016-01-06,01 Jan,Winter,24,24,31.2,40.9,13.3,38,1038,29.1,-2.8,2.5,100
Wanshouxigong 2016-01-07,Wanshouxigong,2016-01-07,01 Jan,Winter,24,24,10.2,14.7,6.7,27.4,450,38.8,-3.1,3.4,100
Wanshouxigong 2016-01-08,Wanshouxigong,2016-01-08,01 Jan,Winter,24,24,39.8,51.4,14.9,44.7,883,30.8,-3,2,100
Wanshouxigong 2016-01-09,Wanshouxigong,2016-01-09,01 Jan,Winter,24,24,93,101.2,26.8,72.3,1846,15.5,-3,1,100
Wanshouxigong 2016-01-10,Wanshouxigong,2016-01-10,01 Jan,Winter,24,24,53.5,63.6,27,58.7,1475,18.9,-3.3,1.4,100
Wanshouxigong 2016-01-11,Wanshouxigong,2016-01-11,01 Jan,Winter,24,24,10.5,19.8,7.4,22.8,525,48.4,-5.9,2.9,100
Wanshouxigong 2016-01-12,Wanshouxigong,2016-01-12,01 Jan,Winter,24,22,12.6,20.6,7.8,27.8,721,43,-5.7,2.7,91.7
Wanshouxigong 2016-01-13,Wanshouxigong,2016-01-13,01 Jan,Winter,24,24,42.8,62.1,18,59.2,1288,20.6,-2.8,2.1,100
Wanshouxigong 2016-01-14,Wanshouxigong,2016-01-14,01 Jan,Winter,24,24,100.4,122.8,37.5,83,2483,15.6,-2,1.2,100
Wanshouxigong 2016-01-15,Wanshouxigong,2016-01-15,01 Jan,Winter,24,24,106.9,135.5,35.5,80.2,2575,13.1,-2.3,1.2,100
Wanshouxigong 2016-01-16,Wanshouxigong,2016-01-16,01 Jan,Winter,24,24,127,141.2,51.1,62.8,2413,6.9,-2.7,1.4,100
Wanshouxigong 2016-01-17,Wanshouxigong,2016-01-17,01 Jan,Winter,24,24,36,43.7,9.5,23.2,754,50.9,-6,2.8,100
Wanshouxigong 2016-01-18,Wanshouxigong,2016-01-18,01 Jan,Winter,24,24,9,38.4,5,13.3,725,59.8,-9.2,3.6,100
Wanshouxigong 2016-01-19,Wanshouxigong,2016-01-19,01 Jan,Winter,24,24,74.5,102.9,30,60.2,1738,16,-8.4,1.4,100
Wanshouxigong 2016-01-20,Wanshouxigong,2016-01-20,01 Jan,Winter,24,24,128.9,151.1,67.8,78.1,3246,4.9,-7,1.5,100
Wanshouxigong 2016-01-21,Wanshouxigong,2016-01-21,01 Jan,Winter,24,24,130.6,132.8,31.6,61.1,2475,3.4,-5.9,1.4,100
Wanshouxigong 2016-01-22,Wanshouxigong,2016-01-22,01 Jan,Winter,24,24,18.5,37.9,6.4,14.7,721,58.4,-10.2,4,100
Wanshouxigong 2016-01-23,Wanshouxigong,2016-01-23,01 Jan,Winter,24,24,10.4,38.3,5.2,13.2,846,55.7,-15.2,3.9,100
Wanshouxigong 2016-01-24,Wanshouxigong,2016-01-24,01 Jan,Winter,24,24,14.5,39.4,9.8,26.3,1025,45.5,-9.6,3.6,100
Wanshouxigong 2016-01-25,Wanshouxigong,2016-01-25,01 Jan,Winter,24,24,41.1,59.6,22,58,1058,23.3,-2.4,2.4,100
Wanshouxigong 2016-01-26,Wanshouxigong,2016-01-26,01 Jan,Winter,24,24,39,58.7,22.5,42.5,688,40.1,-1.8,2.8,100
Wanshouxigong 2016-01-27,Wanshouxigong,2016-01-27,01 Jan,Winter,24,24,104.8,112.8,42,77.8,2096,15,-3.7,1.1,100
Wanshouxigong 2016-01-28,Wanshouxigong,2016-01-28,01 Jan,Winter,24,24,140.3,145,54.5,86.4,2600,17.8,-2.7,1.3,100
Wanshouxigong 2016-01-29,Wanshouxigong,2016-01-29,01 Jan,Winter,24,24,56.4,71.5,37.3,48.8,1646,20.5,-4.7,1.6,100
Wanshouxigong 2016-01-30,Wanshouxigong,2016-01-30,01 Jan,Winter,24,24,51.8,59.8,23.9,48.3,1446,21.4,-5.5,1.7,100
Wanshouxigong 2016-01-31,Wanshouxigong,2016-01-31,01 Jan,Winter,24,24,31.7,37.2,12.9,32.1,679,49.1,-3.6,2.8,100
Wanshouxigong 2016-02-01,Wanshouxigong,2016-02-01,02 Feb,Winter,24,24,12.2,16,8.9,30.1,467,47.5,-1.5,2.4,100
Wanshouxigong 2016-02-02,Wanshouxigong,2016-02-02,02 Feb,Winter,24,24,32.8,34.6,18.4,50,942,33.3,-1.3,1.5,100
Wanshouxigong 2016-02-03,Wanshouxigong,2016-02-03,02 Feb,Winter,24,24,37,39,18.6,55.1,1088,26,-0.7,1.1,100
Wanshouxigong 2016-02-04,Wanshouxigong,2016-02-04,02 Feb,Winter,24,22,10.7,32.5,6.7,20.1,430,61.6,0.8,2.3,91.7
Wanshouxigong 2016-02-05,Wanshouxigong,2016-02-05,02 Feb,Winter,24,24,9.6,31.1,7.8,13.9,417,67.1,-0.1,3.5,100
Wanshouxigong 2016-02-06,Wanshouxigong,2016-02-06,02 Feb,Winter,24,24,42.3,54.2,20.5,41.9,1025,40.8,0.2,1.8,100
Wanshouxigong 2016-02-07,Wanshouxigong,2016-02-07,02 Feb,Winter,24,24,51.9,73.7,23.3,37.7,1117,48.3,0.9,1.9,100
Wanshouxigong 2016-02-08,Wanshouxigong,2016-02-08,02 Feb,Winter,24,24,278.6,250.4,85.4,43,1417,44.4,4.5,2.5,100
Wanshouxigong 2016-02-09,Wanshouxigong,2016-02-09,02 Feb,Winter,24,24,49.4,57.1,24.2,46.5,1404,41.3,3.8,1.5,100
Wanshouxigong 2016-02-10,Wanshouxigong,2016-02-10,02 Feb,Winter,24,24,93.7,98.4,53.8,64.1,2504,21.2,1.6,1.1,100
Wanshouxigong 2016-02-11,Wanshouxigong,2016-02-11,02 Feb,Winter,24,24,147.2,150.2,43.4,65.4,2629,5.9,3.7,0.7,100
Wanshouxigong 2016-02-12,Wanshouxigong,2016-02-12,02 Feb,Winter,24,24,151.6,151.6,20.3,59,2421,16.8,5.2,1.3,100
Wanshouxigong 2016-02-13,Wanshouxigong,2016-02-13,02 Feb,Winter,24,24,11.5,13.4,5.5,8.8,433,63.6,0.6,4.8,100
Wanshouxigong 2016-02-14,Wanshouxigong,2016-02-14,02 Feb,Winter,24,24,8.1,12.5,5.3,9,383,69.5,-4.3,4.7,100
Wanshouxigong 2016-02-15,Wanshouxigong,2016-02-15,02 Feb,Winter,24,24,8.4,33.8,3.8,11.1,317,68.9,-0.4,4.1,100
Wanshouxigong 2016-02-16,Wanshouxigong,2016-02-16,02 Feb,Winter,24,24,8.8,30.8,3,18.9,396,65,4.2,3.9,100
Wanshouxigong 2016-02-17,Wanshouxigong,2016-02-17,02 Feb,Winter,24,24,51.3,56.1,17.9,47.1,1150,35.6,3.7,1.7,100
Wanshouxigong 2016-02-18,Wanshouxigong,2016-02-18,02 Feb,Winter,24,24,17.7,30.8,6,21.3,504,66.6,5.8,4,100
Wanshouxigong 2016-02-19,Wanshouxigong,2016-02-19,02 Feb,Winter,24,24,15.4,30.6,4.1,24.2,475,56.4,2.7,2.6,100
Wanshouxigong 2016-02-20,Wanshouxigong,2016-02-20,02 Feb,Winter,24,23,14.5,18,5.3,17.9,448,65,-0.1,3,95.8
Wanshouxigong 2016-02-21,Wanshouxigong,2016-02-21,02 Feb,Winter,24,24,89.7,109.1,29,59.6,1738,22,-0.3,1.8,100
Wanshouxigong 2016-02-22,Wanshouxigong,2016-02-22,02 Feb,Winter,24,24,70.7,84.7,18.5,38.3,1217,44.3,1.8,3.2,100
Wanshouxigong 2016-02-23,Wanshouxigong,2016-02-23,02 Feb,Winter,24,24,11.5,15.2,4.9,11.3,388,75.8,-0.2,2.8,100
Wanshouxigong 2016-02-24,Wanshouxigong,2016-02-24,02 Feb,Winter,24,22,31.9,55.5,11.5,34.9,805,46.3,0,2.1,91.7
Wanshouxigong 2016-02-25,Wanshouxigong,2016-02-25,02 Feb,Winter,24,24,24.5,40.6,10.8,28.7,465,56.6,2.5,2.2,100
Wanshouxigong 2016-02-26,Wanshouxigong,2016-02-26,02 Feb,Winter,24,24,36.7,53.6,14.2,34.1,596,55.7,3.3,2.4,100
Wanshouxigong 2016-02-27,Wanshouxigong,2016-02-27,02 Feb,Winter,24,24,21.8,28.4,8.1,33.5,379,54.5,4.1,1.8,100
Wanshouxigong 2016-02-28,Wanshouxigong,2016-02-28,02 Feb,Winter,24,24,32,45,7.6,33.8,854,44.8,0.8,3,100
Wanshouxigong 2016-02-29,Wanshouxigong,2016-02-29,02 Feb,Winter,24,24,32.6,39.4,11.9,39.3,696,45.8,-1,1.5,100
Wanshouxigong 2016-03-01,Wanshouxigong,2016-03-01,03 Mar,Spring,24,24,123.4,127.4,33.5,79,1888,22.2,3.3,1.5,100
Wanshouxigong 2016-03-02,Wanshouxigong,2016-03-02,03 Mar,Spring,24,24,183.5,184.2,37.1,109.1,2700,24,7.8,1.2,100
Wanshouxigong 2016-03-03,Wanshouxigong,2016-03-03,03 Mar,Spring,24,24,276.1,276.1,45.2,104.9,3283,17.8,7.8,1.2,100
Wanshouxigong 2016-03-04,Wanshouxigong,2016-03-04,03 Mar,Spring,24,24,306.3,310.8,61.4,104,4271,8,6.1,1.3,100
Wanshouxigong 2016-03-05,Wanshouxigong,2016-03-05,03 Mar,Spring,24,24,75.9,306,2.9,13.3,375,69.9,8.9,3.4,100
Wanshouxigong 2016-03-06,Wanshouxigong,2016-03-06,03 Mar,Spring,24,24,78.3,173.1,28.2,67.8,1550,14.7,5,1.2,100
Wanshouxigong 2016-03-07,Wanshouxigong,2016-03-07,03 Mar,Spring,24,24,43.2,94.6,14.8,34.4,1096,53.4,5.8,3.5,100
Wanshouxigong 2016-03-08,Wanshouxigong,2016-03-08,03 Mar,Spring,24,24,12.3,21.6,2.7,12.8,371,73.4,1.8,3.1,100
Wanshouxigong 2016-03-09,Wanshouxigong,2016-03-09,03 Mar,Spring,24,24,11,18.4,4.4,10.7,400,66.7,1.3,3.6,100
Wanshouxigong 2016-03-10,Wanshouxigong,2016-03-10,03 Mar,Spring,24,24,12.1,37.6,4.4,11.6,429,69.1,2.7,3.3,100
Wanshouxigong 2016-03-11,Wanshouxigong,2016-03-11,03 Mar,Spring,24,24,22.1,44.9,6.6,27.6,533,57.8,3,1.9,100
Wanshouxigong 2016-03-12,Wanshouxigong,2016-03-12,03 Mar,Spring,24,24,106.8,123,46.1,75,1638,20.8,3.6,1.3,100
Wanshouxigong 2016-03-13,Wanshouxigong,2016-03-13,03 Mar,Spring,24,24,29.1,41.8,10.8,30.3,604,64.3,7.4,3.3,100
Wanshouxigong 2016-03-14,Wanshouxigong,2016-03-14,03 Mar,Spring,24,23,81.7,114.2,24.3,64.3,1309,29.3,8.5,1.9,95.8
Wanshouxigong 2016-03-15,Wanshouxigong,2016-03-15,03 Mar,Spring,24,20,140,179.5,54.3,75,1495,21.5,9.3,1.7,83.3
Wanshouxigong 2016-03-16,Wanshouxigong,2016-03-16,03 Mar,Spring,24,23,248.6,261.3,42.5,87.9,2174,51.7,9.4,1.4,95.8
Wanshouxigong 2016-03-17,Wanshouxigong,2016-03-17,03 Mar,Spring,24,22,272.1,279.7,32,92.5,2254,52.2,10.7,1.1,91.7
Wanshouxigong 2016-03-18,Wanshouxigong,2016-03-18,03 Mar,Spring,24,24,196,202.3,15.3,74.5,1588,58.8,13.6,1.8,100
Wanshouxigong 2016-03-19,Wanshouxigong,2016-03-19,03 Mar,Spring,24,24,66,105.9,17,35.1,967,62.9,11.3,1.9,100
Wanshouxigong 2016-03-20,Wanshouxigong,2016-03-20,03 Mar,Spring,24,24,65.4,95.7,10.8,60.5,958,39.9,11.6,1.5,100
Wanshouxigong 2016-03-21,Wanshouxigong,2016-03-21,03 Mar,Spring,24,24,131.9,181,24.1,81.3,1329,51.1,11.9,1.6,100
Wanshouxigong 2016-03-22,Wanshouxigong,2016-03-22,03 Mar,Spring,24,24,113.5,195.8,30.3,79.1,1538,28.1,12.4,1.9,100
Wanshouxigong 2016-03-23,Wanshouxigong,2016-03-23,03 Mar,Spring,24,23,19.6,42.2,4.5,25.7,430,62.3,9.3,2.2,95.8
Wanshouxigong 2016-03-24,Wanshouxigong,2016-03-24,03 Mar,Spring,24,23,15.3,25.6,2.7,28.8,375,63.1,8.8,1.7,95.8
Wanshouxigong 2016-03-25,Wanshouxigong,2016-03-25,03 Mar,Spring,24,24,16.7,32.4,3.6,32.8,442,58,9.1,1.6,100
Wanshouxigong 2016-03-26,Wanshouxigong,2016-03-26,03 Mar,Spring,24,24,10.8,25,2.8,21.8,346,67.9,13.8,2.5,100
Wanshouxigong 2016-03-27,Wanshouxigong,2016-03-27,03 Mar,Spring,24,24,16.8,39.6,3.4,34,371,52.8,16.7,2.4,100
Wanshouxigong 2016-03-28,Wanshouxigong,2016-03-28,03 Mar,Spring,24,24,81.8,177.4,22.1,63.2,821,40.4,16.2,2,100
Wanshouxigong 2016-03-29,Wanshouxigong,2016-03-29,03 Mar,Spring,24,23,20.1,68.3,5.5,26.7,370,69.8,16.6,2.4,95.8
Wanshouxigong 2016-03-30,Wanshouxigong,2016-03-30,03 Mar,Spring,24,24,26.8,61.8,9.2,39.9,571,60.6,16,2.1,100
Wanshouxigong 2016-03-31,Wanshouxigong,2016-03-31,03 Mar,Spring,24,24,147.9,210.7,36.1,73.7,1483,56.3,15.5,1.9,100
Wanshouxigong 2016-04-01,Wanshouxigong,2016-04-01,04 Apr,Spring,24,24,32.8,116.1,4.5,26.4,429,65.3,17.7,3.4,100
Wanshouxigong 2016-04-02,Wanshouxigong,2016-04-02,04 Apr,Spring,24,24,7.5,19.5,2.1,13.5,296,74.2,15.1,2.9,100
Wanshouxigong 2016-04-03,Wanshouxigong,2016-04-03,04 Apr,Spring,24,22,15.8,40.4,2.9,18.5,317,77.5,14.6,2.3,91.7
Wanshouxigong 2016-04-04,Wanshouxigong,2016-04-04,04 Apr,Spring,24,24,71.4,97.6,13.9,43.5,650,68.8,15.5,2.4,100
Wanshouxigong 2016-04-05,Wanshouxigong,2016-04-05,04 Apr,Spring,24,24,116.6,136.6,20.5,47.9,1063,77.3,15.4,2.7,100
Wanshouxigong 2016-04-06,Wanshouxigong,2016-04-06,04 Apr,Spring,24,24,139.4,154.3,32.5,61.5,1933,57.3,14.5,1.3,100
Wanshouxigong 2016-04-07,Wanshouxigong,2016-04-07,04 Apr,Spring,24,24,89.5,115.4,3.6,46.8,1204,53.8,17.7,2.7,100
Wanshouxigong 2016-04-08,Wanshouxigong,2016-04-08,04 Apr,Spring,24,24,18.9,75.8,4.6,25.7,333,77,18.3,3.5,100
Wanshouxigong 2016-04-09,Wanshouxigong,2016-04-09,04 Apr,Spring,24,24,68.7,203.7,11.8,57.8,788,51.2,16,2.2,100
Wanshouxigong 2016-04-10,Wanshouxigong,2016-04-10,04 Apr,Spring,24,22,53.6,169,16.6,41.7,946,64.9,12.8,1.8,91.7
Wanshouxigong 2016-04-11,Wanshouxigong,2016-04-11,04 Apr,Spring,24,23,39.5,90.5,11.5,43.6,657,54.3,10.2,2.4,95.8
Wanshouxigong 2016-04-12,Wanshouxigong,2016-04-12,04 Apr,Spring,24,24,75.7,90.1,6.9,56,858,34.1,11.6,1.5,100
Wanshouxigong 2016-04-13,Wanshouxigong,2016-04-13,04 Apr,Spring,24,24,127.2,158.7,8.5,63.8,1029,55.8,16.8,2,100
Wanshouxigong 2016-04-14,Wanshouxigong,2016-04-14,04 Apr,Spring,24,16,,,,,,,17.8,2.6,66.7
Wanshouxigong 2016-04-15,Wanshouxigong,2016-04-15,04 Apr,Spring,24,13,,,,,,,15.8,1.8,54.2
Wanshouxigong 2016-04-16,Wanshouxigong,2016-04-16,04 Apr,Spring,24,24,24.5,70.1,2.2,17,333,64.6,15.4,3.6,100
Wanshouxigong 2016-04-17,Wanshouxigong,2016-04-17,04 Apr,Spring,24,24,10,28.4,2,12.6,229,90,15.7,3.9,100
Wanshouxigong 2016-04-18,Wanshouxigong,2016-04-18,04 Apr,Spring,24,24,14.5,35.2,2.2,21.6,292,78.4,15.1,2.7,100
Wanshouxigong 2016-04-19,Wanshouxigong,2016-04-19,04 Apr,Spring,24,24,74.5,105.9,21.9,62.8,1488,26.3,13.1,2,100
Wanshouxigong 2016-04-20,Wanshouxigong,2016-04-20,04 Apr,Spring,24,23,69.6,85.8,9.6,39.7,787,73.4,18.3,2.1,95.8
Wanshouxigong 2016-04-21,Wanshouxigong,2016-04-21,04 Apr,Spring,24,23,93.5,160.2,6.5,62.2,843,65.7,20.3,2,95.8
Wanshouxigong 2016-04-22,Wanshouxigong,2016-04-22,04 Apr,Spring,24,24,29.2,93.2,2,17.1,250,91.7,19.8,3,100
Wanshouxigong 2016-04-23,Wanshouxigong,2016-04-23,04 Apr,Spring,24,24,26,58.3,3.1,30.8,346,64.3,16.6,2.1,100
Wanshouxigong 2016-04-24,Wanshouxigong,2016-04-24,04 Apr,Spring,24,24,84.7,158.3,24.7,50.8,946,70.4,17.4,2.2,100
Wanshouxigong 2016-04-25,Wanshouxigong,2016-04-25,04 Apr,Spring,24,24,90.6,147.8,15,32.5,771,104.9,21.4,2.9,100
Wanshouxigong 2016-04-26,Wanshouxigong,2016-04-26,04 Apr,Spring,24,24,69.9,125.3,25.7,39.8,1275,97.4,17.5,2.2,100
Wanshouxigong 2016-04-27,Wanshouxigong,2016-04-27,04 Apr,Spring,24,23,88.2,102.4,12.6,53.9,1126,80.3,15.2,1.2,95.8
Wanshouxigong 2016-04-28,Wanshouxigong,2016-04-28,04 Apr,Spring,24,24,85.8,106.1,8.4,50.1,1079,92.3,18.3,2.1,100
Wanshouxigong 2016-04-29,Wanshouxigong,2016-04-29,04 Apr,Spring,24,24,120.8,145,19.4,57.2,1396,96,18.2,1.8,100
Wanshouxigong 2016-04-30,Wanshouxigong,2016-04-30,04 Apr,Spring,24,24,167.9,192.8,11.6,62.8,1533,129.8,21.8,2.1,100
Wanshouxigong 2016-05-01,Wanshouxigong,2016-05-01,05 May,Spring,24,24,184,195.3,27.4,36.6,2088,150.5,22.8,1.4,100
Wanshouxigong 2016-05-02,Wanshouxigong,2016-05-02,05 May,Spring,24,24,54.1,111.9,2.6,18.5,454,72.3,15.4,2.8,100
Wanshouxigong 2016-05-03,Wanshouxigong,2016-05-03,05 May,Spring,24,23,30,72,2,25.7,425,58.9,19,3.1,95.8
Wanshouxigong 2016-05-04,Wanshouxigong,2016-05-04,05 May,Spring,24,22,29.5,57.9,4,47.4,546,62.2,20.5,1.5,91.7
Wanshouxigong 2016-05-05,Wanshouxigong,2016-05-05,05 May,Spring,24,22,61.5,129.4,17.3,41.3,1067,85,20.3,2.2,91.7
Wanshouxigong 2016-05-06,Wanshouxigong,2016-05-06,05 May,Spring,24,22,69,,2,10.5,242,89.1,20.4,3.5,91.7
Wanshouxigong 2016-05-07,Wanshouxigong,2016-05-07,05 May,Spring,24,21,22.4,50,2.8,25.7,313,86.8,21.8,2.2,87.5
Wanshouxigong 2016-05-08,Wanshouxigong,2016-05-08,05 May,Spring,24,23,63.4,130.1,18.5,45.6,825,81.3,20.3,2.5,95.8
Wanshouxigong 2016-05-09,Wanshouxigong,2016-05-09,05 May,Spring,24,22,35.7,67.9,5,34.4,571,61.5,18.1,1.6,91.7
Wanshouxigong 2016-05-10,Wanshouxigong,2016-05-10,05 May,Spring,24,24,40.5,75.5,4,39.8,608,92.7,21.3,2,100
Wanshouxigong 2016-05-11,Wanshouxigong,2016-05-11,05 May,Spring,24,24,148.5,175.7,14.9,33.4,1158,130.5,23.1,2.5,100
Wanshouxigong 2016-05-12,Wanshouxigong,2016-05-12,05 May,Spring,24,22,43.4,60.8,2,23.5,642,69.1,17.6,2.6,91.7
Wanshouxigong 2016-05-13,Wanshouxigong,2016-05-13,05 May,Spring,24,24,41.5,76.8,5.1,44.9,833,60.8,17.6,2.3,100
Wanshouxigong 2016-05-14,Wanshouxigong,2016-05-14,05 May,Spring,24,24,41,52.1,2.5,35.2,671,60.5,14.1,1.8,100
Wanshouxigong 2016-05-15,Wanshouxigong,2016-05-15,05 May,Spring,24,24,40.8,52.8,2.1,30.5,608,45.3,17.6,1.5,100
Wanshouxigong 2016-05-16,Wanshouxigong,2016-05-16,05 May,Spring,24,22,41.6,84.9,3.3,45.4,496,68.3,22.5,2.7,91.7
Wanshouxigong 2016-05-17,Wanshouxigong,2016-05-17,05 May,Spring,24,24,59.1,119.9,12.4,55.5,721,121.7,24.7,2.3,100
Wanshouxigong 2016-05-18,Wanshouxigong,2016-05-18,05 May,Spring,24,24,57.9,110.1,11.2,32.3,629,141,25.2,2.7,100
Wanshouxigong 2016-05-19,Wanshouxigong,2016-05-19,05 May,Spring,24,24,83.9,120.3,17.6,38,846,178.3,24.8,2,100
Wanshouxigong 2016-05-20,Wanshouxigong,2016-05-20,05 May,Spring,24,24,88,108.3,22.1,50,1150,152.8,22.9,1.9,100
Wanshouxigong 2016-05-21,Wanshouxigong,2016-05-21,05 May,Spring,24,24,73.1,91.3,19.9,46.1,942,138.5,22.6,1.7,100
Wanshouxigong 2016-05-22,Wanshouxigong,2016-05-22,05 May,Spring,24,24,47.1,90.1,8.4,58.1,717,122.4,23.6,1.5,100
Wanshouxigong 2016-05-23,Wanshouxigong,2016-05-23,05 May,Spring,24,24,64.2,97.8,18.3,47.8,1058,100.5,21.3,2,100
Wanshouxigong 2016-05-24,Wanshouxigong,2016-05-24,05 May,Spring,24,24,21.9,43.3,3.1,29,438,87.8,21.6,2.4,100
Wanshouxigong 2016-05-25,Wanshouxigong,2016-05-25,05 May,Spring,24,24,12.2,31.8,2.1,22,354,105.7,22.6,2.2,100
Wanshouxigong 2016-05-26,Wanshouxigong,2016-05-26,05 May,Spring,24,24,17.5,64.9,2,30.4,325,94.4,24.7,2.2,100
Wanshouxigong 2016-05-27,Wanshouxigong,2016-05-27,05 May,Spring,24,24,48.8,127.5,11.9,57.7,692,98.4,24.5,2.7,100
Wanshouxigong 2016-05-28,Wanshouxigong,2016-05-28,05 May,Spring,24,24,38.9,89.3,10.4,38.9,642,121.4,24.8,2.6,100
Wanshouxigong 2016-05-29,Wanshouxigong,2016-05-29,05 May,Spring,24,24,34.5,73.8,4.7,32.8,504,106,25.1,2.4,100
Wanshouxigong 2016-05-30,Wanshouxigong,2016-05-30,05 May,Spring,24,24,87.2,160.9,16.4,52.5,1133,147.8,26.3,1.5,100
Wanshouxigong 2016-05-31,Wanshouxigong,2016-05-31,05 May,Spring,24,23,36.5,115.2,7.8,31.9,758,84.4,25,2.2,95.8
Wanshouxigong 2016-06-01,Wanshouxigong,2016-06-01,06 Jun,Summer,24,22,30.7,69,4.2,41,671,95.8,24.5,1.5,91.7
Wanshouxigong 2016-06-02,Wanshouxigong,2016-06-02,06 Jun,Summer,24,24,42.3,92,7.5,53,754,119.8,26,1.9,100
Wanshouxigong 2016-06-03,Wanshouxigong,2016-06-03,06 Jun,Summer,24,24,78.3,127.5,22.8,57.9,1288,135,25,1.6,100
Wanshouxigong 2016-06-04,Wanshouxigong,2016-06-04,06 Jun,Summer,24,24,81.7,120.8,17.1,32.8,854,164.5,26.9,2,100
Wanshouxigong 2016-06-05,Wanshouxigong,2016-06-05,06 Jun,Summer,24,24,69.8,97,15.1,35.7,900,139.3,24.7,2,100
Wanshouxigong 2016-06-06,Wanshouxigong,2016-06-06,06 Jun,Summer,24,24,98.5,110.8,8.9,33.3,954,149.1,24.5,1.7,100
Wanshouxigong 2016-06-07,Wanshouxigong,2016-06-07,06 Jun,Summer,24,24,63.7,78.4,2.4,21.9,967,116,22.2,1.8,100
Wanshouxigong 2016-06-08,Wanshouxigong,2016-06-08,06 Jun,Summer,24,24,152.1,152.1,2.8,35.9,1417,126.9,24.7,1.7,100
Wanshouxigong 2016-06-09,Wanshouxigong,2016-06-09,06 Jun,Summer,24,24,104.8,125.2,7.8,33.5,1150,142.3,27,2.6,100
Wanshouxigong 2016-06-10,Wanshouxigong,2016-06-10,06 Jun,Summer,24,20,74.7,66.8,2.3,18.1,683,136.8,24.4,1.8,83.3
Wanshouxigong 2016-06-11,Wanshouxigong,2016-06-11,06 Jun,Summer,24,24,17.8,30.3,2,21.9,408,88.3,25.7,1.9,100
Wanshouxigong 2016-06-12,Wanshouxigong,2016-06-12,06 Jun,Summer,24,24,70.8,86.2,6.4,33.4,1029,133.7,25.3,1.6,100
Wanshouxigong 2016-06-13,Wanshouxigong,2016-06-13,06 Jun,Summer,24,24,58.4,61.4,2.6,28.5,779,100.3,20.4,1.7,100
Wanshouxigong 2016-06-14,Wanshouxigong,2016-06-14,06 Jun,Summer,24,24,40.8,43.3,2,20.8,700,83,19.5,1.8,100
Wanshouxigong 2016-06-15,Wanshouxigong,2016-06-15,06 Jun,Summer,24,24,25.5,36.9,2.3,28.4,575,102.3,23.5,1.6,100
Wanshouxigong 2016-06-16,Wanshouxigong,2016-06-16,06 Jun,Summer,24,24,32,53.3,2.5,52,650,78.3,26.8,1.5,100
Wanshouxigong 2016-06-17,Wanshouxigong,2016-06-17,06 Jun,Summer,24,23,33.2,62.6,2.3,51,617,56.5,25.8,1.6,95.8
Wanshouxigong 2016-06-18,Wanshouxigong,2016-06-18,06 Jun,Summer,24,24,52.5,76.2,4.6,50.5,804,110.3,26.9,2,100
Wanshouxigong 2016-06-19,Wanshouxigong,2016-06-19,06 Jun,Summer,24,24,70.3,100.1,4.3,40,850,152.1,29.5,2.1,100
Wanshouxigong 2016-06-20,Wanshouxigong,2016-06-20,06 Jun,Summer,24,16,,,,,,,28.5,1.8,66.7
Wanshouxigong 2016-06-21,Wanshouxigong,2016-06-21,06 Jun,Summer,24,10,,,,,,,28.4,1.8,41.7
Wanshouxigong 2016-06-22,Wanshouxigong,2016-06-22,06 Jun,Summer,24,24,53.5,69.4,2.1,30,929,146.3,27.7,1.9,100
Wanshouxigong 2016-06-23,Wanshouxigong,2016-06-23,06 Jun,Summer,24,24,74.7,99.5,5.6,35.4,1146,120.3,27.4,1.6,100
Wanshouxigong 2016-06-24,Wanshouxigong,2016-06-24,06 Jun,Summer,24,24,15.1,32.3,2,27.8,471,72.4,27.6,2.2,100
Wanshouxigong 2016-06-25,Wanshouxigong,2016-06-25,06 Jun,Summer,24,17,,,,,,,30.8,2,70.8
Wanshouxigong 2016-06-26,Wanshouxigong,2016-06-26,06 Jun,Summer,24,0,,,,,,,30.1,2.2,0
Wanshouxigong 2016-06-27,Wanshouxigong,2016-06-27,06 Jun,Summer,24,12,,,,,,,26.5,2.1,50
Wanshouxigong 2016-06-28,Wanshouxigong,2016-06-28,06 Jun,Summer,24,24,76.1,76.9,2,37.5,850,76.8,21.1,1.4,100
Wanshouxigong 2016-06-29,Wanshouxigong,2016-06-29,06 Jun,Summer,24,24,121.6,121.6,2,40.6,1050,88.7,24.2,1.3,100
Wanshouxigong 2016-06-30,Wanshouxigong,2016-06-30,06 Jun,Summer,24,24,83.3,87.1,2,45.3,942,119.6,26.6,1.5,100
Wanshouxigong 2016-07-01,Wanshouxigong,2016-07-01,07 Jul,Summer,24,24,15,28.8,2,27.9,475,106.6,28.1,2.1,100
Wanshouxigong 2016-07-02,Wanshouxigong,2016-07-02,07 Jul,Summer,24,24,49.1,68.4,2.4,46.7,721,104.5,28.2,1.9,100
Wanshouxigong 2016-07-03,Wanshouxigong,2016-07-03,07 Jul,Summer,24,24,87.9,105.8,8.4,48.6,1092,112,28.6,1.8,100
Wanshouxigong 2016-07-04,Wanshouxigong,2016-07-04,07 Jul,Summer,24,24,131.6,132.7,4,33.9,1233,129.2,27.8,2,100
Wanshouxigong 2016-07-05,Wanshouxigong,2016-07-05,07 Jul,Summer,24,24,94.5,102.9,4.3,31.1,975,146.5,27.9,1.7,100
Wanshouxigong 2016-07-06,Wanshouxigong,2016-07-06,07 Jul,Summer,24,24,67.9,89.7,4.3,38.7,954,146.7,29.3,1.8,100
Wanshouxigong 2016-07-07,Wanshouxigong,2016-07-07,07 Jul,Summer,24,24,109.5,120.8,7.2,35.4,1233,160.6,29,2,100
Wanshouxigong 2016-07-08,Wanshouxigong,2016-07-08,07 Jul,Summer,24,24,90.3,99.6,4.3,38.6,1229,116.1,28.3,1.9,100
Wanshouxigong 2016-07-09,Wanshouxigong,2016-07-09,07 Jul,Summer,24,24,78,86.2,2.8,36.8,858,110.3,30.4,1.9,100
Wanshouxigong 2016-07-10,Wanshouxigong,2016-07-10,07 Jul,Summer,24,24,86.8,93.3,4.1,30.6,825,121,31.8,2.1,100
Wanshouxigong 2016-07-11,Wanshouxigong,2016-07-11,07 Jul,Summer,24,24,87.7,102.6,7.5,31.4,771,121.8,32.1,2.8,100
Wanshouxigong 2016-07-12,Wanshouxigong,2016-07-12,07 Jul,Summer,24,24,34.5,45.4,4,32,663,78.1,28,1.9,100
Wanshouxigong 2016-07-13,Wanshouxigong,2016-07-13,07 Jul,Summer,24,24,23.3,34.6,2.7,39.1,517,105.5,30.1,1.6,100
Wanshouxigong 2016-07-14,Wanshouxigong,2016-07-14,07 Jul,Summer,24,24,32.1,51,4.8,43.4,883,96.3,29,1.7,100
Wanshouxigong 2016-07-15,Wanshouxigong,2016-07-15,07 Jul,Summer,24,24,36,36.7,2,35.1,800,68.8,22.1,1.3,100
Wanshouxigong 2016-07-16,Wanshouxigong,2016-07-16,07 Jul,Summer,24,24,42.1,46.8,2.5,45.2,867,69.2,23.8,1.3,100
Wanshouxigong 2016-07-17,Wanshouxigong,2016-07-17,07 Jul,Summer,24,24,80.2,92.7,3,51.5,1117,116.9,26.6,1.4,100
Wanshouxigong 2016-07-18,Wanshouxigong,2016-07-18,07 Jul,Summer,24,24,105.8,107.1,4.3,54.3,1267,90.2,25.8,1.1,100
Wanshouxigong 2016-07-19,Wanshouxigong,2016-07-19,07 Jul,Summer,24,24,121,122,2.2,48.2,1575,39.4,24,1.3,100
Wanshouxigong 2016-07-20,Wanshouxigong,2016-07-20,07 Jul,Summer,24,24,39.6,39.7,2,21.4,871,52.2,21.9,3.1,100
Wanshouxigong 2016-07-21,Wanshouxigong,2016-07-21,07 Jul,Summer,24,24,30,31.6,2,32.3,1008,33.6,24,1.2,100
Wanshouxigong 2016-07-22,Wanshouxigong,2016-07-22,07 Jul,Summer,24,24,83,83,2,39.7,1242,71.3,27.6,1.3,100
Wanshouxigong 2016-07-23,Wanshouxigong,2016-07-23,07 Jul,Summer,24,24,146.6,148.1,3,39.6,1413,89.8,28.8,1.5,100
Wanshouxigong 2016-07-24,Wanshouxigong,2016-07-24,07 Jul,Summer,24,24,79.1,86,2,37.2,1088,96.8,28.5,1.4,100
Wanshouxigong 2016-07-25,Wanshouxigong,2016-07-25,07 Jul,Summer,24,24,45,47.3,2.3,37.2,792,60.4,28.3,1.4,100
Wanshouxigong 2016-07-26,Wanshouxigong,2016-07-26,07 Jul,Summer,24,16,,,2,26.9,400,97.4,29.2,1.5,66.7
Wanshouxigong 2016-07-27,Wanshouxigong,2016-07-27,07 Jul,Summer,24,24,62.7,81.4,2,35.3,967,114.4,28.9,1.7,100
Wanshouxigong 2016-07-28,Wanshouxigong,2016-07-28,07 Jul,Summer,24,24,52.1,57.8,2,17.2,864,89.5,28,1.2,100
Wanshouxigong 2016-07-29,Wanshouxigong,2016-07-29,07 Jul,Summer,24,24,127.1,127.5,2.5,12,1388,117.6,29.2,1.6,100
Wanshouxigong 2016-07-30,Wanshouxigong,2016-07-30,07 Jul,Summer,24,21,144.6,145.4,2,8.4,1514,73.6,27.8,1.7,87.5
Wanshouxigong 2016-07-31,Wanshouxigong,2016-07-31,07 Jul,Summer,24,24,69.1,69.1,2.4,13.8,1346,69,25.7,1.3,100
Wanshouxigong 2016-08-01,Wanshouxigong,2016-08-01,08 Aug,Summer,24,21,80.8,84.6,2,24.2,1487,95.7,28.4,1.3,87.5
Wanshouxigong 2016-08-02,Wanshouxigong,2016-08-02,08 Aug,Summer,24,24,67.3,75,2.5,42.8,1388,89.2,29.7,1.6,100
Wanshouxigong 2016-08-03,Wanshouxigong,2016-08-03,08 Aug,Summer,24,24,72.3,85.5,2,44.4,1183,136.9,30.7,1.4,100
Wanshouxigong 2016-08-04,Wanshouxigong,2016-08-04,08 Aug,Summer,24,24,99.9,103,2.3,36.5,1554,135.3,30.5,1.7,100
Wanshouxigong 2016-08-05,Wanshouxigong,2016-08-05,08 Aug,Summer,24,24,67.5,73.4,2.1,32.5,1046,90.5,29.6,1.6,100
Wanshouxigong 2016-08-06,Wanshouxigong,2016-08-06,08 Aug,Summer,24,24,106.2,111,2.3,36.2,1067,94.8,29.9,1.6,100
Wanshouxigong 2016-08-07,Wanshouxigong,2016-08-07,08 Aug,Summer,24,24,22.3,28.2,2,25.7,742,83.5,27.6,1.5,100
Wanshouxigong 2016-08-08,Wanshouxigong,2016-08-08,08 Aug,Summer,24,24,37.5,48.9,2.6,35.5,950,84.3,28.8,1.8,100
Wanshouxigong 2016-08-09,Wanshouxigong,2016-08-09,08 Aug,Summer,24,24,42,57.9,6,44.8,1204,92.5,27.8,1.6,100
Wanshouxigong 2016-08-10,Wanshouxigong,2016-08-10,08 Aug,Summer,24,24,84.7,90.8,2,30.1,1004,91.1,30.5,2.3,100
Wanshouxigong 2016-08-11,Wanshouxigong,2016-08-11,08 Aug,Summer,24,24,84.5,93.5,2.5,28.7,1009,82.3,32,1.9,100
Wanshouxigong 2016-08-12,Wanshouxigong,2016-08-12,08 Aug,Summer,24,24,64.5,67.3,6.6,42.7,677,43.5,29.4,1.6,100
Wanshouxigong 2016-08-13,Wanshouxigong,2016-08-13,08 Aug,Summer,24,24,28.5,36,2.2,53.9,650,21.9,27.9,1.4,100
Wanshouxigong 2016-08-14,Wanshouxigong,2016-08-14,08 Aug,Summer,24,24,24.6,53.5,3,51.5,746,69.6,29.2,1.4,100
Wanshouxigong 2016-08-15,Wanshouxigong,2016-08-15,08 Aug,Summer,24,22,26.8,48.5,2,28,726,61.1,25.6,1.6,91.7
Wanshouxigong 2016-08-16,Wanshouxigong,2016-08-16,08 Aug,Summer,24,24,24.5,41.5,2,37.4,613,76.6,26.4,1.6,100
Wanshouxigong 2016-08-17,Wanshouxigong,2016-08-17,08 Aug,Summer,24,24,66.4,82.1,2.1,66.9,1117,26.3,25.5,1,100
Wanshouxigong 2016-08-18,Wanshouxigong,2016-08-18,08 Aug,Summer,24,24,89,89,2,45.1,1783,25.3,23.4,1.3,100
Wanshouxigong 2016-08-19,Wanshouxigong,2016-08-19,08 Aug,Summer,24,24,21.9,28.5,2,25.2,1050,74.5,27.9,2,100
Wanshouxigong 2016-08-20,Wanshouxigong,2016-08-20,08 Aug,Summer,24,24,65.8,74.3,2,44.6,1333,100.5,27.7,1.1,100
Wanshouxigong 2016-08-21,Wanshouxigong,2016-08-21,08 Aug,Summer,24,24,58.7,79.7,2.1,49.1,1117,119.5,28.9,1.4,100
Wanshouxigong 2016-08-22,Wanshouxigong,2016-08-22,08 Aug,Summer,24,24,47,68,3.5,34.3,1004,97.2,29.4,1.7,100
Wanshouxigong 2016-08-23,Wanshouxigong,2016-08-23,08 Aug,Summer,24,24,69.9,85.8,4.7,41.7,971,78.9,27.9,1.5,100
Wanshouxigong 2016-08-24,Wanshouxigong,2016-08-24,08 Aug,Summer,24,24,83.7,97,2.8,49.2,1117,74.9,27.9,1,100
Wanshouxigong 2016-08-25,Wanshouxigong,2016-08-25,08 Aug,Summer,24,24,22.5,34.6,2.2,26.8,483,55.1,27.3,2.9,100
Wanshouxigong 2016-08-26,Wanshouxigong,2016-08-26,08 Aug,Summer,24,24,11.9,30.3,2,33.2,329,56.5,24.6,1.5,100
Wanshouxigong 2016-08-27,Wanshouxigong,2016-08-27,08 Aug,Summer,24,24,16.7,43.6,2.6,45.4,525,37.5,24.5,1.4,100
Wanshouxigong 2016-08-28,Wanshouxigong,2016-08-28,08 Aug,Summer,24,24,12,29.6,2.3,33.3,346,58.3,25.7,1.7,100
Wanshouxigong 2016-08-29,Wanshouxigong,2016-08-29,08 Aug,Summer,24,24,19.2,51.5,2.3,49.3,508,58.5,25.5,1.5,100
Wanshouxigong 2016-08-30,Wanshouxigong,2016-08-30,08 Aug,Summer,24,24,33,72.7,2.7,54.2,733,94.4,26.3,1.5,100
Wanshouxigong 2016-08-31,Wanshouxigong,2016-08-31,08 Aug,Summer,24,24,20.2,39.3,2.5,43.4,467,55,27.4,2.7,100
Wanshouxigong 2016-09-01,Wanshouxigong,2016-09-01,09 Sep,Autumn,24,24,8.9,33.1,2,28.7,329,47.2,25.2,2.3,100
Wanshouxigong 2016-09-02,Wanshouxigong,2016-09-02,09 Sep,Autumn,24,24,14.8,38.1,2,40.6,463,29.1,24,1.5,100
Wanshouxigong 2016-09-03,Wanshouxigong,2016-09-03,09 Sep,Autumn,24,24,22.4,46.4,2.2,39.7,533,68.6,25.9,1.4,100
Wanshouxigong 2016-09-04,Wanshouxigong,2016-09-04,09 Sep,Autumn,24,24,73.2,97.2,4.7,50.5,967,89.5,26.1,1.7,100
Wanshouxigong 2016-09-05,Wanshouxigong,2016-09-05,09 Sep,Autumn,24,24,31.2,46.5,2,34.1,592,84.4,25.6,1.8,100
Wanshouxigong 2016-09-06,Wanshouxigong,2016-09-06,09 Sep,Autumn,24,18,,,,,,,26.2,1.7,75
Wanshouxigong 2016-09-07,Wanshouxigong,2016-09-07,09 Sep,Autumn,24,13,,,,,,,24.7,2.1,54.2
Wanshouxigong 2016-09-08,Wanshouxigong,2016-09-08,09 Sep,Autumn,24,24,24.5,42.6,2,52.1,700,47,24.1,1.3,100
Wanshouxigong 2016-09-09,Wanshouxigong,2016-09-09,09 Sep,Autumn,24,24,20.2,40.5,2.8,49.1,517,38.8,24.9,1.6,100
Wanshouxigong 2016-09-10,Wanshouxigong,2016-09-10,09 Sep,Autumn,24,24,17.5,44.5,2,51.7,500,46.2,25.3,1.5,100
Wanshouxigong 2016-09-11,Wanshouxigong,2016-09-11,09 Sep,Autumn,24,24,37.6,49,2.1,32.5,929,83.8,21.7,1.8,100
Wanshouxigong 2016-09-12,Wanshouxigong,2016-09-12,09 Sep,Autumn,24,24,36.1,43.3,2,40,817,69.2,22.6,1.2,100
Wanshouxigong 2016-09-13,Wanshouxigong,2016-09-13,09 Sep,Autumn,24,24,87.7,100.2,2.8,64.3,1133,63.5,23.1,1.3,100
Wanshouxigong 2016-09-14,Wanshouxigong,2016-09-14,09 Sep,Autumn,24,24,104.2,110.2,3.6,54.2,1196,73.3,24.4,1.7,100
Wanshouxigong 2016-09-15,Wanshouxigong,2016-09-15,09 Sep,Autumn,24,24,85.8,95.5,3,51.5,1025,88.1,25.2,1.3,100
Wanshouxigong 2016-09-16,Wanshouxigong,2016-09-16,09 Sep,Autumn,24,24,150.1,157.3,3.7,45.3,1271,92.3,24.9,1.5,100
Wanshouxigong 2016-09-17,Wanshouxigong,2016-09-17,09 Sep,Autumn,24,24,47.5,60.9,2.3,37.5,917,41.1,21.6,1.2,100
Wanshouxigong 2016-09-18,Wanshouxigong,2016-09-18,09 Sep,Autumn,24,24,25,26.5,2,38.8,683,18.5,19.1,1.3,100
Wanshouxigong 2016-09-19,Wanshouxigong,2016-09-19,09 Sep,Autumn,24,24,14.9,25.7,2,41.6,454,29.8,19.3,1.4,100
Wanshouxigong 2016-09-20,Wanshouxigong,2016-09-20,09 Sep,Autumn,24,24,26,42.1,2.3,54.4,617,39,19.8,1.2,100
Wanshouxigong 2016-09-21,Wanshouxigong,2016-09-21,09 Sep,Autumn,24,24,78.2,100.2,3.6,94.4,1063,19.3,19.2,1.2,100
Wanshouxigong 2016-09-22,Wanshouxigong,2016-09-22,09 Sep,Autumn,24,24,116.5,120.6,5.8,73,1221,53.1,20.2,1.4,100
Wanshouxigong 2016-09-23,Wanshouxigong,2016-09-23,09 Sep,Autumn,24,13,,106,2.9,46,1257,93.8,21.6,1.3,54.2
Wanshouxigong 2016-09-24,Wanshouxigong,2016-09-24,09 Sep,Autumn,24,23,128.7,128.7,3,63.1,1348,86.2,22.3,1.1,95.8
Wanshouxigong 2016-09-25,Wanshouxigong,2016-09-25,09 Sep,Autumn,24,24,168.8,168.8,3,59.3,1679,80.1,,,100
Wanshouxigong 2016-09-26,Wanshouxigong,2016-09-26,09 Sep,Autumn,24,24,60.8,60.8,2.2,49.5,1514,42.3,19.6,1.3,100
Wanshouxigong 2016-09-27,Wanshouxigong,2016-09-27,09 Sep,Autumn,24,24,28.3,34.8,2.1,28.3,771,38.7,18.3,3.7,100
Wanshouxigong 2016-09-28,Wanshouxigong,2016-09-28,09 Sep,Autumn,24,24,16.6,24.8,2,42.3,446,28.8,15.5,1.9,100
Wanshouxigong 2016-09-29,Wanshouxigong,2016-09-29,09 Sep,Autumn,24,24,55.2,60.6,2,75.6,800,35.8,14.9,1.3,100
Wanshouxigong 2016-09-30,Wanshouxigong,2016-09-30,09 Sep,Autumn,24,24,100,101.1,2,88.5,1104,56.6,17.6,1.1,100
Wanshouxigong 2016-10-01,Wanshouxigong,2016-10-01,10 Oct,Autumn,24,24,157.3,157.3,2,102.9,1642,45.1,18.8,1,100
Wanshouxigong 2016-10-02,Wanshouxigong,2016-10-02,10 Oct,Autumn,24,24,186.6,186.6,2,90.5,1588,52.2,19.5,1,100
Wanshouxigong 2016-10-03,Wanshouxigong,2016-10-03,10 Oct,Autumn,24,24,114,114.3,2,63.4,1263,52.5,22.3,1.3,100
Wanshouxigong 2016-10-04,Wanshouxigong,2016-10-04,10 Oct,Autumn,24,24,32.6,37.3,2,39.5,975,22.2,16.8,2.2,100
Wanshouxigong 2016-10-05,Wanshouxigong,2016-10-05,10 Oct,Autumn,24,24,57.8,57.8,2,46,1325,22.2,16.7,1.4,100
Wanshouxigong 2016-10-06,Wanshouxigong,2016-10-06,10 Oct,Autumn,24,24,66,66.1,2,57,1700,6.8,15.4,1.6,100
Wanshouxigong 2016-10-07,Wanshouxigong,2016-10-07,10 Oct,Autumn,24,24,38,38.1,2,48.2,1742,8.4,13.5,1.6,100
Wanshouxigong 2016-10-08,Wanshouxigong,2016-10-08,10 Oct,Autumn,24,24,11,16.9,2,24.8,442,41.5,12.6,2.4,100
Wanshouxigong 2016-10-09,Wanshouxigong,2016-10-09,10 Oct,Autumn,24,24,33.1,53.7,2.2,56.6,779,11.5,10.2,1.2,100
Wanshouxigong 2016-10-10,Wanshouxigong,2016-10-10,10 Oct,Autumn,24,24,91.6,118.9,8.2,82.4,1396,9.3,11.6,0.9,100
Wanshouxigong 2016-10-11,Wanshouxigong,2016-10-11,10 Oct,Autumn,24,24,118.7,125.9,7.7,75.2,1575,22.2,13.7,1.7,100
Wanshouxigong 2016-10-12,Wanshouxigong,2016-10-12,10 Oct,Autumn,24,24,72,83.8,4.2,65.2,1108,25.8,14.9,1.1,100
Wanshouxigong 2016-10-13,Wanshouxigong,2016-10-13,10 Oct,Autumn,24,24,156.2,157.7,3.5,88,1671,27.1,15.4,0.7,100
Wanshouxigong 2016-10-14,Wanshouxigong,2016-10-14,10 Oct,Autumn,24,21,222.9,223.9,4.4,103.5,2370,23,16,0.8,87.5
Wanshouxigong 2016-10-15,Wanshouxigong,2016-10-15,10 Oct,Autumn,24,24,175.8,180.5,3.1,102.4,2071,2,14.1,0.7,100
Wanshouxigong 2016-10-16,Wanshouxigong,2016-10-16,10 Oct,Autumn,24,24,110.9,110.9,2.8,61.4,983,25.5,16,1,100
Wanshouxigong 2016-10-17,Wanshouxigong,2016-10-17,10 Oct,Autumn,24,24,66.2,77.3,2.2,57.5,992,27.5,15.9,1.4,100
Wanshouxigong 2016-10-18,Wanshouxigong,2016-10-18,10 Oct,Autumn,24,24,123.9,146.8,4.3,81.4,1763,5.5,15.9,1.2,100
Wanshouxigong 2016-10-19,Wanshouxigong,2016-10-19,10 Oct,Autumn,24,24,225.9,225.3,4.3,88.3,2350,8.1,17,1,100
Wanshouxigong 2016-10-20,Wanshouxigong,2016-10-20,10 Oct,Autumn,24,24,81.8,103.2,5.9,53.8,1571,10.5,14,1.8,100
Wanshouxigong 2016-10-21,Wanshouxigong,2016-10-21,10 Oct,Autumn,24,24,46,46,2,39.9,946,16.1,10.8,1.1,100
Wanshouxigong 2016-10-22,Wanshouxigong,2016-10-22,10 Oct,Autumn,24,24,16.6,19.5,2,32.7,646,15.3,12.1,2.3,100
Wanshouxigong 2016-10-23,Wanshouxigong,2016-10-23,10 Oct,Autumn,24,24,32.6,47.6,2.7,47.8,713,15.1,11.1,1.2,100
Wanshouxigong 2016-10-24,Wanshouxigong,2016-10-24,10 Oct,Autumn,24,24,70.5,106.3,2.5,59.9,1321,2.3,10,0.9,100
Wanshouxigong 2016-10-25,Wanshouxigong,2016-10-25,10 Oct,Autumn,24,24,110.8,134,2.5,73.5,1579,3.4,11.4,1.2,100
Wanshouxigong 2016-10-26,Wanshouxigong,2016-10-26,10 Oct,Autumn,24,24,52.5,84.3,2.6,52.4,933,16.9,12.6,2.1,100
Wanshouxigong 2016-10-27,Wanshouxigong,2016-10-27,10 Oct,Autumn,24,24,33,53.2,4.9,56.2,1133,2.9,9.1,1.7,100
Wanshouxigong 2016-10-28,Wanshouxigong,2016-10-28,10 Oct,Autumn,24,22,12.7,19.7,2.3,30.4,454,26.1,9.5,2.1,91.7
Wanshouxigong 2016-10-29,Wanshouxigong,2016-10-29,10 Oct,Autumn,24,24,23.8,47.5,4.5,47.2,558,16.2,6.9,1.9,100
Wanshouxigong 2016-10-30,Wanshouxigong,2016-10-30,10 Oct,Autumn,24,24,48.5,82.3,4.8,46.4,808,18.7,6.5,2.3,100
Wanshouxigong 2016-10-31,Wanshouxigong,2016-10-31,10 Oct,Autumn,24,24,8.2,20.4,3,15.5,254,43.1,3.2,2.9,100
Wanshouxigong 2016-11-01,Wanshouxigong,2016-11-01,11 Nov,Autumn,24,24,47.9,73.9,8.2,56.8,800,15.3,2.7,1.3,100
Wanshouxigong 2016-11-02,Wanshouxigong,2016-11-02,11 Nov,Autumn,24,24,120.8,157.6,9.1,87.8,1550,7.5,5.2,1.3,100
Wanshouxigong 2016-11-03,Wanshouxigong,2016-11-03,11 Nov,Autumn,24,24,203,238.6,6.6,106.8,2550,3.7,5.6,1,100
Wanshouxigong 2016-11-04,Wanshouxigong,2016-11-04,11 Nov,Autumn,24,24,242.5,275.5,4.2,118.9,3308,4,6.1,1,100
Wanshouxigong 2016-11-05,Wanshouxigong,2016-11-05,11 Nov,Autumn,24,24,195.7,201,3.5,103.3,3075,15.3,8.7,1.6,100
Wanshouxigong 2016-11-06,Wanshouxigong,2016-11-06,11 Nov,Autumn,24,24,72.8,78.8,9.8,56.1,1117,21.5,7.9,1.6,100
Wanshouxigong 2016-11-07,Wanshouxigong,2016-11-07,11 Nov,Autumn,24,24,42.6,50.6,3,43.5,746,22.9,8.4,2.2,100
Wanshouxigong 2016-11-08,Wanshouxigong,2016-11-08,11 Nov,Autumn,24,23,38.1,57.6,5.5,53.4,783,16,5.3,1.2,95.8
Wanshouxigong 2016-11-09,Wanshouxigong,2016-11-09,11 Nov,Autumn,24,24,163,196.8,9,92,2458,5.9,3.3,1,100
Wanshouxigong 2016-11-10,Wanshouxigong,2016-11-10,11 Nov,Autumn,24,24,153.9,157.8,5,68.4,1479,5.4,7,1.5,100
Wanshouxigong 2016-11-11,Wanshouxigong,2016-11-11,11 Nov,Autumn,24,24,101.7,129.6,5,73.6,1854,3.6,4.8,1,100
Wanshouxigong 2016-11-12,Wanshouxigong,2016-11-12,11 Nov,Autumn,24,24,72.6,121.3,7.6,71.7,1588,10.1,6.9,1.2,100
Wanshouxigong 2016-11-13,Wanshouxigong,2016-11-13,11 Nov,Autumn,24,24,93.5,155.6,6.7,76.4,2388,2,8.1,1,100
Wanshouxigong 2016-11-14,Wanshouxigong,2016-11-14,11 Nov,Autumn,24,24,44.8,79.5,3.5,39.9,1029,36.6,9.4,3,100
Wanshouxigong 2016-11-15,Wanshouxigong,2016-11-15,11 Nov,Autumn,24,24,35,66.7,11.6,67.5,1358,11.3,4.2,1,100
Wanshouxigong 2016-11-16,Wanshouxigong,2016-11-16,11 Nov,Autumn,24,24,98.8,147,11.9,88,2150,8.8,5.3,0.9,100
Wanshouxigong 2016-11-17,Wanshouxigong,2016-11-17,11 Nov,Autumn,24,24,102.1,160.2,14.1,68,2050,3.2,5.9,1.1,100
Wanshouxigong 2016-11-18,Wanshouxigong,2016-11-18,11 Nov,Autumn,24,24,183.2,271.4,20.7,88,4063,2,6.7,1,100
Wanshouxigong 2016-11-19,Wanshouxigong,2016-11-19,11 Nov,Autumn,24,24,138.7,166.3,8.3,69.5,2008,17.9,10.1,1.7,100
Wanshouxigong 2016-11-20,Wanshouxigong,2016-11-20,11 Nov,Autumn,24,24,58.5,66.4,3.5,46.2,1204,5.3,3.8,2.4,100
Wanshouxigong 2016-11-21,Wanshouxigong,2016-11-21,11 Nov,Autumn,24,24,11,14.3,3.1,16.7,317,50.9,-1.3,3.8,100
Wanshouxigong 2016-11-22,Wanshouxigong,2016-11-22,11 Nov,Autumn,24,24,7.6,24,3.8,18.4,265,43.2,-3.3,3.8,100
Wanshouxigong 2016-11-23,Wanshouxigong,2016-11-23,11 Nov,Autumn,24,24,36,49.4,10.2,43,471,22.7,-0.6,2.4,100
Wanshouxigong 2016-11-24,Wanshouxigong,2016-11-24,11 Nov,Autumn,24,24,87.9,105.3,20.2,71.9,1483,11.9,-0.2,1.3,100
Wanshouxigong 2016-11-25,Wanshouxigong,2016-11-25,11 Nov,Autumn,24,24,178.5,205.1,29.3,102.1,2742,3.9,0.6,1,100
Wanshouxigong 2016-11-26,Wanshouxigong,2016-11-26,11 Nov,Autumn,24,24,318,385.8,23.8,128.6,3917,5.1,2.1,1,100
Wanshouxigong 2016-11-27,Wanshouxigong,2016-11-27,11 Nov,Autumn,24,24,57.1,75.3,5,43.1,950,37.5,2.8,1.8,100
Wanshouxigong 2016-11-28,Wanshouxigong,2016-11-28,11 Nov,Autumn,24,24,76.8,102.7,20.2,82.7,1838,7.7,0.8,0.9,100
Wanshouxigong 2016-11-29,Wanshouxigong,2016-11-29,11 Nov,Autumn,24,24,103.5,138.9,27.3,87,2567,2.4,1.3,1.1,100
Wanshouxigong 2016-11-30,Wanshouxigong,2016-11-30,11 Nov,Autumn,24,24,106,138.6,14.5,75.1,2271,17.1,5,2,100
Wanshouxigong 2016-12-01,Wanshouxigong,2016-12-01,12 Dec,Winter,24,24,37.1,49.3,7.7,50.3,817,36.3,5.1,1.4,100
Wanshouxigong 2016-12-02,Wanshouxigong,2016-12-02,12 Dec,Winter,24,24,130.4,140.7,23.4,96.3,2092,6.5,3.1,1,100
Wanshouxigong 2016-12-03,Wanshouxigong,2016-12-03,12 Dec,Winter,24,24,236.1,246.1,22.8,124.7,3504,4.8,2.1,0.9,100
Wanshouxigong 2016-12-04,Wanshouxigong,2016-12-04,12 Dec,Winter,24,24,323.5,334.2,15.8,124.6,4129,7.1,2.9,0.7,100
Wanshouxigong 2016-12-05,Wanshouxigong,2016-12-05,12 Dec,Winter,24,24,46.5,53.5,7,47.8,1029,28.2,2.6,2.4,100
Wanshouxigong 2016-12-06,Wanshouxigong,2016-12-06,12 Dec,Winter,24,22,86.7,119,21.5,97.5,2117,5,0,0.9,91.7
Wanshouxigong 2016-12-07,Wanshouxigong,2016-12-07,12 Dec,Winter,24,24,150.4,180.5,25.9,115.3,2963,4.3,3,1.6,100
Wanshouxigong 2016-12-08,Wanshouxigong,2016-12-08,12 Dec,Winter,24,24,106.8,133.9,14.2,61.7,1892,33.2,4.4,2.6,100
Wanshouxigong 2016-12-09,Wanshouxigong,2016-12-09,12 Dec,Winter,24,24,25.8,38.5,9.2,43.7,758,31.4,1.5,1.6,100
Wanshouxigong 2016-12-10,Wanshouxigong,2016-12-10,12 Dec,Winter,24,24,53.6,73.3,14.9,71.4,1408,7.5,-0.7,0.9,100
Wanshouxigong 2016-12-11,Wanshouxigong,2016-12-11,12 Dec,Winter,24,23,192.4,203.6,36.6,109,3257,5,-0.7,1.2,95.8
Wanshouxigong 2016-12-12,Wanshouxigong,2016-12-12,12 Dec,Winter,24,24,222.3,223.3,45.4,105.9,2638,6.3,2.5,1,100
Wanshouxigong 2016-12-13,Wanshouxigong,2016-12-13,12 Dec,Winter,24,24,56,59.2,10.3,58.5,1088,19.7,1.2,1.6,100
Wanshouxigong 2016-12-14,Wanshouxigong,2016-12-14,12 Dec,Winter,24,24,30.8,42.9,11.5,46.9,767,27.4,-0.8,2,100
Wanshouxigong 2016-12-15,Wanshouxigong,2016-12-15,12 Dec,Winter,24,24,32.7,50.8,11.6,45.5,1004,27.5,0.1,2.4,100
Wanshouxigong 2016-12-16,Wanshouxigong,2016-12-16,12 Dec,Winter,24,24,195.3,210,26.4,112.9,2650,5.7,-0.1,1,100
Wanshouxigong 2016-12-17,Wanshouxigong,2016-12-17,12 Dec,Winter,24,24,229.3,235,32.1,114.5,3158,5,-0.1,0.9,100
Wanshouxigong 2016-12-18,Wanshouxigong,2016-12-18,12 Dec,Winter,24,24,268.7,268.7,21,117.1,3583,5.7,0.1,0.5,100
Wanshouxigong 2016-12-19,Wanshouxigong,2016-12-19,12 Dec,Winter,24,24,292.8,292.8,17.5,141.7,4871,4.8,0.5,0.7,100
Wanshouxigong 2016-12-20,Wanshouxigong,2016-12-20,12 Dec,Winter,24,24,409,414.2,6.5,153.7,8625,5.8,-1.3,1.2,100
Wanshouxigong 2016-12-21,Wanshouxigong,2016-12-21,12 Dec,Winter,24,24,422.1,423.2,8.3,175.9,8783,2.1,1,1,100
Wanshouxigong 2016-12-22,Wanshouxigong,2016-12-22,12 Dec,Winter,24,24,84.1,84.1,3.6,47.8,2043,43.8,2.9,3.3,100
Wanshouxigong 2016-12-23,Wanshouxigong,2016-12-23,12 Dec,Winter,24,24,34.9,37.8,5.8,54.1,738,25.8,-0.6,1.5,100
Wanshouxigong 2016-12-24,Wanshouxigong,2016-12-24,12 Dec,Winter,24,24,121.8,129.8,28.8,89.5,2329,7.3,-0.6,1.2,100
Wanshouxigong 2016-12-25,Wanshouxigong,2016-12-25,12 Dec,Winter,24,24,151.9,164.4,32.4,104.3,2992,2.5,-1.2,1,100
Wanshouxigong 2016-12-26,Wanshouxigong,2016-12-26,12 Dec,Winter,24,24,45.2,49.5,15.6,51.8,1036,26,1.5,1.6,100
Wanshouxigong 2016-12-27,Wanshouxigong,2016-12-27,12 Dec,Winter,24,24,41,54.6,7.4,48.5,571,26.5,-0.9,2.1,100
Wanshouxigong 2016-12-28,Wanshouxigong,2016-12-28,12 Dec,Winter,24,22,81.9,88.8,8.6,,,20.6,-0.8,2.7,91.7
Wanshouxigong 2016-12-29,Wanshouxigong,2016-12-29,12 Dec,Winter,24,24,71.8,99,14,62.9,850,22.8,-1.2,1.6,100
Wanshouxigong 2016-12-30,Wanshouxigong,2016-12-30,12 Dec,Winter,24,24,295.8,325.9,17.3,119.2,3521,7.4,-3.1,1.1,100
Wanshouxigong 2016-12-31,Wanshouxigong,2016-12-31,12 Dec,Winter,24,24,394.2,421.4,16.9,148.2,4879,6,-2.5,0.9,100
