Symbol,Company,Date,Observation,Open
AAPL,Apple,2010-01-04,1,7.62
AAPL,Apple,2010-01-11,2,7.6
AAPL,Apple,2010-01-19,3,7.44
AAPL,Apple,2010-01-26,4,7.36
AAPL,Apple,2010-02-02,5,7
AAPL,Apple,2010-02-09,6,7.02
AAPL,Apple,2010-02-17,7,7.29
AAPL,Apple,2010-02-24,8,7.08
AAPL,Apple,2010-03-03,9,7.46
AAPL,Apple,2010-03-10,10,7.99
AAPL,Apple,2010-03-17,11,8.03
AAPL,Apple,2010-03-24,12,8.13
AAPL,Apple,2010-03-31,13,8.41
AAPL,Apple,2010-04-08,14,8.59
AAPL,Apple,2010-04-15,15,8.78
AAPL,Apple,2010-04-22,16,9.22
AAPL,Apple,2010-04-29,17,9.39
AAPL,Apple,2010-05-06,18,9.07
AAPL,Apple,2010-05-13,19,9.4
AAPL,Apple,2010-05-20,20,8.64
AAPL,Apple,2010-05-27,21,8.95
AAPL,Apple,2010-06-04,22,9.22
AAPL,Apple,2010-06-11,23,8.87
AAPL,Apple,2010-06-18,24,9.72
AAPL,Apple,2010-06-25,25,9.65
AAPL,Apple,2010-07-02,26,8.95
AAPL,Apple,2010-07-12,27,9.23
AAPL,Apple,2010-07-19,28,8.92
AAPL,Apple,2010-07-26,29,9.29
AAPL,Apple,2010-08-02,30,9.3
AAPL,Apple,2010-08-09,31,9.34
AAPL,Apple,2010-08-16,32,8.84
AAPL,Apple,2010-08-23,33,8.99
AAPL,Apple,2010-08-30,34,8.6
AAPL,Apple,2010-09-07,35,9.17
AAPL,Apple,2010-09-14,36,9.51
AAPL,Apple,2010-09-21,37,10.14
AAPL,Apple,2010-09-28,38,10.42
AAPL,Apple,2010-10-05,39,10.07
AAPL,Apple,2010-10-12,40,10.55
AAPL,Apple,2010-10-19,41,10.84
AAPL,Apple,2010-10-26,42,10.96
AAPL,Apple,2010-11-02,43,10.96
AAPL,Apple,2010-11-09,44,11.47
AAPL,Apple,2010-11-16,45,10.92
AAPL,Apple,2010-11-23,46,11.09
AAPL,Apple,2010-12-01,47,11.26
AAPL,Apple,2010-12-08,48,11.42
AAPL,Apple,2010-12-15,49,11.43
AAPL,Apple,2010-12-22,50,11.58
AAPL,Apple,2010-12-30,51,11.62
AAPL,Apple,2011-01-06,52,11.95
AAPL,Apple,2011-01-13,53,12.33
AAPL,Apple,2011-01-21,54,11.92
AAPL,Apple,2011-01-28,55,12.29
AAPL,Apple,2011-02-04,56,12.27
AAPL,Apple,2011-02-11,57,12.67
AAPL,Apple,2011-02-18,58,12.81
AAPL,Apple,2011-02-28,59,12.54
AAPL,Apple,2011-03-07,60,12.91
AAPL,Apple,2011-03-14,61,12.61
AAPL,Apple,2011-03-21,62,12
AAPL,Apple,2011-03-28,63,12.61
AAPL,Apple,2011-04-04,64,12.3
AAPL,Apple,2011-04-11,65,11.93
AAPL,Apple,2011-04-18,66,11.65
AAPL,Apple,2011-04-26,67,12.63
AAPL,Apple,2011-05-03,68,12.43
AAPL,Apple,2011-05-10,69,12.46
AAPL,Apple,2011-05-17,70,11.86
AAPL,Apple,2011-05-24,71,11.98
AAPL,Apple,2011-06-01,72,12.46
AAPL,Apple,2011-06-08,73,11.85
AAPL,Apple,2011-06-15,74,11.78
AAPL,Apple,2011-06-22,75,11.61
AAPL,Apple,2011-06-29,76,12
AAPL,Apple,2011-07-07,77,12.67
AAPL,Apple,2011-07-14,78,12.89
AAPL,Apple,2011-07-21,79,13.82
AAPL,Apple,2011-07-28,80,13.99
AAPL,Apple,2011-08-04,81,13.91
AAPL,Apple,2011-08-11,82,13.23
AAPL,Apple,2011-08-18,83,13.24
AAPL,Apple,2011-08-25,84,13.04
AAPL,Apple,2011-09-01,85,13.78
AAPL,Apple,2011-09-09,86,13.71
AAPL,Apple,2011-09-16,87,14.13
AAPL,Apple,2011-09-23,88,14.3
AAPL,Apple,2011-09-30,89,13.83
AAPL,Apple,2011-10-07,90,13.42
AAPL,Apple,2011-10-14,91,14.89
AAPL,Apple,2011-10-21,92,14.22
AAPL,Apple,2011-10-28,93,14.39
AAPL,Apple,2011-11-04,94,14.36
AAPL,Apple,2011-11-11,95,13.81
AAPL,Apple,2011-11-18,96,13.53
AAPL,Apple,2011-11-28,97,13.3
AAPL,Apple,2011-12-05,98,14.05
AAPL,Apple,2011-12-12,99,13.99
AAPL,Apple,2011-12-19,100,13.66
AAPL,Apple,2011-12-27,101,14.4
AAPL,Apple,2012-01-04,102,14.64
AAPL,Apple,2012-01-11,103,15.1
AAPL,Apple,2012-01-19,104,15.36
AAPL,Apple,2012-01-26,105,16.01
AAPL,Apple,2012-02-02,106,16.28
AAPL,Apple,2012-02-09,107,17.17
AAPL,Apple,2012-02-16,108,17.55
AAPL,Apple,2012-02-24,109,18.56
AAPL,Apple,2012-03-02,110,19.44
AAPL,Apple,2012-03-09,111,19.44
AAPL,Apple,2012-03-16,112,20.88
AAPL,Apple,2012-03-23,113,21.45
AAPL,Apple,2012-03-30,114,21.74
AAPL,Apple,2012-04-09,115,22.36
AAPL,Apple,2012-04-16,116,21.79
AAPL,Apple,2012-04-23,117,20.38
AAPL,Apple,2012-04-30,118,21.35
AAPL,Apple,2012-05-07,119,20.05
AAPL,Apple,2012-05-14,120,20.09
AAPL,Apple,2012-05-21,121,19.09
AAPL,Apple,2012-05-29,122,20.39
AAPL,Apple,2012-06-05,123,20.05
AAPL,Apple,2012-06-12,124,20.52
AAPL,Apple,2012-06-19,125,20.84
AAPL,Apple,2012-06-26,126,20.4
AAPL,Apple,2012-07-03,127,21.25
AAPL,Apple,2012-07-11,128,21.65
AAPL,Apple,2012-07-18,129,21.66
AAPL,Apple,2012-07-25,130,20.52
AAPL,Apple,2012-08-01,131,22
AAPL,Apple,2012-08-08,132,22.12
AAPL,Apple,2012-08-15,133,22.55
AAPL,Apple,2012-08-22,134,23.37
AAPL,Apple,2012-08-29,135,24.12
AAPL,Apple,2012-09-06,136,24.04
AAPL,Apple,2012-09-13,137,24.19
AAPL,Apple,2012-09-20,138,24.97
AAPL,Apple,2012-09-27,139,23.72
AAPL,Apple,2012-10-04,140,23.97
AAPL,Apple,2012-10-11,141,23.09
AAPL,Apple,2012-10-18,142,22.84
AAPL,Apple,2012-10-25,143,22.14
AAPL,Apple,2012-11-05,144,20.84
AAPL,Apple,2012-11-12,145,19.79
AAPL,Apple,2012-11-19,146,19.31
AAPL,Apple,2012-11-27,147,21.06
AAPL,Apple,2012-12-04,148,20.78
AAPL,Apple,2012-12-11,149,19.28
AAPL,Apple,2012-12-18,150,18.75
AAPL,Apple,2012-12-26,151,18.54
AAPL,Apple,2013-01-03,152,19.57
AAPL,Apple,2013-01-10,153,18.88
AAPL,Apple,2013-01-17,154,18.23
AAPL,Apple,2013-01-25,155,16.13
AAPL,Apple,2013-02-01,156,16.4
AAPL,Apple,2013-02-08,157,16.93
AAPL,Apple,2013-02-15,158,16.74
AAPL,Apple,2013-02-25,159,16.21
AAPL,Apple,2013-03-04,160,15.28
AAPL,Apple,2013-03-11,161,15.35
AAPL,Apple,2013-03-18,162,15.77
AAPL,Apple,2013-03-25,163,16.6
AAPL,Apple,2013-04-02,164,15.27
AAPL,Apple,2013-04-09,165,15.23
AAPL,Apple,2013-04-16,166,15.06
AAPL,Apple,2013-04-23,167,14.43
AAPL,Apple,2013-04-30,168,15.54
AAPL,Apple,2013-05-07,169,16.61
AAPL,Apple,2013-05-14,170,16.21
AAPL,Apple,2013-05-21,171,15.65
AAPL,Apple,2013-05-29,172,15.71
AAPL,Apple,2013-06-05,173,15.92
AAPL,Apple,2013-06-12,174,15.7
AAPL,Apple,2013-06-19,175,15.41
AAPL,Apple,2013-06-26,176,14.43
AAPL,Apple,2013-07-03,177,15.03
AAPL,Apple,2013-07-11,178,15.11
AAPL,Apple,2013-07-18,179,15.48
AAPL,Apple,2013-07-25,180,15.74
AAPL,Apple,2013-08-01,181,16.28
AAPL,Apple,2013-08-08,182,16.57
AAPL,Apple,2013-08-15,183,17.73
AAPL,Apple,2013-08-22,184,18.04
AAPL,Apple,2013-08-29,185,17.56
AAPL,Apple,2013-09-06,186,17.8
AAPL,Apple,2013-09-13,187,16.76
AAPL,Apple,2013-09-20,188,17.07
AAPL,Apple,2013-09-27,189,17.28
AAPL,Apple,2013-10-04,190,17.28
AAPL,Apple,2013-10-11,191,17.39
AAPL,Apple,2013-10-18,192,18.07
AAPL,Apple,2013-10-25,193,18.98
AAPL,Apple,2013-11-01,194,18.72
AAPL,Apple,2013-11-08,195,18.38
AAPL,Apple,2013-11-15,196,18.81
AAPL,Apple,2013-11-22,197,18.55
AAPL,Apple,2013-12-02,198,19.93
AAPL,Apple,2013-12-09,199,20.03
AAPL,Apple,2013-12-16,200,19.82
AAPL,Apple,2013-12-23,201,20.29
AAPL,Apple,2013-12-31,202,19.79
AAPL,Apple,2014-01-08,203,19.24
AAPL,Apple,2014-01-15,204,19.77
AAPL,Apple,2014-01-23,205,19.64
AAPL,Apple,2014-01-30,206,17.95
AAPL,Apple,2014-02-06,207,18.22
AAPL,Apple,2014-02-13,208,19.09
AAPL,Apple,2014-02-21,209,19.03
AAPL,Apple,2014-02-28,210,18.9
AAPL,Apple,2014-03-07,211,18.97
AAPL,Apple,2014-03-14,212,18.89
AAPL,Apple,2014-03-21,213,19
AAPL,Apple,2014-03-28,214,19.23
AAPL,Apple,2014-04-04,215,19.28
AAPL,Apple,2014-04-11,216,18.54
AAPL,Apple,2014-04-21,217,18.76
AAPL,Apple,2014-04-28,218,20.46
AAPL,Apple,2014-05-05,219,21.08
AAPL,Apple,2014-05-12,220,20.98
AAPL,Apple,2014-05-19,221,21.35
AAPL,Apple,2014-05-27,222,22
AAPL,Apple,2014-06-03,223,22.45
AAPL,Apple,2014-06-10,224,23.68
AAPL,Apple,2014-06-17,225,23.08
AAPL,Apple,2014-06-24,226,22.69
AAPL,Apple,2014-07-01,227,23.38
AAPL,Apple,2014-07-09,228,23.86
AAPL,Apple,2014-07-16,229,24.24
AAPL,Apple,2014-07-23,230,23.86
AAPL,Apple,2014-07-30,231,24.61
AAPL,Apple,2014-08-06,232,23.69
AAPL,Apple,2014-08-13,233,24.04
AAPL,Apple,2014-08-20,234,25.11
AAPL,Apple,2014-08-27,235,25.25
AAPL,Apple,2014-09-04,236,24.71
AAPL,Apple,2014-09-11,237,25.1
AAPL,Apple,2014-09-18,238,25.48
AAPL,Apple,2014-09-25,239,25.13
AAPL,Apple,2014-10-02,240,24.82
AAPL,Apple,2014-10-09,241,25.39
AAPL,Apple,2014-10-16,242,23.89
AAPL,Apple,2014-10-23,243,26.02
AAPL,Apple,2014-10-30,244,26.74
AAPL,Apple,2014-11-06,245,27.15
AAPL,Apple,2014-11-13,246,27.95
AAPL,Apple,2014-11-20,247,28.73
AAPL,Apple,2014-11-28,248,29.82
AAPL,Apple,2014-12-05,249,29
AAPL,Apple,2014-12-12,250,27.62
AAPL,Apple,2014-12-19,251,28.07
AAPL,Apple,2014-12-29,252,28.45
AAPL,Apple,2015-01-06,253,26.64
AAPL,Apple,2015-01-13,254,27.86
AAPL,Apple,2015-01-21,255,27.24
AAPL,Apple,2015-01-28,256,29.41
AAPL,Apple,2015-02-04,257,29.63
AAPL,Apple,2015-02-11,258,30.69
AAPL,Apple,2015-02-19,259,32.12
AAPL,Apple,2015-02-26,260,32.2
AAPL,Apple,2015-03-05,261,32.15
AAPL,Apple,2015-03-12,262,30.58
AAPL,Apple,2015-03-19,263,32.19
AAPL,Apple,2015-03-26,264,30.69
AAPL,Apple,2015-04-02,265,31.26
AAPL,Apple,2015-04-10,266,31.49
AAPL,Apple,2015-04-17,267,31.39
AAPL,Apple,2015-04-24,268,32.62
AAPL,Apple,2015-05-01,269,31.53
AAPL,Apple,2015-05-08,270,31.67
AAPL,Apple,2015-05-15,271,32.27
AAPL,Apple,2015-05-22,272,32.9
AAPL,Apple,2015-06-01,273,32.57
AAPL,Apple,2015-06-08,274,32.22
AAPL,Apple,2015-06-15,275,31.53
AAPL,Apple,2015-06-22,276,31.87
AAPL,Apple,2015-06-29,277,31.37
AAPL,Apple,2015-07-07,278,31.47
AAPL,Apple,2015-07-14,279,31.51
AAPL,Apple,2015-07-21,280,33.21
AAPL,Apple,2015-07-28,281,30.84
AAPL,Apple,2015-08-04,282,29.36
AAPL,Apple,2015-08-11,283,29.45
AAPL,Apple,2015-08-18,284,29.11
AAPL,Apple,2015-08-25,285,27.78
AAPL,Apple,2015-09-01,286,27.54
AAPL,Apple,2015-09-09,287,28.44
AAPL,Apple,2015-09-16,288,29.06
AAPL,Apple,2015-09-23,289,28.41
AAPL,Apple,2015-09-30,290,27.54
AAPL,Apple,2015-10-07,291,27.93
AAPL,Apple,2015-10-14,292,27.82
AAPL,Apple,2015-10-21,293,28.5
AAPL,Apple,2015-10-28,294,29.23
AAPL,Apple,2015-11-04,295,30.78
AAPL,Apple,2015-11-11,296,29.09
AAPL,Apple,2015-11-18,297,28.94
AAPL,Apple,2015-11-25,298,29.8
AAPL,Apple,2015-12-03,299,29.14
AAPL,Apple,2015-12-10,300,29.01
AAPL,Apple,2015-12-17,301,28
AAPL,Apple,2015-12-24,302,27.25
AAPL,Apple,2016-01-04,303,25.65
AAPL,Apple,2016-01-11,304,24.74
AAPL,Apple,2016-01-19,305,24.6
AAPL,Apple,2016-01-26,306,24.98
AAPL,Apple,2016-02-02,307,23.86
AAPL,Apple,2016-02-09,308,23.57
AAPL,Apple,2016-02-17,309,24.17
AAPL,Apple,2016-02-24,310,23.5
AAPL,Apple,2016-03-02,311,25.13
AAPL,Apple,2016-03-09,312,25.33
AAPL,Apple,2016-03-16,313,26.15
AAPL,Apple,2016-03-23,314,26.62
AAPL,Apple,2016-03-31,315,27.43
AAPL,Apple,2016-04-07,316,27.49
AAPL,Apple,2016-04-14,317,27.91
AAPL,Apple,2016-04-21,318,26.73
AAPL,Apple,2016-04-28,319,24.4
AAPL,Apple,2016-05-05,320,23.5
AAPL,Apple,2016-05-12,321,23.18
AAPL,Apple,2016-05-19,322,23.66
AAPL,Apple,2016-05-26,323,24.92
AAPL,Apple,2016-06-03,324,24.45
AAPL,Apple,2016-06-10,325,24.63
AAPL,Apple,2016-06-17,326,24.16
AAPL,Apple,2016-06-24,327,23.23
AAPL,Apple,2016-07-01,328,23.87
AAPL,Apple,2016-07-11,329,24.19
AAPL,Apple,2016-07-18,330,24.67
AAPL,Apple,2016-07-25,331,24.56
AAPL,Apple,2016-08-01,332,26.1
AAPL,Apple,2016-08-08,333,26.88
AAPL,Apple,2016-08-15,334,27.04
AAPL,Apple,2016-08-22,335,27.22
AAPL,Apple,2016-08-29,336,26.66
AAPL,Apple,2016-09-06,337,26.98
AAPL,Apple,2016-09-13,338,26.88
AAPL,Apple,2016-09-20,339,28.26
AAPL,Apple,2016-09-27,340,28.25
AAPL,Apple,2016-10-04,341,28.26
AAPL,Apple,2016-10-11,342,29.42
AAPL,Apple,2016-10-18,343,29.55
AAPL,Apple,2016-10-25,344,29.49
AAPL,Apple,2016-11-01,345,28.37
AAPL,Apple,2016-11-08,346,27.58
AAPL,Apple,2016-11-15,347,26.64
AAPL,Apple,2016-11-22,348,27.99
AAPL,Apple,2016-11-30,349,27.9
AAPL,Apple,2016-12-07,350,27.32
AAPL,Apple,2016-12-14,351,28.76
AAPL,Apple,2016-12-21,352,29.2
AAPL,Apple,2016-12-29,353,29.11
AAPL,Apple,2017-01-06,354,29.2
AAPL,Apple,2017-01-13,355,29.78
AAPL,Apple,2017-01-23,356,30
AAPL,Apple,2017-01-30,357,30.23
AAPL,Apple,2017-02-06,358,32.28
AAPL,Apple,2017-02-13,359,33.27
AAPL,Apple,2017-02-21,360,34.06
AAPL,Apple,2017-02-28,361,34.27
AAPL,Apple,2017-03-07,362,34.76
AAPL,Apple,2017-03-14,363,34.83
AAPL,Apple,2017-03-21,364,35.53
AAPL,Apple,2017-03-28,365,35.23
AAPL,Apple,2017-04-04,366,35.81
AAPL,Apple,2017-04-11,367,35.74
AAPL,Apple,2017-04-19,368,35.47
AAPL,Apple,2017-04-26,369,36.12
AAPL,Apple,2017-05-03,370,36.4
AAPL,Apple,2017-05-10,371,38.41
AAPL,Apple,2017-05-17,372,38.4
AAPL,Apple,2017-05-24,373,38.46
AAPL,Apple,2017-06-01,374,38.29
AAPL,Apple,2017-06-08,375,38.81
AAPL,Apple,2017-06-15,376,35.83
AAPL,Apple,2017-06-22,377,36.44
AAPL,Apple,2017-06-29,378,36.18
AAPL,Apple,2017-07-07,379,35.72
AAPL,Apple,2017-07-14,380,36.99
AAPL,Apple,2017-07-21,381,37.5
AAPL,Apple,2017-07-28,382,37.47
AAPL,Apple,2017-08-04,383,39.02
AAPL,Apple,2017-08-11,384,39.15
AAPL,Apple,2017-08-18,385,39.47
AAPL,Apple,2017-08-25,386,39.91
AAPL,Apple,2017-09-01,387,41.2
AAPL,Apple,2017-09-11,388,40.13
AAPL,Apple,2017-09-18,389,40.03
AAPL,Apple,2017-09-25,390,37.5
AAPL,Apple,2017-10-02,391,38.56
AAPL,Apple,2017-10-09,392,38.95
AAPL,Apple,2017-10-16,393,39.47
AAPL,Apple,2017-10-23,394,39.22
AAPL,Apple,2017-10-30,395,40.97
AAPL,Apple,2017-11-06,396,43.09
AAPL,Apple,2017-11-13,397,43.38
AAPL,Apple,2017-11-20,398,42.57
AAPL,Apple,2017-11-28,399,43.58
AAPL,Apple,2017-12-05,400,42.26
AAPL,Apple,2017-12-12,401,43.04
AAPL,Apple,2017-12-19,402,43.76
AAPL,Apple,2017-12-27,403,42.53
AAPL,Apple,2018-01-04,404,43.13
AAPL,Apple,2018-01-11,405,43.65
AAPL,Apple,2018-01-19,406,44.65
AAPL,Apple,2018-01-26,407,43
AAPL,Apple,2018-02-02,408,41.5
AAPL,Apple,2018-02-09,409,39.27
AAPL,Apple,2018-02-16,410,43.09
AAPL,Apple,2018-02-26,411,44.09
AAPL,Apple,2018-03-05,412,43.8
AAPL,Apple,2018-03-12,413,45.07
AAPL,Apple,2018-03-19,414,44.33
AAPL,Apple,2018-03-26,415,42.02
AAPL,Apple,2018-04-03,416,41.91
AAPL,Apple,2018-04-10,417,43.25
AAPL,Apple,2018-04-17,418,44.12
AAPL,Apple,2018-04-24,419,41.42
AAPL,Apple,2018-05-01,420,41.6
AAPL,Apple,2018-05-08,421,46.25
AAPL,Apple,2018-05-15,422,46.7
AAPL,Apple,2018-05-22,423,47.1
AAPL,Apple,2018-05-30,424,46.93
AAPL,Apple,2018-06-06,425,48.41
AAPL,Apple,2018-06-13,426,48.11
AAPL,Apple,2018-06-20,427,46.59
AAPL,Apple,2018-06-27,428,46.31
AAPL,Apple,2018-07-05,429,46.31
AAPL,Apple,2018-07-12,430,47.38
AAPL,Apple,2018-07-19,431,47.42
AAPL,Apple,2018-07-26,432,48.65
AAPL,Apple,2018-08-02,433,50.15
AAPL,Apple,2018-08-09,434,52.38
AAPL,Apple,2018-08-16,435,52.94
AAPL,Apple,2018-08-23,436,53.66
AAPL,Apple,2018-08-30,437,55.81
AAPL,Apple,2018-09-07,438,55.46
AAPL,Apple,2018-09-14,439,56.44
AAPL,Apple,2018-09-21,440,55.2
AAPL,Apple,2018-09-28,441,56.2
AAPL,Apple,2018-10-05,442,56.99
AAPL,Apple,2018-10-12,443,55.11
AAPL,Apple,2018-10-19,444,54.51
AAPL,Apple,2018-10-26,445,53.97
AAPL,Apple,2018-11-02,446,52.39
AAPL,Apple,2018-11-09,447,51.39
AAPL,Apple,2018-11-16,448,47.63
AAPL,Apple,2018-11-26,449,43.56
AAPL,Apple,2018-12-03,450,46.12
AAPL,Apple,2018-12-11,451,42.92
AAPL,Apple,2018-12-18,452,41.35
AAPL,Apple,2018-12-26,453,37.08
AAPL,Apple,2019-01-03,454,35.99
AAPL,Apple,2019-01-10,455,38.13
AAPL,Apple,2019-01-17,456,38.55
AAPL,Apple,2019-01-25,457,38.87
AAPL,Apple,2019-02-01,458,41.74
AAPL,Apple,2019-02-08,459,42.25
AAPL,Apple,2019-02-15,460,42.81
AAPL,Apple,2019-02-25,461,43.54
AAPL,Apple,2019-03-04,462,43.92
AAPL,Apple,2019-03-11,463,43.87
AAPL,Apple,2019-03-18,464,46.45
AAPL,Apple,2019-03-25,465,47.88
AAPL,Apple,2019-04-01,466,47.91
AAPL,Apple,2019-04-08,467,49.11
AAPL,Apple,2019-04-15,468,49.65
AAPL,Apple,2019-04-23,469,51.11
AAPL,Apple,2019-04-30,470,50.76
AAPL,Apple,2019-05-07,471,51.47
AAPL,Apple,2019-05-14,472,46.6
AAPL,Apple,2019-05-21,473,46.31
AAPL,Apple,2019-05-29,474,44.11
AAPL,Apple,2019-06-05,475,46.07
AAPL,Apple,2019-06-12,476,48.49
AAPL,Apple,2019-06-19,477,49.92
AAPL,Apple,2019-06-26,478,49.44
AAPL,Apple,2019-07-03,479,50.82
AAPL,Apple,2019-07-11,480,50.83
AAPL,Apple,2019-07-18,481,51
AAPL,Apple,2019-07-25,482,52.22
AAPL,Apple,2019-08-01,483,53.47
AAPL,Apple,2019-08-08,484,50.05
AAPL,Apple,2019-08-15,485,50.87
AAPL,Apple,2019-08-22,486,53.3
AAPL,Apple,2019-08-29,487,52.13
AAPL,Apple,2019-09-06,488,53.51
AAPL,Apple,2019-09-13,489,55
AAPL,Apple,2019-09-20,490,55.35
AAPL,Apple,2019-09-27,491,55.13
AAPL,Apple,2019-10-04,492,56.41
AAPL,Apple,2019-10-11,493,58.24
AAPL,Apple,2019-10-18,494,58.65
AAPL,Apple,2019-10-25,495,60.79
AAPL,Apple,2019-11-01,496,62.38
AAPL,Apple,2019-11-08,497,64.67
AAPL,Apple,2019-11-15,498,65.92
AAPL,Apple,2019-11-22,499,65.65
AAPL,Apple,2019-12-02,500,66.82
AAPL,Apple,2019-12-09,501,67.5
AAPL,Apple,2019-12-16,502,69.25
AAPL,Apple,2019-12-23,503,70.13
AAPL,Apple,2019-12-31,504,72.48
AAPL,Apple,2020-01-08,505,74.29
AAPL,Apple,2020-01-15,506,77.96
AAPL,Apple,2020-01-23,507,79.48
AAPL,Apple,2020-01-30,508,80.14
AAPL,Apple,2020-02-06,509,80.64
AAPL,Apple,2020-02-13,510,81.05
AAPL,Apple,2020-02-21,511,79.65
AAPL,Apple,2020-02-28,512,64.32
AAPL,Apple,2020-03-06,513,70.5
AAPL,Apple,2020-03-13,514,66.22
AAPL,Apple,2020-03-20,515,61.79
AAPL,Apple,2020-03-27,516,63.19
AAPL,Apple,2020-04-03,517,60.7
AAPL,Apple,2020-04-13,518,67.08
AAPL,Apple,2020-04-20,519,69.49
AAPL,Apple,2020-04-27,520,70.45
AAPL,Apple,2020-05-04,521,72.29
AAPL,Apple,2020-05-11,522,77.03
AAPL,Apple,2020-05-18,523,78.29
AAPL,Apple,2020-05-26,524,80.88
AAPL,Apple,2020-06-02,525,80.19
AAPL,Apple,2020-06-09,526,83.04
AAPL,Apple,2020-06-16,527,87.86
AAPL,Apple,2020-06-23,528,91
AAPL,Apple,2020-06-30,529,90.02
AAPL,Apple,2020-07-08,530,94.18
AAPL,Apple,2020-07-15,531,98.99
AAPL,Apple,2020-07-22,532,96.69
AAPL,Apple,2020-07-29,533,93.75
AAPL,Apple,2020-08-05,534,109.38
AAPL,Apple,2020-08-12,535,110.5
AAPL,Apple,2020-08-19,536,115.98
AAPL,Apple,2020-08-26,537,126.18
AAPL,Apple,2020-09-02,538,137.59
AAPL,Apple,2020-09-10,539,120.36
AAPL,Apple,2020-09-17,540,109.72
AAPL,Apple,2020-09-24,541,105.17
AAPL,Apple,2020-10-01,542,117.64
AAPL,Apple,2020-10-08,543,116.25
AAPL,Apple,2020-10-15,544,118.72
AAPL,Apple,2020-10-22,545,117.45
AAPL,Apple,2020-10-29,546,112.37
AAPL,Apple,2020-11-05,547,117.95
AAPL,Apple,2020-11-12,548,119.62
AAPL,Apple,2020-11-19,549,117.59
AAPL,Apple,2020-11-27,550,116.57
AAPL,Apple,2020-12-04,551,122.6
AAPL,Apple,2020-12-11,552,122.43
AAPL,Apple,2020-12-18,553,128.96
AAPL,Apple,2020-12-28,554,133.99
AAPL,Apple,2021-01-05,555,128.89
AAPL,Apple,2021-01-12,556,128.5
AAPL,Apple,2021-01-20,557,128.66
AAPL,Apple,2021-01-27,558,143.43
AAPL,Apple,2021-02-03,559,135.76
AAPL,Apple,2021-02-10,560,136.48
AAPL,Apple,2021-02-18,561,129.2
AAPL,Apple,2021-02-25,562,124.68
AAPL,Apple,2021-03-04,563,121.75
AAPL,Apple,2021-03-11,564,122.54
AAPL,Apple,2021-03-18,565,122.88
AAPL,Apple,2021-03-25,566,119.54
AAPL,Apple,2021-04-01,567,123.66
AAPL,Apple,2021-04-09,568,129.8
AAPL,Apple,2021-04-16,569,134.3
AAPL,Apple,2021-04-23,570,132.16
AAPL,Apple,2021-04-30,571,131.78
AAPL,Apple,2021-05-07,572,130.85
AAPL,Apple,2021-05-14,573,126.25
AAPL,Apple,2021-05-21,574,127.82
AAPL,Apple,2021-05-28,575,125.57
AAPL,Apple,2021-06-07,576,126.17
AAPL,Apple,2021-06-14,577,127.82
AAPL,Apple,2021-06-21,578,130.3
AAPL,Apple,2021-06-28,579,133.41
AAPL,Apple,2021-07-06,580,140.07
AAPL,Apple,2021-07-13,581,144.03
AAPL,Apple,2021-07-20,582,143.46
AAPL,Apple,2021-07-27,583,149.12
AAPL,Apple,2021-08-03,584,145.81
AAPL,Apple,2021-08-10,585,146.44
AAPL,Apple,2021-08-17,586,150.23
AAPL,Apple,2021-08-24,587,149.45
AAPL,Apple,2021-08-31,588,152.66
AAPL,Apple,2021-09-08,589,156.98
AAPL,Apple,2021-09-15,590,148.56
AAPL,Apple,2021-09-22,591,144.45
AAPL,Apple,2021-09-29,592,142.47
AAPL,Apple,2021-10-06,593,139.47
AAPL,Apple,2021-10-13,594,141.24
AAPL,Apple,2021-10-20,595,148.7
AAPL,Apple,2021-10-27,596,149.36
AAPL,Apple,2021-11-03,597,150.39
AAPL,Apple,2021-11-10,598,150.02
AAPL,Apple,2021-11-17,599,151
AAPL,Apple,2021-11-24,600,160.75
AAPL,Apple,2021-12-02,601,158.74
AAPL,Apple,2021-12-09,602,174.91
AAPL,Apple,2021-12-16,603,179.28
AAPL,Apple,2021-12-23,604,175.85
AAPL,Apple,2021-12-31,605,178.09
AAPL,Apple,2022-01-07,606,172.89
AAPL,Apple,2022-01-14,607,171.34
AAPL,Apple,2022-01-24,608,160.02
AAPL,Apple,2022-01-31,609,170.16
AAPL,Apple,2022-02-07,610,172.86
AAPL,Apple,2022-02-14,611,167.37
AAPL,Apple,2022-02-22,612,164.98
AAPL,Apple,2022-03-01,613,164.7
AAPL,Apple,2022-03-08,614,158.82
AAPL,Apple,2022-03-15,615,150.9
AAPL,Apple,2022-03-22,616,165.51
AAPL,Apple,2022-03-29,617,176.69
AAPL,Apple,2022-04-05,618,177.5
AAPL,Apple,2022-04-12,619,168.02
AAPL,Apple,2022-04-20,620,168.76
AAPL,Apple,2022-04-27,621,155.91
AAPL,Apple,2022-05-04,622,159.67
AAPL,Apple,2022-05-11,623,153.5
AAPL,Apple,2022-05-18,624,146.85
AAPL,Apple,2022-05-25,625,138.43
AAPL,Apple,2022-06-02,626,147.83
AAPL,Apple,2022-06-09,627,147.08
AAPL,Apple,2022-06-16,628,132.08
AAPL,Apple,2022-06-24,629,139.9
AAPL,Apple,2022-07-01,630,136.04
AAPL,Apple,2022-07-11,631,145.67
AAPL,Apple,2022-07-18,632,150.74
AAPL,Apple,2022-07-25,633,154.01
AAPL,Apple,2022-08-01,634,161.01
AAPL,Apple,2022-08-08,635,166.37
AAPL,Apple,2022-08-15,636,171.52
AAPL,Apple,2022-08-22,637,169.69
AAPL,Apple,2022-08-29,638,161.15
AAPL,Apple,2022-09-06,639,156.47
AAPL,Apple,2022-09-13,640,159.9
AAPL,Apple,2022-09-20,641,153.4
AAPL,Apple,2022-09-27,642,152.74
AAPL,Apple,2022-10-04,643,145.03
AAPL,Apple,2022-10-11,644,139.9
AAPL,Apple,2022-10-18,645,145.49
AAPL,Apple,2022-10-25,646,150.09
AAPL,Apple,2022-11-01,647,155.08
AAPL,Apple,2022-11-08,648,140.41
AAPL,Apple,2022-11-15,649,152.22
AAPL,Apple,2022-11-22,650,148.13
AAPL,Apple,2022-11-30,651,141.4
AAPL,Apple,2022-12-07,652,142.19
AAPL,Apple,2022-12-14,653,145.35
AAPL,Apple,2022-12-21,654,132.98
AAPL,Apple,2022-12-29,655,127.99
ADBE,Adobe,2010-01-04,1,36.65
ADBE,Adobe,2010-01-11,2,36.68
ADBE,Adobe,2010-01-19,3,35.87
ADBE,Adobe,2010-01-26,4,33.81
ADBE,Adobe,2010-02-02,5,32.54
ADBE,Adobe,2010-02-09,6,32.6
ADBE,Adobe,2010-02-17,7,32.16
ADBE,Adobe,2010-02-24,8,33.63
ADBE,Adobe,2010-03-03,9,34.87
ADBE,Adobe,2010-03-10,10,35.27
ADBE,Adobe,2010-03-17,11,35.61
ADBE,Adobe,2010-03-24,12,37.12
ADBE,Adobe,2010-03-31,13,35.62
ADBE,Adobe,2010-04-08,14,35.03
ADBE,Adobe,2010-04-15,15,35.09
ADBE,Adobe,2010-04-22,16,35.41
ADBE,Adobe,2010-04-29,17,35.27
ADBE,Adobe,2010-05-06,18,32.8
ADBE,Adobe,2010-05-13,19,34.79
ADBE,Adobe,2010-05-20,20,32.2
ADBE,Adobe,2010-05-27,21,31.51
ADBE,Adobe,2010-06-04,22,32.15
ADBE,Adobe,2010-06-11,23,31.21
ADBE,Adobe,2010-06-18,24,33.12
ADBE,Adobe,2010-06-25,25,30.43
ADBE,Adobe,2010-07-02,26,26.69
ADBE,Adobe,2010-07-12,27,27.27
ADBE,Adobe,2010-07-19,28,27.5
ADBE,Adobe,2010-07-26,29,29.15
ADBE,Adobe,2010-08-02,30,29.11
ADBE,Adobe,2010-08-09,31,29.4
ADBE,Adobe,2010-08-16,32,27.82
ADBE,Adobe,2010-08-23,33,28.09
ADBE,Adobe,2010-08-30,34,27.79
ADBE,Adobe,2010-09-07,35,29.48
ADBE,Adobe,2010-09-14,36,32.08
ADBE,Adobe,2010-09-21,37,33.66
ADBE,Adobe,2010-09-28,38,26.91
ADBE,Adobe,2010-10-05,39,25.79
ADBE,Adobe,2010-10-12,40,27.23
ADBE,Adobe,2010-10-19,41,27.68
ADBE,Adobe,2010-10-26,42,28.04
ADBE,Adobe,2010-11-02,43,28.38
ADBE,Adobe,2010-11-09,44,29.4
ADBE,Adobe,2010-11-16,45,29.23
ADBE,Adobe,2010-11-23,46,28.8
ADBE,Adobe,2010-12-01,47,28.15
ADBE,Adobe,2010-12-08,48,29.03
ADBE,Adobe,2010-12-15,49,28.06
ADBE,Adobe,2010-12-22,50,30.85
ADBE,Adobe,2010-12-30,51,30.92
ADBE,Adobe,2011-01-06,52,32.13
ADBE,Adobe,2011-01-13,53,33.58
ADBE,Adobe,2011-01-21,54,33.79
ADBE,Adobe,2011-01-28,55,33.93
ADBE,Adobe,2011-02-04,56,33.57
ADBE,Adobe,2011-02-11,57,33.42
ADBE,Adobe,2011-02-18,58,35.1
ADBE,Adobe,2011-02-28,59,34.68
ADBE,Adobe,2011-03-07,60,35.45
ADBE,Adobe,2011-03-14,61,34.22
ADBE,Adobe,2011-03-21,62,32.31
ADBE,Adobe,2011-03-28,63,32.81
ADBE,Adobe,2011-04-04,64,34.26
ADBE,Adobe,2011-04-11,65,34.2
ADBE,Adobe,2011-04-18,66,34.07
ADBE,Adobe,2011-04-26,67,33.28
ADBE,Adobe,2011-05-03,68,33.46
ADBE,Adobe,2011-05-10,69,34.1
ADBE,Adobe,2011-05-17,70,34.39
ADBE,Adobe,2011-05-24,71,34.56
ADBE,Adobe,2011-06-01,72,34.53
ADBE,Adobe,2011-06-08,73,32.87
ADBE,Adobe,2011-06-15,74,31.74
ADBE,Adobe,2011-06-22,75,30.3
ADBE,Adobe,2011-06-29,76,30.95
ADBE,Adobe,2011-07-07,77,31.85
ADBE,Adobe,2011-07-14,78,30.12
ADBE,Adobe,2011-07-21,79,29.22
ADBE,Adobe,2011-07-28,80,28.43
ADBE,Adobe,2011-08-04,81,26.91
ADBE,Adobe,2011-08-11,82,22.98
ADBE,Adobe,2011-08-18,83,23.8
ADBE,Adobe,2011-08-25,84,24.29
ADBE,Adobe,2011-09-01,85,25.35
ADBE,Adobe,2011-09-09,86,24.73
ADBE,Adobe,2011-09-16,87,25.81
ADBE,Adobe,2011-09-23,88,24.16
ADBE,Adobe,2011-09-30,89,24.6
ADBE,Adobe,2011-10-07,90,25.42
ADBE,Adobe,2011-10-14,91,27.13
ADBE,Adobe,2011-10-21,92,26.39
ADBE,Adobe,2011-10-28,93,28.15
ADBE,Adobe,2011-11-04,94,29.97
ADBE,Adobe,2011-11-11,95,28.17
ADBE,Adobe,2011-11-18,96,27.72
ADBE,Adobe,2011-11-28,97,26.49
ADBE,Adobe,2011-12-05,98,27.43
ADBE,Adobe,2011-12-12,99,27.73
ADBE,Adobe,2011-12-19,100,28.06
ADBE,Adobe,2011-12-27,101,28.25
ADBE,Adobe,2012-01-04,102,28.5
ADBE,Adobe,2012-01-11,103,29.16
ADBE,Adobe,2012-01-19,104,29.91
ADBE,Adobe,2012-01-26,105,31.15
ADBE,Adobe,2012-02-02,106,31.24
ADBE,Adobe,2012-02-09,107,32.09
ADBE,Adobe,2012-02-16,108,32.45
ADBE,Adobe,2012-02-24,109,32.91
ADBE,Adobe,2012-03-02,110,33
ADBE,Adobe,2012-03-09,111,33.19
ADBE,Adobe,2012-03-16,112,34.06
ADBE,Adobe,2012-03-23,113,33.71
ADBE,Adobe,2012-03-30,114,34.69
ADBE,Adobe,2012-04-09,115,33.02
ADBE,Adobe,2012-04-16,116,33.22
ADBE,Adobe,2012-04-23,117,32.84
ADBE,Adobe,2012-04-30,118,33.46
ADBE,Adobe,2012-05-07,119,32.48
ADBE,Adobe,2012-05-14,120,31.81
ADBE,Adobe,2012-05-21,121,31.45
ADBE,Adobe,2012-05-29,122,31.88
ADBE,Adobe,2012-06-05,123,30.19
ADBE,Adobe,2012-06-12,124,31.34
ADBE,Adobe,2012-06-19,125,32.84
ADBE,Adobe,2012-06-26,126,30.9
ADBE,Adobe,2012-07-03,127,32.01
ADBE,Adobe,2012-07-11,128,30.51
ADBE,Adobe,2012-07-18,129,30.65
ADBE,Adobe,2012-07-25,130,30.06
ADBE,Adobe,2012-08-01,131,31.05
ADBE,Adobe,2012-08-08,132,32.19
ADBE,Adobe,2012-08-15,133,32.24
ADBE,Adobe,2012-08-22,134,33.74
ADBE,Adobe,2012-08-29,135,32.14
ADBE,Adobe,2012-09-06,136,32.26
ADBE,Adobe,2012-09-13,137,32.49
ADBE,Adobe,2012-09-20,138,33.25
ADBE,Adobe,2012-09-27,139,32.67
ADBE,Adobe,2012-10-04,140,32.54
ADBE,Adobe,2012-10-11,141,31.85
ADBE,Adobe,2012-10-18,142,33.45
ADBE,Adobe,2012-10-25,143,33.53
ADBE,Adobe,2012-11-05,144,34.18
ADBE,Adobe,2012-11-12,145,32.95
ADBE,Adobe,2012-11-19,146,32.93
ADBE,Adobe,2012-11-27,147,33.19
ADBE,Adobe,2012-12-04,148,34.79
ADBE,Adobe,2012-12-11,149,35.8
ADBE,Adobe,2012-12-18,150,37.42
ADBE,Adobe,2012-12-26,151,37.48
ADBE,Adobe,2013-01-03,152,38.14
ADBE,Adobe,2013-01-10,153,38.75
ADBE,Adobe,2013-01-17,154,37.76
ADBE,Adobe,2013-01-25,155,38.05
ADBE,Adobe,2013-02-01,156,38.2
ADBE,Adobe,2013-02-08,157,38.31
ADBE,Adobe,2013-02-15,158,38.51
ADBE,Adobe,2013-02-25,159,38.66
ADBE,Adobe,2013-03-04,160,39.74
ADBE,Adobe,2013-03-11,161,41.12
ADBE,Adobe,2013-03-18,162,41.08
ADBE,Adobe,2013-03-25,163,42.9
ADBE,Adobe,2013-04-02,164,43.5
ADBE,Adobe,2013-04-09,165,43.71
ADBE,Adobe,2013-04-16,166,44.77
ADBE,Adobe,2013-04-23,167,44.84
ADBE,Adobe,2013-04-30,168,44.76
ADBE,Adobe,2013-05-07,169,46.46
ADBE,Adobe,2013-05-14,170,43.7
ADBE,Adobe,2013-05-21,171,44.21
ADBE,Adobe,2013-05-29,172,42.75
ADBE,Adobe,2013-06-05,173,44.39
ADBE,Adobe,2013-06-12,174,43.31
ADBE,Adobe,2013-06-19,175,46.43
ADBE,Adobe,2013-06-26,176,44.95
ADBE,Adobe,2013-07-03,177,45.71
ADBE,Adobe,2013-07-11,178,47.62
ADBE,Adobe,2013-07-18,179,48.04
ADBE,Adobe,2013-07-25,180,47.8
ADBE,Adobe,2013-08-01,181,47.62
ADBE,Adobe,2013-08-08,182,47.32
ADBE,Adobe,2013-08-15,183,46.37
ADBE,Adobe,2013-08-22,184,45.1
ADBE,Adobe,2013-08-29,185,45.5
ADBE,Adobe,2013-09-06,186,46.89
ADBE,Adobe,2013-09-13,187,47.66
ADBE,Adobe,2013-09-20,188,51.87
ADBE,Adobe,2013-09-27,189,51.71
ADBE,Adobe,2013-10-04,190,50.09
ADBE,Adobe,2013-10-11,191,50.82
ADBE,Adobe,2013-10-18,192,52.15
ADBE,Adobe,2013-10-25,193,54.07
ADBE,Adobe,2013-11-01,194,54.61
ADBE,Adobe,2013-11-08,195,53.42
ADBE,Adobe,2013-11-15,196,57.54
ADBE,Adobe,2013-11-22,197,56.26
ADBE,Adobe,2013-12-02,198,56.74
ADBE,Adobe,2013-12-09,199,55.94
ADBE,Adobe,2013-12-16,200,60.63
ADBE,Adobe,2013-12-23,201,59.74
ADBE,Adobe,2013-12-31,202,59.6
ADBE,Adobe,2014-01-08,203,59.12
ADBE,Adobe,2014-01-15,204,60.44
ADBE,Adobe,2014-01-23,205,61.18
ADBE,Adobe,2014-01-30,206,59.12
ADBE,Adobe,2014-02-06,207,60.7
ADBE,Adobe,2014-02-13,208,64.84
ADBE,Adobe,2014-02-21,209,67.82
ADBE,Adobe,2014-02-28,210,70.25
ADBE,Adobe,2014-03-07,211,69.21
ADBE,Adobe,2014-03-14,212,67.7
ADBE,Adobe,2014-03-21,213,69.06
ADBE,Adobe,2014-03-28,214,64.71
ADBE,Adobe,2014-04-04,215,62.92
ADBE,Adobe,2014-04-11,216,60.89
ADBE,Adobe,2014-04-21,217,64
ADBE,Adobe,2014-04-28,218,61.84
ADBE,Adobe,2014-05-05,219,61.2
ADBE,Adobe,2014-05-12,220,59.77
ADBE,Adobe,2014-05-19,221,61.27
ADBE,Adobe,2014-05-27,222,64.64
ADBE,Adobe,2014-06-03,223,64.19
ADBE,Adobe,2014-06-10,224,66.69
ADBE,Adobe,2014-06-17,225,67.36
ADBE,Adobe,2014-06-24,226,72.95
ADBE,Adobe,2014-07-01,227,72.09
ADBE,Adobe,2014-07-09,228,71.11
ADBE,Adobe,2014-07-16,229,72.55
ADBE,Adobe,2014-07-23,230,72.34
ADBE,Adobe,2014-07-30,231,72.5
ADBE,Adobe,2014-08-06,232,68.73
ADBE,Adobe,2014-08-13,233,69.12
ADBE,Adobe,2014-08-20,234,71.78
ADBE,Adobe,2014-08-27,235,71.53
ADBE,Adobe,2014-09-04,236,72.63
ADBE,Adobe,2014-09-11,237,72.03
ADBE,Adobe,2014-09-18,238,67.28
ADBE,Adobe,2014-09-25,239,68.85
ADBE,Adobe,2014-10-02,240,67.83
ADBE,Adobe,2014-10-09,241,67.83
ADBE,Adobe,2014-10-16,242,60.72
ADBE,Adobe,2014-10-23,243,65.62
ADBE,Adobe,2014-10-30,244,67.23
ADBE,Adobe,2014-11-06,245,71.59
ADBE,Adobe,2014-11-13,246,71.65
ADBE,Adobe,2014-11-20,247,70.33
ADBE,Adobe,2014-11-28,248,73.13
ADBE,Adobe,2014-12-05,249,73.16
ADBE,Adobe,2014-12-12,250,74.17
ADBE,Adobe,2014-12-19,251,75
ADBE,Adobe,2014-12-29,252,74.56
ADBE,Adobe,2015-01-06,253,71.95
ADBE,Adobe,2015-01-13,254,71.95
ADBE,Adobe,2015-01-21,255,71.16
ADBE,Adobe,2015-01-28,256,71.54
ADBE,Adobe,2015-02-04,257,71.79
ADBE,Adobe,2015-02-11,258,72.78
ADBE,Adobe,2015-02-19,259,77.42
ADBE,Adobe,2015-02-26,260,78.32
ADBE,Adobe,2015-03-05,261,77.6
ADBE,Adobe,2015-03-12,262,76.14
ADBE,Adobe,2015-03-19,263,76.48
ADBE,Adobe,2015-03-26,264,72.43
ADBE,Adobe,2015-04-02,265,75.17
ADBE,Adobe,2015-04-10,266,76.3
ADBE,Adobe,2015-04-17,267,74.38
ADBE,Adobe,2015-04-24,268,76.41
ADBE,Adobe,2015-05-01,269,76.29
ADBE,Adobe,2015-05-08,270,75.28
ADBE,Adobe,2015-05-15,271,80
ADBE,Adobe,2015-05-22,272,80.34
ADBE,Adobe,2015-06-01,273,79.5
ADBE,Adobe,2015-06-08,274,78.9
ADBE,Adobe,2015-06-15,275,79.17
ADBE,Adobe,2015-06-22,276,80
ADBE,Adobe,2015-06-29,277,81.22
ADBE,Adobe,2015-07-07,278,80.77
ADBE,Adobe,2015-07-14,279,81.67
ADBE,Adobe,2015-07-21,280,81.8
ADBE,Adobe,2015-07-28,281,80.07
ADBE,Adobe,2015-08-04,282,81.43
ADBE,Adobe,2015-08-11,283,84.06
ADBE,Adobe,2015-08-18,284,86.98
ADBE,Adobe,2015-08-25,285,77.02
ADBE,Adobe,2015-09-01,286,77.07
ADBE,Adobe,2015-09-09,287,80.79
ADBE,Adobe,2015-09-16,288,79.51
ADBE,Adobe,2015-09-23,289,84.92
ADBE,Adobe,2015-09-30,290,80.88
ADBE,Adobe,2015-10-07,291,82.2
ADBE,Adobe,2015-10-14,292,84
ADBE,Adobe,2015-10-21,293,87.22
ADBE,Adobe,2015-10-28,294,88.44
ADBE,Adobe,2015-11-04,295,90.34
ADBE,Adobe,2015-11-11,296,90.68
ADBE,Adobe,2015-11-18,297,90.31
ADBE,Adobe,2015-11-25,298,92.3
ADBE,Adobe,2015-12-03,299,91.97
ADBE,Adobe,2015-12-10,300,90.41
ADBE,Adobe,2015-12-17,301,95.7
ADBE,Adobe,2015-12-24,302,94.45
ADBE,Adobe,2016-01-04,303,91.77
ADBE,Adobe,2016-01-11,304,88.07
ADBE,Adobe,2016-01-19,305,90.29
ADBE,Adobe,2016-01-26,306,87.26
ADBE,Adobe,2016-02-02,307,88.71
ADBE,Adobe,2016-02-09,308,74.76
ADBE,Adobe,2016-02-17,309,79.4
ADBE,Adobe,2016-02-24,310,82.22
ADBE,Adobe,2016-03-02,311,88.12
ADBE,Adobe,2016-03-09,312,84.88
ADBE,Adobe,2016-03-16,313,86.7
ADBE,Adobe,2016-03-23,314,92.62
ADBE,Adobe,2016-03-31,315,93.76
ADBE,Adobe,2016-04-07,316,94.72
ADBE,Adobe,2016-04-14,317,94.34
ADBE,Adobe,2016-04-21,318,96.21
ADBE,Adobe,2016-04-28,319,94.8
ADBE,Adobe,2016-05-05,320,93.1
ADBE,Adobe,2016-05-12,321,96.31
ADBE,Adobe,2016-05-19,322,96.41
ADBE,Adobe,2016-05-26,323,99.81
ADBE,Adobe,2016-06-03,324,99.52
ADBE,Adobe,2016-06-10,325,96.89
ADBE,Adobe,2016-06-17,326,97.25
ADBE,Adobe,2016-06-24,327,92.39
ADBE,Adobe,2016-07-01,328,95.04
ADBE,Adobe,2016-07-11,329,96.98
ADBE,Adobe,2016-07-18,330,97.74
ADBE,Adobe,2016-07-25,331,97.75
ADBE,Adobe,2016-08-01,332,97.75
ADBE,Adobe,2016-08-08,333,98.86
ADBE,Adobe,2016-08-15,334,101.38
ADBE,Adobe,2016-08-22,335,100.32
ADBE,Adobe,2016-08-29,336,101.85
ADBE,Adobe,2016-09-06,337,103.33
ADBE,Adobe,2016-09-13,338,99.92
ADBE,Adobe,2016-09-20,339,100.16
ADBE,Adobe,2016-09-27,340,106.99
ADBE,Adobe,2016-10-04,341,108.52
ADBE,Adobe,2016-10-11,342,109
ADBE,Adobe,2016-10-18,343,108.44
ADBE,Adobe,2016-10-25,344,110.76
ADBE,Adobe,2016-11-01,345,107.79
ADBE,Adobe,2016-11-08,346,108.68
ADBE,Adobe,2016-11-15,347,103.14
ADBE,Adobe,2016-11-22,348,105.85
ADBE,Adobe,2016-11-30,349,104.99
ADBE,Adobe,2016-12-07,350,100.89
ADBE,Adobe,2016-12-14,351,106.3
ADBE,Adobe,2016-12-21,352,105.74
ADBE,Adobe,2016-12-29,353,103.63
ADBE,Adobe,2017-01-06,354,105.98
ADBE,Adobe,2017-01-13,355,108.84
ADBE,Adobe,2017-01-23,356,110.71
ADBE,Adobe,2017-01-30,357,113.22
ADBE,Adobe,2017-02-06,358,114.68
ADBE,Adobe,2017-02-13,359,117.03
ADBE,Adobe,2017-02-21,360,119.73
ADBE,Adobe,2017-02-28,361,118.83
ADBE,Adobe,2017-03-07,362,120.06
ADBE,Adobe,2017-03-14,363,121.65
ADBE,Adobe,2017-03-21,364,126.64
ADBE,Adobe,2017-03-28,365,127.81
ADBE,Adobe,2017-04-04,366,129.47
ADBE,Adobe,2017-04-11,367,129.91
ADBE,Adobe,2017-04-19,368,129.9
ADBE,Adobe,2017-04-26,369,133.5
ADBE,Adobe,2017-05-03,370,134.99
ADBE,Adobe,2017-05-10,371,135.86
ADBE,Adobe,2017-05-17,372,137.2
ADBE,Adobe,2017-05-24,373,140.18
ADBE,Adobe,2017-06-01,374,141.64
ADBE,Adobe,2017-06-08,375,143.96
ADBE,Adobe,2017-06-15,376,136.63
ADBE,Adobe,2017-06-22,377,145.15
ADBE,Adobe,2017-06-29,378,143.06
ADBE,Adobe,2017-07-07,379,141.07
ADBE,Adobe,2017-07-14,380,145.59
ADBE,Adobe,2017-07-21,381,149.16
ADBE,Adobe,2017-07-28,382,145.77
ADBE,Adobe,2017-08-04,383,148.25
ADBE,Adobe,2017-08-11,384,145.25
ADBE,Adobe,2017-08-18,385,147.74
ADBE,Adobe,2017-08-25,386,152
ADBE,Adobe,2017-09-01,387,155.76
ADBE,Adobe,2017-09-11,388,156.59
ADBE,Adobe,2017-09-18,389,155.01
ADBE,Adobe,2017-09-25,390,148.39
ADBE,Adobe,2017-10-02,391,149.79
ADBE,Adobe,2017-10-09,392,150.76
ADBE,Adobe,2017-10-16,393,151.15
ADBE,Adobe,2017-10-23,394,175.68
ADBE,Adobe,2017-10-30,395,177
ADBE,Adobe,2017-11-06,396,182.01
ADBE,Adobe,2017-11-13,397,180.5
ADBE,Adobe,2017-11-20,398,182.8
ADBE,Adobe,2017-11-28,399,185.62
ADBE,Adobe,2017-12-05,400,167.69
ADBE,Adobe,2017-12-12,401,172.69
ADBE,Adobe,2017-12-19,402,176.01
ADBE,Adobe,2017-12-27,403,174.65
ADBE,Adobe,2018-01-04,404,181.93
ADBE,Adobe,2018-01-11,405,187.29
ADBE,Adobe,2018-01-19,406,196.24
ADBE,Adobe,2018-01-26,407,198.5
ADBE,Adobe,2018-02-02,408,197.33
ADBE,Adobe,2018-02-09,409,187.33
ADBE,Adobe,2018-02-16,410,202.52
ADBE,Adobe,2018-02-26,411,211.29
ADBE,Adobe,2018-03-05,412,208.75
ADBE,Adobe,2018-03-12,413,222.97
ADBE,Adobe,2018-03-19,414,224.48
ADBE,Adobe,2018-03-26,415,218.83
ADBE,Adobe,2018-04-03,416,214.78
ADBE,Adobe,2018-04-10,417,222.61
ADBE,Adobe,2018-04-17,418,228.56
ADBE,Adobe,2018-04-24,419,227
ADBE,Adobe,2018-05-01,420,220.77
ADBE,Adobe,2018-05-08,421,229.74
ADBE,Adobe,2018-05-15,422,235.64
ADBE,Adobe,2018-05-22,423,241.15
ADBE,Adobe,2018-05-30,424,244.4
ADBE,Adobe,2018-06-06,425,253.75
ADBE,Adobe,2018-06-13,426,253.7
ADBE,Adobe,2018-06-20,427,253.5
ADBE,Adobe,2018-06-27,428,243.46
ADBE,Adobe,2018-07-05,429,243.04
ADBE,Adobe,2018-07-12,430,249.94
ADBE,Adobe,2018-07-19,431,258
ADBE,Adobe,2018-07-26,432,261.92
ADBE,Adobe,2018-08-02,433,245.7
ADBE,Adobe,2018-08-09,434,254.55
ADBE,Adobe,2018-08-16,435,252.79
ADBE,Adobe,2018-08-23,436,254.62
ADBE,Adobe,2018-08-30,437,266.72
ADBE,Adobe,2018-09-07,438,258
ADBE,Adobe,2018-09-14,439,269
ADBE,Adobe,2018-09-21,440,266.15
ADBE,Adobe,2018-09-28,441,269.75
ADBE,Adobe,2018-10-05,442,263.96
ADBE,Adobe,2018-10-12,443,247.74
ADBE,Adobe,2018-10-19,444,252.73
ADBE,Adobe,2018-10-26,445,243.85
ADBE,Adobe,2018-11-02,446,246.57
ADBE,Adobe,2018-11-09,447,247.56
ADBE,Adobe,2018-11-16,448,239.52
ADBE,Adobe,2018-11-26,449,229.19
ADBE,Adobe,2018-12-03,450,260.71
ADBE,Adobe,2018-12-11,451,251.43
ADBE,Adobe,2018-12-18,452,222.53
ADBE,Adobe,2018-12-26,453,206.53
ADBE,Adobe,2019-01-03,454,220.88
ADBE,Adobe,2019-01-10,455,233.77
ADBE,Adobe,2019-01-17,456,240.13
ADBE,Adobe,2019-01-25,457,244.99
ADBE,Adobe,2019-02-01,458,247.82
ADBE,Adobe,2019-02-08,459,251.39
ADBE,Adobe,2019-02-15,460,260.34
ADBE,Adobe,2019-02-25,461,261.5
ADBE,Adobe,2019-03-04,462,266.7
ADBE,Adobe,2019-03-11,463,255.98
ADBE,Adobe,2019-03-18,464,257.11
ADBE,Adobe,2019-03-25,465,259.21
ADBE,Adobe,2019-04-01,466,269.85
ADBE,Adobe,2019-04-08,467,266.96
ADBE,Adobe,2019-04-15,468,271.86
ADBE,Adobe,2019-04-23,469,272.54
ADBE,Adobe,2019-04-30,470,286.1
ADBE,Adobe,2019-05-07,471,278.82
ADBE,Adobe,2019-05-14,472,269.43
ADBE,Adobe,2019-05-21,473,278.21
ADBE,Adobe,2019-05-29,474,275.29
ADBE,Adobe,2019-06-05,475,272.78
ADBE,Adobe,2019-06-12,476,276.13
ADBE,Adobe,2019-06-19,477,287
ADBE,Adobe,2019-06-26,478,291.26
ADBE,Adobe,2019-07-03,479,302
ADBE,Adobe,2019-07-11,480,307.39
ADBE,Adobe,2019-07-18,481,307.21
ADBE,Adobe,2019-07-25,482,308.66
ADBE,Adobe,2019-08-01,483,299.15
ADBE,Adobe,2019-08-08,484,292.75
ADBE,Adobe,2019-08-15,485,285.64
ADBE,Adobe,2019-08-22,486,292.57
ADBE,Adobe,2019-08-29,487,285.71
ADBE,Adobe,2019-09-06,488,288.2
ADBE,Adobe,2019-09-13,489,278.22
ADBE,Adobe,2019-09-20,490,281.6
ADBE,Adobe,2019-09-27,491,284.63
ADBE,Adobe,2019-10-04,492,273.11
ADBE,Adobe,2019-10-11,493,278.37
ADBE,Adobe,2019-10-18,494,269.36
ADBE,Adobe,2019-10-25,495,267.8
ADBE,Adobe,2019-11-01,496,279.14
ADBE,Adobe,2019-11-08,497,290.02
ADBE,Adobe,2019-11-15,498,296.54
ADBE,Adobe,2019-11-22,499,299.59
ADBE,Adobe,2019-12-02,500,309.22
ADBE,Adobe,2019-12-09,501,308.91
ADBE,Adobe,2019-12-16,502,319.27
ADBE,Adobe,2019-12-23,503,328.83
ADBE,Adobe,2019-12-31,504,326.25
ADBE,Adobe,2020-01-08,505,333.81
ADBE,Adobe,2020-01-15,506,346.42
ADBE,Adobe,2020-01-23,507,351.02
ADBE,Adobe,2020-01-30,508,349.69
ADBE,Adobe,2020-02-06,509,366.16
ADBE,Adobe,2020-02-13,510,372.56
ADBE,Adobe,2020-02-21,511,378.02
ADBE,Adobe,2020-02-28,512,324.42
ADBE,Adobe,2020-03-06,513,340.45
ADBE,Adobe,2020-03-13,514,312.88
ADBE,Adobe,2020-03-20,515,312.92
ADBE,Adobe,2020-03-27,516,311.7
ADBE,Adobe,2020-04-03,517,302.06
ADBE,Adobe,2020-04-13,518,315.94
ADBE,Adobe,2020-04-20,519,340.79
ADBE,Adobe,2020-04-27,520,348.8
ADBE,Adobe,2020-05-04,521,340.74
ADBE,Adobe,2020-05-11,522,365.84
ADBE,Adobe,2020-05-18,523,371.59
ADBE,Adobe,2020-05-26,524,391
ADBE,Adobe,2020-06-02,525,389.92
ADBE,Adobe,2020-06-09,526,397.03
ADBE,Adobe,2020-06-16,527,407.83
ADBE,Adobe,2020-06-23,528,440.07
ADBE,Adobe,2020-06-30,529,426.68
ADBE,Adobe,2020-07-08,530,453.76
ADBE,Adobe,2020-07-15,531,434.91
ADBE,Adobe,2020-07-22,532,447.55
ADBE,Adobe,2020-07-29,533,435.16
ADBE,Adobe,2020-08-05,534,449.09
ADBE,Adobe,2020-08-12,535,437.37
ADBE,Adobe,2020-08-19,536,464.29
ADBE,Adobe,2020-08-26,537,496.95
ADBE,Adobe,2020-09-02,538,536.25
ADBE,Adobe,2020-09-10,539,491.15
ADBE,Adobe,2020-09-17,540,464.44
ADBE,Adobe,2020-09-24,541,466.93
ADBE,Adobe,2020-10-01,542,497.43
ADBE,Adobe,2020-10-08,543,499.05
ADBE,Adobe,2020-10-15,544,499.26
ADBE,Adobe,2020-10-22,545,496.72
ADBE,Adobe,2020-10-29,546,459.32
ADBE,Adobe,2020-11-05,547,499.27
ADBE,Adobe,2020-11-12,548,473.49
ADBE,Adobe,2020-11-19,549,460
ADBE,Adobe,2020-11-27,550,476.9
ADBE,Adobe,2020-12-04,551,485.67
ADBE,Adobe,2020-12-11,552,475.98
ADBE,Adobe,2020-12-18,553,497.61
ADBE,Adobe,2020-12-28,554,505.61
ADBE,Adobe,2021-01-05,555,485.88
ADBE,Adobe,2021-01-12,556,474.41
ADBE,Adobe,2021-01-20,557,462.73
ADBE,Adobe,2021-01-27,558,470.99
ADBE,Adobe,2021-02-03,559,487.09
ADBE,Adobe,2021-02-10,560,499.17
ADBE,Adobe,2021-02-18,561,486.32
ADBE,Adobe,2021-02-25,562,471.24
ADBE,Adobe,2021-03-04,563,446.45
ADBE,Adobe,2021-03-11,564,448.14
ADBE,Adobe,2021-03-18,565,443.16
ADBE,Adobe,2021-03-25,566,448.33
ADBE,Adobe,2021-04-01,567,483.12
ADBE,Adobe,2021-04-09,568,498.37
ADBE,Adobe,2021-04-16,569,524.21
ADBE,Adobe,2021-04-23,570,508.79
ADBE,Adobe,2021-04-30,571,514.13
ADBE,Adobe,2021-05-07,572,496
ADBE,Adobe,2021-05-14,573,481.63
ADBE,Adobe,2021-05-21,574,494.19
ADBE,Adobe,2021-05-28,575,506.08
ADBE,Adobe,2021-06-07,576,504.99
ADBE,Adobe,2021-06-14,577,545.04
ADBE,Adobe,2021-06-21,578,565.99
ADBE,Adobe,2021-06-28,579,582.71
ADBE,Adobe,2021-07-06,580,595.87
ADBE,Adobe,2021-07-13,581,600.56
ADBE,Adobe,2021-07-20,582,605.39
ADBE,Adobe,2021-07-27,583,621
ADBE,Adobe,2021-08-03,584,620.23
ADBE,Adobe,2021-08-10,585,630.48
ADBE,Adobe,2021-08-17,586,636.55
ADBE,Adobe,2021-08-24,587,659.14
ADBE,Adobe,2021-08-31,588,667.9
ADBE,Adobe,2021-09-08,589,660.15
ADBE,Adobe,2021-09-15,590,652.32
ADBE,Adobe,2021-09-22,591,624.79
ADBE,Adobe,2021-09-29,592,585.45
ADBE,Adobe,2021-10-06,593,561.24
ADBE,Adobe,2021-10-13,594,585.26
ADBE,Adobe,2021-10-20,595,639.28
ADBE,Adobe,2021-10-27,596,644.48
ADBE,Adobe,2021-11-03,597,645.52
ADBE,Adobe,2021-11-10,598,663.2
ADBE,Adobe,2021-11-17,599,671.76
ADBE,Adobe,2021-11-24,600,655.83
ADBE,Adobe,2021-12-02,601,655.95
ADBE,Adobe,2021-12-09,602,650.92
ADBE,Adobe,2021-12-16,603,578.4
ADBE,Adobe,2021-12-23,604,568.96
ADBE,Adobe,2021-12-31,605,570
ADBE,Adobe,2022-01-07,606,513.66
ADBE,Adobe,2022-01-14,607,514.49
ADBE,Adobe,2022-01-24,608,491.07
ADBE,Adobe,2022-01-31,609,518.98
ADBE,Adobe,2022-02-07,610,516
ADBE,Adobe,2022-02-14,611,473.2
ADBE,Adobe,2022-02-22,612,440.35
ADBE,Adobe,2022-03-01,613,468
ADBE,Adobe,2022-03-08,614,432.51
ADBE,Adobe,2022-03-15,615,415.97
ADBE,Adobe,2022-03-22,616,453.5
ADBE,Adobe,2022-03-29,617,459.16
ADBE,Adobe,2022-04-05,618,469.32
ADBE,Adobe,2022-04-12,619,442.69
ADBE,Adobe,2022-04-20,620,440.59
ADBE,Adobe,2022-04-27,621,401.44
ADBE,Adobe,2022-05-04,622,407.29
ADBE,Adobe,2022-05-11,623,389.99
ADBE,Adobe,2022-05-18,624,404.38
ADBE,Adobe,2022-05-25,625,395.32
ADBE,Adobe,2022-06-02,626,418.11
ADBE,Adobe,2022-06-09,627,424.17
ADBE,Adobe,2022-06-16,628,369.37
ADBE,Adobe,2022-06-24,629,380.64
ADBE,Adobe,2022-07-01,630,364.18
ADBE,Adobe,2022-07-11,631,386.57
ADBE,Adobe,2022-07-18,632,383.83
ADBE,Adobe,2022-07-25,633,400.11
ADBE,Adobe,2022-08-01,634,406.51
ADBE,Adobe,2022-08-08,635,435
ADBE,Adobe,2022-08-15,636,445.07
ADBE,Adobe,2022-08-22,637,419.41
ADBE,Adobe,2022-08-29,638,380.09
ADBE,Adobe,2022-09-06,639,367.23
ADBE,Adobe,2022-09-13,640,382.55
ADBE,Adobe,2022-09-20,641,292.82
ADBE,Adobe,2022-09-27,642,281.7
ADBE,Adobe,2022-10-04,643,290.95
ADBE,Adobe,2022-10-11,644,285.69
ADBE,Adobe,2022-10-18,645,302.68
ADBE,Adobe,2022-10-25,646,319.12
ADBE,Adobe,2022-11-01,647,321.01
ADBE,Adobe,2022-11-08,648,301.15
ADBE,Adobe,2022-11-15,649,348.41
ADBE,Adobe,2022-11-22,650,322.49
ADBE,Adobe,2022-11-30,651,327.12
ADBE,Adobe,2022-12-07,652,327.53
ADBE,Adobe,2022-12-14,653,343.89
ADBE,Adobe,2022-12-21,654,340.29
ADBE,Adobe,2022-12-29,655,330.75
AMZN,Amazon.com,2010-01-04,1,6.81
AMZN,Amazon.com,2010-01-11,2,6.63
AMZN,Amazon.com,2010-01-19,3,6.32
AMZN,Amazon.com,2010-01-26,4,6.03
AMZN,Amazon.com,2010-02-02,5,5.94
AMZN,Amazon.com,2010-02-09,6,5.91
AMZN,Amazon.com,2010-02-17,7,5.85
AMZN,Amazon.com,2010-02-24,8,5.9
AMZN,Amazon.com,2010-03-03,9,6.27
AMZN,Amazon.com,2010-03-10,10,6.46
AMZN,Amazon.com,2010-03-17,11,6.62
AMZN,Amazon.com,2010-03-24,12,6.43
AMZN,Amazon.com,2010-03-31,13,6.8
AMZN,Amazon.com,2010-04-08,14,6.74
AMZN,Amazon.com,2010-04-15,15,7.23
AMZN,Amazon.com,2010-04-22,16,7.35
AMZN,Amazon.com,2010-04-29,17,7
AMZN,Amazon.com,2010-05-06,18,6.5
AMZN,Amazon.com,2010-05-13,19,6.7
AMZN,Amazon.com,2010-05-20,20,6.13
AMZN,Amazon.com,2010-05-27,21,6.25
AMZN,Amazon.com,2010-06-04,22,6.32
AMZN,Amazon.com,2010-06-11,23,6.07
AMZN,Amazon.com,2010-06-18,24,6.32
AMZN,Amazon.com,2010-06-25,25,5.91
AMZN,Amazon.com,2010-07-02,26,5.55
AMZN,Amazon.com,2010-07-12,27,5.89
AMZN,Amazon.com,2010-07-19,28,5.92
AMZN,Amazon.com,2010-07-26,29,5.91
AMZN,Amazon.com,2010-08-02,30,5.96
AMZN,Amazon.com,2010-08-09,31,6.42
AMZN,Amazon.com,2010-08-16,32,6.18
AMZN,Amazon.com,2010-08-23,33,6.39
AMZN,Amazon.com,2010-08-30,34,6.3
AMZN,Amazon.com,2010-09-07,35,6.88
AMZN,Amazon.com,2010-09-14,36,7.23
AMZN,Amazon.com,2010-09-21,37,7.54
AMZN,Amazon.com,2010-09-28,38,7.99
AMZN,Amazon.com,2010-10-05,39,7.85
AMZN,Amazon.com,2010-10-12,40,7.63
AMZN,Amazon.com,2010-10-19,41,8.03
AMZN,Amazon.com,2010-10-26,42,8.38
AMZN,Amazon.com,2010-11-02,43,8.19
AMZN,Amazon.com,2010-11-09,44,8.63
AMZN,Amazon.com,2010-11-16,45,7.94
AMZN,Amazon.com,2010-11-23,46,8.43
AMZN,Amazon.com,2010-12-01,47,8.96
AMZN,Amazon.com,2010-12-08,48,8.87
AMZN,Amazon.com,2010-12-15,49,8.69
AMZN,Amazon.com,2010-12-22,50,9.25
AMZN,Amazon.com,2010-12-30,51,9.2
AMZN,Amazon.com,2011-01-06,52,9.32
AMZN,Amazon.com,2011-01-13,53,9.18
AMZN,Amazon.com,2011-01-21,54,9.15
AMZN,Amazon.com,2011-01-28,55,8.57
AMZN,Amazon.com,2011-02-04,56,8.7
AMZN,Amazon.com,2011-02-11,57,9.28
AMZN,Amazon.com,2011-02-18,58,9.38
AMZN,Amazon.com,2011-02-28,59,8.7
AMZN,Amazon.com,2011-03-07,60,8.6
AMZN,Amazon.com,2011-03-14,61,8.33
AMZN,Amazon.com,2011-03-21,62,8.17
AMZN,Amazon.com,2011-03-28,63,8.59
AMZN,Amazon.com,2011-04-04,64,9.04
AMZN,Amazon.com,2011-04-11,65,9.24
AMZN,Amazon.com,2011-04-18,66,8.92
AMZN,Amazon.com,2011-04-26,67,9.31
AMZN,Amazon.com,2011-05-03,68,10.05
AMZN,Amazon.com,2011-05-10,69,10.1
AMZN,Amazon.com,2011-05-17,70,9.59
AMZN,Amazon.com,2011-05-24,71,9.85
AMZN,Amazon.com,2011-06-01,72,9.8
AMZN,Amazon.com,2011-06-08,73,9.37
AMZN,Amazon.com,2011-06-15,74,9.4
AMZN,Amazon.com,2011-06-22,75,9.7
AMZN,Amazon.com,2011-06-29,76,10.13
AMZN,Amazon.com,2011-07-07,77,10.75
AMZN,Amazon.com,2011-07-14,78,10.68
AMZN,Amazon.com,2011-07-21,79,10.84
AMZN,Amazon.com,2011-07-28,80,11.16
AMZN,Amazon.com,2011-08-04,81,10.34
AMZN,Amazon.com,2011-08-11,82,9.85
AMZN,Amazon.com,2011-08-18,83,9.56
AMZN,Amazon.com,2011-08-25,84,9.72
AMZN,Amazon.com,2011-09-01,85,10.76
AMZN,Amazon.com,2011-09-09,86,10.75
AMZN,Amazon.com,2011-09-16,87,11.38
AMZN,Amazon.com,2011-09-23,88,11.03
AMZN,Amazon.com,2011-09-30,89,10.91
AMZN,Amazon.com,2011-10-07,90,11.12
AMZN,Amazon.com,2011-10-14,91,12.04
AMZN,Amazon.com,2011-10-21,92,11.85
AMZN,Amazon.com,2011-10-28,93,10.33
AMZN,Amazon.com,2011-11-04,94,10.88
AMZN,Amazon.com,2011-11-11,95,10.63
AMZN,Amazon.com,2011-11-18,96,10.27
AMZN,Amazon.com,2011-11-28,97,9.58
AMZN,Amazon.com,2011-12-05,98,9.94
AMZN,Amazon.com,2011-12-12,99,9.5
AMZN,Amazon.com,2011-12-19,100,9.1
AMZN,Amazon.com,2011-12-27,101,8.89
AMZN,Amazon.com,2012-01-04,102,8.96
AMZN,Amazon.com,2012-01-11,103,8.98
AMZN,Amazon.com,2012-01-19,104,9.54
AMZN,Amazon.com,2012-01-26,105,9.47
AMZN,Amazon.com,2012-02-02,106,8.98
AMZN,Amazon.com,2012-02-09,107,9.23
AMZN,Amazon.com,2012-02-16,108,8.89
AMZN,Amazon.com,2012-02-24,109,8.99
AMZN,Amazon.com,2012-03-02,110,8.97
AMZN,Amazon.com,2012-03-09,111,9.34
AMZN,Amazon.com,2012-03-16,112,9.16
AMZN,Amazon.com,2012-03-23,113,9.6
AMZN,Amazon.com,2012-03-30,114,10.25
AMZN,Amazon.com,2012-04-09,115,9.6
AMZN,Amazon.com,2012-04-16,116,9.45
AMZN,Amazon.com,2012-04-23,117,9.45
AMZN,Amazon.com,2012-04-30,118,11.2
AMZN,Amazon.com,2012-05-07,119,11.12
AMZN,Amazon.com,2012-05-14,120,11.28
AMZN,Amazon.com,2012-05-21,121,10.7
AMZN,Amazon.com,2012-05-29,122,10.72
AMZN,Amazon.com,2012-06-05,123,10.69
AMZN,Amazon.com,2012-06-12,124,10.88
AMZN,Amazon.com,2012-06-19,125,11.16
AMZN,Amazon.com,2012-06-26,126,11.07
AMZN,Amazon.com,2012-07-03,127,11.46
AMZN,Amazon.com,2012-07-11,128,10.95
AMZN,Amazon.com,2012-07-18,129,10.81
AMZN,Amazon.com,2012-07-25,130,11.1
AMZN,Amazon.com,2012-08-01,131,11.71
AMZN,Amazon.com,2012-08-08,132,11.76
AMZN,Amazon.com,2012-08-15,133,11.61
AMZN,Amazon.com,2012-08-22,134,11.97
AMZN,Amazon.com,2012-08-29,135,12.34
AMZN,Amazon.com,2012-09-06,136,12.41
AMZN,Amazon.com,2012-09-13,137,12.75
AMZN,Amazon.com,2012-09-20,138,13
AMZN,Amazon.com,2012-09-27,139,12.53
AMZN,Amazon.com,2012-10-04,140,12.8
AMZN,Amazon.com,2012-10-11,141,12.4
AMZN,Amazon.com,2012-10-18,142,12.39
AMZN,Amazon.com,2012-10-25,143,11.55
AMZN,Amazon.com,2012-11-05,144,11.6
AMZN,Amazon.com,2012-11-12,145,11.33
AMZN,Amazon.com,2012-11-19,146,11.42
AMZN,Amazon.com,2012-11-27,147,12.16
AMZN,Amazon.com,2012-12-04,148,12.5
AMZN,Amazon.com,2012-12-11,149,12.43
AMZN,Amazon.com,2012-12-18,150,12.73
AMZN,Amazon.com,2012-12-26,151,12.86
AMZN,Amazon.com,2013-01-03,152,12.86
AMZN,Amazon.com,2013-01-10,153,13.43
AMZN,Amazon.com,2013-01-17,154,13.58
AMZN,Amazon.com,2013-01-25,155,13.75
AMZN,Amazon.com,2013-02-01,156,13.45
AMZN,Amazon.com,2013-02-08,157,13.07
AMZN,Amazon.com,2013-02-15,158,13.38
AMZN,Amazon.com,2013-02-25,159,13.35
AMZN,Amazon.com,2013-03-04,160,13.27
AMZN,Amazon.com,2013-03-11,161,13.67
AMZN,Amazon.com,2013-03-18,162,12.97
AMZN,Amazon.com,2013-03-25,163,12.93
AMZN,Amazon.com,2013-04-02,164,13.12
AMZN,Amazon.com,2013-04-09,165,12.94
AMZN,Amazon.com,2013-04-16,166,13.47
AMZN,Amazon.com,2013-04-23,167,13.23
AMZN,Amazon.com,2013-04-30,168,12.47
AMZN,Amazon.com,2013-05-07,169,12.82
AMZN,Amazon.com,2013-05-14,170,13.23
AMZN,Amazon.com,2013-05-21,171,13.44
AMZN,Amazon.com,2013-05-29,172,13.27
AMZN,Amazon.com,2013-06-05,173,13.29
AMZN,Amazon.com,2013-06-12,174,13.83
AMZN,Amazon.com,2013-06-19,175,14.06
AMZN,Amazon.com,2013-06-26,176,13.7
AMZN,Amazon.com,2013-07-03,177,14.1
AMZN,Amazon.com,2013-07-11,178,14.75
AMZN,Amazon.com,2013-07-18,179,15.31
AMZN,Amazon.com,2013-07-25,180,14.95
AMZN,Amazon.com,2013-08-01,181,15.15
AMZN,Amazon.com,2013-08-08,182,14.93
AMZN,Amazon.com,2013-08-15,183,14.44
AMZN,Amazon.com,2013-08-22,184,14.24
AMZN,Amazon.com,2013-08-29,185,14.07
AMZN,Amazon.com,2013-09-06,186,14.77
AMZN,Amazon.com,2013-09-13,187,15.01
AMZN,Amazon.com,2013-09-20,188,15.63
AMZN,Amazon.com,2013-09-27,189,15.85
AMZN,Amazon.com,2013-10-04,190,15.76
AMZN,Amazon.com,2013-10-11,191,15.24
AMZN,Amazon.com,2013-10-18,192,15.97
AMZN,Amazon.com,2013-10-25,193,17.93
AMZN,Amazon.com,2013-11-01,194,18.28
AMZN,Amazon.com,2013-11-08,195,17.3
AMZN,Amazon.com,2013-11-15,196,18.38
AMZN,Amazon.com,2013-11-22,197,18.5
AMZN,Amazon.com,2013-12-02,198,19.95
AMZN,Amazon.com,2013-12-09,199,19.41
AMZN,Amazon.com,2013-12-16,200,19.25
AMZN,Amazon.com,2013-12-23,201,20.18
AMZN,Amazon.com,2013-12-31,202,19.73
AMZN,Amazon.com,2014-01-08,203,19.92
AMZN,Amazon.com,2014-01-15,204,19.95
AMZN,Amazon.com,2014-01-23,205,20.05
AMZN,Amazon.com,2014-01-30,206,19.69
AMZN,Amazon.com,2014-02-06,207,17.37
AMZN,Amazon.com,2014-02-13,208,17.39
AMZN,Amazon.com,2014-02-21,209,17.62
AMZN,Amazon.com,2014-02-28,210,18.03
AMZN,Amazon.com,2014-03-07,211,18.73
AMZN,Amazon.com,2014-03-14,212,18.64
AMZN,Amazon.com,2014-03-21,213,18.55
AMZN,Amazon.com,2014-03-28,214,17
AMZN,Amazon.com,2014-04-04,215,16.76
AMZN,Amazon.com,2014-04-11,216,15.7
AMZN,Amazon.com,2014-04-21,217,16.2
AMZN,Amazon.com,2014-04-28,218,15.2
AMZN,Amazon.com,2014-05-05,219,15.32
AMZN,Amazon.com,2014-05-12,220,14.72
AMZN,Amazon.com,2014-05-19,221,14.79
AMZN,Amazon.com,2014-05-27,222,15.72
AMZN,Amazon.com,2014-06-03,223,15.29
AMZN,Amazon.com,2014-06-10,224,16.38
AMZN,Amazon.com,2014-06-17,225,16.38
AMZN,Amazon.com,2014-06-24,226,16.38
AMZN,Amazon.com,2014-07-01,227,16.29
AMZN,Amazon.com,2014-07-09,228,16.24
AMZN,Amazon.com,2014-07-16,229,17.78
AMZN,Amazon.com,2014-07-23,230,17.95
AMZN,Amazon.com,2014-07-30,231,16.07
AMZN,Amazon.com,2014-08-06,232,15.54
AMZN,Amazon.com,2014-08-13,233,16.38
AMZN,Amazon.com,2014-08-20,234,16.73
AMZN,Amazon.com,2014-08-27,235,17.1
AMZN,Amazon.com,2014-09-04,236,17.18
AMZN,Amazon.com,2014-09-11,237,16.5
AMZN,Amazon.com,2014-09-18,238,16.27
AMZN,Amazon.com,2014-09-25,239,16.4
AMZN,Amazon.com,2014-10-02,240,15.85
AMZN,Amazon.com,2014-10-09,241,16.07
AMZN,Amazon.com,2014-10-16,242,14.69
AMZN,Amazon.com,2014-10-23,243,15.67
AMZN,Amazon.com,2014-10-30,244,14.7
AMZN,Amazon.com,2014-11-06,245,14.83
AMZN,Amazon.com,2014-11-13,246,15.6
AMZN,Amazon.com,2014-11-20,247,16.2
AMZN,Amazon.com,2014-11-28,248,16.8
AMZN,Amazon.com,2014-12-05,249,15.84
AMZN,Amazon.com,2014-12-12,250,15.2
AMZN,Amazon.com,2014-12-19,251,14.85
AMZN,Amazon.com,2014-12-29,252,15.39
AMZN,Amazon.com,2015-01-06,253,15.11
AMZN,Amazon.com,2015-01-13,254,14.87
AMZN,Amazon.com,2015-01-21,255,14.48
AMZN,Amazon.com,2015-01-28,256,15.49
AMZN,Amazon.com,2015-02-04,257,17.92
AMZN,Amazon.com,2015-02-11,258,18.56
AMZN,Amazon.com,2015-02-19,259,18.67
AMZN,Amazon.com,2015-02-26,260,19.2
AMZN,Amazon.com,2015-03-05,261,19.28
AMZN,Amazon.com,2015-03-12,262,18.44
AMZN,Amazon.com,2015-03-19,263,18.69
AMZN,Amazon.com,2015-03-26,264,18.48
AMZN,Amazon.com,2015-04-02,265,18.52
AMZN,Amazon.com,2015-04-10,266,19.22
AMZN,Amazon.com,2015-04-17,267,19.13
AMZN,Amazon.com,2015-04-24,268,21.95
AMZN,Amazon.com,2015-05-01,269,21.19
AMZN,Amazon.com,2015-05-08,270,21.54
AMZN,Amazon.com,2015-05-15,271,21.4
AMZN,Amazon.com,2015-05-22,272,21.58
AMZN,Amazon.com,2015-06-01,273,21.52
AMZN,Amazon.com,2015-06-08,274,21.28
AMZN,Amazon.com,2015-06-15,275,21.38
AMZN,Amazon.com,2015-06-22,276,21.85
AMZN,Amazon.com,2015-06-29,277,21.75
AMZN,Amazon.com,2015-07-07,278,21.78
AMZN,Amazon.com,2015-07-14,279,23.12
AMZN,Amazon.com,2015-07-21,280,24.4
AMZN,Amazon.com,2015-07-28,281,26.8
AMZN,Amazon.com,2015-08-04,282,26.48
AMZN,Amazon.com,2015-08-11,283,26.18
AMZN,Amazon.com,2015-08-18,284,26.75
AMZN,Amazon.com,2015-08-25,285,24.37
AMZN,Amazon.com,2015-09-01,286,24.96
AMZN,Amazon.com,2015-09-09,287,26.2
AMZN,Amazon.com,2015-09-16,288,26.1
AMZN,Amazon.com,2015-09-23,289,26.92
AMZN,Amazon.com,2015-09-30,290,25.27
AMZN,Amazon.com,2015-10-07,291,27.09
AMZN,Amazon.com,2015-10-14,292,27.57
AMZN,Amazon.com,2015-10-21,293,28.19
AMZN,Amazon.com,2015-10-28,294,30.62
AMZN,Amazon.com,2015-11-04,295,31.39
AMZN,Amazon.com,2015-11-11,296,33.16
AMZN,Amazon.com,2015-11-18,297,32.33
AMZN,Amazon.com,2015-11-25,298,33.75
AMZN,Amazon.com,2015-12-03,299,33.97
AMZN,Amazon.com,2015-12-10,300,33.28
AMZN,Amazon.com,2015-12-17,301,34
AMZN,Amazon.com,2015-12-24,302,33.17
AMZN,Amazon.com,2016-01-04,303,32.81
AMZN,Amazon.com,2016-01-11,304,30.62
AMZN,Amazon.com,2016-01-19,305,28.85
AMZN,Amazon.com,2016-01-26,306,30.17
AMZN,Amazon.com,2016-02-02,307,28.5
AMZN,Amazon.com,2016-02-09,308,23.9
AMZN,Amazon.com,2016-02-17,309,26.44
AMZN,Amazon.com,2016-02-24,310,27.29
AMZN,Amazon.com,2016-03-02,311,29.09
AMZN,Amazon.com,2016-03-09,312,27.98
AMZN,Amazon.com,2016-03-16,313,28.83
AMZN,Amazon.com,2016-03-23,314,28.05
AMZN,Amazon.com,2016-03-31,315,29.96
AMZN,Amazon.com,2016-04-07,316,29.94
AMZN,Amazon.com,2016-04-14,317,30.75
AMZN,Amazon.com,2016-04-21,318,31.55
AMZN,Amazon.com,2016-04-28,319,30.78
AMZN,Amazon.com,2016-05-05,320,33.67
AMZN,Amazon.com,2016-05-12,321,35.87
AMZN,Amazon.com,2016-05-19,322,34.59
AMZN,Amazon.com,2016-05-26,323,35.42
AMZN,Amazon.com,2016-06-03,324,36.34
AMZN,Amazon.com,2016-06-10,325,36.12
AMZN,Amazon.com,2016-06-17,326,35.91
AMZN,Amazon.com,2016-06-24,327,34.65
AMZN,Amazon.com,2016-07-01,328,35.87
AMZN,Amazon.com,2016-07-11,329,37.5
AMZN,Amazon.com,2016-07-18,330,36.77
AMZN,Amazon.com,2016-07-25,331,37.33
AMZN,Amazon.com,2016-08-01,332,37.99
AMZN,Amazon.com,2016-08-08,333,38.34
AMZN,Amazon.com,2016-08-15,334,38.6
AMZN,Amazon.com,2016-08-22,335,37.88
AMZN,Amazon.com,2016-08-29,336,38.44
AMZN,Amazon.com,2016-09-06,337,38.7
AMZN,Amazon.com,2016-09-13,338,38.44
AMZN,Amazon.com,2016-09-20,339,38.8
AMZN,Amazon.com,2016-09-27,340,40.09
AMZN,Amazon.com,2016-10-04,341,42.05
AMZN,Amazon.com,2016-10-11,342,42.05
AMZN,Amazon.com,2016-10-18,343,41.11
AMZN,Amazon.com,2016-10-25,344,41.97
AMZN,Amazon.com,2016-11-01,345,39.95
AMZN,Amazon.com,2016-11-08,346,39.25
AMZN,Amazon.com,2016-11-15,347,36.5
AMZN,Amazon.com,2016-11-22,348,39.41
AMZN,Amazon.com,2016-11-30,349,38.1
AMZN,Amazon.com,2016-12-07,350,38.23
AMZN,Amazon.com,2016-12-14,351,38.91
AMZN,Amazon.com,2016-12-21,352,38.5
AMZN,Amazon.com,2016-12-29,353,38.62
AMZN,Amazon.com,2017-01-06,354,39.12
AMZN,Amazon.com,2017-01-13,355,40.72
AMZN,Amazon.com,2017-01-23,356,40.34
AMZN,Amazon.com,2017-01-30,357,41.65
AMZN,Amazon.com,2017-02-06,358,40.49
AMZN,Amazon.com,2017-02-13,359,41.58
AMZN,Amazon.com,2017-02-21,360,42.44
AMZN,Amazon.com,2017-02-28,361,42.57
AMZN,Amazon.com,2017-03-07,362,42.27
AMZN,Amazon.com,2017-03-14,363,42.68
AMZN,Amazon.com,2017-03-21,364,42.94
AMZN,Amazon.com,2017-03-28,365,42.59
AMZN,Amazon.com,2017-04-04,366,44.58
AMZN,Amazon.com,2017-04-11,367,45.35
AMZN,Amazon.com,2017-04-19,368,45.39
AMZN,Amazon.com,2017-04-26,369,45.51
AMZN,Amazon.com,2017-05-03,370,47.3
AMZN,Amazon.com,2017-05-10,371,47.67
AMZN,Amazon.com,2017-05-17,372,47.74
AMZN,Amazon.com,2017-05-24,373,48.8
AMZN,Amazon.com,2017-06-01,374,49.93
AMZN,Amazon.com,2017-06-08,375,50.6
AMZN,Amazon.com,2017-06-15,376,47.94
AMZN,Amazon.com,2017-06-22,377,50.11
AMZN,Amazon.com,2017-06-29,378,48.95
AMZN,Amazon.com,2017-07-07,379,48.48
AMZN,Amazon.com,2017-07-14,380,50.12
AMZN,Amazon.com,2017-07-21,381,51.06
AMZN,Amazon.com,2017-07-28,382,50.61
AMZN,Amazon.com,2017-08-04,383,49.48
AMZN,Amazon.com,2017-08-11,384,48
AMZN,Amazon.com,2017-08-18,385,48.07
AMZN,Amazon.com,2017-08-25,386,47.8
AMZN,Amazon.com,2017-09-01,387,49.21
AMZN,Amazon.com,2017-09-11,388,48.72
AMZN,Amazon.com,2017-09-18,389,49.52
AMZN,Amazon.com,2017-09-25,390,47.47
AMZN,Amazon.com,2017-10-02,391,48.2
AMZN,Amazon.com,2017-10-09,392,49.66
AMZN,Amazon.com,2017-10-16,393,50.42
AMZN,Amazon.com,2017-10-23,394,49.34
AMZN,Amazon.com,2017-10-30,395,54.75
AMZN,Amazon.com,2017-11-06,396,55.46
AMZN,Amazon.com,2017-11-13,397,56.15
AMZN,Amazon.com,2017-11-20,398,56.49
AMZN,Amazon.com,2017-11-28,399,60.24
AMZN,Amazon.com,2017-12-05,400,56.41
AMZN,Amazon.com,2017-12-12,401,58.33
AMZN,Amazon.com,2017-12-19,402,59.46
AMZN,Amazon.com,2017-12-27,403,59
AMZN,Amazon.com,2018-01-04,404,60.25
AMZN,Amazon.com,2018-01-11,405,62.99
AMZN,Amazon.com,2018-01-19,406,65.6
AMZN,Amazon.com,2018-01-26,407,69.6
AMZN,Amazon.com,2018-02-02,408,73.87
AMZN,Amazon.com,2018-02-09,409,68.67
AMZN,Amazon.com,2018-02-16,410,72.87
AMZN,Amazon.com,2018-02-26,411,75.46
AMZN,Amazon.com,2018-03-05,412,74.71
AMZN,Amazon.com,2018-03-12,413,79.63
AMZN,Amazon.com,2018-03-19,414,77.73
AMZN,Amazon.com,2018-03-26,415,76.5
AMZN,Amazon.com,2018-04-03,416,69.57
AMZN,Amazon.com,2018-04-10,417,71.6
AMZN,Amazon.com,2018-04-17,418,73.11
AMZN,Amazon.com,2018-04-24,419,76.79
AMZN,Amazon.com,2018-05-01,420,78.16
AMZN,Amazon.com,2018-05-08,421,79.75
AMZN,Amazon.com,2018-05-15,422,79.39
AMZN,Amazon.com,2018-05-22,423,79.49
AMZN,Amazon.com,2018-05-30,424,80.9
AMZN,Amazon.com,2018-06-06,425,85.23
AMZN,Amazon.com,2018-06-13,426,85.14
AMZN,Amazon.com,2018-06-20,427,87.13
AMZN,Amazon.com,2018-06-27,428,85.41
AMZN,Amazon.com,2018-07-05,429,85.27
AMZN,Amazon.com,2018-07-12,430,88.23
AMZN,Amazon.com,2018-07-19,431,91.47
AMZN,Amazon.com,2018-07-26,432,91.95
AMZN,Amazon.com,2018-08-02,433,89.44
AMZN,Amazon.com,2018-08-09,434,94.1
AMZN,Amazon.com,2018-08-16,435,95.2
AMZN,Amazon.com,2018-08-23,436,95.36
AMZN,Amazon.com,2018-08-30,437,99.87
AMZN,Amazon.com,2018-09-07,438,96.94
AMZN,Amazon.com,2018-09-14,439,99.65
AMZN,Amazon.com,2018-09-21,440,97.71
AMZN,Amazon.com,2018-09-28,441,100.22
AMZN,Amazon.com,2018-10-05,442,95.9
AMZN,Amazon.com,2018-10-12,443,90.4
AMZN,Amazon.com,2018-10-19,444,89.26
AMZN,Amazon.com,2018-10-26,445,82.48
AMZN,Amazon.com,2018-11-02,446,83.93
AMZN,Amazon.com,2018-11-09,447,86.63
AMZN,Amazon.com,2018-11-16,448,79.38
AMZN,Amazon.com,2018-11-26,449,76.95
AMZN,Amazon.com,2018-12-03,450,88.47
AMZN,Amazon.com,2018-12-11,451,83.9
AMZN,Amazon.com,2018-12-18,452,77
AMZN,Amazon.com,2018-12-26,453,68.44
AMZN,Amazon.com,2019-01-03,454,76
AMZN,Amazon.com,2019-01-10,455,82.05
AMZN,Amazon.com,2019-01-17,456,84
AMZN,Amazon.com,2019-01-25,457,83.53
AMZN,Amazon.com,2019-02-01,458,81.94
AMZN,Amazon.com,2019-02-08,459,79.3
AMZN,Amazon.com,2019-02-15,460,81.39
AMZN,Amazon.com,2019-02-25,461,82.07
AMZN,Amazon.com,2019-03-04,462,84.25
AMZN,Amazon.com,2019-03-11,463,81.31
AMZN,Amazon.com,2019-03-18,464,85.64
AMZN,Amazon.com,2019-03-25,465,87.89
AMZN,Amazon.com,2019-04-01,466,90.01
AMZN,Amazon.com,2019-04-08,467,91.66
AMZN,Amazon.com,2019-04-15,468,92.1
AMZN,Amazon.com,2019-04-23,469,94.56
AMZN,Amazon.com,2019-04-30,470,96.5
AMZN,Amazon.com,2019-05-07,471,97
AMZN,Amazon.com,2019-05-14,472,91.97
AMZN,Amazon.com,2019-05-21,473,93.74
AMZN,Amazon.com,2019-05-29,474,91.16
AMZN,Amazon.com,2019-06-05,475,87.48
AMZN,Amazon.com,2019-06-12,476,92.7
AMZN,Amazon.com,2019-06-19,477,95.39
AMZN,Amazon.com,2019-06-26,478,94.62
AMZN,Amazon.com,2019-07-03,479,96.79
AMZN,Amazon.com,2019-07-11,480,101.28
AMZN,Amazon.com,2019-07-18,481,99
AMZN,Amazon.com,2019-07-25,482,100.05
AMZN,Amazon.com,2019-08-01,483,93.59
AMZN,Amazon.com,2019-08-08,484,90.3
AMZN,Amazon.com,2019-08-15,485,89.1
AMZN,Amazon.com,2019-08-22,486,91.4
AMZN,Amazon.com,2019-08-29,487,89.15
AMZN,Amazon.com,2019-09-06,488,91.91
AMZN,Amazon.com,2019-09-13,489,92.1
AMZN,Amazon.com,2019-09-20,490,91.09
AMZN,Amazon.com,2019-09-27,491,87.4
AMZN,Amazon.com,2019-10-04,492,86.3
AMZN,Amazon.com,2019-10-11,493,87.15
AMZN,Amazon.com,2019-10-18,494,89.39
AMZN,Amazon.com,2019-10-25,495,84.88
AMZN,Amazon.com,2019-11-01,496,89.4
AMZN,Amazon.com,2019-11-08,497,89.39
AMZN,Amazon.com,2019-11-15,498,88
AMZN,Amazon.com,2019-11-22,499,86.95
AMZN,Amazon.com,2019-12-02,500,90.22
AMZN,Amazon.com,2019-12-09,501,87.53
AMZN,Amazon.com,2019-12-16,502,88.35
AMZN,Amazon.com,2019-12-23,503,89.41
AMZN,Amazon.com,2019-12-31,504,92.1
AMZN,Amazon.com,2020-01-08,505,94.9
AMZN,Amazon.com,2020-01-15,506,93.61
AMZN,Amazon.com,2020-01-23,507,94.26
AMZN,Amazon.com,2020-01-30,508,92.9
AMZN,Amazon.com,2020-02-06,509,102.05
AMZN,Amazon.com,2020-02-13,510,107.25
AMZN,Amazon.com,2020-02-21,511,107.11
AMZN,Amazon.com,2020-02-28,512,90.73
AMZN,Amazon.com,2020-03-06,513,93.75
AMZN,Amazon.com,2020-03-13,514,87.75
AMZN,Amazon.com,2020-03-20,515,96.32
AMZN,Amazon.com,2020-03-27,516,96.54
AMZN,Amazon.com,2020-04-03,517,95.56
AMZN,Amazon.com,2020-04-13,518,102
AMZN,Amazon.com,2020-04-20,519,119.5
AMZN,Amazon.com,2020-04-27,520,122.16
AMZN,Amazon.com,2020-05-04,521,112.82
AMZN,Amazon.com,2020-05-11,522,118.74
AMZN,Amazon.com,2020-05-18,523,120.22
AMZN,Amazon.com,2020-05-26,524,122.9
AMZN,Amazon.com,2020-06-02,525,123.35
AMZN,Amazon.com,2020-06-09,526,126.47
AMZN,Amazon.com,2020-06-16,527,131
AMZN,Amazon.com,2020-06-23,528,136.3
AMZN,Amazon.com,2020-06-30,529,134.25
AMZN,Amazon.com,2020-07-08,530,151.13
AMZN,Amazon.com,2020-07-15,531,154.01
AMZN,Amazon.com,2020-07-22,532,156.25
AMZN,Amazon.com,2020-07-29,533,151.55
AMZN,Amazon.com,2020-08-05,534,157.19
AMZN,Amazon.com,2020-08-12,535,155.4
AMZN,Amazon.com,2020-08-19,536,165.15
AMZN,Amazon.com,2020-08-26,537,167.56
AMZN,Amazon.com,2020-09-02,538,177.35
AMZN,Amazon.com,2020-09-10,539,165.36
AMZN,Amazon.com,2020-09-17,540,150.46
AMZN,Amazon.com,2020-09-24,541,148.89
AMZN,Amazon.com,2020-10-01,542,160.4
AMZN,Amazon.com,2020-10-08,543,161.25
AMZN,Amazon.com,2020-10-15,544,164.6
AMZN,Amazon.com,2020-10-22,545,159.49
AMZN,Amazon.com,2020-10-29,546,160.06
AMZN,Amazon.com,2020-11-05,547,166
AMZN,Amazon.com,2020-11-12,548,158
AMZN,Amazon.com,2020-11-19,549,155.27
AMZN,Amazon.com,2020-11-27,550,160.56
AMZN,Amazon.com,2020-12-04,551,159.91
AMZN,Amazon.com,2020-12-11,552,154.83
AMZN,Amazon.com,2020-12-18,553,162.2
AMZN,Amazon.com,2020-12-28,554,159.7
AMZN,Amazon.com,2021-01-05,555,158.3
AMZN,Amazon.com,2021-01-12,556,156
AMZN,Amazon.com,2021-01-20,557,159.1
AMZN,Amazon.com,2021-01-27,558,167.07
AMZN,Amazon.com,2021-02-03,559,171.25
AMZN,Amazon.com,2021-02-10,560,165.7
AMZN,Amazon.com,2021-02-18,561,164.12
AMZN,Amazon.com,2021-02-25,562,156.84
AMZN,Amazon.com,2021-03-04,563,150.6
AMZN,Amazon.com,2021-03-11,564,155.2
AMZN,Amazon.com,2021-03-18,565,155.05
AMZN,Amazon.com,2021-03-25,566,153.65
AMZN,Amazon.com,2021-04-01,567,155.9
AMZN,Amazon.com,2021-04-09,568,165.24
AMZN,Amazon.com,2021-04-16,569,169
AMZN,Amazon.com,2021-04-23,570,165.96
AMZN,Amazon.com,2021-04-30,571,176.26
AMZN,Amazon.com,2021-05-07,572,165.95
AMZN,Amazon.com,2021-05-14,573,159.28
AMZN,Amazon.com,2021-05-21,574,162.5
AMZN,Amazon.com,2021-05-28,575,162.1
AMZN,Amazon.com,2021-06-07,576,159.87
AMZN,Amazon.com,2021-06-14,577,167.34
AMZN,Amazon.com,2021-06-21,578,173.82
AMZN,Amazon.com,2021-06-28,579,170.8
AMZN,Amazon.com,2021-07-06,580,176.51
AMZN,Amazon.com,2021-07-13,581,185.1
AMZN,Amazon.com,2021-07-20,582,178.37
AMZN,Amazon.com,2021-07-27,583,184.93
AMZN,Amazon.com,2021-08-03,584,167.04
AMZN,Amazon.com,2021-08-10,585,167.25
AMZN,Amazon.com,2021-08-17,586,163.88
AMZN,Amazon.com,2021-08-24,587,164
AMZN,Amazon.com,2021-08-31,588,171.24
AMZN,Amazon.com,2021-09-08,589,175.58
AMZN,Amazon.com,2021-09-15,590,172.13
AMZN,Amazon.com,2021-09-22,591,167.55
AMZN,Amazon.com,2021-09-29,592,166.11
AMZN,Amazon.com,2021-10-06,593,160.68
AMZN,Amazon.com,2021-10-13,594,163.49
AMZN,Amazon.com,2021-10-20,595,172.63
AMZN,Amazon.com,2021-10-27,596,169.4
AMZN,Amazon.com,2021-11-03,597,165.45
AMZN,Amazon.com,2021-11-10,598,178.19
AMZN,Amazon.com,2021-11-17,599,178.24
AMZN,Amazon.com,2021-11-24,600,178.13
AMZN,Amazon.com,2021-12-02,601,173
AMZN,Amazon.com,2021-12-09,602,175.75
AMZN,Amazon.com,2021-12-16,603,173.37
AMZN,Amazon.com,2021-12-23,604,170.43
AMZN,Amazon.com,2021-12-31,605,168.96
AMZN,Amazon.com,2022-01-07,606,163.84
AMZN,Amazon.com,2022-01-14,607,160.15
AMZN,Amazon.com,2022-01-24,608,139
AMZN,Amazon.com,2022-01-31,609,144.75
AMZN,Amazon.com,2022-02-07,610,158.52
AMZN,Amazon.com,2022-02-14,611,151.75
AMZN,Amazon.com,2022-02-22,612,150.48
AMZN,Amazon.com,2022-03-01,613,152.73
AMZN,Amazon.com,2022-03-08,614,136.68
AMZN,Amazon.com,2022-03-15,615,142.85
AMZN,Amazon.com,2022-03-22,616,161.81
AMZN,Amazon.com,2022-03-29,617,170.38
AMZN,Amazon.com,2022-04-05,618,167.74
AMZN,Amazon.com,2022-04-12,619,153.69
AMZN,Amazon.com,2022-04-20,620,157.6
AMZN,Amazon.com,2022-04-27,621,140.19
AMZN,Amazon.com,2022-05-04,622,123.6
AMZN,Amazon.com,2022-05-11,623,108.1
AMZN,Amazon.com,2022-05-18,624,111.44
AMZN,Amazon.com,2022-05-25,625,103.66
AMZN,Amazon.com,2022-06-02,626,121.68
AMZN,Amazon.com,2022-06-09,627,119.99
AMZN,Amazon.com,2022-06-16,628,104.47
AMZN,Amazon.com,2022-06-24,629,112.38
AMZN,Amazon.com,2022-07-01,630,106.29
AMZN,Amazon.com,2022-07-11,631,114.08
AMZN,Amazon.com,2022-07-18,632,115
AMZN,Amazon.com,2022-07-25,633,122.7
AMZN,Amazon.com,2022-08-01,634,134.96
AMZN,Amazon.com,2022-08-08,635,142.05
AMZN,Amazon.com,2022-08-15,636,142.8
AMZN,Amazon.com,2022-08-22,637,135.72
AMZN,Amazon.com,2022-08-29,638,129.9
AMZN,Amazon.com,2022-09-06,639,127.92
AMZN,Amazon.com,2022-09-13,640,131.01
AMZN,Amazon.com,2022-09-20,641,123.35
AMZN,Amazon.com,2022-09-27,642,117.2
AMZN,Amazon.com,2022-10-04,643,119.89
AMZN,Amazon.com,2022-10-11,644,112.71
AMZN,Amazon.com,2022-10-18,645,119.06
AMZN,Amazon.com,2022-10-25,646,119.65
AMZN,Amazon.com,2022-11-01,647,103.99
AMZN,Amazon.com,2022-11-08,648,90.79
AMZN,Amazon.com,2022-11-15,649,103.21
AMZN,Amazon.com,2022-11-22,650,92.62
AMZN,Amazon.com,2022-11-30,651,92.47
AMZN,Amazon.com,2022-12-07,652,88.34
AMZN,Amazon.com,2022-12-14,653,92.5
AMZN,Amazon.com,2022-12-21,654,86.18
AMZN,Amazon.com,2022-12-29,655,82.87
CRM,Salesforce,2010-01-04,1,18.65
CRM,Salesforce,2010-01-11,2,18.65
CRM,Salesforce,2010-01-19,3,17.15
CRM,Salesforce,2010-01-26,4,16.04
CRM,Salesforce,2010-02-02,5,16.31
CRM,Salesforce,2010-02-09,6,15.67
CRM,Salesforce,2010-02-17,7,16.56
CRM,Salesforce,2010-02-24,8,17.08
CRM,Salesforce,2010-03-03,9,17.99
CRM,Salesforce,2010-03-10,10,18.41
CRM,Salesforce,2010-03-17,11,19.22
CRM,Salesforce,2010-03-24,12,19.15
CRM,Salesforce,2010-03-31,13,18.82
CRM,Salesforce,2010-04-08,14,19.18
CRM,Salesforce,2010-04-15,15,21
CRM,Salesforce,2010-04-22,16,21.21
CRM,Salesforce,2010-04-29,17,21.71
CRM,Salesforce,2010-05-06,18,21.24
CRM,Salesforce,2010-05-13,19,22.1
CRM,Salesforce,2010-05-20,20,19.72
CRM,Salesforce,2010-05-27,21,21.42
CRM,Salesforce,2010-06-04,22,23.13
CRM,Salesforce,2010-06-11,23,22.62
CRM,Salesforce,2010-06-18,24,24.22
CRM,Salesforce,2010-06-25,25,22.95
CRM,Salesforce,2010-07-02,26,21.83
CRM,Salesforce,2010-07-12,27,22.86
CRM,Salesforce,2010-07-19,28,23.01
CRM,Salesforce,2010-07-26,29,25
CRM,Salesforce,2010-08-02,30,25.28
CRM,Salesforce,2010-08-09,31,25.59
CRM,Salesforce,2010-08-16,32,24.22
CRM,Salesforce,2010-08-23,33,27.68
CRM,Salesforce,2010-08-30,34,27.54
CRM,Salesforce,2010-09-07,35,29.75
CRM,Salesforce,2010-09-14,36,29.19
CRM,Salesforce,2010-09-21,37,30.7
CRM,Salesforce,2010-09-28,38,29.47
CRM,Salesforce,2010-10-05,39,28.5
CRM,Salesforce,2010-10-12,40,24.95
CRM,Salesforce,2010-10-19,41,25.27
CRM,Salesforce,2010-10-26,42,27.92
CRM,Salesforce,2010-11-02,43,28.57
CRM,Salesforce,2010-11-09,44,28.55
CRM,Salesforce,2010-11-16,45,28.13
CRM,Salesforce,2010-11-23,46,34.31
CRM,Salesforce,2010-12-01,47,35.52
CRM,Salesforce,2010-12-08,48,37.27
CRM,Salesforce,2010-12-15,49,33.92
CRM,Salesforce,2010-12-22,50,34.56
CRM,Salesforce,2010-12-30,51,33.13
CRM,Salesforce,2011-01-06,52,36.04
CRM,Salesforce,2011-01-13,53,35.5
CRM,Salesforce,2011-01-21,54,33.21
CRM,Salesforce,2011-01-28,55,32.56
CRM,Salesforce,2011-02-04,56,33.82
CRM,Salesforce,2011-02-11,57,34.37
CRM,Salesforce,2011-02-18,58,35.38
CRM,Salesforce,2011-02-28,59,34.21
CRM,Salesforce,2011-03-07,60,32.24
CRM,Salesforce,2011-03-14,61,31.41
CRM,Salesforce,2011-03-21,62,30.2
CRM,Salesforce,2011-03-28,63,31.98
CRM,Salesforce,2011-04-04,64,33.65
CRM,Salesforce,2011-04-11,65,33.65
CRM,Salesforce,2011-04-18,66,33.12
CRM,Salesforce,2011-04-26,67,34.77
CRM,Salesforce,2011-05-03,68,34
CRM,Salesforce,2011-05-10,69,33.39
CRM,Salesforce,2011-05-17,70,32.17
CRM,Salesforce,2011-05-24,71,36.95
CRM,Salesforce,2011-06-01,72,37.7
CRM,Salesforce,2011-06-08,73,35.43
CRM,Salesforce,2011-06-15,74,34.75
CRM,Salesforce,2011-06-22,75,35.8
CRM,Salesforce,2011-06-29,76,36.93
CRM,Salesforce,2011-07-07,77,39.37
CRM,Salesforce,2011-07-14,78,38.21
CRM,Salesforce,2011-07-21,79,38.47
CRM,Salesforce,2011-07-28,80,36.58
CRM,Salesforce,2011-08-04,81,35.63
CRM,Salesforce,2011-08-11,82,32.41
CRM,Salesforce,2011-08-18,83,30.72
CRM,Salesforce,2011-08-25,84,28.91
CRM,Salesforce,2011-09-01,85,32.18
CRM,Salesforce,2011-09-09,86,30.84
CRM,Salesforce,2011-09-16,87,33.12
CRM,Salesforce,2011-09-23,88,29.37
CRM,Salesforce,2011-09-30,89,28.99
CRM,Salesforce,2011-10-07,90,30.63
CRM,Salesforce,2011-10-14,91,32.95
CRM,Salesforce,2011-10-21,92,32.27
CRM,Salesforce,2011-10-28,93,32.95
CRM,Salesforce,2011-11-04,94,33.01
CRM,Salesforce,2011-11-11,95,32.5
CRM,Salesforce,2011-11-18,96,29.86
CRM,Salesforce,2011-11-28,97,27.28
CRM,Salesforce,2011-12-05,98,30.73
CRM,Salesforce,2011-12-12,99,29.69
CRM,Salesforce,2011-12-19,100,26.77
CRM,Salesforce,2011-12-27,101,24.49
CRM,Salesforce,2012-01-04,102,24.75
CRM,Salesforce,2012-01-11,103,26.37
CRM,Salesforce,2012-01-19,104,27.84
CRM,Salesforce,2012-01-26,105,29.85
CRM,Salesforce,2012-02-02,106,29.74
CRM,Salesforce,2012-02-09,107,30.86
CRM,Salesforce,2012-02-16,108,32.77
CRM,Salesforce,2012-02-24,109,36.38
CRM,Salesforce,2012-03-02,110,36
CRM,Salesforce,2012-03-09,111,36.52
CRM,Salesforce,2012-03-16,112,38.4
CRM,Salesforce,2012-03-23,113,38.22
CRM,Salesforce,2012-03-30,114,39.18
CRM,Salesforce,2012-04-09,115,38.38
CRM,Salesforce,2012-04-16,116,40.19
CRM,Salesforce,2012-04-23,117,38.55
CRM,Salesforce,2012-04-30,118,39.02
CRM,Salesforce,2012-05-07,119,37.95
CRM,Salesforce,2012-05-14,120,34.04
CRM,Salesforce,2012-05-21,121,36.03
CRM,Salesforce,2012-05-29,122,36.74
CRM,Salesforce,2012-06-05,123,32.69
CRM,Salesforce,2012-06-12,124,32.92
CRM,Salesforce,2012-06-19,125,34.58
CRM,Salesforce,2012-06-26,126,33.68
CRM,Salesforce,2012-07-03,127,34.72
CRM,Salesforce,2012-07-11,128,32.5
CRM,Salesforce,2012-07-18,129,32.58
CRM,Salesforce,2012-07-25,130,32
CRM,Salesforce,2012-08-01,131,31.84
CRM,Salesforce,2012-08-08,132,33.9
CRM,Salesforce,2012-08-15,133,35.71
CRM,Salesforce,2012-08-22,134,36.98
CRM,Salesforce,2012-08-29,135,36.24
CRM,Salesforce,2012-09-06,136,36.38
CRM,Salesforce,2012-09-13,137,38.38
CRM,Salesforce,2012-09-20,138,39.51
CRM,Salesforce,2012-09-27,139,37.6
CRM,Salesforce,2012-10-04,140,38.88
CRM,Salesforce,2012-10-11,141,38.24
CRM,Salesforce,2012-10-18,142,37.79
CRM,Salesforce,2012-10-25,143,37.25
CRM,Salesforce,2012-11-05,144,36.72
CRM,Salesforce,2012-11-12,145,35.42
CRM,Salesforce,2012-11-19,146,36.33
CRM,Salesforce,2012-11-27,147,39.35
CRM,Salesforce,2012-12-04,148,39.26
CRM,Salesforce,2012-12-11,149,39.59
CRM,Salesforce,2012-12-18,150,42.25
CRM,Salesforce,2012-12-26,151,42.3
CRM,Salesforce,2013-01-03,152,42.52
CRM,Salesforce,2013-01-10,153,43.15
CRM,Salesforce,2013-01-17,154,42.7
CRM,Salesforce,2013-01-25,155,43.3
CRM,Salesforce,2013-02-01,156,43.49
CRM,Salesforce,2013-02-08,157,42.62
CRM,Salesforce,2013-02-15,158,43.69
CRM,Salesforce,2013-02-25,159,42.45
CRM,Salesforce,2013-03-04,160,45.51
CRM,Salesforce,2013-03-11,161,46.38
CRM,Salesforce,2013-03-18,162,43.83
CRM,Salesforce,2013-03-25,163,43.99
CRM,Salesforce,2013-04-02,164,44.25
CRM,Salesforce,2013-04-09,165,41.88
CRM,Salesforce,2013-04-16,166,41.69
CRM,Salesforce,2013-04-23,167,40.71
CRM,Salesforce,2013-04-30,168,41.05
CRM,Salesforce,2013-05-07,169,42.64
CRM,Salesforce,2013-05-14,170,44.05
CRM,Salesforce,2013-05-21,171,47.05
CRM,Salesforce,2013-05-29,172,41.18
CRM,Salesforce,2013-06-05,173,38.68
CRM,Salesforce,2013-06-12,174,38.12
CRM,Salesforce,2013-06-19,175,38.25
CRM,Salesforce,2013-06-26,176,37.75
CRM,Salesforce,2013-07-03,177,37.89
CRM,Salesforce,2013-07-11,178,40.21
CRM,Salesforce,2013-07-18,179,42.55
CRM,Salesforce,2013-07-25,180,42.12
CRM,Salesforce,2013-08-01,181,44.17
CRM,Salesforce,2013-08-08,182,45.2
CRM,Salesforce,2013-08-15,183,44.11
CRM,Salesforce,2013-08-22,184,43.75
CRM,Salesforce,2013-08-29,185,42.36
CRM,Salesforce,2013-09-06,186,48.69
CRM,Salesforce,2013-09-13,187,49.92
CRM,Salesforce,2013-09-20,188,53.5
CRM,Salesforce,2013-09-27,189,53.03
CRM,Salesforce,2013-10-04,190,52.24
CRM,Salesforce,2013-10-11,191,51.54
CRM,Salesforce,2013-10-18,192,53.51
CRM,Salesforce,2013-10-25,193,54.55
CRM,Salesforce,2013-11-01,194,53.54
CRM,Salesforce,2013-11-08,195,54.35
CRM,Salesforce,2013-11-15,196,57.39
CRM,Salesforce,2013-11-22,197,54.65
CRM,Salesforce,2013-12-02,198,52.01
CRM,Salesforce,2013-12-09,199,53.62
CRM,Salesforce,2013-12-16,200,50.72
CRM,Salesforce,2013-12-23,201,54.15
CRM,Salesforce,2013-12-31,202,55.14
CRM,Salesforce,2014-01-08,203,55.19
CRM,Salesforce,2014-01-15,204,57.5
CRM,Salesforce,2014-01-23,205,60.08
CRM,Salesforce,2014-01-30,206,59.04
CRM,Salesforce,2014-02-06,207,61.85
CRM,Salesforce,2014-02-13,208,61.19
CRM,Salesforce,2014-02-21,209,63.35
CRM,Salesforce,2014-02-28,210,66.04
CRM,Salesforce,2014-03-07,211,63.2
CRM,Salesforce,2014-03-14,212,58.99
CRM,Salesforce,2014-03-21,213,59.74
CRM,Salesforce,2014-03-28,214,56.07
CRM,Salesforce,2014-04-04,215,56.25
CRM,Salesforce,2014-04-11,216,53.82
CRM,Salesforce,2014-04-21,217,56.08
CRM,Salesforce,2014-04-28,218,53.04
CRM,Salesforce,2014-05-05,219,52.97
CRM,Salesforce,2014-05-12,220,50.9
CRM,Salesforce,2014-05-19,221,51.95
CRM,Salesforce,2014-05-27,222,52.89
CRM,Salesforce,2014-06-03,223,51.93
CRM,Salesforce,2014-06-10,224,51.6
CRM,Salesforce,2014-06-17,225,54.3
CRM,Salesforce,2014-06-24,226,58.09
CRM,Salesforce,2014-07-01,227,58.24
CRM,Salesforce,2014-07-09,228,55.1
CRM,Salesforce,2014-07-16,229,53.99
CRM,Salesforce,2014-07-23,230,53.96
CRM,Salesforce,2014-07-30,231,55.09
CRM,Salesforce,2014-08-06,232,54.1
CRM,Salesforce,2014-08-13,233,53.03
CRM,Salesforce,2014-08-20,234,55.38
CRM,Salesforce,2014-08-27,235,59.42
CRM,Salesforce,2014-09-04,236,59.18
CRM,Salesforce,2014-09-11,237,60.39
CRM,Salesforce,2014-09-18,238,57.9
CRM,Salesforce,2014-09-25,239,57.56
CRM,Salesforce,2014-10-02,240,56.41
CRM,Salesforce,2014-10-09,241,57.75
CRM,Salesforce,2014-10-16,242,51.97
CRM,Salesforce,2014-10-23,243,56.83
CRM,Salesforce,2014-10-30,244,60.6
CRM,Salesforce,2014-11-06,245,62.08
CRM,Salesforce,2014-11-13,246,64
CRM,Salesforce,2014-11-20,247,59.43
CRM,Salesforce,2014-11-28,248,57.93
CRM,Salesforce,2014-12-05,249,58.98
CRM,Salesforce,2014-12-12,250,55.31
CRM,Salesforce,2014-12-19,251,59.61
CRM,Salesforce,2014-12-29,252,60.41
CRM,Salesforce,2015-01-06,253,58.18
CRM,Salesforce,2015-01-13,254,58.39
CRM,Salesforce,2015-01-21,255,56.99
CRM,Salesforce,2015-01-28,256,58.43
CRM,Salesforce,2015-02-04,257,58.44
CRM,Salesforce,2015-02-11,258,58.82
CRM,Salesforce,2015-02-19,259,62.59
CRM,Salesforce,2015-02-26,260,70.02
CRM,Salesforce,2015-03-05,261,65.12
CRM,Salesforce,2015-03-12,262,63.66
CRM,Salesforce,2015-03-19,263,68.3
CRM,Salesforce,2015-03-26,264,65.72
CRM,Salesforce,2015-04-02,265,66.25
CRM,Salesforce,2015-04-10,266,67.6
CRM,Salesforce,2015-04-17,267,67.16
CRM,Salesforce,2015-04-24,268,68.6
CRM,Salesforce,2015-05-01,269,73.37
CRM,Salesforce,2015-05-08,270,72
CRM,Salesforce,2015-05-15,271,73.22
CRM,Salesforce,2015-05-22,272,73
CRM,Salesforce,2015-06-01,273,72.79
CRM,Salesforce,2015-06-08,274,73.28
CRM,Salesforce,2015-06-15,275,71.31
CRM,Salesforce,2015-06-22,276,75.5
CRM,Salesforce,2015-06-29,277,71.67
CRM,Salesforce,2015-07-07,278,70.18
CRM,Salesforce,2015-07-14,279,71.21
CRM,Salesforce,2015-07-21,280,72.62
CRM,Salesforce,2015-07-28,281,72.79
CRM,Salesforce,2015-08-04,282,72.45
CRM,Salesforce,2015-08-11,283,70.68
CRM,Salesforce,2015-08-18,284,73.91
CRM,Salesforce,2015-08-25,285,67.59
CRM,Salesforce,2015-09-01,286,67.86
CRM,Salesforce,2015-09-09,287,71.02
CRM,Salesforce,2015-09-16,288,71.5
CRM,Salesforce,2015-09-23,289,71.5
CRM,Salesforce,2015-09-30,290,69.08
CRM,Salesforce,2015-10-07,291,74.62
CRM,Salesforce,2015-10-14,292,76.29
CRM,Salesforce,2015-10-21,293,77.42
CRM,Salesforce,2015-10-28,294,77.88
CRM,Salesforce,2015-11-04,295,78.88
CRM,Salesforce,2015-11-11,296,78.54
CRM,Salesforce,2015-11-18,297,77.77
CRM,Salesforce,2015-11-25,298,80.37
CRM,Salesforce,2015-12-03,299,80.96
CRM,Salesforce,2015-12-10,300,79.8
CRM,Salesforce,2015-12-17,301,78.97
CRM,Salesforce,2015-12-24,302,78.03
CRM,Salesforce,2016-01-04,303,77.14
CRM,Salesforce,2016-01-11,304,73.74
CRM,Salesforce,2016-01-19,305,71.86
CRM,Salesforce,2016-01-26,306,69.96
CRM,Salesforce,2016-02-02,307,67.65
CRM,Salesforce,2016-02-09,308,53.61
CRM,Salesforce,2016-02-17,309,60.38
CRM,Salesforce,2016-02-24,310,62
CRM,Salesforce,2016-03-02,311,69.68
CRM,Salesforce,2016-03-09,312,70.09
CRM,Salesforce,2016-03-16,313,71.27
CRM,Salesforce,2016-03-23,314,71.69
CRM,Salesforce,2016-03-31,315,74.06
CRM,Salesforce,2016-04-07,316,74.91
CRM,Salesforce,2016-04-14,317,76
CRM,Salesforce,2016-04-21,318,76.66
CRM,Salesforce,2016-04-28,319,75.38
CRM,Salesforce,2016-05-05,320,74.11
CRM,Salesforce,2016-05-12,321,76.45
CRM,Salesforce,2016-05-19,322,82.26
CRM,Salesforce,2016-05-26,323,83.82
CRM,Salesforce,2016-06-03,324,83
CRM,Salesforce,2016-06-10,325,82
CRM,Salesforce,2016-06-17,326,81.53
CRM,Salesforce,2016-06-24,327,79.41
CRM,Salesforce,2016-07-01,328,79.59
CRM,Salesforce,2016-07-11,329,81.06
CRM,Salesforce,2016-07-18,330,81.51
CRM,Salesforce,2016-07-25,331,82.58
CRM,Salesforce,2016-08-01,332,81.78
CRM,Salesforce,2016-08-08,333,81.38
CRM,Salesforce,2016-08-15,334,79.35
CRM,Salesforce,2016-08-22,335,77.48
CRM,Salesforce,2016-08-29,336,80.21
CRM,Salesforce,2016-09-06,337,74.93
CRM,Salesforce,2016-09-13,338,73.65
CRM,Salesforce,2016-09-20,339,73.54
CRM,Salesforce,2016-09-27,340,69.97
CRM,Salesforce,2016-10-04,341,70.59
CRM,Salesforce,2016-10-11,342,73.9
CRM,Salesforce,2016-10-18,343,74
CRM,Salesforce,2016-10-25,344,75.06
CRM,Salesforce,2016-11-01,345,75.99
CRM,Salesforce,2016-11-08,346,76.36
CRM,Salesforce,2016-11-15,347,74.49
CRM,Salesforce,2016-11-22,348,75.74
CRM,Salesforce,2016-11-30,349,73.21
CRM,Salesforce,2016-12-07,350,70.73
CRM,Salesforce,2016-12-14,351,71.71
CRM,Salesforce,2016-12-21,352,69.96
CRM,Salesforce,2016-12-29,353,68.85
CRM,Salesforce,2017-01-06,354,72.89
CRM,Salesforce,2017-01-13,355,74.84
CRM,Salesforce,2017-01-23,356,75.7
CRM,Salesforce,2017-01-30,357,77.8
CRM,Salesforce,2017-02-06,358,80.02
CRM,Salesforce,2017-02-13,359,81.18
CRM,Salesforce,2017-02-21,360,81.68
CRM,Salesforce,2017-02-28,361,81.5
CRM,Salesforce,2017-03-07,362,83.36
CRM,Salesforce,2017-03-14,363,83.42
CRM,Salesforce,2017-03-21,364,83
CRM,Salesforce,2017-03-28,365,81.44
CRM,Salesforce,2017-04-04,366,82.74
CRM,Salesforce,2017-04-11,367,84.07
CRM,Salesforce,2017-04-19,368,84.08
CRM,Salesforce,2017-04-26,369,84.75
CRM,Salesforce,2017-05-03,370,86.97
CRM,Salesforce,2017-05-10,371,87.38
CRM,Salesforce,2017-05-17,372,89.75
CRM,Salesforce,2017-05-24,373,88.43
CRM,Salesforce,2017-06-01,374,90
CRM,Salesforce,2017-06-08,375,91.39
CRM,Salesforce,2017-06-15,376,85.99
CRM,Salesforce,2017-06-22,377,87.87
CRM,Salesforce,2017-06-29,378,87.65
CRM,Salesforce,2017-07-07,379,87.2
CRM,Salesforce,2017-07-14,380,89.79
CRM,Salesforce,2017-07-21,381,90.34
CRM,Salesforce,2017-07-28,382,90
CRM,Salesforce,2017-08-04,383,90.61
CRM,Salesforce,2017-08-11,384,87.55
CRM,Salesforce,2017-08-18,385,90.82
CRM,Salesforce,2017-08-25,386,94.15
CRM,Salesforce,2017-09-01,387,95.75
CRM,Salesforce,2017-09-11,388,96.95
CRM,Salesforce,2017-09-18,389,94.94
CRM,Salesforce,2017-09-25,390,94.87
CRM,Salesforce,2017-10-02,391,93.72
CRM,Salesforce,2017-10-09,392,96.33
CRM,Salesforce,2017-10-16,393,96.95
CRM,Salesforce,2017-10-23,394,99.07
CRM,Salesforce,2017-10-30,395,100.7
CRM,Salesforce,2017-11-06,396,102.92
CRM,Salesforce,2017-11-13,397,105
CRM,Salesforce,2017-11-20,398,108.7
CRM,Salesforce,2017-11-28,399,106.1
CRM,Salesforce,2017-12-05,400,99.55
CRM,Salesforce,2017-12-12,401,104.95
CRM,Salesforce,2017-12-19,402,104.59
CRM,Salesforce,2017-12-27,403,102.59
CRM,Salesforce,2018-01-04,404,106
CRM,Salesforce,2018-01-11,405,109
CRM,Salesforce,2018-01-19,406,112.21
CRM,Salesforce,2018-01-26,407,112.72
CRM,Salesforce,2018-02-02,408,112.03
CRM,Salesforce,2018-02-09,409,105.32
CRM,Salesforce,2018-02-16,410,112.84
CRM,Salesforce,2018-02-26,411,116.11
CRM,Salesforce,2018-03-05,412,120
CRM,Salesforce,2018-03-12,413,127.87
CRM,Salesforce,2018-03-19,414,125.03
CRM,Salesforce,2018-03-26,415,118.24
CRM,Salesforce,2018-04-03,416,116.76
CRM,Salesforce,2018-04-10,417,118.92
CRM,Salesforce,2018-04-17,418,120.4
CRM,Salesforce,2018-04-24,419,123.34
CRM,Salesforce,2018-05-01,420,120.88
CRM,Salesforce,2018-05-08,421,126.59
CRM,Salesforce,2018-05-15,422,126.93
CRM,Salesforce,2018-05-22,423,126.66
CRM,Salesforce,2018-05-30,424,132.3
CRM,Salesforce,2018-06-06,425,134.33
CRM,Salesforce,2018-06-13,426,136.37
CRM,Salesforce,2018-06-20,427,140
CRM,Salesforce,2018-06-27,428,136.68
CRM,Salesforce,2018-07-05,429,139.26
CRM,Salesforce,2018-07-12,430,145.8
CRM,Salesforce,2018-07-19,431,147
CRM,Salesforce,2018-07-26,432,147.98
CRM,Salesforce,2018-08-02,433,137.05
CRM,Salesforce,2018-08-09,434,145.3
CRM,Salesforce,2018-08-16,435,146.51
CRM,Salesforce,2018-08-23,436,146.83
CRM,Salesforce,2018-08-30,437,151.12
CRM,Salesforce,2018-09-07,438,147.84
CRM,Salesforce,2018-09-14,439,157.95
CRM,Salesforce,2018-09-21,440,157.07
CRM,Salesforce,2018-09-28,441,160
CRM,Salesforce,2018-10-05,442,154.86
CRM,Salesforce,2018-10-12,443,145.77
CRM,Salesforce,2018-10-19,444,143.61
CRM,Salesforce,2018-10-26,445,135.75
CRM,Salesforce,2018-11-02,446,140.14
CRM,Salesforce,2018-11-09,447,141.06
CRM,Salesforce,2018-11-16,448,131.85
CRM,Salesforce,2018-11-26,449,124.48
CRM,Salesforce,2018-12-03,450,146.3
CRM,Salesforce,2018-12-11,451,140.59
CRM,Salesforce,2018-12-18,452,132.14
CRM,Salesforce,2018-12-26,453,122.52
CRM,Salesforce,2019-01-03,454,133.48
CRM,Salesforce,2019-01-10,455,143.77
CRM,Salesforce,2019-01-17,456,148.54
CRM,Salesforce,2019-01-25,457,148.53
CRM,Salesforce,2019-02-01,458,152.4
CRM,Salesforce,2019-02-08,459,152.91
CRM,Salesforce,2019-02-15,460,160.99
CRM,Salesforce,2019-02-25,461,162.51
CRM,Salesforce,2019-03-04,462,165.56
CRM,Salesforce,2019-03-11,463,155.9
CRM,Salesforce,2019-03-18,464,161.4
CRM,Salesforce,2019-03-25,465,160.23
CRM,Salesforce,2019-04-01,466,160.1
CRM,Salesforce,2019-04-08,467,158.4
CRM,Salesforce,2019-04-15,468,161
CRM,Salesforce,2019-04-23,469,159.76
CRM,Salesforce,2019-04-30,470,165.19
CRM,Salesforce,2019-05-07,471,161.33
CRM,Salesforce,2019-05-14,472,155.05
CRM,Salesforce,2019-05-21,473,157.36
CRM,Salesforce,2019-05-29,474,153.76
CRM,Salesforce,2019-06-05,475,157.15
CRM,Salesforce,2019-06-12,476,151.11
CRM,Salesforce,2019-06-19,477,151.69
CRM,Salesforce,2019-06-26,478,151.28
CRM,Salesforce,2019-07-03,479,154.54
CRM,Salesforce,2019-07-11,480,156.82
CRM,Salesforce,2019-07-18,481,157
CRM,Salesforce,2019-07-25,482,160.12
CRM,Salesforce,2019-08-01,483,154.73
CRM,Salesforce,2019-08-08,484,143.52
CRM,Salesforce,2019-08-15,485,141.1
CRM,Salesforce,2019-08-22,486,149.49
CRM,Salesforce,2019-08-29,487,153.4
CRM,Salesforce,2019-09-06,488,153.97
CRM,Salesforce,2019-09-13,489,154.32
CRM,Salesforce,2019-09-20,490,154.69
CRM,Salesforce,2019-09-27,491,153.12
CRM,Salesforce,2019-10-04,492,148.28
CRM,Salesforce,2019-10-11,493,148.14
CRM,Salesforce,2019-10-18,494,146.3
CRM,Salesforce,2019-10-25,495,147.05
CRM,Salesforce,2019-11-01,496,157.91
CRM,Salesforce,2019-11-08,497,159.25
CRM,Salesforce,2019-11-15,498,163.72
CRM,Salesforce,2019-11-22,499,162.98
CRM,Salesforce,2019-12-02,500,163.1
CRM,Salesforce,2019-12-09,501,157.38
CRM,Salesforce,2019-12-16,502,160.85
CRM,Salesforce,2019-12-23,503,164.04
CRM,Salesforce,2019-12-31,504,162.04
CRM,Salesforce,2020-01-08,505,175.23
CRM,Salesforce,2020-01-15,506,181.68
CRM,Salesforce,2020-01-23,507,183.21
CRM,Salesforce,2020-01-30,508,180.9
CRM,Salesforce,2020-02-06,509,186.83
CRM,Salesforce,2020-02-13,510,188.5
CRM,Salesforce,2020-02-21,511,191.84
CRM,Salesforce,2020-02-28,512,164.99
CRM,Salesforce,2020-03-06,513,165.67
CRM,Salesforce,2020-03-13,514,149.47
CRM,Salesforce,2020-03-20,515,140.42
CRM,Salesforce,2020-03-27,516,150.63
CRM,Salesforce,2020-04-03,517,134.45
CRM,Salesforce,2020-04-13,518,154.12
CRM,Salesforce,2020-04-20,519,160.75
CRM,Salesforce,2020-04-27,520,155.54
CRM,Salesforce,2020-05-04,521,155.58
CRM,Salesforce,2020-05-11,522,175.56
CRM,Salesforce,2020-05-18,523,174
CRM,Salesforce,2020-05-26,524,182
CRM,Salesforce,2020-06-02,525,174.85
CRM,Salesforce,2020-06-09,526,176
CRM,Salesforce,2020-06-16,527,180.01
CRM,Salesforce,2020-06-23,528,192
CRM,Salesforce,2020-06-30,529,183.45
CRM,Salesforce,2020-07-08,530,198
CRM,Salesforce,2020-07-15,531,191.03
CRM,Salesforce,2020-07-22,532,190.78
CRM,Salesforce,2020-07-29,533,190.15
CRM,Salesforce,2020-08-05,534,202.8
CRM,Salesforce,2020-08-12,535,193
CRM,Salesforce,2020-08-19,536,204
CRM,Salesforce,2020-08-26,537,251.96
CRM,Salesforce,2020-09-02,538,283.47
CRM,Salesforce,2020-09-10,539,254.81
CRM,Salesforce,2020-09-17,540,246.12
CRM,Salesforce,2020-09-24,541,235.84
CRM,Salesforce,2020-10-01,542,253.18
CRM,Salesforce,2020-10-08,543,264.2
CRM,Salesforce,2020-10-15,544,258.11
CRM,Salesforce,2020-10-22,545,253.89
CRM,Salesforce,2020-10-29,546,242.52
CRM,Salesforce,2020-11-05,547,258.11
CRM,Salesforce,2020-11-12,548,247.4
CRM,Salesforce,2020-11-19,549,256.84
CRM,Salesforce,2020-11-27,550,251
CRM,Salesforce,2020-12-04,551,223.82
CRM,Salesforce,2020-12-11,552,221.92
CRM,Salesforce,2020-12-18,553,227.02
CRM,Salesforce,2020-12-28,554,227.22
CRM,Salesforce,2021-01-05,555,219.49
CRM,Salesforce,2021-01-12,556,218
CRM,Salesforce,2021-01-20,557,221.99
CRM,Salesforce,2021-01-27,558,223.7
CRM,Salesforce,2021-02-03,559,235
CRM,Salesforce,2021-02-10,560,237.45
CRM,Salesforce,2021-02-18,561,245.97
CRM,Salesforce,2021-02-25,562,238.53
CRM,Salesforce,2021-03-04,563,206.84
CRM,Salesforce,2021-03-11,564,215
CRM,Salesforce,2021-03-18,565,210.7
CRM,Salesforce,2021-03-25,566,206.17
CRM,Salesforce,2021-04-01,567,213.6
CRM,Salesforce,2021-04-09,568,224.33
CRM,Salesforce,2021-04-16,569,234
CRM,Salesforce,2021-04-23,570,232.94
CRM,Salesforce,2021-04-30,571,232.8
CRM,Salesforce,2021-05-07,572,220.51
CRM,Salesforce,2021-05-14,573,214.19
CRM,Salesforce,2021-05-21,574,225.21
CRM,Salesforce,2021-05-28,575,239.22
CRM,Salesforce,2021-06-07,576,236.6
CRM,Salesforce,2021-06-14,577,240.7
CRM,Salesforce,2021-06-21,578,243.45
CRM,Salesforce,2021-06-28,579,244.21
CRM,Salesforce,2021-07-06,580,249
CRM,Salesforce,2021-07-13,581,242.29
CRM,Salesforce,2021-07-20,582,238.7
CRM,Salesforce,2021-07-27,583,247.21
CRM,Salesforce,2021-08-03,584,241.38
CRM,Salesforce,2021-08-10,585,250.87
CRM,Salesforce,2021-08-17,586,248.26
CRM,Salesforce,2021-08-24,587,261.92
CRM,Salesforce,2021-08-31,588,264.77
CRM,Salesforce,2021-09-08,589,263.62
CRM,Salesforce,2021-09-15,590,254.54
CRM,Salesforce,2021-09-22,591,258.9
CRM,Salesforce,2021-09-29,592,273.49
CRM,Salesforce,2021-10-06,593,269.67
CRM,Salesforce,2021-10-13,594,280
CRM,Salesforce,2021-10-20,595,293.11
CRM,Salesforce,2021-10-27,596,296.53
CRM,Salesforce,2021-11-03,597,303.95
CRM,Salesforce,2021-11-10,598,306.57
CRM,Salesforce,2021-11-17,599,307.78
CRM,Salesforce,2021-11-24,600,286.04
CRM,Salesforce,2021-12-02,601,252.82
CRM,Salesforce,2021-12-09,602,266.04
CRM,Salesforce,2021-12-16,603,260
CRM,Salesforce,2021-12-23,604,251.23
CRM,Salesforce,2021-12-31,605,254.47
CRM,Salesforce,2022-01-07,606,228.5
CRM,Salesforce,2022-01-14,607,228.03
CRM,Salesforce,2022-01-24,608,212.39
CRM,Salesforce,2022-01-31,609,222.95
CRM,Salesforce,2022-02-07,610,219
CRM,Salesforce,2022-02-14,611,205.8
CRM,Salesforce,2022-02-22,612,195.53
CRM,Salesforce,2022-03-01,613,213.4
CRM,Salesforce,2022-03-08,614,194.28
CRM,Salesforce,2022-03-15,615,198.53
CRM,Salesforce,2022-03-22,616,213.72
CRM,Salesforce,2022-03-29,617,218.62
CRM,Salesforce,2022-04-05,618,218
CRM,Salesforce,2022-04-12,619,199.75
CRM,Salesforce,2022-04-20,620,192.89
CRM,Salesforce,2022-04-27,621,171
CRM,Salesforce,2022-05-04,622,179.71
CRM,Salesforce,2022-05-11,623,165.5
CRM,Salesforce,2022-05-18,624,162.82
CRM,Salesforce,2022-05-25,625,155.32
CRM,Salesforce,2022-06-02,626,175
CRM,Salesforce,2022-06-09,627,188.53
CRM,Salesforce,2022-06-16,628,163.73
CRM,Salesforce,2022-06-24,629,177.72
CRM,Salesforce,2022-07-01,630,164.76
CRM,Salesforce,2022-07-11,631,174
CRM,Salesforce,2022-07-18,632,168.95
CRM,Salesforce,2022-07-25,633,181.83
CRM,Salesforce,2022-08-01,634,181.3
CRM,Salesforce,2022-08-08,635,191.09
CRM,Salesforce,2022-08-15,636,189.05
CRM,Salesforce,2022-08-22,637,180
CRM,Salesforce,2022-08-29,638,164.28
CRM,Salesforce,2022-09-06,639,152.88
CRM,Salesforce,2022-09-13,640,158.25
CRM,Salesforce,2022-09-20,641,151
CRM,Salesforce,2022-09-27,642,148.37
CRM,Salesforce,2022-10-04,643,151.7
CRM,Salesforce,2022-10-11,644,144.51
CRM,Salesforce,2022-10-18,645,156.45
CRM,Salesforce,2022-10-25,646,161.7
CRM,Salesforce,2022-11-01,647,165
CRM,Salesforce,2022-11-08,648,145.09
CRM,Salesforce,2022-11-15,649,162.68
CRM,Salesforce,2022-11-22,650,145.2
CRM,Salesforce,2022-11-30,651,150.75
CRM,Salesforce,2022-12-07,652,132.5
CRM,Salesforce,2022-12-14,653,135.01
CRM,Salesforce,2022-12-21,654,127.96
CRM,Salesforce,2022-12-29,655,129.7
CSCO,Cisco Systems,2010-01-04,1,24.11
CSCO,Cisco Systems,2010-01-11,2,24.64
CSCO,Cisco Systems,2010-01-19,3,24.54
CSCO,Cisco Systems,2010-01-26,4,22.8
CSCO,Cisco Systems,2010-02-02,5,22.81
CSCO,Cisco Systems,2010-02-09,6,23.8
CSCO,Cisco Systems,2010-02-17,7,23.99
CSCO,Cisco Systems,2010-02-24,8,24.09
CSCO,Cisco Systems,2010-03-03,9,24.7
CSCO,Cisco Systems,2010-03-10,10,25.85
CSCO,Cisco Systems,2010-03-17,11,26.2
CSCO,Cisco Systems,2010-03-24,12,26.56
CSCO,Cisco Systems,2010-03-31,13,26.52
CSCO,Cisco Systems,2010-04-08,14,26.28
CSCO,Cisco Systems,2010-04-15,15,27
CSCO,Cisco Systems,2010-04-22,16,27.08
CSCO,Cisco Systems,2010-04-29,17,27.1
CSCO,Cisco Systems,2010-05-06,18,26.4
CSCO,Cisco Systems,2010-05-13,19,26.09
CSCO,Cisco Systems,2010-05-20,20,23.56
CSCO,Cisco Systems,2010-05-27,21,23.39
CSCO,Cisco Systems,2010-06-04,22,23.32
CSCO,Cisco Systems,2010-06-11,23,22.53
CSCO,Cisco Systems,2010-06-18,24,23.28
CSCO,Cisco Systems,2010-06-25,25,22.59
CSCO,Cisco Systems,2010-07-02,26,21.21
CSCO,Cisco Systems,2010-07-12,27,22.61
CSCO,Cisco Systems,2010-07-19,28,22.87
CSCO,Cisco Systems,2010-07-26,29,23.32
CSCO,Cisco Systems,2010-08-02,30,23.43
CSCO,Cisco Systems,2010-08-09,31,24.21
CSCO,Cisco Systems,2010-08-16,32,21.24
CSCO,Cisco Systems,2010-08-23,33,22.47
CSCO,Cisco Systems,2010-08-30,34,20.8
CSCO,Cisco Systems,2010-09-07,35,20.9
CSCO,Cisco Systems,2010-09-14,36,21.36
CSCO,Cisco Systems,2010-09-21,37,21.78
CSCO,Cisco Systems,2010-09-28,38,22
CSCO,Cisco Systems,2010-10-05,39,22.02
CSCO,Cisco Systems,2010-10-12,40,22.38
CSCO,Cisco Systems,2010-10-19,41,23.1
CSCO,Cisco Systems,2010-10-26,42,23.49
CSCO,Cisco Systems,2010-11-02,43,23.17
CSCO,Cisco Systems,2010-11-09,44,24.49
CSCO,Cisco Systems,2010-11-16,45,19.88
CSCO,Cisco Systems,2010-11-23,46,19.44
CSCO,Cisco Systems,2010-12-01,47,19.34
CSCO,Cisco Systems,2010-12-08,48,19.37
CSCO,Cisco Systems,2010-12-15,49,19.58
CSCO,Cisco Systems,2010-12-22,50,19.54
CSCO,Cisco Systems,2010-12-30,51,20.32
CSCO,Cisco Systems,2011-01-06,52,20.91
CSCO,Cisco Systems,2011-01-13,53,21.18
CSCO,Cisco Systems,2011-01-21,54,20.97
CSCO,Cisco Systems,2011-01-28,55,21.49
CSCO,Cisco Systems,2011-02-04,56,21.9
CSCO,Cisco Systems,2011-02-11,57,19.11
CSCO,Cisco Systems,2011-02-18,58,18.74
CSCO,Cisco Systems,2011-02-28,59,18.62
CSCO,Cisco Systems,2011-03-07,60,18.36
CSCO,Cisco Systems,2011-03-14,61,17.81
CSCO,Cisco Systems,2011-03-21,62,17.34
CSCO,Cisco Systems,2011-03-28,63,17.36
CSCO,Cisco Systems,2011-04-04,64,17.01
CSCO,Cisco Systems,2011-04-11,65,17.71
CSCO,Cisco Systems,2011-04-18,66,16.88
CSCO,Cisco Systems,2011-04-26,67,17.21
CSCO,Cisco Systems,2011-05-03,68,17.53
CSCO,Cisco Systems,2011-05-10,69,17.65
CSCO,Cisco Systems,2011-05-17,70,16.5
CSCO,Cisco Systems,2011-05-24,71,16.4
CSCO,Cisco Systems,2011-06-01,72,16.76
CSCO,Cisco Systems,2011-06-08,73,15.41
CSCO,Cisco Systems,2011-06-15,74,14.96
CSCO,Cisco Systems,2011-06-22,75,15.48
CSCO,Cisco Systems,2011-06-29,76,15.18
CSCO,Cisco Systems,2011-07-07,77,15.64
CSCO,Cisco Systems,2011-07-14,78,15.56
CSCO,Cisco Systems,2011-07-21,79,15.82
CSCO,Cisco Systems,2011-07-28,80,15.96
CSCO,Cisco Systems,2011-08-04,81,15.27
CSCO,Cisco Systems,2011-08-11,82,15.45
CSCO,Cisco Systems,2011-08-18,83,15.39
CSCO,Cisco Systems,2011-08-25,84,15.52
CSCO,Cisco Systems,2011-09-01,85,15.69
CSCO,Cisco Systems,2011-09-09,86,16.15
CSCO,Cisco Systems,2011-09-16,87,16.72
CSCO,Cisco Systems,2011-09-23,88,15.16
CSCO,Cisco Systems,2011-09-30,89,15.63
CSCO,Cisco Systems,2011-10-07,90,16.76
CSCO,Cisco Systems,2011-10-14,91,17.54
CSCO,Cisco Systems,2011-10-21,92,17.33
CSCO,Cisco Systems,2011-10-28,93,18.28
CSCO,Cisco Systems,2011-11-04,94,18.08
CSCO,Cisco Systems,2011-11-11,95,18.79
CSCO,Cisco Systems,2011-11-18,96,18.46
CSCO,Cisco Systems,2011-11-28,97,17.92
CSCO,Cisco Systems,2011-12-05,98,18.84
CSCO,Cisco Systems,2011-12-12,99,18.62
CSCO,Cisco Systems,2011-12-19,100,17.96
CSCO,Cisco Systems,2011-12-27,101,18.48
CSCO,Cisco Systems,2012-01-04,102,18.44
CSCO,Cisco Systems,2012-01-11,103,18.94
CSCO,Cisco Systems,2012-01-19,104,19.68
CSCO,Cisco Systems,2012-01-26,105,19.97
CSCO,Cisco Systems,2012-02-02,106,19.83
CSCO,Cisco Systems,2012-02-09,107,20.23
CSCO,Cisco Systems,2012-02-16,108,19.98
CSCO,Cisco Systems,2012-02-24,109,20.27
CSCO,Cisco Systems,2012-03-02,110,19.84
CSCO,Cisco Systems,2012-03-09,111,19.73
CSCO,Cisco Systems,2012-03-16,112,20.01
CSCO,Cisco Systems,2012-03-23,113,20.34
CSCO,Cisco Systems,2012-03-30,114,21.12
CSCO,Cisco Systems,2012-04-09,115,19.97
CSCO,Cisco Systems,2012-04-16,116,19.92
CSCO,Cisco Systems,2012-04-23,117,19.77
CSCO,Cisco Systems,2012-04-30,118,19.85
CSCO,Cisco Systems,2012-05-07,119,19.02
CSCO,Cisco Systems,2012-05-14,120,16.4
CSCO,Cisco Systems,2012-05-21,121,16.51
CSCO,Cisco Systems,2012-05-29,122,16.51
CSCO,Cisco Systems,2012-06-05,123,16.06
CSCO,Cisco Systems,2012-06-12,124,16.57
CSCO,Cisco Systems,2012-06-19,125,17.28
CSCO,Cisco Systems,2012-06-26,126,16.97
CSCO,Cisco Systems,2012-07-03,127,17.02
CSCO,Cisco Systems,2012-07-11,128,16.4
CSCO,Cisco Systems,2012-07-18,129,16.25
CSCO,Cisco Systems,2012-07-25,130,15.2
CSCO,Cisco Systems,2012-08-01,131,16.01
CSCO,Cisco Systems,2012-08-08,132,17.04
CSCO,Cisco Systems,2012-08-15,133,17.15
CSCO,Cisco Systems,2012-08-22,134,19.07
CSCO,Cisco Systems,2012-08-29,135,19.22
CSCO,Cisco Systems,2012-09-06,136,19.07
CSCO,Cisco Systems,2012-09-13,137,19.06
CSCO,Cisco Systems,2012-09-20,138,19.03
CSCO,Cisco Systems,2012-09-27,139,18.68
CSCO,Cisco Systems,2012-10-04,140,19.01
CSCO,Cisco Systems,2012-10-11,141,18.47
CSCO,Cisco Systems,2012-10-18,142,18.61
CSCO,Cisco Systems,2012-10-25,143,17.53
CSCO,Cisco Systems,2012-11-05,144,17.33
CSCO,Cisco Systems,2012-11-12,145,16.86
CSCO,Cisco Systems,2012-11-19,146,18.27
CSCO,Cisco Systems,2012-11-27,147,18.9
CSCO,Cisco Systems,2012-12-04,148,19.08
CSCO,Cisco Systems,2012-12-11,149,19.85
CSCO,Cisco Systems,2012-12-18,150,20.1
CSCO,Cisco Systems,2012-12-26,151,19.83
CSCO,Cisco Systems,2013-01-03,152,20.46
CSCO,Cisco Systems,2013-01-10,153,20.35
CSCO,Cisco Systems,2013-01-17,154,20.79
CSCO,Cisco Systems,2013-01-25,155,21.1
CSCO,Cisco Systems,2013-02-01,156,20.73
CSCO,Cisco Systems,2013-02-08,157,21.17
CSCO,Cisco Systems,2013-02-15,158,20.94
CSCO,Cisco Systems,2013-02-25,159,21
CSCO,Cisco Systems,2013-03-04,160,20.74
CSCO,Cisco Systems,2013-03-11,161,21.77
CSCO,Cisco Systems,2013-03-18,162,21.74
CSCO,Cisco Systems,2013-03-25,163,20.88
CSCO,Cisco Systems,2013-04-02,164,20.96
CSCO,Cisco Systems,2013-04-09,165,20.64
CSCO,Cisco Systems,2013-04-16,166,21.15
CSCO,Cisco Systems,2013-04-23,167,20.75
CSCO,Cisco Systems,2013-04-30,168,20.99
CSCO,Cisco Systems,2013-05-07,169,20.68
CSCO,Cisco Systems,2013-05-14,170,21.21
CSCO,Cisco Systems,2013-05-21,171,23.89
CSCO,Cisco Systems,2013-05-29,172,23.71
CSCO,Cisco Systems,2013-06-05,173,24.27
CSCO,Cisco Systems,2013-06-12,174,24.22
CSCO,Cisco Systems,2013-06-19,175,24.78
CSCO,Cisco Systems,2013-06-26,176,24.3
CSCO,Cisco Systems,2013-07-03,177,24.36
CSCO,Cisco Systems,2013-07-11,178,25.62
CSCO,Cisco Systems,2013-07-18,179,25.87
CSCO,Cisco Systems,2013-07-25,180,25.6
CSCO,Cisco Systems,2013-08-01,181,25.79
CSCO,Cisco Systems,2013-08-08,182,26.27
CSCO,Cisco Systems,2013-08-15,183,24.39
CSCO,Cisco Systems,2013-08-22,184,24.07
CSCO,Cisco Systems,2013-08-29,185,23.47
CSCO,Cisco Systems,2013-09-06,186,23.82
CSCO,Cisco Systems,2013-09-13,187,24.33
CSCO,Cisco Systems,2013-09-20,188,24.73
CSCO,Cisco Systems,2013-09-27,189,23.35
CSCO,Cisco Systems,2013-10-04,190,22.96
CSCO,Cisco Systems,2013-10-11,191,23.02
CSCO,Cisco Systems,2013-10-18,192,22.86
CSCO,Cisco Systems,2013-10-25,193,22.59
CSCO,Cisco Systems,2013-11-01,194,22.66
CSCO,Cisco Systems,2013-11-08,195,23.28
CSCO,Cisco Systems,2013-11-15,196,21.46
CSCO,Cisco Systems,2013-11-22,197,21.41
CSCO,Cisco Systems,2013-12-02,198,21.29
CSCO,Cisco Systems,2013-12-09,199,21.3
CSCO,Cisco Systems,2013-12-16,200,20.35
CSCO,Cisco Systems,2013-12-23,201,21.25
CSCO,Cisco Systems,2013-12-31,202,22.25
CSCO,Cisco Systems,2014-01-08,203,22.29
CSCO,Cisco Systems,2014-01-15,204,22.5
CSCO,Cisco Systems,2014-01-23,205,22.69
CSCO,Cisco Systems,2014-01-30,206,21.77
CSCO,Cisco Systems,2014-02-06,207,22.04
CSCO,Cisco Systems,2014-02-13,208,21.99
CSCO,Cisco Systems,2014-02-21,209,22.37
CSCO,Cisco Systems,2014-02-28,210,21.97
CSCO,Cisco Systems,2014-03-07,211,21.92
CSCO,Cisco Systems,2014-03-14,212,21.55
CSCO,Cisco Systems,2014-03-21,213,21.94
CSCO,Cisco Systems,2014-03-28,214,22.09
CSCO,Cisco Systems,2014-04-04,215,23.28
CSCO,Cisco Systems,2014-04-11,216,22.55
CSCO,Cisco Systems,2014-04-21,217,23.22
CSCO,Cisco Systems,2014-04-28,218,23.15
CSCO,Cisco Systems,2014-05-05,219,22.9
CSCO,Cisco Systems,2014-05-12,220,23.04
CSCO,Cisco Systems,2014-05-19,221,24.24
CSCO,Cisco Systems,2014-05-27,222,24.74
CSCO,Cisco Systems,2014-06-03,223,24.75
CSCO,Cisco Systems,2014-06-10,224,24.73
CSCO,Cisco Systems,2014-06-17,225,24.49
CSCO,Cisco Systems,2014-06-24,226,24.62
CSCO,Cisco Systems,2014-07-01,227,24.99
CSCO,Cisco Systems,2014-07-09,228,25.22
CSCO,Cisco Systems,2014-07-16,229,25.73
CSCO,Cisco Systems,2014-07-23,230,25.72
CSCO,Cisco Systems,2014-07-30,231,25.83
CSCO,Cisco Systems,2014-08-06,232,24.93
CSCO,Cisco Systems,2014-08-13,233,25.17
CSCO,Cisco Systems,2014-08-20,234,24.55
CSCO,Cisco Systems,2014-08-27,235,24.79
CSCO,Cisco Systems,2014-09-04,236,25.08
CSCO,Cisco Systems,2014-09-11,237,24.92
CSCO,Cisco Systems,2014-09-18,238,25.17
CSCO,Cisco Systems,2014-09-25,239,24.96
CSCO,Cisco Systems,2014-10-02,240,25.05
CSCO,Cisco Systems,2014-10-09,241,24.51
CSCO,Cisco Systems,2014-10-16,242,22.65
CSCO,Cisco Systems,2014-10-23,243,23.61
CSCO,Cisco Systems,2014-10-30,244,24
CSCO,Cisco Systems,2014-11-06,245,25.1
CSCO,Cisco Systems,2014-11-13,246,24.93
CSCO,Cisco Systems,2014-11-20,247,26.49
CSCO,Cisco Systems,2014-11-28,248,27.52
CSCO,Cisco Systems,2014-12-05,249,27.79
CSCO,Cisco Systems,2014-12-12,250,26.71
CSCO,Cisco Systems,2014-12-19,251,27.65
CSCO,Cisco Systems,2014-12-29,252,28.35
CSCO,Cisco Systems,2015-01-06,253,27.14
CSCO,Cisco Systems,2015-01-13,254,28.21
CSCO,Cisco Systems,2015-01-21,255,28.06
CSCO,Cisco Systems,2015-01-28,256,27.39
CSCO,Cisco Systems,2015-02-04,257,27.06
CSCO,Cisco Systems,2015-02-11,258,27.65
CSCO,Cisco Systems,2015-02-19,259,29.31
CSCO,Cisco Systems,2015-02-26,260,29.52
CSCO,Cisco Systems,2015-03-05,261,29.47
CSCO,Cisco Systems,2015-03-12,262,28.05
CSCO,Cisco Systems,2015-03-19,263,28.1
CSCO,Cisco Systems,2015-03-26,264,27.19
CSCO,Cisco Systems,2015-04-02,265,27.22
CSCO,Cisco Systems,2015-04-10,266,27.58
CSCO,Cisco Systems,2015-04-17,267,28.26
CSCO,Cisco Systems,2015-04-24,268,29.19
CSCO,Cisco Systems,2015-05-01,269,28.81
CSCO,Cisco Systems,2015-05-08,270,28.99
CSCO,Cisco Systems,2015-05-15,271,29.24
CSCO,Cisco Systems,2015-05-22,272,29.39
CSCO,Cisco Systems,2015-06-01,273,29.6
CSCO,Cisco Systems,2015-06-08,274,28.67
CSCO,Cisco Systems,2015-06-15,275,28.23
CSCO,Cisco Systems,2015-06-22,276,29.1
CSCO,Cisco Systems,2015-06-29,277,27.99
CSCO,Cisco Systems,2015-07-07,278,27.22
CSCO,Cisco Systems,2015-07-14,279,27.87
CSCO,Cisco Systems,2015-07-21,280,27.96
CSCO,Cisco Systems,2015-07-28,281,28.34
CSCO,Cisco Systems,2015-08-04,282,28.22
CSCO,Cisco Systems,2015-08-11,283,28.24
CSCO,Cisco Systems,2015-08-18,284,28.71
CSCO,Cisco Systems,2015-08-25,285,25.94
CSCO,Cisco Systems,2015-09-01,286,25.22
CSCO,Cisco Systems,2015-09-09,287,26.5
CSCO,Cisco Systems,2015-09-16,288,26.07
CSCO,Cisco Systems,2015-09-23,289,25.22
CSCO,Cisco Systems,2015-09-30,290,26
CSCO,Cisco Systems,2015-10-07,291,27.52
CSCO,Cisco Systems,2015-10-14,292,27.75
CSCO,Cisco Systems,2015-10-21,293,28.6
CSCO,Cisco Systems,2015-10-28,294,29.29
CSCO,Cisco Systems,2015-11-04,295,28.79
CSCO,Cisco Systems,2015-11-11,296,28.1
CSCO,Cisco Systems,2015-11-18,297,27
CSCO,Cisco Systems,2015-11-25,298,27.32
CSCO,Cisco Systems,2015-12-03,299,27.63
CSCO,Cisco Systems,2015-12-10,300,26.74
CSCO,Cisco Systems,2015-12-17,301,27.29
CSCO,Cisco Systems,2015-12-24,302,27.41
CSCO,Cisco Systems,2016-01-04,303,26.39
CSCO,Cisco Systems,2016-01-11,304,24.93
CSCO,Cisco Systems,2016-01-19,305,23.8
CSCO,Cisco Systems,2016-01-26,306,23.24
CSCO,Cisco Systems,2016-02-02,307,23.23
CSCO,Cisco Systems,2016-02-09,308,22.6
CSCO,Cisco Systems,2016-02-17,309,26.17
CSCO,Cisco Systems,2016-02-24,310,25.89
CSCO,Cisco Systems,2016-03-02,311,26.8
CSCO,Cisco Systems,2016-03-09,312,27.24
CSCO,Cisco Systems,2016-03-16,313,27.52
CSCO,Cisco Systems,2016-03-23,314,28.26
CSCO,Cisco Systems,2016-03-31,315,28.53
CSCO,Cisco Systems,2016-04-07,316,27.9
CSCO,Cisco Systems,2016-04-14,317,28.38
CSCO,Cisco Systems,2016-04-21,318,28.42
CSCO,Cisco Systems,2016-04-28,319,28.45
CSCO,Cisco Systems,2016-05-05,320,26.46
CSCO,Cisco Systems,2016-05-12,321,26.81
CSCO,Cisco Systems,2016-05-19,322,27.99
CSCO,Cisco Systems,2016-05-26,323,28.86
CSCO,Cisco Systems,2016-06-03,324,29.13
CSCO,Cisco Systems,2016-06-10,325,28.79
CSCO,Cisco Systems,2016-06-17,326,28.88
CSCO,Cisco Systems,2016-06-24,327,28.16
CSCO,Cisco Systems,2016-07-01,328,28.78
CSCO,Cisco Systems,2016-07-11,329,29.34
CSCO,Cisco Systems,2016-07-18,330,29.75
CSCO,Cisco Systems,2016-07-25,331,30.67
CSCO,Cisco Systems,2016-08-01,332,30.7
CSCO,Cisco Systems,2016-08-08,333,31
CSCO,Cisco Systems,2016-08-15,334,30.98
CSCO,Cisco Systems,2016-08-22,335,30.44
CSCO,Cisco Systems,2016-08-29,336,31.43
CSCO,Cisco Systems,2016-09-06,337,31.93
CSCO,Cisco Systems,2016-09-13,338,31.26
CSCO,Cisco Systems,2016-09-20,339,31.08
CSCO,Cisco Systems,2016-09-27,340,31.09
CSCO,Cisco Systems,2016-10-04,341,31.46
CSCO,Cisco Systems,2016-10-11,342,31.52
CSCO,Cisco Systems,2016-10-18,343,30.69
CSCO,Cisco Systems,2016-10-25,344,30.5
CSCO,Cisco Systems,2016-11-01,345,30.85
CSCO,Cisco Systems,2016-11-08,346,30.94
CSCO,Cisco Systems,2016-11-15,347,31.27
CSCO,Cisco Systems,2016-11-22,348,30.08
CSCO,Cisco Systems,2016-11-30,349,29.76
CSCO,Cisco Systems,2016-12-07,350,29.48
CSCO,Cisco Systems,2016-12-14,351,30.6
CSCO,Cisco Systems,2016-12-21,352,30.69
CSCO,Cisco Systems,2016-12-29,353,30.37
CSCO,Cisco Systems,2017-01-06,354,30.17
CSCO,Cisco Systems,2017-01-13,355,30.1
CSCO,Cisco Systems,2017-01-23,356,30.14
CSCO,Cisco Systems,2017-01-30,357,30.94
CSCO,Cisco Systems,2017-02-06,358,31.29
CSCO,Cisco Systems,2017-02-13,359,31.67
CSCO,Cisco Systems,2017-02-21,360,33.69
CSCO,Cisco Systems,2017-02-28,361,34.16
CSCO,Cisco Systems,2017-03-07,362,34
CSCO,Cisco Systems,2017-03-14,363,33.94
CSCO,Cisco Systems,2017-03-21,364,34.45
CSCO,Cisco Systems,2017-03-28,365,33.9
CSCO,Cisco Systems,2017-04-04,366,33.25
CSCO,Cisco Systems,2017-04-11,367,33.04
CSCO,Cisco Systems,2017-04-19,368,32.8
CSCO,Cisco Systems,2017-04-26,369,33.58
CSCO,Cisco Systems,2017-05-03,370,34.16
CSCO,Cisco Systems,2017-05-10,371,33.9
CSCO,Cisco Systems,2017-05-17,372,34.2
CSCO,Cisco Systems,2017-05-24,373,31.93
CSCO,Cisco Systems,2017-06-01,374,31.52
CSCO,Cisco Systems,2017-06-08,375,31.53
CSCO,Cisco Systems,2017-06-15,376,31.25
CSCO,Cisco Systems,2017-06-22,377,31.91
CSCO,Cisco Systems,2017-06-29,378,31.79
CSCO,Cisco Systems,2017-07-07,379,30.76
CSCO,Cisco Systems,2017-07-14,380,31.37
CSCO,Cisco Systems,2017-07-21,381,31.86
CSCO,Cisco Systems,2017-07-28,382,31.45
CSCO,Cisco Systems,2017-08-04,383,31.67
CSCO,Cisco Systems,2017-08-11,384,31.23
CSCO,Cisco Systems,2017-08-18,385,31
CSCO,Cisco Systems,2017-08-25,386,31.39
CSCO,Cisco Systems,2017-09-01,387,32.22
CSCO,Cisco Systems,2017-09-11,388,31.71
CSCO,Cisco Systems,2017-09-18,389,32.43
CSCO,Cisco Systems,2017-09-25,390,33.31
CSCO,Cisco Systems,2017-10-02,391,33.61
CSCO,Cisco Systems,2017-10-09,392,33.77
CSCO,Cisco Systems,2017-10-16,393,33.6
CSCO,Cisco Systems,2017-10-23,394,34.45
CSCO,Cisco Systems,2017-10-30,395,34.13
CSCO,Cisco Systems,2017-11-06,396,34.37
CSCO,Cisco Systems,2017-11-13,397,33.86
CSCO,Cisco Systems,2017-11-20,398,35.93
CSCO,Cisco Systems,2017-11-28,399,37
CSCO,Cisco Systems,2017-12-05,400,37.74
CSCO,Cisco Systems,2017-12-12,401,37.79
CSCO,Cisco Systems,2017-12-19,402,38.66
CSCO,Cisco Systems,2017-12-27,403,38.54
CSCO,Cisco Systems,2018-01-04,404,39.05
CSCO,Cisco Systems,2018-01-11,405,40.14
CSCO,Cisco Systems,2018-01-19,406,41.28
CSCO,Cisco Systems,2018-01-26,407,42.15
CSCO,Cisco Systems,2018-02-02,408,41.5
CSCO,Cisco Systems,2018-02-09,409,39
CSCO,Cisco Systems,2018-02-16,410,43.89
CSCO,Cisco Systems,2018-02-26,411,44.3
CSCO,Cisco Systems,2018-03-05,412,43.92
CSCO,Cisco Systems,2018-03-12,413,45.53
CSCO,Cisco Systems,2018-03-19,414,44.59
CSCO,Cisco Systems,2018-03-26,415,43.25
CSCO,Cisco Systems,2018-04-03,416,41.34
CSCO,Cisco Systems,2018-04-10,417,42.1
CSCO,Cisco Systems,2018-04-17,418,43.85
CSCO,Cisco Systems,2018-04-24,419,44.43
CSCO,Cisco Systems,2018-05-01,420,43.91
CSCO,Cisco Systems,2018-05-08,421,45.82
CSCO,Cisco Systems,2018-05-15,422,45.21
CSCO,Cisco Systems,2018-05-22,423,43.79
CSCO,Cisco Systems,2018-05-30,424,43.08
CSCO,Cisco Systems,2018-06-06,425,43.76
CSCO,Cisco Systems,2018-06-13,426,44.02
CSCO,Cisco Systems,2018-06-20,427,43.95
CSCO,Cisco Systems,2018-06-27,428,42.73
CSCO,Cisco Systems,2018-07-05,429,42.56
CSCO,Cisco Systems,2018-07-12,430,42.76
CSCO,Cisco Systems,2018-07-19,431,42.8
CSCO,Cisco Systems,2018-07-26,432,43.58
CSCO,Cisco Systems,2018-08-02,433,41.39
CSCO,Cisco Systems,2018-08-09,434,43.89
CSCO,Cisco Systems,2018-08-16,435,45.77
CSCO,Cisco Systems,2018-08-23,436,45.88
CSCO,Cisco Systems,2018-08-30,437,47.31
CSCO,Cisco Systems,2018-09-07,438,47.01
CSCO,Cisco Systems,2018-09-14,439,47.27
CSCO,Cisco Systems,2018-09-21,440,47.93
CSCO,Cisco Systems,2018-09-28,441,48.27
CSCO,Cisco Systems,2018-10-05,442,48.4
CSCO,Cisco Systems,2018-10-12,443,44.93
CSCO,Cisco Systems,2018-10-19,444,45.4
CSCO,Cisco Systems,2018-10-26,445,44.57
CSCO,Cisco Systems,2018-11-02,446,45.72
CSCO,Cisco Systems,2018-11-09,447,48.08
CSCO,Cisco Systems,2018-11-16,448,46.46
CSCO,Cisco Systems,2018-11-26,449,45.14
CSCO,Cisco Systems,2018-12-03,450,48.32
CSCO,Cisco Systems,2018-12-11,451,47.86
CSCO,Cisco Systems,2018-12-18,452,44.55
CSCO,Cisco Systems,2018-12-26,453,40.68
CSCO,Cisco Systems,2019-01-03,454,42.3
CSCO,Cisco Systems,2019-01-10,455,43.11
CSCO,Cisco Systems,2019-01-17,456,43.87
CSCO,Cisco Systems,2019-01-25,457,46.12
CSCO,Cisco Systems,2019-02-01,458,47.37
CSCO,Cisco Systems,2019-02-08,459,46.4
CSCO,Cisco Systems,2019-02-15,460,48.83
CSCO,Cisco Systems,2019-02-25,461,50.34
CSCO,Cisco Systems,2019-03-04,462,51.65
CSCO,Cisco Systems,2019-03-11,463,51.14
CSCO,Cisco Systems,2019-03-18,464,53.27
CSCO,Cisco Systems,2019-03-25,465,52.7
CSCO,Cisco Systems,2019-04-01,466,54.48
CSCO,Cisco Systems,2019-04-08,467,55.2
CSCO,Cisco Systems,2019-04-15,468,56.4
CSCO,Cisco Systems,2019-04-23,469,56.43
CSCO,Cisco Systems,2019-04-30,470,56
CSCO,Cisco Systems,2019-05-07,471,53.86
CSCO,Cisco Systems,2019-05-14,472,51.45
CSCO,Cisco Systems,2019-05-21,473,56.68
CSCO,Cisco Systems,2019-05-29,474,53.55
CSCO,Cisco Systems,2019-06-05,475,53.85
CSCO,Cisco Systems,2019-06-12,476,56.05
CSCO,Cisco Systems,2019-06-19,477,56.04
CSCO,Cisco Systems,2019-06-26,478,56.54
CSCO,Cisco Systems,2019-07-03,479,55.77
CSCO,Cisco Systems,2019-07-11,480,57.37
CSCO,Cisco Systems,2019-07-18,481,57.05
CSCO,Cisco Systems,2019-07-25,482,57.36
CSCO,Cisco Systems,2019-08-01,483,55.84
CSCO,Cisco Systems,2019-08-08,484,52.79
CSCO,Cisco Systems,2019-08-15,485,47.36
CSCO,Cisco Systems,2019-08-22,486,49.24
CSCO,Cisco Systems,2019-08-29,487,47.59
CSCO,Cisco Systems,2019-09-06,488,48.65
CSCO,Cisco Systems,2019-09-13,489,50.01
CSCO,Cisco Systems,2019-09-20,490,49.29
CSCO,Cisco Systems,2019-09-27,491,49
CSCO,Cisco Systems,2019-10-04,492,47.25
CSCO,Cisco Systems,2019-10-11,493,46.67
CSCO,Cisco Systems,2019-10-18,494,47.1
CSCO,Cisco Systems,2019-10-25,495,46.54
CSCO,Cisco Systems,2019-11-01,496,46.85
CSCO,Cisco Systems,2019-11-08,497,48.42
CSCO,Cisco Systems,2019-11-15,498,45.07
CSCO,Cisco Systems,2019-11-22,499,45.15
CSCO,Cisco Systems,2019-12-02,500,45.25
CSCO,Cisco Systems,2019-12-09,501,43.89
CSCO,Cisco Systems,2019-12-16,502,45.8
CSCO,Cisco Systems,2019-12-23,503,47.55
CSCO,Cisco Systems,2019-12-31,504,47.54
CSCO,Cisco Systems,2020-01-08,505,46.97
CSCO,Cisco Systems,2020-01-15,506,47.92
CSCO,Cisco Systems,2020-01-23,507,49
CSCO,Cisco Systems,2020-01-30,508,46.54
CSCO,Cisco Systems,2020-02-06,509,48.69
CSCO,Cisco Systems,2020-02-13,510,47.15
CSCO,Cisco Systems,2020-02-21,511,46.73
CSCO,Cisco Systems,2020-02-28,512,38.7
CSCO,Cisco Systems,2020-03-06,513,38
CSCO,Cisco Systems,2020-03-13,514,35.18
CSCO,Cisco Systems,2020-03-20,515,38.27
CSCO,Cisco Systems,2020-03-27,516,39.21
CSCO,Cisco Systems,2020-04-03,517,39.82
CSCO,Cisco Systems,2020-04-13,518,41.04
CSCO,Cisco Systems,2020-04-20,519,41.92
CSCO,Cisco Systems,2020-04-27,520,42.7
CSCO,Cisco Systems,2020-05-04,521,40.95
CSCO,Cisco Systems,2020-05-11,522,42.78
CSCO,Cisco Systems,2020-05-18,523,45.21
CSCO,Cisco Systems,2020-05-26,524,45.78
CSCO,Cisco Systems,2020-06-02,525,46.4
CSCO,Cisco Systems,2020-06-09,526,48.02
CSCO,Cisco Systems,2020-06-16,527,47.41
CSCO,Cisco Systems,2020-06-23,528,45.92
CSCO,Cisco Systems,2020-06-30,529,46.15
CSCO,Cisco Systems,2020-07-08,530,45.59
CSCO,Cisco Systems,2020-07-15,531,46.5
CSCO,Cisco Systems,2020-07-22,532,47.02
CSCO,Cisco Systems,2020-07-29,533,46.4
CSCO,Cisco Systems,2020-08-05,534,47.67
CSCO,Cisco Systems,2020-08-12,535,47.28
CSCO,Cisco Systems,2020-08-19,536,42.1
CSCO,Cisco Systems,2020-08-26,537,41.65
CSCO,Cisco Systems,2020-09-02,538,42.04
CSCO,Cisco Systems,2020-09-10,539,40.03
CSCO,Cisco Systems,2020-09-17,540,39.66
CSCO,Cisco Systems,2020-09-24,541,38
CSCO,Cisco Systems,2020-10-01,542,39.1
CSCO,Cisco Systems,2020-10-08,543,39.8
CSCO,Cisco Systems,2020-10-15,544,39.47
CSCO,Cisco Systems,2020-10-22,545,38.85
CSCO,Cisco Systems,2020-10-29,546,35.51
CSCO,Cisco Systems,2020-11-05,547,37.02
CSCO,Cisco Systems,2020-11-12,548,38.98
CSCO,Cisco Systems,2020-11-19,549,41
CSCO,Cisco Systems,2020-11-27,550,42.86
CSCO,Cisco Systems,2020-12-04,551,43.89
CSCO,Cisco Systems,2020-12-11,552,43.94
CSCO,Cisco Systems,2020-12-18,553,44.9
CSCO,Cisco Systems,2020-12-28,554,44.93
CSCO,Cisco Systems,2021-01-05,555,43.68
CSCO,Cisco Systems,2021-01-12,556,45.3
CSCO,Cisco Systems,2021-01-20,557,45.33
CSCO,Cisco Systems,2021-01-27,558,45.24
CSCO,Cisco Systems,2021-02-03,559,45.75
CSCO,Cisco Systems,2021-02-10,560,46.15
CSCO,Cisco Systems,2021-02-18,561,46.39
CSCO,Cisco Systems,2021-02-25,562,45.59
CSCO,Cisco Systems,2021-03-04,563,45.14
CSCO,Cisco Systems,2021-03-11,564,48.51
CSCO,Cisco Systems,2021-03-18,565,48.52
CSCO,Cisco Systems,2021-03-25,566,50.58
CSCO,Cisco Systems,2021-04-01,567,51.75
CSCO,Cisco Systems,2021-04-09,568,51.83
CSCO,Cisco Systems,2021-04-16,569,52.45
CSCO,Cisco Systems,2021-04-23,570,51.5
CSCO,Cisco Systems,2021-04-30,571,51.22
CSCO,Cisco Systems,2021-05-07,572,52.48
CSCO,Cisco Systems,2021-05-14,573,52.93
CSCO,Cisco Systems,2021-05-21,574,52.77
CSCO,Cisco Systems,2021-05-28,575,53.18
CSCO,Cisco Systems,2021-06-07,576,54.32
CSCO,Cisco Systems,2021-06-14,577,54.39
CSCO,Cisco Systems,2021-06-21,578,52.37
CSCO,Cisco Systems,2021-06-28,579,53.16
CSCO,Cisco Systems,2021-07-06,580,53.22
CSCO,Cisco Systems,2021-07-13,581,53.34
CSCO,Cisco Systems,2021-07-20,582,53.28
CSCO,Cisco Systems,2021-07-27,583,55.38
CSCO,Cisco Systems,2021-08-03,584,55.54
CSCO,Cisco Systems,2021-08-10,585,55.5
CSCO,Cisco Systems,2021-08-17,586,55.87
CSCO,Cisco Systems,2021-08-24,587,58.49
CSCO,Cisco Systems,2021-08-31,588,59.11
CSCO,Cisco Systems,2021-09-08,589,58.55
CSCO,Cisco Systems,2021-09-15,590,57.78
CSCO,Cisco Systems,2021-09-22,591,55.76
CSCO,Cisco Systems,2021-09-29,592,55.62
CSCO,Cisco Systems,2021-10-06,593,54.35
CSCO,Cisco Systems,2021-10-13,594,54.32
CSCO,Cisco Systems,2021-10-20,595,55.8
CSCO,Cisco Systems,2021-10-27,596,56.13
CSCO,Cisco Systems,2021-11-03,597,57.58
CSCO,Cisco Systems,2021-11-10,598,57.9
CSCO,Cisco Systems,2021-11-17,599,56.61
CSCO,Cisco Systems,2021-11-24,600,55.15
CSCO,Cisco Systems,2021-12-02,601,55.15
CSCO,Cisco Systems,2021-12-09,602,57.2
CSCO,Cisco Systems,2021-12-16,603,60.05
CSCO,Cisco Systems,2021-12-23,604,61.79
CSCO,Cisco Systems,2021-12-31,605,63.55
CSCO,Cisco Systems,2022-01-07,606,60.87
CSCO,Cisco Systems,2022-01-14,607,61.47
CSCO,Cisco Systems,2022-01-24,608,56.16
CSCO,Cisco Systems,2022-01-31,609,55.43
CSCO,Cisco Systems,2022-02-07,610,55.33
CSCO,Cisco Systems,2022-02-14,611,53.41
CSCO,Cisco Systems,2022-02-22,612,56.93
CSCO,Cisco Systems,2022-03-01,613,55.53
CSCO,Cisco Systems,2022-03-08,614,55.7
CSCO,Cisco Systems,2022-03-15,615,54.42
CSCO,Cisco Systems,2022-03-22,616,56.36
CSCO,Cisco Systems,2022-03-29,617,55.67
CSCO,Cisco Systems,2022-04-05,618,55.2
CSCO,Cisco Systems,2022-04-12,619,51.7
CSCO,Cisco Systems,2022-04-20,620,52.22
CSCO,Cisco Systems,2022-04-27,621,50.91
CSCO,Cisco Systems,2022-05-04,622,50.03
CSCO,Cisco Systems,2022-05-11,623,49.09
CSCO,Cisco Systems,2022-05-18,624,50.47
CSCO,Cisco Systems,2022-05-25,625,43.75
CSCO,Cisco Systems,2022-06-02,626,45.18
CSCO,Cisco Systems,2022-06-09,627,44.83
CSCO,Cisco Systems,2022-06-16,628,42.81
CSCO,Cisco Systems,2022-06-24,629,43.44
CSCO,Cisco Systems,2022-07-01,630,42.52
CSCO,Cisco Systems,2022-07-11,631,43.34
CSCO,Cisco Systems,2022-07-18,632,43.3
CSCO,Cisco Systems,2022-07-25,633,44.66
CSCO,Cisco Systems,2022-08-01,634,45.06
CSCO,Cisco Systems,2022-08-08,635,45.49
CSCO,Cisco Systems,2022-08-15,636,46.39
CSCO,Cisco Systems,2022-08-22,637,48.47
CSCO,Cisco Systems,2022-08-29,638,45.72
CSCO,Cisco Systems,2022-09-06,639,44.66
CSCO,Cisco Systems,2022-09-13,640,45.72
CSCO,Cisco Systems,2022-09-20,641,43.01
CSCO,Cisco Systems,2022-09-27,642,41.14
CSCO,Cisco Systems,2022-10-04,643,41.56
CSCO,Cisco Systems,2022-10-11,644,39.81
CSCO,Cisco Systems,2022-10-18,645,41.92
CSCO,Cisco Systems,2022-10-25,646,43.34
CSCO,Cisco Systems,2022-11-01,647,45.58
CSCO,Cisco Systems,2022-11-08,648,44.69
CSCO,Cisco Systems,2022-11-15,649,45.04
CSCO,Cisco Systems,2022-11-22,650,48
CSCO,Cisco Systems,2022-11-30,651,48.17
CSCO,Cisco Systems,2022-12-07,652,48.4
CSCO,Cisco Systems,2022-12-14,653,49.74
CSCO,Cisco Systems,2022-12-21,654,47.69
CSCO,Cisco Systems,2022-12-29,655,47.26
GOOGL,Alphabet,2010-01-04,1,15.69
GOOGL,Alphabet,2010-01-11,2,15.13
GOOGL,Alphabet,2010-01-19,3,14.54
GOOGL,Alphabet,2010-01-26,4,13.46
GOOGL,Alphabet,2010-02-02,5,13.39
GOOGL,Alphabet,2010-02-09,6,13.5
GOOGL,Alphabet,2010-02-17,7,13.56
GOOGL,Alphabet,2010-02-24,8,13.36
GOOGL,Alphabet,2010-03-03,9,13.57
GOOGL,Alphabet,2010-03-10,10,14.11
GOOGL,Alphabet,2010-03-17,11,14.22
GOOGL,Alphabet,2010-03-24,12,13.65
GOOGL,Alphabet,2010-03-31,13,14.14
GOOGL,Alphabet,2010-04-08,14,14.1
GOOGL,Alphabet,2010-04-15,15,14.82
GOOGL,Alphabet,2010-04-22,16,13.81
GOOGL,Alphabet,2010-04-29,17,13.35
GOOGL,Alphabet,2010-05-06,18,12.73
GOOGL,Alphabet,2010-05-13,19,12.93
GOOGL,Alphabet,2010-05-20,20,12.14
GOOGL,Alphabet,2010-05-27,21,12.14
GOOGL,Alphabet,2010-06-04,22,12.51
GOOGL,Alphabet,2010-06-11,23,12.07
GOOGL,Alphabet,2010-06-18,24,12.58
GOOGL,Alphabet,2010-06-25,25,11.94
GOOGL,Alphabet,2010-07-02,26,11.05
GOOGL,Alphabet,2010-07-12,27,11.82
GOOGL,Alphabet,2010-07-19,28,11.54
GOOGL,Alphabet,2010-07-26,29,12.24
GOOGL,Alphabet,2010-08-02,30,12.24
GOOGL,Alphabet,2010-08-09,31,12.57
GOOGL,Alphabet,2010-08-16,32,12.1
GOOGL,Alphabet,2010-08-23,33,11.55
GOOGL,Alphabet,2010-08-30,34,11.49
GOOGL,Alphabet,2010-09-07,35,11.62
GOOGL,Alphabet,2010-09-14,36,12.06
GOOGL,Alphabet,2010-09-21,37,12.75
GOOGL,Alphabet,2010-09-28,38,13.35
GOOGL,Alphabet,2010-10-05,39,13.22
GOOGL,Alphabet,2010-10-12,40,13.52
GOOGL,Alphabet,2010-10-19,41,15.24
GOOGL,Alphabet,2010-10-26,42,15.34
GOOGL,Alphabet,2010-11-02,43,15.48
GOOGL,Alphabet,2010-11-09,44,15.77
GOOGL,Alphabet,2010-11-16,45,14.83
GOOGL,Alphabet,2010-11-23,46,14.69
GOOGL,Alphabet,2010-12-01,47,14.09
GOOGL,Alphabet,2010-12-08,48,14.81
GOOGL,Alphabet,2010-12-15,49,14.87
GOOGL,Alphabet,2010-12-22,50,15.12
GOOGL,Alphabet,2010-12-30,51,14.96
GOOGL,Alphabet,2011-01-06,52,15.28
GOOGL,Alphabet,2011-01-13,53,15.44
GOOGL,Alphabet,2011-01-21,54,16.01
GOOGL,Alphabet,2011-01-28,55,15.49
GOOGL,Alphabet,2011-02-04,56,15.27
GOOGL,Alphabet,2011-02-11,57,15.36
GOOGL,Alphabet,2011-02-18,58,15.67
GOOGL,Alphabet,2011-02-28,59,15.27
GOOGL,Alphabet,2011-03-07,60,15.03
GOOGL,Alphabet,2011-03-14,61,14.33
GOOGL,Alphabet,2011-03-21,62,14.27
GOOGL,Alphabet,2011-03-28,63,14.57
GOOGL,Alphabet,2011-04-04,64,14.84
GOOGL,Alphabet,2011-04-11,65,14.42
GOOGL,Alphabet,2011-04-18,66,13.17
GOOGL,Alphabet,2011-04-26,67,13.18
GOOGL,Alphabet,2011-05-03,68,13.44
GOOGL,Alphabet,2011-05-10,69,13.51
GOOGL,Alphabet,2011-05-17,70,12.9
GOOGL,Alphabet,2011-05-24,71,13.02
GOOGL,Alphabet,2011-06-01,72,13.21
GOOGL,Alphabet,2011-06-08,73,12.93
GOOGL,Alphabet,2011-06-15,74,12.64
GOOGL,Alphabet,2011-06-22,75,12.3
GOOGL,Alphabet,2011-06-29,76,12.43
GOOGL,Alphabet,2011-07-07,77,13.54
GOOGL,Alphabet,2011-07-14,78,13.49
GOOGL,Alphabet,2011-07-21,79,14.87
GOOGL,Alphabet,2011-07-28,80,15.14
GOOGL,Alphabet,2011-08-04,81,14.88
GOOGL,Alphabet,2011-08-11,82,13.86
GOOGL,Alphabet,2011-08-18,83,13.1
GOOGL,Alphabet,2011-08-25,84,13.27
GOOGL,Alphabet,2011-09-01,85,13.53
GOOGL,Alphabet,2011-09-09,86,13.3
GOOGL,Alphabet,2011-09-16,87,13.63
GOOGL,Alphabet,2011-09-23,88,12.93
GOOGL,Alphabet,2011-09-30,89,13.02
GOOGL,Alphabet,2011-10-07,90,12.93
GOOGL,Alphabet,2011-10-14,91,15
GOOGL,Alphabet,2011-10-21,92,14.75
GOOGL,Alphabet,2011-10-28,93,14.88
GOOGL,Alphabet,2011-11-04,94,14.85
GOOGL,Alphabet,2011-11-11,95,15.05
GOOGL,Alphabet,2011-11-18,96,15.07
GOOGL,Alphabet,2011-11-28,97,14.5
GOOGL,Alphabet,2011-12-05,98,15.71
GOOGL,Alphabet,2011-12-12,99,15.56
GOOGL,Alphabet,2011-12-19,100,15.72
GOOGL,Alphabet,2011-12-27,101,15.82
GOOGL,Alphabet,2012-01-04,102,16.64
GOOGL,Alphabet,2012-01-11,103,15.6
GOOGL,Alphabet,2012-01-19,104,16.04
GOOGL,Alphabet,2012-01-26,105,14.31
GOOGL,Alphabet,2012-02-02,106,14.64
GOOGL,Alphabet,2012-02-09,107,15.32
GOOGL,Alphabet,2012-02-16,108,15.09
GOOGL,Alphabet,2012-02-24,109,15.2
GOOGL,Alphabet,2012-03-02,110,15.57
GOOGL,Alphabet,2012-03-09,111,15.21
GOOGL,Alphabet,2012-03-16,112,15.54
GOOGL,Alphabet,2012-03-23,113,16.18
GOOGL,Alphabet,2012-03-30,114,16.31
GOOGL,Alphabet,2012-04-09,115,15.73
GOOGL,Alphabet,2012-04-16,116,15.59
GOOGL,Alphabet,2012-04-23,117,14.84
GOOGL,Alphabet,2012-04-30,118,15.34
GOOGL,Alphabet,2012-05-07,119,14.89
GOOGL,Alphabet,2012-05-14,120,15.03
GOOGL,Alphabet,2012-05-21,121,15.03
GOOGL,Alphabet,2012-05-29,122,14.91
GOOGL,Alphabet,2012-06-05,123,14.4
GOOGL,Alphabet,2012-06-12,124,14.26
GOOGL,Alphabet,2012-06-19,125,14.35
GOOGL,Alphabet,2012-06-26,126,14.08
GOOGL,Alphabet,2012-07-03,127,14.51
GOOGL,Alphabet,2012-07-11,128,14.42
GOOGL,Alphabet,2012-07-18,129,14.44
GOOGL,Alphabet,2012-07-25,130,15.22
GOOGL,Alphabet,2012-08-01,131,15.95
GOOGL,Alphabet,2012-08-08,132,15.99
GOOGL,Alphabet,2012-08-15,133,16.77
GOOGL,Alphabet,2012-08-22,134,16.7
GOOGL,Alphabet,2012-08-29,135,16.95
GOOGL,Alphabet,2012-09-06,136,17.17
GOOGL,Alphabet,2012-09-13,137,17.34
GOOGL,Alphabet,2012-09-20,138,18.13
GOOGL,Alphabet,2012-09-27,139,19.02
GOOGL,Alphabet,2012-10-04,140,19.09
GOOGL,Alphabet,2012-10-11,141,18.84
GOOGL,Alphabet,2012-10-18,142,18.91
GOOGL,Alphabet,2012-10-25,143,17.02
GOOGL,Alphabet,2012-11-05,144,17.13
GOOGL,Alphabet,2012-11-12,145,16.61
GOOGL,Alphabet,2012-11-19,146,16.41
GOOGL,Alphabet,2012-11-27,147,16.52
GOOGL,Alphabet,2012-12-04,148,17.39
GOOGL,Alphabet,2012-12-11,149,17.27
GOOGL,Alphabet,2012-12-18,150,17.93
GOOGL,Alphabet,2012-12-26,151,17.72
GOOGL,Alphabet,2013-01-03,152,18.14
GOOGL,Alphabet,2013-01-10,153,18.59
GOOGL,Alphabet,2013-01-17,154,17.96
GOOGL,Alphabet,2013-01-25,155,18.79
GOOGL,Alphabet,2013-02-01,156,18.97
GOOGL,Alphabet,2013-02-08,157,19.52
GOOGL,Alphabet,2013-02-15,158,19.7
GOOGL,Alphabet,2013-02-25,159,20.08
GOOGL,Alphabet,2013-03-04,160,20.15
GOOGL,Alphabet,2013-03-11,161,20.81
GOOGL,Alphabet,2013-03-18,162,20.15
GOOGL,Alphabet,2013-03-25,163,20.33
GOOGL,Alphabet,2013-04-02,164,20.13
GOOGL,Alphabet,2013-04-09,165,19.41
GOOGL,Alphabet,2013-04-16,166,19.68
GOOGL,Alphabet,2013-04-23,167,20.05
GOOGL,Alphabet,2013-04-30,168,20.5
GOOGL,Alphabet,2013-05-07,169,21.6
GOOGL,Alphabet,2013-05-14,170,21.96
GOOGL,Alphabet,2013-05-21,171,22.72
GOOGL,Alphabet,2013-05-29,172,21.91
GOOGL,Alphabet,2013-06-05,173,21.58
GOOGL,Alphabet,2013-06-12,174,22.16
GOOGL,Alphabet,2013-06-19,175,22.56
GOOGL,Alphabet,2013-06-26,176,21.87
GOOGL,Alphabet,2013-07-03,177,22.02
GOOGL,Alphabet,2013-07-11,178,22.85
GOOGL,Alphabet,2013-07-18,179,23
GOOGL,Alphabet,2013-07-25,180,22.37
GOOGL,Alphabet,2013-08-01,181,22.4
GOOGL,Alphabet,2013-08-08,182,22.41
GOOGL,Alphabet,2013-08-15,183,21.63
GOOGL,Alphabet,2013-08-22,184,21.84
GOOGL,Alphabet,2013-08-29,185,21.25
GOOGL,Alphabet,2013-09-06,186,22.08
GOOGL,Alphabet,2013-09-13,187,22.38
GOOGL,Alphabet,2013-09-20,188,22.48
GOOGL,Alphabet,2013-09-27,189,21.89
GOOGL,Alphabet,2013-10-04,190,21.9
GOOGL,Alphabet,2013-10-11,191,21.67
GOOGL,Alphabet,2013-10-18,192,24.44
GOOGL,Alphabet,2013-10-25,193,25.75
GOOGL,Alphabet,2013-11-01,194,25.82
GOOGL,Alphabet,2013-11-08,195,25.24
GOOGL,Alphabet,2013-11-15,196,25.9
GOOGL,Alphabet,2013-11-22,197,25.86
GOOGL,Alphabet,2013-12-02,198,26.61
GOOGL,Alphabet,2013-12-09,199,26.8
GOOGL,Alphabet,2013-12-16,200,26.63
GOOGL,Alphabet,2013-12-23,201,27.72
GOOGL,Alphabet,2013-12-31,202,27.83
GOOGL,Alphabet,2014-01-08,203,28.68
GOOGL,Alphabet,2014-01-15,204,28.85
GOOGL,Alphabet,2014-01-23,205,29.03
GOOGL,Alphabet,2014-01-30,206,28.65
GOOGL,Alphabet,2014-02-06,207,28.81
GOOGL,Alphabet,2014-02-13,208,29.55
GOOGL,Alphabet,2014-02-21,209,30.23
GOOGL,Alphabet,2014-02-28,210,30.54
GOOGL,Alphabet,2014-03-07,211,30.7
GOOGL,Alphabet,2014-03-14,212,29.58
GOOGL,Alphabet,2014-03-21,213,30.19
GOOGL,Alphabet,2014-03-28,214,28
GOOGL,Alphabet,2014-04-04,215,28.93
GOOGL,Alphabet,2014-04-11,216,26.9
GOOGL,Alphabet,2014-04-21,217,27.2
GOOGL,Alphabet,2014-04-28,218,26.29
GOOGL,Alphabet,2014-05-05,219,26.51
GOOGL,Alphabet,2014-05-12,220,26.59
GOOGL,Alphabet,2014-05-19,221,26.44
GOOGL,Alphabet,2014-05-27,222,28.39
GOOGL,Alphabet,2014-06-03,223,28.05
GOOGL,Alphabet,2014-06-10,224,28.44
GOOGL,Alphabet,2014-06-17,225,27.62
GOOGL,Alphabet,2014-06-24,226,28.71
GOOGL,Alphabet,2014-07-01,227,29.38
GOOGL,Alphabet,2014-07-09,228,28.95
GOOGL,Alphabet,2014-07-16,229,29.84
GOOGL,Alphabet,2014-07-23,230,30.1
GOOGL,Alphabet,2014-07-30,231,29.79
GOOGL,Alphabet,2014-08-06,232,28.48
GOOGL,Alphabet,2014-08-13,233,28.82
GOOGL,Alphabet,2014-08-20,234,29.85
GOOGL,Alphabet,2014-08-27,235,29.39
GOOGL,Alphabet,2014-09-04,236,29.61
GOOGL,Alphabet,2014-09-11,237,29.5
GOOGL,Alphabet,2014-09-18,238,29.75
GOOGL,Alphabet,2014-09-25,239,29.85
GOOGL,Alphabet,2014-10-02,240,28.9
GOOGL,Alphabet,2014-10-09,241,29.08
GOOGL,Alphabet,2014-10-16,242,26.35
GOOGL,Alphabet,2014-10-23,243,27.41
GOOGL,Alphabet,2014-10-30,244,27.91
GOOGL,Alphabet,2014-11-06,245,27.78
GOOGL,Alphabet,2014-11-13,246,28.04
GOOGL,Alphabet,2014-11-20,247,27.1
GOOGL,Alphabet,2014-11-28,248,27.35
GOOGL,Alphabet,2014-12-05,249,26.83
GOOGL,Alphabet,2014-12-12,250,26.37
GOOGL,Alphabet,2014-12-19,251,25.85
GOOGL,Alphabet,2014-12-29,252,27.03
GOOGL,Alphabet,2015-01-06,253,26.03
GOOGL,Alphabet,2015-01-13,254,25.13
GOOGL,Alphabet,2015-01-21,255,25.54
GOOGL,Alphabet,2015-01-28,256,26.25
GOOGL,Alphabet,2015-02-04,257,26.66
GOOGL,Alphabet,2015-02-11,258,26.99
GOOGL,Alphabet,2015-02-19,259,27.12
GOOGL,Alphabet,2015-02-26,260,27.29
GOOGL,Alphabet,2015-03-05,261,28.98
GOOGL,Alphabet,2015-03-12,262,27.92
GOOGL,Alphabet,2015-03-19,263,28.23
GOOGL,Alphabet,2015-03-26,264,28.23
GOOGL,Alphabet,2015-04-02,265,27.37
GOOGL,Alphabet,2015-04-10,266,27.48
GOOGL,Alphabet,2015-04-17,267,26.87
GOOGL,Alphabet,2015-04-24,268,29
GOOGL,Alphabet,2015-05-01,269,27.53
GOOGL,Alphabet,2015-05-08,270,27.44
GOOGL,Alphabet,2015-05-15,271,27.52
GOOGL,Alphabet,2015-05-22,272,27.72
GOOGL,Alphabet,2015-06-01,273,27.44
GOOGL,Alphabet,2015-06-08,274,27.48
GOOGL,Alphabet,2015-06-15,275,27.14
GOOGL,Alphabet,2015-06-22,276,27.97
GOOGL,Alphabet,2015-06-29,277,27.34
GOOGL,Alphabet,2015-07-07,278,27.37
GOOGL,Alphabet,2015-07-14,279,28.73
GOOGL,Alphabet,2015-07-21,280,34.24
GOOGL,Alphabet,2015-07-28,281,33.09
GOOGL,Alphabet,2015-08-04,282,33.22
GOOGL,Alphabet,2015-08-11,283,34.98
GOOGL,Alphabet,2015-08-18,284,34.55
GOOGL,Alphabet,2015-08-25,285,32.32
GOOGL,Alphabet,2015-09-01,286,31.69
GOOGL,Alphabet,2015-09-09,287,32.59
GOOGL,Alphabet,2015-09-16,288,33.28
GOOGL,Alphabet,2015-09-23,289,32.65
GOOGL,Alphabet,2015-09-30,290,31.59
GOOGL,Alphabet,2015-10-07,291,33.87
GOOGL,Alphabet,2015-10-14,292,34.19
GOOGL,Alphabet,2015-10-21,293,34.16
GOOGL,Alphabet,2015-10-28,294,36.65
GOOGL,Alphabet,2015-11-04,295,37.49
GOOGL,Alphabet,2015-11-11,296,38.12
GOOGL,Alphabet,2015-11-18,297,37.48
GOOGL,Alphabet,2015-11-25,298,38.58
GOOGL,Alphabet,2015-12-03,299,39.03
GOOGL,Alphabet,2015-12-10,300,38.18
GOOGL,Alphabet,2015-12-17,301,39.06
GOOGL,Alphabet,2015-12-24,302,38.43
GOOGL,Alphabet,2016-01-04,303,38.11
GOOGL,Alphabet,2016-01-11,304,36.6
GOOGL,Alphabet,2016-01-19,305,36.01
GOOGL,Alphabet,2016-01-26,306,36.76
GOOGL,Alphabet,2016-02-02,307,40.03
GOOGL,Alphabet,2016-02-09,308,34.65
GOOGL,Alphabet,2016-02-17,309,36.35
GOOGL,Alphabet,2016-02-24,310,35.53
GOOGL,Alphabet,2016-03-02,311,37.14
GOOGL,Alphabet,2016-03-09,312,35.76
GOOGL,Alphabet,2016-03-16,313,37.45
GOOGL,Alphabet,2016-03-23,314,38.17
GOOGL,Alphabet,2016-03-31,315,38.42
GOOGL,Alphabet,2016-04-07,316,38.27
GOOGL,Alphabet,2016-04-14,317,38.77
GOOGL,Alphabet,2016-04-21,318,38.87
GOOGL,Alphabet,2016-04-28,319,36.16
GOOGL,Alphabet,2016-05-05,320,35.75
GOOGL,Alphabet,2016-05-12,321,36.6
GOOGL,Alphabet,2016-05-19,322,35.92
GOOGL,Alphabet,2016-05-26,323,36.8
GOOGL,Alphabet,2016-06-03,324,37.07
GOOGL,Alphabet,2016-06-10,325,36.8
GOOGL,Alphabet,2016-06-17,326,36.07
GOOGL,Alphabet,2016-06-24,327,34.51
GOOGL,Alphabet,2016-07-01,328,35.26
GOOGL,Alphabet,2016-07-11,329,35.97
GOOGL,Alphabet,2016-07-18,330,36.9
GOOGL,Alphabet,2016-07-25,331,37.88
GOOGL,Alphabet,2016-08-01,332,39.33
GOOGL,Alphabet,2016-08-08,333,40.3
GOOGL,Alphabet,2016-08-15,334,40.36
GOOGL,Alphabet,2016-08-22,335,39.93
GOOGL,Alphabet,2016-08-29,336,39.65
GOOGL,Alphabet,2016-09-06,337,39.92
GOOGL,Alphabet,2016-09-13,338,39.7
GOOGL,Alphabet,2016-09-20,339,40
GOOGL,Alphabet,2016-09-27,340,40.09
GOOGL,Alphabet,2016-10-04,341,40.25
GOOGL,Alphabet,2016-10-11,342,40.71
GOOGL,Alphabet,2016-10-18,343,40.71
GOOGL,Alphabet,2016-10-25,344,41.92
GOOGL,Alphabet,2016-11-01,345,40.54
GOOGL,Alphabet,2016-11-08,346,40.1
GOOGL,Alphabet,2016-11-15,347,38.27
GOOGL,Alphabet,2016-11-22,348,39.45
GOOGL,Alphabet,2016-11-30,349,39.46
GOOGL,Alphabet,2016-12-07,350,39
GOOGL,Alphabet,2016-12-14,351,40.8
GOOGL,Alphabet,2016-12-21,352,40.79
GOOGL,Alphabet,2016-12-29,353,40.12
GOOGL,Alphabet,2017-01-06,354,40.75
GOOGL,Alphabet,2017-01-13,355,41.55
GOOGL,Alphabet,2017-01-23,356,41.58
GOOGL,Alphabet,2017-01-30,357,41.85
GOOGL,Alphabet,2017-02-06,358,41.05
GOOGL,Alphabet,2017-02-13,359,41.88
GOOGL,Alphabet,2017-02-21,360,42.4
GOOGL,Alphabet,2017-02-28,361,42.37
GOOGL,Alphabet,2017-03-07,362,42.36
GOOGL,Alphabet,2017-03-14,363,43.19
GOOGL,Alphabet,2017-03-21,364,43.5
GOOGL,Alphabet,2017-03-28,365,41.98
GOOGL,Alphabet,2017-04-04,366,42.4
GOOGL,Alphabet,2017-04-11,367,42.08
GOOGL,Alphabet,2017-04-19,368,42.87
GOOGL,Alphabet,2017-04-26,369,44.57
GOOGL,Alphabet,2017-05-03,370,46.8
GOOGL,Alphabet,2017-05-10,371,47.81
GOOGL,Alphabet,2017-05-17,372,47.99
GOOGL,Alphabet,2017-05-24,373,48.76
GOOGL,Alphabet,2017-06-01,374,49.55
GOOGL,Alphabet,2017-06-08,375,50.21
GOOGL,Alphabet,2017-06-15,376,47.4
GOOGL,Alphabet,2017-06-22,377,48.84
GOOGL,Alphabet,2017-06-29,378,47.57
GOOGL,Alphabet,2017-07-07,379,46.55
GOOGL,Alphabet,2017-07-14,380,48.7
GOOGL,Alphabet,2017-07-21,381,49.45
GOOGL,Alphabet,2017-07-28,382,47.4
GOOGL,Alphabet,2017-08-04,383,47.2
GOOGL,Alphabet,2017-08-11,384,46.19
GOOGL,Alphabet,2017-08-18,385,46.35
GOOGL,Alphabet,2017-08-25,386,46.96
GOOGL,Alphabet,2017-09-01,387,47.87
GOOGL,Alphabet,2017-09-11,388,47.36
GOOGL,Alphabet,2017-09-18,389,46.75
GOOGL,Alphabet,2017-09-25,390,46.97
GOOGL,Alphabet,2017-10-02,391,48.78
GOOGL,Alphabet,2017-10-09,392,49.75
GOOGL,Alphabet,2017-10-16,393,50.48
GOOGL,Alphabet,2017-10-23,394,50.26
GOOGL,Alphabet,2017-10-30,395,51.46
GOOGL,Alphabet,2017-11-06,396,52.46
GOOGL,Alphabet,2017-11-13,397,52.04
GOOGL,Alphabet,2017-11-20,398,51.8
GOOGL,Alphabet,2017-11-28,399,53.7
GOOGL,Alphabet,2017-12-05,400,50.55
GOOGL,Alphabet,2017-12-12,401,52.5
GOOGL,Alphabet,2017-12-19,402,54.15
GOOGL,Alphabet,2017-12-27,403,53.33
GOOGL,Alphabet,2018-01-04,404,54.85
GOOGL,Alphabet,2018-01-11,405,55.62
GOOGL,Alphabet,2018-01-19,406,56.9
GOOGL,Alphabet,2018-01-26,407,59.38
GOOGL,Alphabet,2018-02-02,408,56.37
GOOGL,Alphabet,2018-02-09,409,51.29
GOOGL,Alphabet,2018-02-16,410,54.67
GOOGL,Alphabet,2018-02-26,411,56.59
GOOGL,Alphabet,2018-03-05,412,53.91
GOOGL,Alphabet,2018-03-12,413,58.25
GOOGL,Alphabet,2018-03-19,414,55.89
GOOGL,Alphabet,2018-03-26,415,52.53
GOOGL,Alphabet,2018-04-03,416,50.81
GOOGL,Alphabet,2018-04-10,417,51.51
GOOGL,Alphabet,2018-04-17,418,53.06
GOOGL,Alphabet,2018-04-24,419,52.96
GOOGL,Alphabet,2018-05-01,420,50.81
GOOGL,Alphabet,2018-05-08,421,53.23
GOOGL,Alphabet,2018-05-15,422,54.85
GOOGL,Alphabet,2018-05-22,423,54.49
GOOGL,Alphabet,2018-05-30,424,53.67
GOOGL,Alphabet,2018-06-06,425,57.64
GOOGL,Alphabet,2018-06-13,426,57.61
GOOGL,Alphabet,2018-06-20,427,59.17
GOOGL,Alphabet,2018-06-27,428,56.8
GOOGL,Alphabet,2018-07-05,429,56.23
GOOGL,Alphabet,2018-07-12,430,58.74
GOOGL,Alphabet,2018-07-19,431,60.33
GOOGL,Alphabet,2018-07-26,432,63.36
GOOGL,Alphabet,2018-08-02,433,60.92
GOOGL,Alphabet,2018-08-09,434,63.14
GOOGL,Alphabet,2018-08-16,435,62.1
GOOGL,Alphabet,2018-08-23,436,60.99
GOOGL,Alphabet,2018-08-30,437,63.17
GOOGL,Alphabet,2018-09-07,438,58.6
GOOGL,Alphabet,2018-09-14,439,59.4
GOOGL,Alphabet,2018-09-21,440,59.75
GOOGL,Alphabet,2018-09-28,441,60.2
GOOGL,Alphabet,2018-10-05,442,58.8
GOOGL,Alphabet,2018-10-12,443,55.98
GOOGL,Alphabet,2018-10-19,444,55.19
GOOGL,Alphabet,2018-10-26,445,52.42
GOOGL,Alphabet,2018-11-02,446,54.45
GOOGL,Alphabet,2018-11-09,447,54.2
GOOGL,Alphabet,2018-11-16,448,53.26
GOOGL,Alphabet,2018-11-26,449,52.2
GOOGL,Alphabet,2018-12-03,450,56.61
GOOGL,Alphabet,2018-12-11,451,53.35
GOOGL,Alphabet,2018-12-18,452,51.7
GOOGL,Alphabet,2018-12-26,453,49.9
GOOGL,Alphabet,2019-01-03,454,52.53
GOOGL,Alphabet,2019-01-10,455,53.75
GOOGL,Alphabet,2019-01-17,456,54.4
GOOGL,Alphabet,2019-01-25,457,54.71
GOOGL,Alphabet,2019-02-01,458,56.11
GOOGL,Alphabet,2019-02-08,459,54.74
GOOGL,Alphabet,2019-02-15,460,56.97
GOOGL,Alphabet,2019-02-25,461,56.1
GOOGL,Alphabet,2019-03-04,462,57.73
GOOGL,Alphabet,2019-03-11,463,57.6
GOOGL,Alphabet,2019-03-18,464,59.48
GOOGL,Alphabet,2019-03-25,465,59.98
GOOGL,Alphabet,2019-04-01,466,59.38
GOOGL,Alphabet,2019-04-08,467,60.56
GOOGL,Alphabet,2019-04-15,468,61.2
GOOGL,Alphabet,2019-04-23,469,62.83
GOOGL,Alphabet,2019-04-30,470,59.53
GOOGL,Alphabet,2019-05-07,471,59.29
GOOGL,Alphabet,2019-05-14,472,57.12
GOOGL,Alphabet,2019-05-21,473,57.72
GOOGL,Alphabet,2019-05-29,474,56.63
GOOGL,Alphabet,2019-06-05,475,52.75
GOOGL,Alphabet,2019-06-12,476,54
GOOGL,Alphabet,2019-06-19,477,55.36
GOOGL,Alphabet,2019-06-26,478,54.55
GOOGL,Alphabet,2019-07-03,479,55.92
GOOGL,Alphabet,2019-07-11,480,57.31
GOOGL,Alphabet,2019-07-18,481,57.1
GOOGL,Alphabet,2019-07-25,482,56.95
GOOGL,Alphabet,2019-08-01,483,60.88
GOOGL,Alphabet,2019-08-08,484,59.32
GOOGL,Alphabet,2019-08-15,485,58.42
GOOGL,Alphabet,2019-08-22,486,59.69
GOOGL,Alphabet,2019-08-29,487,59.32
GOOGL,Alphabet,2019-09-06,488,60.46
GOOGL,Alphabet,2019-09-13,489,61.61
GOOGL,Alphabet,2019-09-20,490,61.68
GOOGL,Alphabet,2019-09-27,491,62.14
GOOGL,Alphabet,2019-10-04,492,59.71
GOOGL,Alphabet,2019-10-11,493,61.2
GOOGL,Alphabet,2019-10-18,494,62.73
GOOGL,Alphabet,2019-10-25,495,62.6
GOOGL,Alphabet,2019-11-01,496,63.29
GOOGL,Alphabet,2019-11-08,497,65.08
GOOGL,Alphabet,2019-11-15,498,65.75
GOOGL,Alphabet,2019-11-22,499,65.15
GOOGL,Alphabet,2019-12-02,500,65.13
GOOGL,Alphabet,2019-12-09,501,66.94
GOOGL,Alphabet,2019-12-16,502,67.75
GOOGL,Alphabet,2019-12-23,503,67.94
GOOGL,Alphabet,2019-12-31,504,66.79
GOOGL,Alphabet,2020-01-08,505,69.74
GOOGL,Alphabet,2020-01-15,506,71.65
GOOGL,Alphabet,2020-01-23,507,74.38
GOOGL,Alphabet,2020-01-30,508,71.9
GOOGL,Alphabet,2020-02-06,509,72.6
GOOGL,Alphabet,2020-02-13,510,75.5
GOOGL,Alphabet,2020-02-21,511,75.23
GOOGL,Alphabet,2020-02-28,512,63.72
GOOGL,Alphabet,2020-03-06,513,63.5
GOOGL,Alphabet,2020-03-13,514,58.75
GOOGL,Alphabet,2020-03-20,515,56.54
GOOGL,Alphabet,2020-03-27,516,56.37
GOOGL,Alphabet,2020-04-03,517,55.74
GOOGL,Alphabet,2020-04-13,518,60.08
GOOGL,Alphabet,2020-04-20,519,63.49
GOOGL,Alphabet,2020-04-27,520,64.6
GOOGL,Alphabet,2020-05-04,521,65.41
GOOGL,Alphabet,2020-05-11,522,68.84
GOOGL,Alphabet,2020-05-18,523,68.08
GOOGL,Alphabet,2020-05-26,524,72.1
GOOGL,Alphabet,2020-06-02,525,71.75
GOOGL,Alphabet,2020-06-09,526,72.26
GOOGL,Alphabet,2020-06-16,527,72.45
GOOGL,Alphabet,2020-06-23,528,72.6
GOOGL,Alphabet,2020-06-30,529,69.84
GOOGL,Alphabet,2020-07-08,530,75.04
GOOGL,Alphabet,2020-07-15,531,76.16
GOOGL,Alphabet,2020-07-22,532,77.79
GOOGL,Alphabet,2020-07-29,533,75.25
GOOGL,Alphabet,2020-08-05,534,73.84
GOOGL,Alphabet,2020-08-12,535,74.36
GOOGL,Alphabet,2020-08-19,536,77.62
GOOGL,Alphabet,2020-08-26,537,80.32
GOOGL,Alphabet,2020-09-02,538,83.4
GOOGL,Alphabet,2020-09-10,539,77.51
GOOGL,Alphabet,2020-09-17,540,74.29
GOOGL,Alphabet,2020-09-24,541,70.13
GOOGL,Alphabet,2020-10-01,542,74.18
GOOGL,Alphabet,2020-10-08,543,73.27
GOOGL,Alphabet,2020-10-15,544,77.22
GOOGL,Alphabet,2020-10-22,545,79.25
GOOGL,Alphabet,2020-10-29,546,75.85
GOOGL,Alphabet,2020-11-05,547,88.52
GOOGL,Alphabet,2020-11-12,548,87.1
GOOGL,Alphabet,2020-11-19,549,86.66
GOOGL,Alphabet,2020-11-27,550,88.23
GOOGL,Alphabet,2020-12-04,551,91.01
GOOGL,Alphabet,2020-12-11,552,88
GOOGL,Alphabet,2020-12-18,553,87.31
GOOGL,Alphabet,2020-12-28,554,87.25
GOOGL,Alphabet,2021-01-05,555,86.25
GOOGL,Alphabet,2021-01-12,556,87.27
GOOGL,Alphabet,2021-01-20,557,91.32
GOOGL,Alphabet,2021-01-27,558,93.75
GOOGL,Alphabet,2021-02-03,559,103.28
GOOGL,Alphabet,2021-02-10,560,104.16
GOOGL,Alphabet,2021-02-18,561,105.25
GOOGL,Alphabet,2021-02-25,562,102.8
GOOGL,Alphabet,2021-03-04,563,100.74
GOOGL,Alphabet,2021-03-11,564,102.91
GOOGL,Alphabet,2021-03-18,565,102.41
GOOGL,Alphabet,2021-03-25,566,101.45
GOOGL,Alphabet,2021-04-01,567,104.61
GOOGL,Alphabet,2021-04-09,568,112.27
GOOGL,Alphabet,2021-04-16,569,114.46
GOOGL,Alphabet,2021-04-23,570,113.35
GOOGL,Alphabet,2021-04-30,571,118.4
GOOGL,Alphabet,2021-05-07,572,118.19
GOOGL,Alphabet,2021-05-14,573,112.93
GOOGL,Alphabet,2021-05-21,574,115.87
GOOGL,Alphabet,2021-05-28,575,118.72
GOOGL,Alphabet,2021-06-07,576,119.47
GOOGL,Alphabet,2021-06-14,577,121.61
GOOGL,Alphabet,2021-06-21,578,120.5
GOOGL,Alphabet,2021-06-28,579,122.68
GOOGL,Alphabet,2021-07-06,580,125.65
GOOGL,Alphabet,2021-07-13,581,127.04
GOOGL,Alphabet,2021-07-20,582,125.53
GOOGL,Alphabet,2021-07-27,583,134.25
GOOGL,Alphabet,2021-08-03,584,135.13
GOOGL,Alphabet,2021-08-10,585,137.34
GOOGL,Alphabet,2021-08-17,586,137.75
GOOGL,Alphabet,2021-08-24,587,140.61
GOOGL,Alphabet,2021-08-31,588,145.15
GOOGL,Alphabet,2021-09-08,589,144.1
GOOGL,Alphabet,2021-09-15,590,142.77
GOOGL,Alphabet,2021-09-22,591,139.3
GOOGL,Alphabet,2021-09-29,592,136.98
GOOGL,Alphabet,2021-10-06,593,134.75
GOOGL,Alphabet,2021-10-13,594,137.4
GOOGL,Alphabet,2021-10-20,595,143.34
GOOGL,Alphabet,2021-10-27,596,139.4
GOOGL,Alphabet,2021-11-03,597,145.9
GOOGL,Alphabet,2021-11-10,598,147.5
GOOGL,Alphabet,2021-11-17,599,148.03
GOOGL,Alphabet,2021-11-24,600,145.47
GOOGL,Alphabet,2021-12-02,601,141.25
GOOGL,Alphabet,2021-12-09,602,147.59
GOOGL,Alphabet,2021-12-16,603,147.17
GOOGL,Alphabet,2021-12-23,604,146.5
GOOGL,Alphabet,2021-12-31,605,146.05
GOOGL,Alphabet,2022-01-07,606,138.15
GOOGL,Alphabet,2022-01-14,607,137.08
GOOGL,Alphabet,2022-01-24,608,125.98
GOOGL,Alphabet,2022-01-31,609,134.16
GOOGL,Alphabet,2022-02-07,610,144.25
GOOGL,Alphabet,2022-02-14,611,133.26
GOOGL,Alphabet,2022-02-22,612,129.84
GOOGL,Alphabet,2022-03-01,613,134.88
GOOGL,Alphabet,2022-03-08,614,126.25
GOOGL,Alphabet,2022-03-15,615,126.98
GOOGL,Alphabet,2022-03-22,616,136.1
GOOGL,Alphabet,2022-03-29,617,142.65
GOOGL,Alphabet,2022-04-05,618,142.87
GOOGL,Alphabet,2022-04-12,619,131.6
GOOGL,Alphabet,2022-04-20,620,130.89
GOOGL,Alphabet,2022-04-27,621,114.47
GOOGL,Alphabet,2022-05-04,622,117.03
GOOGL,Alphabet,2022-05-11,623,113.24
GOOGL,Alphabet,2022-05-18,624,115
GOOGL,Alphabet,2022-05-25,625,104.99
GOOGL,Alphabet,2022-06-02,626,114
GOOGL,Alphabet,2022-06-09,627,116.33
GOOGL,Alphabet,2022-06-16,628,107.22
GOOGL,Alphabet,2022-06-24,629,113
GOOGL,Alphabet,2022-07-01,630,107.93
GOOGL,Alphabet,2022-07-11,631,118
GOOGL,Alphabet,2022-07-18,632,112.64
GOOGL,Alphabet,2022-07-25,633,108.41
GOOGL,Alphabet,2022-08-01,634,115.3
GOOGL,Alphabet,2022-08-08,635,118.39
GOOGL,Alphabet,2022-08-15,636,121.13
GOOGL,Alphabet,2022-08-22,637,115.2
GOOGL,Alphabet,2022-08-29,638,109.99
GOOGL,Alphabet,2022-09-06,639,107.3
GOOGL,Alphabet,2022-09-13,640,107.8
GOOGL,Alphabet,2022-09-20,641,102.08
GOOGL,Alphabet,2022-09-27,642,99.43
GOOGL,Alphabet,2022-10-04,643,100.44
GOOGL,Alphabet,2022-10-11,644,97.43
GOOGL,Alphabet,2022-10-18,645,103.13
GOOGL,Alphabet,2022-10-25,646,102.9
GOOGL,Alphabet,2022-11-01,647,95.45
GOOGL,Alphabet,2022-11-08,648,88.9
GOOGL,Alphabet,2022-11-15,649,98.26
GOOGL,Alphabet,2022-11-22,650,95.95
GOOGL,Alphabet,2022-11-30,651,94.82
GOOGL,Alphabet,2022-12-07,652,96.41
GOOGL,Alphabet,2022-12-14,653,95.2
GOOGL,Alphabet,2022-12-21,654,89.08
GOOGL,Alphabet,2022-12-29,655,86.62
IBM,International Business Machines,2010-01-04,1,125.41
IBM,International Business Machines,2010-01-11,2,125.3
IBM,International Business Machines,2010-01-19,3,125.84
IBM,International Business Machines,2010-01-26,4,120.38
IBM,International Business Machines,2010-02-02,5,119.3
IBM,International Business Machines,2010-02-09,6,117.26
IBM,International Business Machines,2010-02-17,7,119.98
IBM,International Business Machines,2010-02-24,8,121.43
IBM,International Business Machines,2010-03-03,9,122.11
IBM,International Business Machines,2010-03-10,10,120.45
IBM,International Business Machines,2010-03-17,11,123.23
IBM,International Business Machines,2010-03-24,12,122.97
IBM,International Business Machines,2010-03-31,13,122.59
IBM,International Business Machines,2010-04-08,14,122.41
IBM,International Business Machines,2010-04-15,15,124.79
IBM,International Business Machines,2010-04-22,16,122.98
IBM,International Business Machines,2010-04-29,17,124.81
IBM,International Business Machines,2010-05-06,18,120.74
IBM,International Business Machines,2010-05-13,19,125.17
IBM,International Business Machines,2010-05-20,20,121.63
IBM,International Business Machines,2010-05-27,21,119.55
IBM,International Business Machines,2010-06-04,22,120.81
IBM,International Business Machines,2010-06-11,23,121.16
IBM,International Business Machines,2010-06-18,24,125.26
IBM,International Business Machines,2010-06-25,25,122.7
IBM,International Business Machines,2010-07-02,26,117.87
IBM,International Business Machines,2010-07-12,27,121.77
IBM,International Business Machines,2010-07-19,28,123.01
IBM,International Business Machines,2010-07-26,29,122.54
IBM,International Business Machines,2010-08-02,30,123.57
IBM,International Business Machines,2010-08-09,31,125.04
IBM,International Business Machines,2010-08-16,32,121.86
IBM,International Business Machines,2010-08-23,33,121.96
IBM,International Business Machines,2010-08-30,34,119.58
IBM,International Business Machines,2010-09-07,35,121.41
IBM,International Business Machines,2010-09-14,36,122.78
IBM,International Business Machines,2010-09-21,37,125.67
IBM,International Business Machines,2010-09-28,38,128.75
IBM,International Business Machines,2010-10-05,39,130.19
IBM,International Business Machines,2010-10-12,40,132.31
IBM,International Business Machines,2010-10-19,41,131.26
IBM,International Business Machines,2010-10-26,42,133.16
IBM,International Business Machines,2010-11-02,43,137.52
IBM,International Business Machines,2010-11-09,44,140.25
IBM,International Business Machines,2010-11-16,45,136.64
IBM,International Business Machines,2010-11-23,46,137.9
IBM,International Business Machines,2010-12-01,47,137.29
IBM,International Business Machines,2010-12-08,48,138
IBM,International Business Machines,2010-12-15,49,138.75
IBM,International Business Machines,2010-12-22,50,139.25
IBM,International Business Machines,2010-12-30,51,139.92
IBM,International Business Machines,2011-01-06,52,140.66
IBM,International Business Machines,2011-01-13,53,142.68
IBM,International Business Machines,2011-01-21,54,149.52
IBM,International Business Machines,2011-01-28,55,153.97
IBM,International Business Machines,2011-02-04,56,156.29
IBM,International Business Machines,2011-02-11,57,156.77
IBM,International Business Machines,2011-02-18,58,157.23
IBM,International Business Machines,2011-02-28,59,155.22
IBM,International Business Machines,2011-03-07,60,154.49
IBM,International Business Machines,2011-03-14,61,154.07
IBM,International Business Machines,2011-03-21,62,150.71
IBM,International Business Machines,2011-03-28,63,154.44
IBM,International Business Machines,2011-04-04,64,157.19
IBM,International Business Machines,2011-04-11,65,156.25
IBM,International Business Machines,2011-04-18,66,157.4
IBM,International Business Machines,2011-04-26,67,160.6
IBM,International Business Machines,2011-05-03,68,164.44
IBM,International Business Machines,2011-05-10,69,161.81
IBM,International Business Machines,2011-05-17,70,160.47
IBM,International Business Machines,2011-05-24,71,161.09
IBM,International Business Machines,2011-06-01,72,161.47
IBM,International Business Machines,2011-06-08,73,156.09
IBM,International Business Machines,2011-06-15,74,155.59
IBM,International Business Machines,2011-06-22,75,158.31
IBM,International Business Machines,2011-06-29,76,163.11
IBM,International Business Machines,2011-07-07,77,169.01
IBM,International Business Machines,2011-07-14,78,166.73
IBM,International Business Machines,2011-07-21,79,175.52
IBM,International Business Machines,2011-07-28,80,173.1
IBM,International Business Machines,2011-08-04,81,168.74
IBM,International Business Machines,2011-08-11,82,156.88
IBM,International Business Machines,2011-08-18,83,159.01
IBM,International Business Machines,2011-08-25,84,160.15
IBM,International Business Machines,2011-09-01,85,165.11
IBM,International Business Machines,2011-09-09,86,157.33
IBM,International Business Machines,2011-09-16,87,163.8
IBM,International Business Machines,2011-09-23,88,159.65
IBM,International Business Machines,2011-09-30,89,168.27
IBM,International Business Machines,2011-10-07,90,174.3
IBM,International Business Machines,2011-10-14,91,179.91
IBM,International Business Machines,2011-10-21,92,171.23
IBM,International Business Machines,2011-10-28,93,177.41
IBM,International Business Machines,2011-11-04,94,178.08
IBM,International Business Machines,2011-11-11,95,177.12
IBM,International Business Machines,2011-11-18,96,178.5
IBM,International Business Machines,2011-11-28,97,174.67
IBM,International Business Machines,2011-12-05,98,182.77
IBM,International Business Machines,2011-12-12,99,185.12
IBM,International Business Machines,2011-12-19,100,176.4
IBM,International Business Machines,2011-12-27,101,176.84
IBM,International Business Machines,2012-01-04,102,177.41
IBM,International Business Machines,2012-01-11,103,172.78
IBM,International Business Machines,2012-01-19,104,173.8
IBM,International Business Machines,2012-01-26,105,183.36
IBM,International Business Machines,2012-02-02,106,184.24
IBM,International Business Machines,2012-02-09,107,184.54
IBM,International Business Machines,2012-02-16,108,184.14
IBM,International Business Machines,2012-02-24,109,189.66
IBM,International Business Machines,2012-03-02,110,188.43
IBM,International Business Machines,2012-03-09,111,191.19
IBM,International Business Machines,2012-03-16,112,197.93
IBM,International Business Machines,2012-03-23,113,196.84
IBM,International Business Machines,2012-03-30,114,199.56
IBM,International Business Machines,2012-04-09,115,195.41
IBM,International Business Machines,2012-04-16,116,195.74
IBM,International Business Machines,2012-04-23,117,189.19
IBM,International Business Machines,2012-04-30,118,197.62
IBM,International Business Machines,2012-05-07,119,194.99
IBM,International Business Machines,2012-05-14,120,191.13
IBM,International Business Machines,2012-05-21,121,187.36
IBM,International Business Machines,2012-05-29,122,186.63
IBM,International Business Machines,2012-06-05,123,179.66
IBM,International Business Machines,2012-06-12,124,183.69
IBM,International Business Machines,2012-06-19,125,190.09
IBM,International Business Machines,2012-06-26,126,185.03
IBM,International Business Machines,2012-07-03,127,186.86
IBM,International Business Machines,2012-07-11,128,178.03
IBM,International Business Machines,2012-07-18,129,176.05
IBM,International Business Machines,2012-07-25,130,181.94
IBM,International Business Machines,2012-08-01,131,188.3
IBM,International Business Machines,2012-08-08,132,189.55
IBM,International Business Machines,2012-08-15,133,190.15
IBM,International Business Machines,2012-08-22,134,189.9
IBM,International Business Machines,2012-08-29,135,186.55
IBM,International Business Machines,2012-09-06,136,187.63
IBM,International Business Machines,2012-09-13,137,195.39
IBM,International Business Machines,2012-09-20,138,196.8
IBM,International Business Machines,2012-09-27,139,195.38
IBM,International Business Machines,2012-10-04,140,201.03
IBM,International Business Machines,2012-10-11,141,197.49
IBM,International Business Machines,2012-10-18,142,191.12
IBM,International Business Machines,2012-10-25,143,182.99
IBM,International Business Machines,2012-11-05,144,183.9
IBM,International Business Machines,2012-11-12,145,181.67
IBM,International Business Machines,2012-11-19,146,180.33
IBM,International Business Machines,2012-11-27,147,183.63
IBM,International Business Machines,2012-12-04,148,181.37
IBM,International Business Machines,2012-12-11,149,184.68
IBM,International Business Machines,2012-12-18,150,185.33
IBM,International Business Machines,2012-12-26,151,183.76
IBM,International Business Machines,2013-01-03,152,187.07
IBM,International Business Machines,2013-01-10,153,184.18
IBM,International Business Machines,2013-01-17,154,185.33
IBM,International Business Machines,2013-01-25,155,195.46
IBM,International Business Machines,2013-02-01,156,195.65
IBM,International Business Machines,2013-02-08,157,191.18
IBM,International Business Machines,2013-02-15,158,191.19
IBM,International Business Machines,2013-02-25,159,192.8
IBM,International Business Machines,2013-03-04,160,193.68
IBM,International Business Machines,2013-03-11,161,200.8
IBM,International Business Machines,2013-03-18,162,203.54
IBM,International Business Machines,2013-03-25,163,203.19
IBM,International Business Machines,2013-04-02,164,203.56
IBM,International Business Machines,2013-04-09,165,200.34
IBM,International Business Machines,2013-04-16,166,201.57
IBM,International Business Machines,2013-04-23,167,180.95
IBM,International Business Machines,2013-04-30,168,190.37
IBM,International Business Machines,2013-05-07,169,193.89
IBM,International Business Machines,2013-05-14,170,193.2
IBM,International Business Machines,2013-05-21,171,198.13
IBM,International Business Machines,2013-05-29,172,197.15
IBM,International Business Machines,2013-06-05,173,196.14
IBM,International Business Machines,2013-06-12,174,195.59
IBM,International Business Machines,2013-06-19,175,195.45
IBM,International Business Machines,2013-06-26,176,187.35
IBM,International Business Machines,2013-07-03,177,182.58
IBM,International Business Machines,2013-07-11,178,185.26
IBM,International Business Machines,2013-07-18,179,189.55
IBM,International Business Machines,2013-07-25,180,187.67
IBM,International Business Machines,2013-08-01,181,188
IBM,International Business Machines,2013-08-08,182,181.12
IBM,International Business Machines,2013-08-15,183,178.04
IBM,International Business Machines,2013-08-22,184,177.49
IBM,International Business Machines,2013-08-29,185,173.96
IBM,International Business Machines,2013-09-06,186,176.53
IBM,International Business Machines,2013-09-13,187,182.8
IBM,International Business Machines,2013-09-20,188,185.43
IBM,International Business Machines,2013-09-27,189,180.56
IBM,International Business Machines,2013-10-04,190,176.07
IBM,International Business Machines,2013-10-11,191,177.1
IBM,International Business Machines,2013-10-18,192,167.11
IBM,International Business Machines,2013-10-25,193,170.58
IBM,International Business Machines,2013-11-01,194,171.9
IBM,International Business Machines,2013-11-08,195,170.97
IBM,International Business Machines,2013-11-15,196,174.36
IBM,International Business Machines,2013-11-22,197,175.43
IBM,International Business Machines,2013-12-02,198,171.57
IBM,International Business Machines,2013-12-09,199,170.16
IBM,International Business Machines,2013-12-16,200,165.6
IBM,International Business Machines,2013-12-23,201,173.09
IBM,International Business Machines,2013-12-31,202,178.29
IBM,International Business Machines,2014-01-08,203,181
IBM,International Business Machines,2014-01-15,204,177.65
IBM,International Business Machines,2014-01-23,205,173.45
IBM,International Business Machines,2014-01-30,206,169.38
IBM,International Business Machines,2014-02-06,207,166.32
IBM,International Business Machines,2014-02-13,208,170.38
IBM,International Business Machines,2014-02-21,209,176.15
IBM,International Business Machines,2014-02-28,210,177.23
IBM,International Business Machines,2014-03-07,211,180.07
IBM,International Business Machines,2014-03-14,212,175.8
IBM,International Business Machines,2014-03-21,213,180.21
IBM,International Business Machines,2014-03-28,214,181.59
IBM,International Business Machines,2014-04-04,215,184.63
IBM,International Business Machines,2014-04-11,216,186.46
IBM,International Business Machines,2014-04-21,217,181.45
IBM,International Business Machines,2014-04-28,218,182.73
IBM,International Business Machines,2014-05-05,219,182.65
IBM,International Business Machines,2014-05-12,220,182.72
IBM,International Business Machines,2014-05-19,221,178.4
IBM,International Business Machines,2014-05-27,222,176.67
IBM,International Business Machines,2014-06-03,223,177.39
IBM,International Business Machines,2014-06-10,224,178.01
IBM,International Business Machines,2014-06-17,225,173.9
IBM,International Business Machines,2014-06-24,226,173.52
IBM,International Business Machines,2014-07-01,227,173.71
IBM,International Business Machines,2014-07-09,228,179.43
IBM,International Business Machines,2014-07-16,229,183.79
IBM,International Business Machines,2014-07-23,230,185.57
IBM,International Business Machines,2014-07-30,231,186.62
IBM,International Business Machines,2014-08-06,232,177.21
IBM,International Business Machines,2014-08-13,233,179.73
IBM,International Business Machines,2014-08-20,234,181.51
IBM,International Business Machines,2014-08-27,235,184.54
IBM,International Business Machines,2014-09-04,236,183.26
IBM,International Business Machines,2014-09-11,237,182.68
IBM,International Business Machines,2014-09-18,238,184.31
IBM,International Business Machines,2014-09-25,239,183.6
IBM,International Business Machines,2014-10-02,240,179.41
IBM,International Business Machines,2014-10-09,241,180.8
IBM,International Business Machines,2014-10-16,242,171.89
IBM,International Business Machines,2014-10-23,243,154.99
IBM,International Business Machines,2014-10-30,244,156.31
IBM,International Business Machines,2014-11-06,245,154.19
IBM,International Business Machines,2014-11-13,246,154.88
IBM,International Business Machines,2014-11-20,247,153.87
IBM,International Business Machines,2014-11-28,248,155.59
IBM,International Business Machines,2014-12-05,249,156.41
IBM,International Business Machines,2014-12-12,250,153.2
IBM,International Business Machines,2014-12-19,251,150.56
IBM,International Business Machines,2014-12-29,252,154.88
IBM,International Business Machines,2015-01-06,253,152.65
IBM,International Business Machines,2015-01-13,254,150.34
IBM,International Business Machines,2015-01-21,255,146.3
IBM,International Business Machines,2015-01-28,256,147.23
IBM,International Business Machines,2015-02-04,257,150.3
IBM,International Business Machines,2015-02-11,258,150.82
IBM,International Business Machines,2015-02-19,259,154.92
IBM,International Business Machines,2015-02-26,260,156.54
IBM,International Business Machines,2015-03-05,261,152.83
IBM,International Business Machines,2015-03-12,262,149.4
IBM,International Business Machines,2015-03-19,263,152.68
IBM,International Business Machines,2015-03-26,264,152.27
IBM,International Business Machines,2015-04-02,265,152.5
IBM,International Business Machines,2015-04-10,266,155.2
IBM,International Business Machines,2015-04-17,267,154.64
IBM,International Business Machines,2015-04-24,268,162.74
IBM,International Business Machines,2015-05-01,269,165.58
IBM,International Business Machines,2015-05-08,270,165.33
IBM,International Business Machines,2015-05-15,271,166.26
IBM,International Business Machines,2015-05-22,272,165.43
IBM,International Business Machines,2015-06-01,273,162.72
IBM,International Business Machines,2015-06-08,274,159.82
IBM,International Business Machines,2015-06-15,275,159.65
IBM,International Business Machines,2015-06-22,276,160.28
IBM,International Business Machines,2015-06-29,277,156.71
IBM,International Business Machines,2015-07-07,278,157.69
IBM,International Business Machines,2015-07-14,279,161.98
IBM,International Business Machines,2015-07-21,280,157.11
IBM,International Business Machines,2015-07-28,281,152.88
IBM,International Business Machines,2015-08-04,282,151.43
IBM,International Business Machines,2015-08-11,283,149.1
IBM,International Business Machines,2015-08-18,284,148.67
IBM,International Business Machines,2015-08-25,285,140.48
IBM,International Business Machines,2015-09-01,286,138.54
IBM,International Business Machines,2015-09-09,287,142.2
IBM,International Business Machines,2015-09-16,288,141.34
IBM,International Business Machines,2015-09-23,289,137.87
IBM,International Business Machines,2015-09-30,290,137.37
IBM,International Business Machines,2015-10-07,291,143.44
IBM,International Business Machines,2015-10-14,292,143.02
IBM,International Business Machines,2015-10-21,293,134.08
IBM,International Business Machines,2015-10-28,294,131.85
IBM,International Business Machines,2015-11-04,295,136.28
IBM,International Business Machines,2015-11-11,296,130.11
IBM,International Business Machines,2015-11-18,297,128.86
IBM,International Business Machines,2015-11-25,298,132.28
IBM,International Business Machines,2015-12-03,299,133.94
IBM,International Business Machines,2015-12-10,300,131
IBM,International Business Machines,2015-12-17,301,133.22
IBM,International Business Machines,2015-12-24,302,132.34
IBM,International Business Machines,2016-01-04,303,129.64
IBM,International Business Machines,2016-01-11,304,126.01
IBM,International Business Machines,2016-01-19,305,124.39
IBM,International Business Machines,2016-01-26,306,116.87
IBM,International Business Machines,2016-02-02,307,118.23
IBM,International Business Machines,2016-02-09,308,120.57
IBM,International Business Machines,2016-02-17,309,118.27
IBM,International Business Machines,2016-02-24,310,125.76
IBM,International Business Machines,2016-03-02,311,127.82
IBM,International Business Machines,2016-03-09,312,133.18
IBM,International Business Machines,2016-03-16,313,136.35
IBM,International Business Machines,2016-03-23,314,141.49
IBM,International Business Machines,2016-03-31,315,143.2
IBM,International Business Machines,2016-04-07,316,142.51
IBM,International Business Machines,2016-04-14,317,144.84
IBM,International Business Machines,2016-04-21,318,140.13
IBM,International Business Machines,2016-04-28,319,143.16
IBM,International Business Machines,2016-05-05,320,139.53
IBM,International Business Machines,2016-05-12,321,142.65
IBM,International Business Machines,2016-05-19,322,140.04
IBM,International Business Machines,2016-05-26,323,144.89
IBM,International Business Machines,2016-06-03,324,145.7
IBM,International Business Machines,2016-06-10,325,146.07
IBM,International Business Machines,2016-06-17,326,144.32
IBM,International Business Machines,2016-06-24,327,143.37
IBM,International Business Machines,2016-07-01,328,145.11
IBM,International Business Machines,2016-07-11,329,147.8
IBM,International Business Machines,2016-07-18,330,152.29
IBM,International Business Machines,2016-07-25,331,154.88
IBM,International Business Machines,2016-08-01,332,153.59
IBM,International Business Machines,2016-08-08,333,155.57
IBM,International Business Machines,2016-08-15,334,155.26
IBM,International Business Machines,2016-08-22,335,152.96
IBM,International Business Machines,2016-08-29,336,151.85
IBM,International Business Machines,2016-09-06,337,152.85
IBM,International Business Machines,2016-09-13,338,150.7
IBM,International Business Machines,2016-09-20,339,149.02
IBM,International Business Machines,2016-09-27,340,147.53
IBM,International Business Machines,2016-10-04,341,150.74
IBM,International Business Machines,2016-10-11,342,149.84
IBM,International Business Machines,2016-10-18,343,143.42
IBM,International Business Machines,2016-10-25,344,143.95
IBM,International Business Machines,2016-11-01,345,146.75
IBM,International Business Machines,2016-11-08,346,147.76
IBM,International Business Machines,2016-11-15,347,151.45
IBM,International Business Machines,2016-11-22,348,155.83
IBM,International Business Machines,2016-11-30,349,156.17
IBM,International Business Machines,2016-12-07,350,153.54
IBM,International Business Machines,2016-12-14,351,160.97
IBM,International Business Machines,2016-12-21,352,158.94
IBM,International Business Machines,2016-12-29,353,158.72
IBM,International Business Machines,2017-01-06,354,161.27
IBM,International Business Machines,2017-01-13,355,160.58
IBM,International Business Machines,2017-01-23,356,162.6
IBM,International Business Machines,2017-01-30,357,169.2
IBM,International Business Machines,2017-02-06,358,167.6
IBM,International Business Machines,2017-02-13,359,171.36
IBM,International Business Machines,2017-02-21,360,172.66
IBM,International Business Machines,2017-02-28,361,171.49
IBM,International Business Machines,2017-03-07,362,172.76
IBM,International Business Machines,2017-03-14,363,168.43
IBM,International Business Machines,2017-03-21,364,168.27
IBM,International Business Machines,2017-03-28,365,166.29
IBM,International Business Machines,2017-04-04,366,165.89
IBM,International Business Machines,2017-04-11,367,163.15
IBM,International Business Machines,2017-04-19,368,154.65
IBM,International Business Machines,2017-04-26,369,153.47
IBM,International Business Machines,2017-05-03,370,151.76
IBM,International Business Machines,2017-05-10,371,144.98
IBM,International Business Machines,2017-05-17,372,146.56
IBM,International Business Machines,2017-05-24,373,145.52
IBM,International Business Machines,2017-06-01,374,146.08
IBM,International Business Machines,2017-06-08,375,144.36
IBM,International Business Machines,2017-06-15,376,146.55
IBM,International Business Machines,2017-06-22,377,147.75
IBM,International Business Machines,2017-06-29,378,148.52
IBM,International Business Machines,2017-07-07,379,145.91
IBM,International Business Machines,2017-07-14,380,147.24
IBM,International Business Machines,2017-07-21,381,141.1
IBM,International Business Machines,2017-07-28,382,138.44
IBM,International Business Machines,2017-08-04,383,138.62
IBM,International Business Machines,2017-08-11,384,136.19
IBM,International Business Machines,2017-08-18,385,134.67
IBM,International Business Machines,2017-08-25,386,137
IBM,International Business Machines,2017-09-01,387,136.69
IBM,International Business Machines,2017-09-11,388,137.23
IBM,International Business Machines,2017-09-18,389,138.44
IBM,International Business Machines,2017-09-25,390,138.74
IBM,International Business Machines,2017-10-02,391,138.96
IBM,International Business Machines,2017-10-09,392,140.06
IBM,International Business Machines,2017-10-16,393,140.75
IBM,International Business Machines,2017-10-23,394,154.92
IBM,International Business Machines,2017-10-30,395,147
IBM,International Business Machines,2017-11-06,396,145.1
IBM,International Business Machines,2017-11-13,397,142.33
IBM,International Business Machines,2017-11-20,398,144.02
IBM,International Business Machines,2017-11-28,399,145.65
IBM,International Business Machines,2017-12-05,400,149.57
IBM,International Business Machines,2017-12-12,401,150.38
IBM,International Business Machines,2017-12-19,402,147.28
IBM,International Business Machines,2017-12-27,403,146.22
IBM,International Business Machines,2018-01-04,404,152.63
IBM,International Business Machines,2018-01-11,405,157.55
IBM,International Business Machines,2018-01-19,406,157.23
IBM,International Business Machines,2018-01-26,407,158.81
IBM,International Business Machines,2018-02-02,408,154.59
IBM,International Business Machines,2018-02-09,409,142.07
IBM,International Business Machines,2018-02-16,410,148.86
IBM,International Business Machines,2018-02-26,411,148.96
IBM,International Business Machines,2018-03-05,412,147.34
IBM,International Business Machines,2018-03-12,413,152.62
IBM,International Business Machines,2018-03-19,414,152.69
IBM,International Business Machines,2018-03-26,415,144.56
IBM,International Business Machines,2018-04-03,416,144.17
IBM,International Business Machines,2018-04-10,417,148.21
IBM,International Business Machines,2018-04-17,418,151.84
IBM,International Business Machines,2018-04-24,419,140.07
IBM,International Business Machines,2018-05-01,420,138.29
IBM,International Business Machines,2018-05-08,421,136.71
IBM,International Business Machines,2018-05-15,422,137.19
IBM,International Business Machines,2018-05-22,423,139.12
IBM,International Business Machines,2018-05-30,424,135.66
IBM,International Business Machines,2018-06-06,425,137.99
IBM,International Business Machines,2018-06-13,426,140.33
IBM,International Business Machines,2018-06-20,427,137.88
IBM,International Business Machines,2018-06-27,428,132.99
IBM,International Business Machines,2018-07-05,429,134.3
IBM,International Business Machines,2018-07-12,430,139.44
IBM,International Business Machines,2018-07-19,431,141.35
IBM,International Business Machines,2018-07-26,432,140.95
IBM,International Business Machines,2018-08-02,433,136.58
IBM,International Business Machines,2018-08-09,434,139.13
IBM,International Business Machines,2018-08-16,435,138.02
IBM,International Business Machines,2018-08-23,436,138.66
IBM,International Business Machines,2018-08-30,437,140.56
IBM,International Business Machines,2018-09-07,438,139.52
IBM,International Business Machines,2018-09-14,439,142.3
IBM,International Business Machines,2018-09-21,440,144.82
IBM,International Business Machines,2018-09-28,441,144.51
IBM,International Business Machines,2018-10-05,442,144.26
IBM,International Business Machines,2018-10-12,443,134.91
IBM,International Business Machines,2018-10-19,444,124.9
IBM,International Business Machines,2018-10-26,445,119.7
IBM,International Business Machines,2018-11-02,446,112.34
IBM,International Business Machines,2018-11-09,447,118.17
IBM,International Business Machines,2018-11-16,448,115.57
IBM,International Business Machines,2018-11-26,449,113.16
IBM,International Business Machines,2018-12-03,450,120.14
IBM,International Business Machines,2018-12-11,451,117.83
IBM,International Business Machines,2018-12-18,452,111.76
IBM,International Business Machines,2018-12-26,453,103.25
IBM,International Business Machines,2019-01-03,454,109.49
IBM,International Business Machines,2019-01-10,455,114.8
IBM,International Business Machines,2019-01-17,456,115.26
IBM,International Business Machines,2019-01-25,457,127.03
IBM,International Business Machines,2019-02-01,458,129.03
IBM,International Business Machines,2019-02-08,459,126.52
IBM,International Business Machines,2019-02-15,460,131.53
IBM,International Business Machines,2019-02-25,461,133.84
IBM,International Business Machines,2019-03-04,462,133.83
IBM,International Business Machines,2019-03-11,463,130.05
IBM,International Business Machines,2019-03-18,464,133.68
IBM,International Business Machines,2019-03-25,465,132.94
IBM,International Business Machines,2019-04-01,466,135.29
IBM,International Business Machines,2019-04-08,467,136.73
IBM,International Business Machines,2019-04-15,468,138.05
IBM,International Business Machines,2019-04-23,469,133.03
IBM,International Business Machines,2019-04-30,470,132.99
IBM,International Business Machines,2019-05-07,471,133.03
IBM,International Business Machines,2019-05-14,472,126.02
IBM,International Business Machines,2019-05-21,473,130.13
IBM,International Business Machines,2019-05-29,474,124.28
IBM,International Business Machines,2019-06-05,475,127.51
IBM,International Business Machines,2019-06-12,476,129.6
IBM,International Business Machines,2019-06-19,477,130.43
IBM,International Business Machines,2019-06-26,478,132.76
IBM,International Business Machines,2019-07-03,479,134.53
IBM,International Business Machines,2019-07-11,480,134.6
IBM,International Business Machines,2019-07-18,481,136.23
IBM,International Business Machines,2019-07-25,482,143.23
IBM,International Business Machines,2019-08-01,483,142.35
IBM,International Business Machines,2019-08-08,484,132.36
IBM,International Business Machines,2019-08-15,485,125.45
IBM,International Business Machines,2019-08-22,486,128.77
IBM,International Business Machines,2019-08-29,487,128.28
IBM,International Business Machines,2019-09-06,488,135.3
IBM,International Business Machines,2019-09-13,489,137.97
IBM,International Business Machines,2019-09-20,490,136.95
IBM,International Business Machines,2019-09-27,491,138.06
IBM,International Business Machines,2019-10-04,492,135.81
IBM,International Business Machines,2019-10-11,493,136.49
IBM,International Business Machines,2019-10-18,494,128.32
IBM,International Business Machines,2019-10-25,495,128.22
IBM,International Business Machines,2019-11-01,496,128.59
IBM,International Business Machines,2019-11-08,497,131.53
IBM,International Business Machines,2019-11-15,498,128.48
IBM,International Business Machines,2019-11-22,499,128.29
IBM,International Business Machines,2019-12-02,500,128.54
IBM,International Business Machines,2019-12-09,501,127.49
IBM,International Business Machines,2019-12-16,502,129.01
IBM,International Business Machines,2019-12-23,503,129.81
IBM,International Business Machines,2019-12-31,504,126.7
IBM,International Business Machines,2020-01-08,505,128.59
IBM,International Business Machines,2020-01-15,506,130.02
IBM,International Business Machines,2020-01-23,507,137.86
IBM,International Business Machines,2020-01-30,508,130.75
IBM,International Business Machines,2020-02-06,509,149.92
IBM,International Business Machines,2020-02-13,510,147.58
IBM,International Business Machines,2020-02-21,511,144.4
IBM,International Business Machines,2020-02-28,512,124.26
IBM,International Business Machines,2020-03-06,513,121.13
IBM,International Business Machines,2020-03-13,514,103.9
IBM,International Business Machines,2020-03-20,515,96.48
IBM,International Business Machines,2020-03-27,516,103.8
IBM,International Business Machines,2020-04-03,517,104.13
IBM,International Business Machines,2020-04-13,518,116.28
IBM,International Business Machines,2020-04-20,519,113.91
IBM,International Business Machines,2020-04-27,520,120.04
IBM,International Business Machines,2020-05-04,521,115.51
IBM,International Business Machines,2020-05-11,522,116.45
IBM,International Business Machines,2020-05-18,523,114.61
IBM,International Business Machines,2020-05-26,524,115.97
IBM,International Business Machines,2020-06-02,525,120.14
IBM,International Business Machines,2020-06-09,526,127.65
IBM,International Business Machines,2020-06-16,527,119.5
IBM,International Business Machines,2020-06-23,528,116.64
IBM,International Business Machines,2020-06-30,529,113.95
IBM,International Business Machines,2020-07-08,530,112.87
IBM,International Business Machines,2020-07-15,531,117.02
IBM,International Business Machines,2020-07-22,532,120.36
IBM,International Business Machines,2020-07-29,533,119.08
IBM,International Business Machines,2020-08-05,534,121.16
IBM,International Business Machines,2020-08-12,535,122
IBM,International Business Machines,2020-08-19,536,119.34
IBM,International Business Machines,2020-08-26,537,119.46
IBM,International Business Machines,2020-09-02,538,118.28
IBM,International Business Machines,2020-09-10,539,117.14
IBM,International Business Machines,2020-09-17,540,117.23
IBM,International Business Machines,2020-09-24,541,112.91
IBM,International Business Machines,2020-10-01,542,116.98
IBM,International Business Machines,2020-10-08,543,125.11
IBM,International Business Machines,2020-10-15,544,118.62
IBM,International Business Machines,2020-10-22,545,109.94
IBM,International Business Machines,2020-10-29,546,102.53
IBM,International Business Machines,2020-11-05,547,108.32
IBM,International Business Machines,2020-11-12,548,110.54
IBM,International Business Machines,2020-11-19,549,111.41
IBM,International Business Machines,2020-11-27,550,118.74
IBM,International Business Machines,2020-12-04,551,118.52
IBM,International Business Machines,2020-12-11,552,118.62
IBM,International Business Machines,2020-12-18,553,120.07
IBM,International Business Machines,2020-12-28,554,119.6
IBM,International Business Machines,2021-01-05,555,119.51
IBM,International Business Machines,2021-01-12,556,123.41
IBM,International Business Machines,2021-01-20,557,124
IBM,International Business Machines,2021-01-27,558,116.71
IBM,International Business Machines,2021-02-03,559,113.8
IBM,International Business Machines,2021-02-10,560,117.62
IBM,International Business Machines,2021-02-18,561,115.2
IBM,International Business Machines,2021-02-25,562,117.94
IBM,International Business Machines,2021-03-04,563,116.63
IBM,International Business Machines,2021-03-11,564,122.46
IBM,International Business Machines,2021-03-18,565,123.27
IBM,International Business Machines,2021-03-25,566,124.6
IBM,International Business Machines,2021-04-01,567,127.88
IBM,International Business Machines,2021-04-09,568,128.94
IBM,International Business Machines,2021-04-16,569,127.15
IBM,International Business Machines,2021-04-23,570,135.1
IBM,International Business Machines,2021-04-30,571,137.38
IBM,International Business Machines,2021-05-07,572,139.5
IBM,International Business Machines,2021-05-14,573,138.73
IBM,International Business Machines,2021-05-21,574,137.93
IBM,International Business Machines,2021-05-28,575,137.87
IBM,International Business Machines,2021-06-07,576,141.06
IBM,International Business Machines,2021-06-14,577,144.08
IBM,International Business Machines,2021-06-21,578,137.77
IBM,International Business Machines,2021-06-28,579,140.54
IBM,International Business Machines,2021-07-06,580,133.83
IBM,International Business Machines,2021-07-13,581,134.72
IBM,International Business Machines,2021-07-20,582,136.71
IBM,International Business Machines,2021-07-27,583,136.26
IBM,International Business Machines,2021-08-03,584,135.66
IBM,International Business Machines,2021-08-10,585,135
IBM,International Business Machines,2021-08-17,586,136.71
IBM,International Business Machines,2021-08-24,587,133.63
IBM,International Business Machines,2021-08-31,588,133.4
IBM,International Business Machines,2021-09-08,589,132.07
IBM,International Business Machines,2021-09-15,590,130.23
IBM,International Business Machines,2021-09-22,591,127.84
IBM,International Business Machines,2021-09-29,592,131.67
IBM,International Business Machines,2021-10-06,593,136.21
IBM,International Business Machines,2021-10-13,594,134.34
IBM,International Business Machines,2021-10-20,595,135.45
IBM,International Business Machines,2021-10-27,596,121.84
IBM,International Business Machines,2021-11-03,597,120.68
IBM,International Business Machines,2021-11-10,598,121
IBM,International Business Machines,2021-11-17,599,118.38
IBM,International Business Machines,2021-11-24,600,116.16
IBM,International Business Machines,2021-12-02,601,117.37
IBM,International Business Machines,2021-12-09,602,122.15
IBM,International Business Machines,2021-12-16,603,123.51
IBM,International Business Machines,2021-12-23,604,130
IBM,International Business Machines,2021-12-31,605,134
IBM,International Business Machines,2022-01-07,606,134.9
IBM,International Business Machines,2022-01-14,607,134.55
IBM,International Business Machines,2022-01-24,608,127.99
IBM,International Business Machines,2022-01-31,609,134.09
IBM,International Business Machines,2022-02-07,610,137.45
IBM,International Business Machines,2022-02-14,611,132.59
IBM,International Business Machines,2022-02-22,612,124.2
IBM,International Business Machines,2022-03-01,613,122.67
IBM,International Business Machines,2022-03-08,614,126.62
IBM,International Business Machines,2022-03-15,615,124
IBM,International Business Machines,2022-03-22,616,128.5
IBM,International Business Machines,2022-03-29,617,132.04
IBM,International Business Machines,2022-04-05,618,129.85
IBM,International Business Machines,2022-04-12,619,126.42
IBM,International Business Machines,2022-04-20,620,135
IBM,International Business Machines,2022-04-27,621,135.78
IBM,International Business Machines,2022-05-04,622,132.87
IBM,International Business Machines,2022-05-11,623,129.86
IBM,International Business Machines,2022-05-18,624,137.1
IBM,International Business Machines,2022-05-25,625,132.86
IBM,International Business Machines,2022-06-02,626,139.45
IBM,International Business Machines,2022-06-09,627,140.15
IBM,International Business Machines,2022-06-16,628,135.3
IBM,International Business Machines,2022-06-24,629,139.2
IBM,International Business Machines,2022-07-01,630,141
IBM,International Business Machines,2022-07-11,631,140.62
IBM,International Business Machines,2022-07-18,632,140.15
IBM,International Business Machines,2022-07-25,633,128.44
IBM,International Business Machines,2022-08-01,634,130.75
IBM,International Business Machines,2022-08-08,635,133.1
IBM,International Business Machines,2022-08-15,636,132.96
IBM,International Business Machines,2022-08-22,637,137.65
IBM,International Business Machines,2022-08-29,638,129.99
IBM,International Business Machines,2022-09-06,639,127.8
IBM,International Business Machines,2022-09-13,640,129.14
IBM,International Business Machines,2022-09-20,641,126.9
IBM,International Business Machines,2022-09-27,642,122.6
IBM,International Business Machines,2022-10-04,643,122.8
IBM,International Business Machines,2022-10-11,644,117.46
IBM,International Business Machines,2022-10-18,645,123
IBM,International Business Machines,2022-10-25,646,132
IBM,International Business Machines,2022-11-01,647,138.25
IBM,International Business Machines,2022-11-08,648,139
IBM,International Business Machines,2022-11-15,649,144.08
IBM,International Business Machines,2022-11-22,650,147.6
IBM,International Business Machines,2022-11-30,651,146.19
IBM,International Business Machines,2022-12-07,652,147.33
IBM,International Business Machines,2022-12-14,653,150.47
IBM,International Business Machines,2022-12-21,654,141.84
IBM,International Business Machines,2022-12-29,655,140.58
INTC,Intel,2010-01-04,1,20.79
INTC,Intel,2010-01-11,2,21.11
INTC,Intel,2010-01-19,3,20.9
INTC,Intel,2010-01-26,4,20.18
INTC,Intel,2010-02-02,5,19.68
INTC,Intel,2010-02-09,6,19.64
INTC,Intel,2010-02-17,7,20.86
INTC,Intel,2010-02-24,8,20.52
INTC,Intel,2010-03-03,9,20.76
INTC,Intel,2010-03-10,10,20.95
INTC,Intel,2010-03-17,11,22.06
INTC,Intel,2010-03-24,12,22.53
INTC,Intel,2010-03-31,13,22.32
INTC,Intel,2010-04-08,14,22.38
INTC,Intel,2010-04-15,15,23.83
INTC,Intel,2010-04-22,16,23.55
INTC,Intel,2010-04-29,17,23.33
INTC,Intel,2010-05-06,18,22.15
INTC,Intel,2010-05-13,19,23.03
INTC,Intel,2010-05-20,20,21.02
INTC,Intel,2010-05-27,21,21.16
INTC,Intel,2010-06-04,22,21.54
INTC,Intel,2010-06-11,23,20.31
INTC,Intel,2010-06-18,24,21.56
INTC,Intel,2010-06-25,25,20.4
INTC,Intel,2010-07-02,26,19.21
INTC,Intel,2010-07-12,27,20.31
INTC,Intel,2010-07-19,28,21.17
INTC,Intel,2010-07-26,29,21.68
INTC,Intel,2010-08-02,30,20.9
INTC,Intel,2010-08-09,31,20.79
INTC,Intel,2010-08-16,32,19.14
INTC,Intel,2010-08-23,33,18.92
INTC,Intel,2010-08-30,34,18.25
INTC,Intel,2010-09-07,35,18.36
INTC,Intel,2010-09-14,36,18.53
INTC,Intel,2010-09-21,37,18.88
INTC,Intel,2010-09-28,38,19.31
INTC,Intel,2010-10-05,39,19.08
INTC,Intel,2010-10-12,40,19.65
INTC,Intel,2010-10-19,41,19.01
INTC,Intel,2010-10-26,42,19.79
INTC,Intel,2010-11-02,43,20.64
INTC,Intel,2010-11-09,44,21.2
INTC,Intel,2010-11-16,45,21.13
INTC,Intel,2010-11-23,46,21.04
INTC,Intel,2010-12-01,47,21.46
INTC,Intel,2010-12-08,48,21.69
INTC,Intel,2010-12-15,49,21.35
INTC,Intel,2010-12-22,50,20.95
INTC,Intel,2010-12-30,51,20.95
INTC,Intel,2011-01-06,52,20.67
INTC,Intel,2011-01-13,53,21.26
INTC,Intel,2011-01-21,54,20.95
INTC,Intel,2011-01-28,55,21.76
INTC,Intel,2011-02-04,56,21.47
INTC,Intel,2011-02-11,57,21.63
INTC,Intel,2011-02-18,58,22.09
INTC,Intel,2011-02-28,59,21.75
INTC,Intel,2011-03-07,60,21.69
INTC,Intel,2011-03-14,61,20.66
INTC,Intel,2011-03-21,62,19.9
INTC,Intel,2011-03-28,63,20.44
INTC,Intel,2011-04-04,64,19.79
INTC,Intel,2011-04-11,65,20.07
INTC,Intel,2011-04-18,66,19.53
INTC,Intel,2011-04-26,67,21.82
INTC,Intel,2011-05-03,68,22.81
INTC,Intel,2011-05-10,69,22.85
INTC,Intel,2011-05-17,70,23.37
INTC,Intel,2011-05-24,71,22.89
INTC,Intel,2011-06-01,72,22.45
INTC,Intel,2011-06-08,73,21.96
INTC,Intel,2011-06-15,74,21.68
INTC,Intel,2011-06-22,75,21.54
INTC,Intel,2011-06-29,76,21.53
INTC,Intel,2011-07-07,77,22.89
INTC,Intel,2011-07-14,78,22.56
INTC,Intel,2011-07-21,79,22.35
INTC,Intel,2011-07-28,80,22.47
INTC,Intel,2011-08-04,81,21.47
INTC,Intel,2011-08-11,82,20.14
INTC,Intel,2011-08-18,83,20.15
INTC,Intel,2011-08-25,84,19.83
INTC,Intel,2011-09-01,85,20.28
INTC,Intel,2011-09-09,86,19.75
INTC,Intel,2011-09-16,87,21.65
INTC,Intel,2011-09-23,88,21.39
INTC,Intel,2011-09-30,89,21.93
INTC,Intel,2011-10-07,90,22.07
INTC,Intel,2011-10-14,91,23.44
INTC,Intel,2011-10-21,92,23.86
INTC,Intel,2011-10-28,93,24.87
INTC,Intel,2011-11-04,94,24.04
INTC,Intel,2011-11-11,95,24.31
INTC,Intel,2011-11-18,96,24.17
INTC,Intel,2011-11-28,97,23.28
INTC,Intel,2011-12-05,98,25.03
INTC,Intel,2011-12-12,99,24.18
INTC,Intel,2011-12-19,100,23.39
INTC,Intel,2011-12-27,101,24.45
INTC,Intel,2012-01-04,102,24.57
INTC,Intel,2012-01-11,103,25.43
INTC,Intel,2012-01-19,104,25.52
INTC,Intel,2012-01-26,105,26.95
INTC,Intel,2012-02-02,106,26.59
INTC,Intel,2012-02-09,107,26.91
INTC,Intel,2012-02-16,108,26.4
INTC,Intel,2012-02-24,109,26.72
INTC,Intel,2012-03-02,110,26.9
INTC,Intel,2012-03-09,111,26.94
INTC,Intel,2012-03-16,112,27.82
INTC,Intel,2012-03-23,113,27.94
INTC,Intel,2012-03-30,114,28.39
INTC,Intel,2012-04-09,115,27.73
INTC,Intel,2012-04-16,116,28.26
INTC,Intel,2012-04-23,117,27.33
INTC,Intel,2012-04-30,118,28.42
INTC,Intel,2012-05-07,119,27.83
INTC,Intel,2012-05-14,120,27.35
INTC,Intel,2012-05-21,121,26.06
INTC,Intel,2012-05-29,122,26.04
INTC,Intel,2012-06-05,123,25.04
INTC,Intel,2012-06-12,124,26.12
INTC,Intel,2012-06-19,125,27.59
INTC,Intel,2012-06-26,126,26.16
INTC,Intel,2012-07-03,127,26.72
INTC,Intel,2012-07-11,128,25.57
INTC,Intel,2012-07-18,129,25.2
INTC,Intel,2012-07-25,130,25.02
INTC,Intel,2012-08-01,131,25.83
INTC,Intel,2012-08-08,132,26.48
INTC,Intel,2012-08-15,133,26.23
INTC,Intel,2012-08-22,134,25.89
INTC,Intel,2012-08-29,135,24.93
INTC,Intel,2012-09-06,136,24.47
INTC,Intel,2012-09-13,137,23.01
INTC,Intel,2012-09-20,138,23.09
INTC,Intel,2012-09-27,139,22.76
INTC,Intel,2012-10-04,140,22.58
INTC,Intel,2012-10-11,141,21.87
INTC,Intel,2012-10-18,142,21.82
INTC,Intel,2012-10-25,143,21.58
INTC,Intel,2012-11-05,144,22.02
INTC,Intel,2012-11-12,145,20.88
INTC,Intel,2012-11-19,146,19.99
INTC,Intel,2012-11-27,147,19.95
INTC,Intel,2012-12-04,148,19.63
INTC,Intel,2012-12-11,149,20.16
INTC,Intel,2012-12-18,150,20.68
INTC,Intel,2012-12-26,151,20.74
INTC,Intel,2013-01-03,152,21.4
INTC,Intel,2013-01-10,153,21.61
INTC,Intel,2013-01-17,154,22.12
INTC,Intel,2013-01-25,155,21.04
INTC,Intel,2013-02-01,156,21.19
INTC,Intel,2013-02-08,157,20.9
INTC,Intel,2013-02-15,158,21.23
INTC,Intel,2013-02-25,159,20.57
INTC,Intel,2013-03-04,160,21.16
INTC,Intel,2013-03-11,161,21.53
INTC,Intel,2013-03-18,162,21.24
INTC,Intel,2013-03-25,163,21.39
INTC,Intel,2013-04-02,164,21.52
INTC,Intel,2013-04-09,165,21.11
INTC,Intel,2013-04-16,166,21.47
INTC,Intel,2013-04-23,167,22.98
INTC,Intel,2013-04-30,168,23.72
INTC,Intel,2013-05-07,169,23.97
INTC,Intel,2013-05-14,170,24.08
INTC,Intel,2013-05-21,171,24.1
INTC,Intel,2013-05-29,172,23.96
INTC,Intel,2013-06-05,173,25.11
INTC,Intel,2013-06-12,174,24.96
INTC,Intel,2013-06-19,175,25.49
INTC,Intel,2013-06-26,176,24.2
INTC,Intel,2013-07-03,177,23.7
INTC,Intel,2013-07-11,178,23.56
INTC,Intel,2013-07-18,179,23.47
INTC,Intel,2013-07-25,180,22.85
INTC,Intel,2013-08-01,181,23.41
INTC,Intel,2013-08-08,182,22.75
INTC,Intel,2013-08-15,183,22.28
INTC,Intel,2013-08-22,184,22.26
INTC,Intel,2013-08-29,185,22.24
INTC,Intel,2013-09-06,186,22.69
INTC,Intel,2013-09-13,187,23.05
INTC,Intel,2013-09-20,188,23.94
INTC,Intel,2013-09-27,189,23.21
INTC,Intel,2013-10-04,190,22.6
INTC,Intel,2013-10-11,191,22.83
INTC,Intel,2013-10-18,192,23.86
INTC,Intel,2013-10-25,193,24.11
INTC,Intel,2013-11-01,194,24.51
INTC,Intel,2013-11-08,195,24.03
INTC,Intel,2013-11-15,196,24.4
INTC,Intel,2013-11-22,197,24.5
INTC,Intel,2013-12-02,198,24
INTC,Intel,2013-12-09,199,24.84
INTC,Intel,2013-12-16,200,24.33
INTC,Intel,2013-12-23,201,25.27
INTC,Intel,2013-12-31,202,25.81
INTC,Intel,2014-01-08,203,25.64
INTC,Intel,2014-01-15,204,26.72
INTC,Intel,2014-01-23,205,25.17
INTC,Intel,2014-01-30,206,24.75
INTC,Intel,2014-02-06,207,23.6
INTC,Intel,2014-02-13,208,24.43
INTC,Intel,2014-02-21,209,24.95
INTC,Intel,2014-02-28,210,24.79
INTC,Intel,2014-03-07,211,24.7
INTC,Intel,2014-03-14,212,24.48
INTC,Intel,2014-03-21,213,25.61
INTC,Intel,2014-03-28,214,25.41
INTC,Intel,2014-04-04,215,26.49
INTC,Intel,2014-04-11,216,26.27
INTC,Intel,2014-04-21,217,27.05
INTC,Intel,2014-04-28,218,26.17
INTC,Intel,2014-05-05,219,26.16
INTC,Intel,2014-05-12,220,26.41
INTC,Intel,2014-05-19,221,25.75
INTC,Intel,2014-05-27,222,26.33
INTC,Intel,2014-06-03,223,27.22
INTC,Intel,2014-06-10,224,27.85
INTC,Intel,2014-06-17,225,29.88
INTC,Intel,2014-06-24,226,30.16
INTC,Intel,2014-07-01,227,30.99
INTC,Intel,2014-07-09,228,30.84
INTC,Intel,2014-07-16,229,33.31
INTC,Intel,2014-07-23,230,34.68
INTC,Intel,2014-07-30,231,34.31
INTC,Intel,2014-08-06,232,32.6
INTC,Intel,2014-08-13,233,33.24
INTC,Intel,2014-08-20,234,34.23
INTC,Intel,2014-08-27,235,34.89
INTC,Intel,2014-09-04,236,34.53
INTC,Intel,2014-09-11,237,34.79
INTC,Intel,2014-09-18,238,35.12
INTC,Intel,2014-09-25,239,34.68
INTC,Intel,2014-10-02,240,33.96
INTC,Intel,2014-10-09,241,34.15
INTC,Intel,2014-10-16,242,30.89
INTC,Intel,2014-10-23,243,32.72
INTC,Intel,2014-10-30,244,33.58
INTC,Intel,2014-11-06,245,33.69
INTC,Intel,2014-11-13,246,33.35
INTC,Intel,2014-11-20,247,34.14
INTC,Intel,2014-11-28,248,37.04
INTC,Intel,2014-12-05,249,37.57
INTC,Intel,2014-12-12,250,36.45
INTC,Intel,2014-12-19,251,37.02
INTC,Intel,2014-12-29,252,37.45
INTC,Intel,2015-01-06,253,36.08
INTC,Intel,2015-01-13,254,36.87
INTC,Intel,2015-01-21,255,35.85
INTC,Intel,2015-01-28,256,34.47
INTC,Intel,2015-02-04,257,33.67
INTC,Intel,2015-02-11,258,33.67
INTC,Intel,2015-02-19,259,34.25
INTC,Intel,2015-02-26,260,33.62
INTC,Intel,2015-03-05,261,34.26
INTC,Intel,2015-03-12,262,31.01
INTC,Intel,2015-03-19,263,30.78
INTC,Intel,2015-03-26,264,29.5
INTC,Intel,2015-04-02,265,30.8
INTC,Intel,2015-04-10,266,31.33
INTC,Intel,2015-04-17,267,32.51
INTC,Intel,2015-04-24,268,32.41
INTC,Intel,2015-05-01,269,32.63
INTC,Intel,2015-05-08,270,32.51
INTC,Intel,2015-05-15,271,33.09
INTC,Intel,2015-05-22,272,33.47
INTC,Intel,2015-06-01,273,34.37
INTC,Intel,2015-06-08,274,31.81
INTC,Intel,2015-06-15,275,31.12
INTC,Intel,2015-06-22,276,32.26
INTC,Intel,2015-06-29,277,30.7
INTC,Intel,2015-07-07,278,29.87
INTC,Intel,2015-07-14,279,29.66
INTC,Intel,2015-07-21,280,28.96
INTC,Intel,2015-07-28,281,28.51
INTC,Intel,2015-08-04,282,28.98
INTC,Intel,2015-08-11,283,29.47
INTC,Intel,2015-08-18,284,28.95
INTC,Intel,2015-08-25,285,27.04
INTC,Intel,2015-09-01,286,27.91
INTC,Intel,2015-09-09,287,29.72
INTC,Intel,2015-09-16,288,29.62
INTC,Intel,2015-09-23,289,29.02
INTC,Intel,2015-09-30,290,29.56
INTC,Intel,2015-10-07,291,32
INTC,Intel,2015-10-14,292,31.39
INTC,Intel,2015-10-21,293,33.67
INTC,Intel,2015-10-28,294,34.47
INTC,Intel,2015-11-04,295,34.27
INTC,Intel,2015-11-11,296,33.16
INTC,Intel,2015-11-18,297,32.73
INTC,Intel,2015-11-25,298,34.26
INTC,Intel,2015-12-03,299,34.97
INTC,Intel,2015-12-10,300,34.85
INTC,Intel,2015-12-17,301,35.32
INTC,Intel,2015-12-24,302,35.07
INTC,Intel,2016-01-04,303,33.88
INTC,Intel,2016-01-11,304,31.81
INTC,Intel,2016-01-19,305,29.98
INTC,Intel,2016-01-26,306,29.61
INTC,Intel,2016-02-02,307,30.45
INTC,Intel,2016-02-09,308,28.49
INTC,Intel,2016-02-17,309,28.86
INTC,Intel,2016-02-24,310,28.52
INTC,Intel,2016-03-02,311,30.3
INTC,Intel,2016-03-09,312,30.83
INTC,Intel,2016-03-16,313,31.49
INTC,Intel,2016-03-23,314,32.47
INTC,Intel,2016-03-31,315,32.53
INTC,Intel,2016-04-07,316,31.89
INTC,Intel,2016-04-14,317,31.78
INTC,Intel,2016-04-21,318,31.94
INTC,Intel,2016-04-28,319,31.45
INTC,Intel,2016-05-05,320,29.87
INTC,Intel,2016-05-12,321,30.11
INTC,Intel,2016-05-19,322,29.77
INTC,Intel,2016-05-26,323,31.49
INTC,Intel,2016-06-03,324,31.74
INTC,Intel,2016-06-10,325,31.7
INTC,Intel,2016-06-17,326,31.73
INTC,Intel,2016-06-24,327,31.8
INTC,Intel,2016-07-01,328,32.64
INTC,Intel,2016-07-11,329,34.04
INTC,Intel,2016-07-18,330,35.18
INTC,Intel,2016-07-25,331,34.62
INTC,Intel,2016-08-01,332,34.82
INTC,Intel,2016-08-08,333,34.9
INTC,Intel,2016-08-15,334,34.7
INTC,Intel,2016-08-22,335,35.2
INTC,Intel,2016-08-29,336,35.48
INTC,Intel,2016-09-06,337,36.38
INTC,Intel,2016-09-13,338,35.75
INTC,Intel,2016-09-20,339,37.42
INTC,Intel,2016-09-27,340,36.9
INTC,Intel,2016-10-04,341,37.77
INTC,Intel,2016-10-11,342,37.91
INTC,Intel,2016-10-18,343,37.97
INTC,Intel,2016-10-25,344,35.14
INTC,Intel,2016-11-01,345,34.9
INTC,Intel,2016-11-08,346,34.6
INTC,Intel,2016-11-15,347,34.64
INTC,Intel,2016-11-22,348,35.18
INTC,Intel,2016-11-30,349,35.2
INTC,Intel,2016-12-07,350,34.67
INTC,Intel,2016-12-14,351,36.7
INTC,Intel,2016-12-21,352,37.25
INTC,Intel,2016-12-29,353,36.51
INTC,Intel,2017-01-06,354,36.59
INTC,Intel,2017-01-13,355,36.71
INTC,Intel,2017-01-23,356,37.07
INTC,Intel,2017-01-30,357,37.74
INTC,Intel,2017-02-06,358,36.51
INTC,Intel,2017-02-13,359,35.57
INTC,Intel,2017-02-21,360,36.53
INTC,Intel,2017-02-28,361,36.42
INTC,Intel,2017-03-07,362,35.54
INTC,Intel,2017-03-14,363,35.06
INTC,Intel,2017-03-21,364,35.59
INTC,Intel,2017-03-28,365,35.34
INTC,Intel,2017-04-04,366,36.12
INTC,Intel,2017-04-11,367,35.77
INTC,Intel,2017-04-19,368,35.97
INTC,Intel,2017-04-26,369,36.78
INTC,Intel,2017-05-03,370,36.72
INTC,Intel,2017-05-10,371,36.27
INTC,Intel,2017-05-17,372,35.67
INTC,Intel,2017-05-24,373,35.98
INTC,Intel,2017-06-01,374,36.12
INTC,Intel,2017-06-08,375,36.34
INTC,Intel,2017-06-15,376,35.21
INTC,Intel,2017-06-22,377,34.56
INTC,Intel,2017-06-29,378,33.92
INTC,Intel,2017-07-07,379,33.7
INTC,Intel,2017-07-14,380,34.48
INTC,Intel,2017-07-21,381,34.54
INTC,Intel,2017-07-28,382,35.13
INTC,Intel,2017-08-04,383,36.45
INTC,Intel,2017-08-11,384,36.26
INTC,Intel,2017-08-18,385,35.29
INTC,Intel,2017-08-25,386,34.82
INTC,Intel,2017-09-01,387,35.24
INTC,Intel,2017-09-11,388,35.49
INTC,Intel,2017-09-18,389,37
INTC,Intel,2017-09-25,390,37.05
INTC,Intel,2017-10-02,391,38.12
INTC,Intel,2017-10-09,392,39.68
INTC,Intel,2017-10-16,393,39.71
INTC,Intel,2017-10-23,394,40.55
INTC,Intel,2017-10-30,395,44.48
INTC,Intel,2017-11-06,396,46.6
INTC,Intel,2017-11-13,397,45.26
INTC,Intel,2017-11-20,398,44.73
INTC,Intel,2017-11-28,399,44.65
INTC,Intel,2017-12-05,400,44.6
INTC,Intel,2017-12-12,401,43.47
INTC,Intel,2017-12-19,402,46.3
INTC,Intel,2017-12-27,403,46.11
INTC,Intel,2018-01-04,404,43.52
INTC,Intel,2018-01-11,405,42.8
INTC,Intel,2018-01-19,406,44.62
INTC,Intel,2018-01-26,407,48.38
INTC,Intel,2018-02-02,408,47.32
INTC,Intel,2018-02-09,409,43.5
INTC,Intel,2018-02-16,410,45.82
INTC,Intel,2018-02-26,411,48.2
INTC,Intel,2018-03-05,412,48.57
INTC,Intel,2018-03-12,413,51.86
INTC,Intel,2018-03-19,414,50.74
INTC,Intel,2018-03-26,415,50.74
INTC,Intel,2018-04-03,416,49
INTC,Intel,2018-04-10,417,51.12
INTC,Intel,2018-04-17,418,52.91
INTC,Intel,2018-04-24,419,51.87
INTC,Intel,2018-05-01,420,51.64
INTC,Intel,2018-05-08,421,53.29
INTC,Intel,2018-05-15,422,54.58
INTC,Intel,2018-05-22,423,54.73
INTC,Intel,2018-05-30,424,55.89
INTC,Intel,2018-06-06,425,56.53
INTC,Intel,2018-06-13,426,54.98
INTC,Intel,2018-06-20,427,53.19
INTC,Intel,2018-06-27,428,49.34
INTC,Intel,2018-07-05,429,49.98
INTC,Intel,2018-07-12,430,52.05
INTC,Intel,2018-07-19,431,51.6
INTC,Intel,2018-07-26,432,52.45
INTC,Intel,2018-08-02,433,48.5
INTC,Intel,2018-08-09,434,49.86
INTC,Intel,2018-08-16,435,47.75
INTC,Intel,2018-08-23,436,46.86
INTC,Intel,2018-08-30,437,48.52
INTC,Intel,2018-09-07,438,46.91
INTC,Intel,2018-09-14,439,45.78
INTC,Intel,2018-09-21,440,47.12
INTC,Intel,2018-09-28,441,45.62
INTC,Intel,2018-10-05,442,48.23
INTC,Intel,2018-10-12,443,45.27
INTC,Intel,2018-10-19,444,45.02
INTC,Intel,2018-10-26,445,45.59
INTC,Intel,2018-11-02,446,48.13
INTC,Intel,2018-11-09,447,48.79
INTC,Intel,2018-11-16,448,47.77
INTC,Intel,2018-11-26,449,47.27
INTC,Intel,2018-12-03,450,50
INTC,Intel,2018-12-11,451,47.9
INTC,Intel,2018-12-18,452,47.47
INTC,Intel,2018-12-26,453,44
INTC,Intel,2019-01-03,454,46.15
INTC,Intel,2019-01-10,455,47.75
INTC,Intel,2019-01-17,456,48
INTC,Intel,2019-01-25,457,46.85
INTC,Intel,2019-02-01,458,47.06
INTC,Intel,2019-02-08,459,48.77
INTC,Intel,2019-02-15,460,51.25
INTC,Intel,2019-02-25,461,53.06
INTC,Intel,2019-03-04,462,53.75
INTC,Intel,2019-03-11,463,52.88
INTC,Intel,2019-03-18,464,54.42
INTC,Intel,2019-03-25,465,52.97
INTC,Intel,2019-04-01,466,54.34
INTC,Intel,2019-04-08,467,55.28
INTC,Intel,2019-04-15,468,56.46
INTC,Intel,2019-04-23,469,58.89
INTC,Intel,2019-04-30,470,51
INTC,Intel,2019-05-07,471,50.6
INTC,Intel,2019-05-14,472,45.18
INTC,Intel,2019-05-21,473,44.34
INTC,Intel,2019-05-29,474,43.35
INTC,Intel,2019-06-05,475,45.11
INTC,Intel,2019-06-12,476,46.67
INTC,Intel,2019-06-19,477,47.48
INTC,Intel,2019-06-26,478,47.65
INTC,Intel,2019-07-03,479,48.18
INTC,Intel,2019-07-11,480,48.56
INTC,Intel,2019-07-18,481,49.28
INTC,Intel,2019-07-25,482,52.51
INTC,Intel,2019-08-01,483,50.52
INTC,Intel,2019-08-08,484,46.16
INTC,Intel,2019-08-15,485,46.1
INTC,Intel,2019-08-22,486,47.28
INTC,Intel,2019-08-29,487,46.46
INTC,Intel,2019-09-06,488,50.25
INTC,Intel,2019-09-13,489,52.76
INTC,Intel,2019-09-20,490,51.6
INTC,Intel,2019-09-27,491,50.63
INTC,Intel,2019-10-04,492,50.35
INTC,Intel,2019-10-11,493,52
INTC,Intel,2019-10-18,494,51.75
INTC,Intel,2019-10-25,495,54.19
INTC,Intel,2019-11-01,496,55.94
INTC,Intel,2019-11-08,497,57.85
INTC,Intel,2019-11-15,498,58.17
INTC,Intel,2019-11-22,499,58.34
INTC,Intel,2019-12-02,500,58.55
INTC,Intel,2019-12-09,501,56.54
INTC,Intel,2019-12-16,502,58.21
INTC,Intel,2019-12-23,503,59.06
INTC,Intel,2019-12-31,504,59.62
INTC,Intel,2020-01-08,505,58.89
INTC,Intel,2020-01-15,506,59.3
INTC,Intel,2020-01-23,507,62.86
INTC,Intel,2020-01-30,508,65.64
INTC,Intel,2020-02-06,509,67.3
INTC,Intel,2020-02-13,510,66.99
INTC,Intel,2020-02-21,511,65.18
INTC,Intel,2020-02-28,512,54.3
INTC,Intel,2020-03-06,513,55.18
INTC,Intel,2020-03-13,514,48.26
INTC,Intel,2020-03-20,515,46.51
INTC,Intel,2020-03-27,516,53.42
INTC,Intel,2020-04-03,517,53.85
INTC,Intel,2020-04-13,518,56.57
INTC,Intel,2020-04-20,519,59.28
INTC,Intel,2020-04-27,520,59.72
INTC,Intel,2020-05-04,521,57.12
INTC,Intel,2020-05-11,522,59.74
INTC,Intel,2020-05-18,523,59.74
INTC,Intel,2020-05-26,524,63.68
INTC,Intel,2020-06-02,525,61.7
INTC,Intel,2020-06-09,526,62.99
INTC,Intel,2020-06-16,527,61.49
INTC,Intel,2020-06-23,528,60.19
INTC,Intel,2020-06-30,529,58.71
INTC,Intel,2020-07-08,530,58.45
INTC,Intel,2020-07-15,531,59.03
INTC,Intel,2020-07-22,532,61.31
INTC,Intel,2020-07-29,533,49.49
INTC,Intel,2020-08-05,534,49.72
INTC,Intel,2020-08-12,535,48.67
INTC,Intel,2020-08-19,536,48.79
INTC,Intel,2020-08-26,537,49.39
INTC,Intel,2020-09-02,538,51.21
INTC,Intel,2020-09-10,539,50
INTC,Intel,2020-09-17,540,49.37
INTC,Intel,2020-09-24,541,48.53
INTC,Intel,2020-10-01,542,52.4
INTC,Intel,2020-10-08,543,52.91
INTC,Intel,2020-10-15,544,52.75
INTC,Intel,2020-10-22,545,53.12
INTC,Intel,2020-10-29,546,44.24
INTC,Intel,2020-11-05,547,46.15
INTC,Intel,2020-11-12,548,46.13
INTC,Intel,2020-11-19,549,44.92
INTC,Intel,2020-11-27,550,47.36
INTC,Intel,2020-12-04,551,51.06
INTC,Intel,2020-12-11,552,50.14
INTC,Intel,2020-12-18,553,50.57
INTC,Intel,2020-12-28,554,47.19
INTC,Intel,2021-01-05,555,49.45
INTC,Intel,2021-01-12,556,51.9
INTC,Intel,2021-01-20,557,58.24
INTC,Intel,2021-01-27,558,54.61
INTC,Intel,2021-02-03,559,57.89
INTC,Intel,2021-02-10,560,59.3
INTC,Intel,2021-02-18,561,60.65
INTC,Intel,2021-02-25,562,62.41
INTC,Intel,2021-03-04,563,59.83
INTC,Intel,2021-03-11,564,62.94
INTC,Intel,2021-03-18,565,65.63
INTC,Intel,2021-03-25,566,61.66
INTC,Intel,2021-04-01,567,64.72
INTC,Intel,2021-04-09,568,66.8
INTC,Intel,2021-04-16,569,65.33
INTC,Intel,2021-04-23,570,59.16
INTC,Intel,2021-04-30,571,57.61
INTC,Intel,2021-05-07,572,57.7
INTC,Intel,2021-05-14,573,54.6
INTC,Intel,2021-05-21,574,56.42
INTC,Intel,2021-05-28,575,57.55
INTC,Intel,2021-06-07,576,57.41
INTC,Intel,2021-06-14,577,58.02
INTC,Intel,2021-06-21,578,55.75
INTC,Intel,2021-06-28,579,56.36
INTC,Intel,2021-07-06,580,56.92
INTC,Intel,2021-07-13,581,56.62
INTC,Intel,2021-07-20,582,54.92
INTC,Intel,2021-07-27,583,53.12
INTC,Intel,2021-08-03,584,53.89
INTC,Intel,2021-08-10,585,54.24
INTC,Intel,2021-08-17,586,53.17
INTC,Intel,2021-08-24,587,53.56
INTC,Intel,2021-08-31,588,54.44
INTC,Intel,2021-09-08,589,53.73
INTC,Intel,2021-09-15,590,54.67
INTC,Intel,2021-09-22,591,53.4
INTC,Intel,2021-09-29,592,54
INTC,Intel,2021-10-06,593,53.48
INTC,Intel,2021-10-13,594,52.38
INTC,Intel,2021-10-20,595,55.25
INTC,Intel,2021-10-27,596,48.52
INTC,Intel,2021-11-03,597,49.93
INTC,Intel,2021-11-10,598,50.98
INTC,Intel,2021-11-17,599,50.6
INTC,Intel,2021-11-24,600,48.86
INTC,Intel,2021-12-02,601,48.61
INTC,Intel,2021-12-09,602,51.3
INTC,Intel,2021-12-16,603,50.74
INTC,Intel,2021-12-23,604,51.08
INTC,Intel,2021-12-31,605,51.89
INTC,Intel,2022-01-07,606,54.19
INTC,Intel,2022-01-14,607,54.85
INTC,Intel,2022-01-24,608,51.48
INTC,Intel,2022-01-31,609,47.68
INTC,Intel,2022-02-07,610,48.13
INTC,Intel,2022-02-14,611,47.92
INTC,Intel,2022-02-22,612,44.69
INTC,Intel,2022-03-01,613,47.54
INTC,Intel,2022-03-08,614,47.69
INTC,Intel,2022-03-15,615,44.5
INTC,Intel,2022-03-22,616,47.5
INTC,Intel,2022-03-29,617,52
INTC,Intel,2022-04-05,618,48.83
INTC,Intel,2022-04-12,619,47.32
INTC,Intel,2022-04-20,620,48.36
INTC,Intel,2022-04-27,621,45.48
INTC,Intel,2022-05-04,622,45.06
INTC,Intel,2022-05-11,623,44.02
INTC,Intel,2022-05-18,624,43.98
INTC,Intel,2022-05-25,625,41.44
INTC,Intel,2022-06-02,626,44.19
INTC,Intel,2022-06-09,627,41.01
INTC,Intel,2022-06-16,628,37.7
INTC,Intel,2022-06-24,629,37.85
INTC,Intel,2022-07-01,630,37.09
INTC,Intel,2022-07-11,631,37.66
INTC,Intel,2022-07-18,632,39.1
INTC,Intel,2022-07-25,633,39.28
INTC,Intel,2022-08-01,634,36.05
INTC,Intel,2022-08-08,635,35.36
INTC,Intel,2022-08-15,636,36.1
INTC,Intel,2022-08-22,637,35
INTC,Intel,2022-08-29,638,33.23
INTC,Intel,2022-09-06,639,31.39
INTC,Intel,2022-09-13,640,30.83
INTC,Intel,2022-09-20,641,29.07
INTC,Intel,2022-09-27,642,27.4
INTC,Intel,2022-10-04,643,27.43
INTC,Intel,2022-10-11,644,25.01
INTC,Intel,2022-10-18,645,26.74
INTC,Intel,2022-10-25,646,27.18
INTC,Intel,2022-11-01,647,28.8
INTC,Intel,2022-11-08,648,28.76
INTC,Intel,2022-11-15,649,31.1
INTC,Intel,2022-11-22,650,29.14
INTC,Intel,2022-11-30,651,28.77
INTC,Intel,2022-12-07,652,28.28
INTC,Intel,2022-12-14,653,28.51
INTC,Intel,2022-12-21,654,26.59
INTC,Intel,2022-12-29,655,25.77
META,Meta Platforms,2012-05-18,1,42.05
META,Meta Platforms,2012-05-25,2,32.9
META,Meta Platforms,2012-06-04,3,27.2
META,Meta Platforms,2012-06-11,4,27.18
META,Meta Platforms,2012-06-18,5,29.96
META,Meta Platforms,2012-06-25,6,32.86
META,Meta Platforms,2012-07-02,7,31.25
META,Meta Platforms,2012-07-10,8,32.43
META,Meta Platforms,2012-07-17,9,28.48
META,Meta Platforms,2012-07-24,10,28.82
META,Meta Platforms,2012-07-31,11,23.37
META,Meta Platforms,2012-08-07,12,22.2
META,Meta Platforms,2012-08-14,13,21.41
META,Meta Platforms,2012-08-21,14,19.58
META,Meta Platforms,2012-08-28,15,19.1
META,Meta Platforms,2012-09-05,16,18.27
META,Meta Platforms,2012-09-12,17,20.76
META,Meta Platforms,2012-09-19,18,21.99
META,Meta Platforms,2012-09-26,19,20.15
META,Meta Platforms,2012-10-03,20,22.3
META,Meta Platforms,2012-10-10,21,19.93
META,Meta Platforms,2012-10-17,22,19.5
META,Meta Platforms,2012-10-24,23,24.13
META,Meta Platforms,2012-11-02,24,21.26
META,Meta Platforms,2012-11-09,25,19.96
META,Meta Platforms,2012-11-16,26,22.25
META,Meta Platforms,2012-11-26,27,24.94
META,Meta Platforms,2012-12-03,28,28
META,Meta Platforms,2012-12-10,29,27.17
META,Meta Platforms,2012-12-17,30,26.77
META,Meta Platforms,2012-12-24,31,26.5
META,Meta Platforms,2013-01-02,32,27.44
META,Meta Platforms,2013-01-09,33,29.67
META,Meta Platforms,2013-01-16,34,30.21
META,Meta Platforms,2013-01-24,35,31.27
META,Meta Platforms,2013-01-31,36,29.15
META,Meta Platforms,2013-02-07,37,29.11
META,Meta Platforms,2013-02-14,38,28.02
META,Meta Platforms,2013-02-22,39,27.62
META,Meta Platforms,2013-03-01,40,27.05
META,Meta Platforms,2013-03-08,41,28.43
META,Meta Platforms,2013-03-15,42,27.03
META,Meta Platforms,2013-03-22,43,25.8
META,Meta Platforms,2013-04-01,44,25.63
META,Meta Platforms,2013-04-08,45,27.19
META,Meta Platforms,2013-04-15,46,27.16
META,Meta Platforms,2013-04-22,47,25.81
META,Meta Platforms,2013-04-29,48,27.16
META,Meta Platforms,2013-05-06,49,28.33
META,Meta Platforms,2013-05-13,50,26.6
META,Meta Platforms,2013-05-20,51,26.18
META,Meta Platforms,2013-05-28,52,24.54
META,Meta Platforms,2013-06-04,53,23.89
META,Meta Platforms,2013-06-11,54,24.03
META,Meta Platforms,2013-06-18,55,24.09
META,Meta Platforms,2013-06-25,56,24.14
META,Meta Platforms,2013-07-02,57,24.7
META,Meta Platforms,2013-07-10,58,25.58
META,Meta Platforms,2013-07-17,59,26.37
META,Meta Platforms,2013-07-24,60,26.32
META,Meta Platforms,2013-07-31,61,37.96
META,Meta Platforms,2013-08-07,62,38.61
META,Meta Platforms,2013-08-14,63,36.83
META,Meta Platforms,2013-08-21,64,38.38
META,Meta Platforms,2013-08-28,65,39.96
META,Meta Platforms,2013-09-05,66,41.79
META,Meta Platforms,2013-09-12,67,45.53
META,Meta Platforms,2013-09-19,68,45.51
META,Meta Platforms,2013-09-26,69,50.01
META,Meta Platforms,2013-10-03,70,50.47
META,Meta Platforms,2013-10-10,71,47.87
META,Meta Platforms,2013-10-17,72,51.12
META,Meta Platforms,2013-10-24,73,52.38
META,Meta Platforms,2013-10-31,74,47.16
META,Meta Platforms,2013-11-07,75,49.24
META,Meta Platforms,2013-11-14,76,48.7
META,Meta Platforms,2013-11-21,77,46.99
META,Meta Platforms,2013-11-29,78,46.75
META,Meta Platforms,2013-12-06,79,48.98
META,Meta Platforms,2013-12-13,80,51.66
META,Meta Platforms,2013-12-20,81,54.93
META,Meta Platforms,2013-12-30,82,54.93
META,Meta Platforms,2014-01-07,83,57.7
META,Meta Platforms,2014-01-14,84,56.46
META,Meta Platforms,2014-01-22,85,58.85
META,Meta Platforms,2014-01-29,86,54.61
META,Meta Platforms,2014-02-05,87,62.74
META,Meta Platforms,2014-02-12,88,64.92
META,Meta Platforms,2014-02-20,89,67.73
META,Meta Platforms,2014-02-27,90,69.34
META,Meta Platforms,2014-03-06,91,71.88
META,Meta Platforms,2014-03-13,92,71.29
META,Meta Platforms,2014-03-20,93,68.01
META,Meta Platforms,2014-03-27,94,60.51
META,Meta Platforms,2014-04-03,95,62.55
META,Meta Platforms,2014-04-10,96,63.08
META,Meta Platforms,2014-04-17,97,59.3
META,Meta Platforms,2014-04-25,98,59.97
META,Meta Platforms,2014-05-02,99,61.3
META,Meta Platforms,2014-05-09,100,56.85
META,Meta Platforms,2014-05-16,101,58.31
META,Meta Platforms,2014-05-23,102,60.41
META,Meta Platforms,2014-06-02,103,63.23
META,Meta Platforms,2014-06-09,104,62.4
META,Meta Platforms,2014-06-16,105,64.16
META,Meta Platforms,2014-06-23,106,64.32
META,Meta Platforms,2014-06-30,107,67.46
META,Meta Platforms,2014-07-08,108,65.06
META,Meta Platforms,2014-07-15,109,67.96
META,Meta Platforms,2014-07-22,110,69.76
META,Meta Platforms,2014-07-29,111,74.72
META,Meta Platforms,2014-08-05,112,73.2
META,Meta Platforms,2014-08-12,113,73.09
META,Meta Platforms,2014-08-19,114,74.81
META,Meta Platforms,2014-08-26,115,75
META,Meta Platforms,2014-09-03,116,77.14
META,Meta Platforms,2014-09-10,117,76.52
META,Meta Platforms,2014-09-17,118,75.96
META,Meta Platforms,2014-09-24,119,78.1
META,Meta Platforms,2014-10-01,120,78.78
META,Meta Platforms,2014-10-08,121,76.18
META,Meta Platforms,2014-10-15,122,71.69
META,Meta Platforms,2014-10-22,123,78.82
META,Meta Platforms,2014-10-29,124,75.45
META,Meta Platforms,2014-11-05,125,76.51
META,Meta Platforms,2014-11-12,126,74.28
META,Meta Platforms,2014-11-19,127,74.01
META,Meta Platforms,2014-11-26,128,75.53
META,Meta Platforms,2014-12-04,129,74.83
META,Meta Platforms,2014-12-11,130,76.52
META,Meta Platforms,2014-12-18,131,76.89
META,Meta Platforms,2014-12-26,132,81.02
META,Meta Platforms,2015-01-05,133,77.98
META,Meta Platforms,2015-01-12,134,77.84
META,Meta Platforms,2015-01-20,135,75.72
META,Meta Platforms,2015-01-27,136,76.71
META,Meta Platforms,2015-02-03,137,75.19
META,Meta Platforms,2015-02-10,138,74.85
META,Meta Platforms,2015-02-18,139,75.94
META,Meta Platforms,2015-02-25,140,78.5
META,Meta Platforms,2015-03-04,141,79.3
META,Meta Platforms,2015-03-11,142,77.8
META,Meta Platforms,2015-03-18,143,79.25
META,Meta Platforms,2015-03-25,144,85.5
META,Meta Platforms,2015-04-01,145,82.5
META,Meta Platforms,2015-04-09,146,82.5
META,Meta Platforms,2015-04-16,147,82.47
META,Meta Platforms,2015-04-23,148,84.1
META,Meta Platforms,2015-04-30,149,80.01
META,Meta Platforms,2015-05-07,150,78
META,Meta Platforms,2015-05-14,151,78.94
META,Meta Platforms,2015-05-21,152,80.19
META,Meta Platforms,2015-05-29,153,79.95
META,Meta Platforms,2015-06-05,154,81.87
META,Meta Platforms,2015-06-12,155,81.37
META,Meta Platforms,2015-06-19,156,82.83
META,Meta Platforms,2015-06-26,157,88.12
META,Meta Platforms,2015-07-06,158,86.49
META,Meta Platforms,2015-07-13,159,88.66
META,Meta Platforms,2015-07-20,160,95.85
META,Meta Platforms,2015-07-27,161,96.58
META,Meta Platforms,2015-08-03,162,93.53
META,Meta Platforms,2015-08-10,163,95.68
META,Meta Platforms,2015-08-17,164,94.42
META,Meta Platforms,2015-08-24,165,77.03
META,Meta Platforms,2015-08-31,166,90.6
META,Meta Platforms,2015-09-08,167,89.69
META,Meta Platforms,2015-09-15,168,92.37
META,Meta Platforms,2015-09-22,169,93.77
META,Meta Platforms,2015-09-29,170,89.1
META,Meta Platforms,2015-10-06,171,94.08
META,Meta Platforms,2015-10-13,172,93.66
META,Meta Platforms,2015-10-20,173,98.73
META,Meta Platforms,2015-10-27,174,102.94
META,Meta Platforms,2015-11-03,175,103.22
META,Meta Platforms,2015-11-10,176,105.96
META,Meta Platforms,2015-11-17,177,104.62
META,Meta Platforms,2015-11-24,178,106
META,Meta Platforms,2015-12-02,179,107
META,Meta Platforms,2015-12-09,180,106.18
META,Meta Platforms,2015-12-16,181,105.37
META,Meta Platforms,2015-12-23,182,105.89
META,Meta Platforms,2015-12-31,183,106
META,Meta Platforms,2016-01-08,184,99.88
META,Meta Platforms,2016-01-15,185,93.98
META,Meta Platforms,2016-01-25,186,98.72
META,Meta Platforms,2016-02-01,187,112.27
META,Meta Platforms,2016-02-08,188,100.41
META,Meta Platforms,2016-02-16,189,103.8
META,Meta Platforms,2016-02-23,190,106.85
META,Meta Platforms,2016-03-01,191,107.83
META,Meta Platforms,2016-03-08,192,104.78
META,Meta Platforms,2016-03-15,193,109.11
META,Meta Platforms,2016-03-22,194,111.36
META,Meta Platforms,2016-03-30,195,116.73
META,Meta Platforms,2016-04-06,196,112.47
META,Meta Platforms,2016-04-13,197,112.23
META,Meta Platforms,2016-04-20,198,112.43
META,Meta Platforms,2016-04-27,199,107.94
META,Meta Platforms,2016-05-04,200,116.61
META,Meta Platforms,2016-05-11,201,120.41
META,Meta Platforms,2016-05-18,202,116.8
META,Meta Platforms,2016-05-25,203,118.13
META,Meta Platforms,2016-06-02,204,118.69
META,Meta Platforms,2016-06-09,205,118.13
META,Meta Platforms,2016-06-16,206,113.87
META,Meta Platforms,2016-06-23,207,114.37
META,Meta Platforms,2016-06-30,208,114.67
META,Meta Platforms,2016-07-08,209,116.43
META,Meta Platforms,2016-07-15,210,117.74
META,Meta Platforms,2016-07-22,211,119.9
META,Meta Platforms,2016-07-29,212,124.65
META,Meta Platforms,2016-08-05,213,124.98
META,Meta Platforms,2016-08-12,214,124.7
META,Meta Platforms,2016-08-19,215,123.6
META,Meta Platforms,2016-08-26,216,124.05
META,Meta Platforms,2016-09-02,217,126.85
META,Meta Platforms,2016-09-12,218,125.96
META,Meta Platforms,2016-09-19,219,129.91
META,Meta Platforms,2016-09-26,220,127.37
META,Meta Platforms,2016-10-03,221,128.38
META,Meta Platforms,2016-10-10,222,129.68
META,Meta Platforms,2016-10-17,223,128.2
META,Meta Platforms,2016-10-24,224,132.72
META,Meta Platforms,2016-10-31,225,132.01
META,Meta Platforms,2016-11-07,226,122.83
META,Meta Platforms,2016-11-14,227,119.13
META,Meta Platforms,2016-11-21,228,118.2
META,Meta Platforms,2016-11-29,229,120.57
META,Meta Platforms,2016-12-06,230,117.69
META,Meta Platforms,2016-12-13,231,117.86
META,Meta Platforms,2016-12-20,232,119.5
META,Meta Platforms,2016-12-28,233,118.19
META,Meta Platforms,2017-01-05,234,118.86
META,Meta Platforms,2017-01-12,235,125.61
META,Meta Platforms,2017-01-20,236,128.1
META,Meta Platforms,2017-01-27,237,132.68
META,Meta Platforms,2017-02-03,238,131.24
META,Meta Platforms,2017-02-10,239,134.1
META,Meta Platforms,2017-02-17,240,133.5
META,Meta Platforms,2017-02-27,241,135.26
META,Meta Platforms,2017-03-06,242,136.88
META,Meta Platforms,2017-03-13,243,138.71
META,Meta Platforms,2017-03-20,244,139.71
META,Meta Platforms,2017-03-27,245,139.05
META,Meta Platforms,2017-04-03,246,141.93
META,Meta Platforms,2017-04-10,247,141
META,Meta Platforms,2017-04-18,248,141.27
META,Meta Platforms,2017-04-25,249,145.79
META,Meta Platforms,2017-05-02,250,153.34
META,Meta Platforms,2017-05-09,251,151.49
META,Meta Platforms,2017-05-16,252,150.11
META,Meta Platforms,2017-05-23,253,148.52
META,Meta Platforms,2017-05-31,254,152.7
META,Meta Platforms,2017-06-07,255,153.27
META,Meta Platforms,2017-06-14,256,151.26
META,Meta Platforms,2017-06-21,257,152.36
META,Meta Platforms,2017-06-28,258,150.92
META,Meta Platforms,2017-07-06,259,149.03
META,Meta Platforms,2017-07-13,260,158.74
META,Meta Platforms,2017-07-20,261,164.8
META,Meta Platforms,2017-07-27,262,174.7
META,Meta Platforms,2017-08-03,263,169.3
META,Meta Platforms,2017-08-10,264,170.06
META,Meta Platforms,2017-08-17,265,169.34
META,Meta Platforms,2017-08-24,266,168.88
META,Meta Platforms,2017-08-31,267,170.4
META,Meta Platforms,2017-09-08,268,173.09
META,Meta Platforms,2017-09-15,269,170.88
META,Meta Platforms,2017-09-22,270,170.21
META,Meta Platforms,2017-09-29,271,168.83
META,Meta Platforms,2017-10-06,272,170.25
META,Meta Platforms,2017-10-13,273,173.45
META,Meta Platforms,2017-10-20,274,175.5
META,Meta Platforms,2017-10-27,275,174.15
META,Meta Platforms,2017-11-03,276,179.29
META,Meta Platforms,2017-11-10,277,178.35
META,Meta Platforms,2017-11-17,278,179.3
META,Meta Platforms,2017-11-27,279,182.56
META,Meta Platforms,2017-12-04,280,176.29
META,Meta Platforms,2017-12-11,281,179.3
META,Meta Platforms,2017-12-18,282,181.01
META,Meta Platforms,2017-12-26,283,176.63
META,Meta Platforms,2018-01-03,284,181.88
META,Meta Platforms,2018-01-10,285,186.94
META,Meta Platforms,2018-01-18,286,178.13
META,Meta Platforms,2018-01-25,287,187.95
META,Meta Platforms,2018-02-01,288,188.22
META,Meta Platforms,2018-02-08,289,181.01
META,Meta Platforms,2018-02-15,290,180.5
META,Meta Platforms,2018-02-23,291,179.9
META,Meta Platforms,2018-03-02,292,173.29
META,Meta Platforms,2018-03-09,293,183.91
META,Meta Platforms,2018-03-16,294,184.49
META,Meta Platforms,2018-03-23,295,165.44
META,Meta Platforms,2018-04-02,296,157.81
META,Meta Platforms,2018-04-09,297,157.82
META,Meta Platforms,2018-04-16,298,165.72
META,Meta Platforms,2018-04-23,299,167.27
META,Meta Platforms,2018-04-30,300,173.79
META,Meta Platforms,2018-05-07,301,177.35
META,Meta Platforms,2018-05-14,302,187.71
META,Meta Platforms,2018-05-21,303,183.77
META,Meta Platforms,2018-05-29,304,184.34
META,Meta Platforms,2018-06-05,305,194.3
META,Meta Platforms,2018-06-12,306,192.17
META,Meta Platforms,2018-06-19,307,196.24
META,Meta Platforms,2018-06-26,308,197.6
META,Meta Platforms,2018-07-03,309,194.55
META,Meta Platforms,2018-07-11,310,202.22
META,Meta Platforms,2018-07-18,311,209.82
META,Meta Platforms,2018-07-25,312,215.72
META,Meta Platforms,2018-08-01,313,173.93
META,Meta Platforms,2018-08-08,314,184.75
META,Meta Platforms,2018-08-15,315,179.34
META,Meta Platforms,2018-08-22,316,172.21
META,Meta Platforms,2018-08-29,317,176.3
META,Meta Platforms,2018-09-06,318,166.98
META,Meta Platforms,2018-09-13,319,162
META,Meta Platforms,2018-09-20,320,164.5
META,Meta Platforms,2018-09-27,321,167.55
META,Meta Platforms,2018-10-04,322,161.46
META,Meta Platforms,2018-10-11,323,150.13
META,Meta Platforms,2018-10-18,324,158.51
META,Meta Platforms,2018-10-25,325,147.73
META,Meta Platforms,2018-11-01,326,151.52
META,Meta Platforms,2018-11-08,327,150.49
META,Meta Platforms,2018-11-15,328,142.33
META,Meta Platforms,2018-11-23,329,133.65
META,Meta Platforms,2018-11-30,330,138.26
META,Meta Platforms,2018-12-10,331,139.6
META,Meta Platforms,2018-12-17,332,143.08
META,Meta Platforms,2018-12-24,333,123.1
META,Meta Platforms,2019-01-02,334,128.99
META,Meta Platforms,2019-01-09,335,142.95
META,Meta Platforms,2019-01-16,336,149
META,Meta Platforms,2019-01-24,337,144.64
META,Meta Platforms,2019-01-31,338,165.6
META,Meta Platforms,2019-02-07,339,168.2
META,Meta Platforms,2019-02-14,340,163.19
META,Meta Platforms,2019-02-22,341,160.58
META,Meta Platforms,2019-03-01,342,162.6
META,Meta Platforms,2019-03-08,343,166.2
META,Meta Platforms,2019-03-15,344,167.16
META,Meta Platforms,2019-03-22,345,165.65
META,Meta Platforms,2019-03-29,346,166.39
META,Meta Platforms,2019-04-05,347,176.88
META,Meta Platforms,2019-04-12,348,178
META,Meta Platforms,2019-04-22,349,178.25
META,Meta Platforms,2019-04-29,350,190.95
META,Meta Platforms,2019-05-06,351,191.24
META,Meta Platforms,2019-05-13,352,183.5
META,Meta Platforms,2019-05-20,353,181.88
META,Meta Platforms,2019-05-28,354,181.54
META,Meta Platforms,2019-06-04,355,163.71
META,Meta Platforms,2019-06-11,356,178.48
META,Meta Platforms,2019-06-18,357,194
META,Meta Platforms,2019-06-25,358,192.88
META,Meta Platforms,2019-07-02,359,193
META,Meta Platforms,2019-07-10,360,200
META,Meta Platforms,2019-07-17,361,204.18
META,Meta Platforms,2019-07-24,362,197.63
META,Meta Platforms,2019-07-31,363,196.95
META,Meta Platforms,2019-08-07,364,183.6
META,Meta Platforms,2019-08-14,365,185.8
META,Meta Platforms,2019-08-21,366,185
META,Meta Platforms,2019-08-28,367,180.53
META,Meta Platforms,2019-09-05,368,188.53
META,Meta Platforms,2019-09-12,369,189.86
META,Meta Platforms,2019-09-19,370,188.66
META,Meta Platforms,2019-09-26,371,181.33
META,Meta Platforms,2019-10-03,372,175.57
META,Meta Platforms,2019-10-10,373,180.32
META,Meta Platforms,2019-10-17,374,190.3
META,Meta Platforms,2019-10-24,375,184.62
META,Meta Platforms,2019-10-31,376,196.7
META,Meta Platforms,2019-11-07,377,191.91
META,Meta Platforms,2019-11-14,378,192.93
META,Meta Platforms,2019-11-21,379,197.42
META,Meta Platforms,2019-11-29,380,201.6
META,Meta Platforms,2019-12-06,381,200.5
META,Meta Platforms,2019-12-13,382,196.4
META,Meta Platforms,2019-12-20,383,207.48
META,Meta Platforms,2019-12-30,384,207.86
META,Meta Platforms,2020-01-07,385,212.82
META,Meta Platforms,2020-01-14,386,221.61
META,Meta Platforms,2020-01-22,387,222.31
META,Meta Platforms,2020-01-29,388,221.44
META,Meta Platforms,2020-02-05,389,212.51
META,Meta Platforms,2020-02-12,390,207.85
META,Meta Platforms,2020-02-20,391,216.52
META,Meta Platforms,2020-02-27,392,191.82
META,Meta Platforms,2020-03-05,393,186.78
META,Meta Platforms,2020-03-12,394,159.54
META,Meta Platforms,2020-03-19,395,146.62
META,Meta Platforms,2020-03-26,396,158.25
META,Meta Platforms,2020-04-02,397,159.1
META,Meta Platforms,2020-04-09,398,175.9
META,Meta Platforms,2020-04-17,399,179.2
META,Meta Platforms,2020-04-24,400,183.23
META,Meta Platforms,2020-05-01,401,201.6
META,Meta Platforms,2020-05-08,402,212.24
META,Meta Platforms,2020-05-15,403,205.27
META,Meta Platforms,2020-05-22,404,231.51
META,Meta Platforms,2020-06-01,405,224.59
META,Meta Platforms,2020-06-08,406,229.03
META,Meta Platforms,2020-06-15,407,225.09
META,Meta Platforms,2020-06-22,408,238.56
META,Meta Platforms,2020-06-29,409,209.75
META,Meta Platforms,2020-07-07,410,239.41
META,Meta Platforms,2020-07-14,411,236.76
META,Meta Platforms,2020-07-21,412,246.22
META,Meta Platforms,2020-07-28,413,234.63
META,Meta Platforms,2020-08-04,414,251.56
META,Meta Platforms,2020-08-11,415,260.19
META,Meta Platforms,2020-08-18,416,260.95
META,Meta Platforms,2020-08-25,417,272.41
META,Meta Platforms,2020-09-01,418,294.71
META,Meta Platforms,2020-09-09,419,275.77
META,Meta Platforms,2020-09-16,420,267.29
META,Meta Platforms,2020-09-23,421,255.26
META,Meta Platforms,2020-09-30,422,261.98
META,Meta Platforms,2020-10-07,423,259.21
META,Meta Platforms,2020-10-14,424,277.62
META,Meta Platforms,2020-10-21,425,279.56
META,Meta Platforms,2020-10-28,426,278.79
META,Meta Platforms,2020-11-04,427,281
META,Meta Platforms,2020-11-11,428,273.47
META,Meta Platforms,2020-11-18,429,274.52
META,Meta Platforms,2020-11-25,430,278.14
META,Meta Platforms,2020-12-03,431,286.25
META,Meta Platforms,2020-12-10,432,275.54
META,Meta Platforms,2020-12-17,433,277.07
META,Meta Platforms,2020-12-24,434,268.88
META,Meta Platforms,2021-01-04,435,274.78
META,Meta Platforms,2021-01-11,436,260.48
META,Meta Platforms,2021-01-19,437,256.9
META,Meta Platforms,2021-01-26,438,278.14
META,Meta Platforms,2021-02-02,439,264
META,Meta Platforms,2021-02-09,440,266.44
META,Meta Platforms,2021-02-17,441,271.24
META,Meta Platforms,2021-02-24,442,262.33
META,Meta Platforms,2021-03-03,443,260.29
META,Meta Platforms,2021-03-10,444,268.64
META,Meta Platforms,2021-03-17,445,275.71
META,Meta Platforms,2021-03-24,446,291
META,Meta Platforms,2021-03-31,447,289.99
META,Meta Platforms,2021-04-08,448,314.85
META,Meta Platforms,2021-04-15,449,306.34
META,Meta Platforms,2021-04-22,450,301.33
META,Meta Platforms,2021-04-29,451,330.12
META,Meta Platforms,2021-05-06,452,314.52
META,Meta Platforms,2021-05-13,453,306.08
META,Meta Platforms,2021-05-20,454,313.58
META,Meta Platforms,2021-05-27,455,328
META,Meta Platforms,2021-06-04,456,325.9
META,Meta Platforms,2021-06-11,457,332.58
META,Meta Platforms,2021-06-18,458,334.53
META,Meta Platforms,2021-06-25,459,342.59
META,Meta Platforms,2021-07-02,460,355.1
META,Meta Platforms,2021-07-12,461,351.23
META,Meta Platforms,2021-07-19,462,337.57
META,Meta Platforms,2021-07-26,463,369.58
META,Meta Platforms,2021-08-02,464,358.1
META,Meta Platforms,2021-08-09,465,363.76
META,Meta Platforms,2021-08-16,466,362.52
META,Meta Platforms,2021-08-23,467,359.44
META,Meta Platforms,2021-08-30,468,372.56
META,Meta Platforms,2021-09-07,469,375.88
META,Meta Platforms,2021-09-14,470,377.4
META,Meta Platforms,2021-09-21,471,358.5
META,Meta Platforms,2021-09-28,472,347.97
META,Meta Platforms,2021-10-05,473,328.58
META,Meta Platforms,2021-10-12,474,323.03
META,Meta Platforms,2021-10-19,475,339.65
META,Meta Platforms,2021-10-26,476,328.26
META,Meta Platforms,2021-11-02,477,331.38
META,Meta Platforms,2021-11-09,478,340
META,Meta Platforms,2021-11-16,479,343.83
META,Meta Platforms,2021-11-23,480,338.93
META,Meta Platforms,2021-12-01,481,330.29
META,Meta Platforms,2021-12-08,482,325
META,Meta Platforms,2021-12-15,483,332.49
META,Meta Platforms,2021-12-22,484,333.8
META,Meta Platforms,2021-12-30,485,344
META,Meta Platforms,2022-01-06,486,322.82
META,Meta Platforms,2022-01-13,487,334.98
META,Meta Platforms,2022-01-21,488,314.81
META,Meta Platforms,2022-01-28,489,295.62
META,Meta Platforms,2022-02-04,490,234.97
META,Meta Platforms,2022-02-11,491,228.46
META,Meta Platforms,2022-02-18,492,209.39
META,Meta Platforms,2022-02-28,493,207.68
META,Meta Platforms,2022-03-07,494,200.79
META,Meta Platforms,2022-03-14,495,187.03
META,Meta Platforms,2022-03-21,496,214.5
META,Meta Platforms,2022-03-28,497,222.13
META,Meta Platforms,2022-04-04,498,225.98
META,Meta Platforms,2022-04-11,499,218.42
META,Meta Platforms,2022-04-19,500,210.52
META,Meta Platforms,2022-04-26,501,186.63
META,Meta Platforms,2022-05-03,502,210.45
META,Meta Platforms,2022-05-10,503,199.51
META,Meta Platforms,2022-05-17,504,202.12
META,Meta Platforms,2022-05-24,505,180.55
META,Meta Platforms,2022-06-01,506,196.51
META,Meta Platforms,2022-06-08,507,194.67
META,Meta Platforms,2022-06-15,508,167.2
META,Meta Platforms,2022-06-23,509,156.27
META,Meta Platforms,2022-06-30,510,162.15
META,Meta Platforms,2022-07-08,511,169.98
META,Meta Platforms,2022-07-15,512,160.54
META,Meta Platforms,2022-07-22,513,173.07
META,Meta Platforms,2022-07-29,514,157.69
META,Meta Platforms,2022-08-05,515,166.99
META,Meta Platforms,2022-08-12,516,180.81
META,Meta Platforms,2022-08-19,517,170.2
META,Meta Platforms,2022-08-26,518,168.48
META,Meta Platforms,2022-09-02,519,167.45
META,Meta Platforms,2022-09-12,520,167.39
META,Meta Platforms,2022-09-19,521,145.24
META,Meta Platforms,2022-09-26,522,140.12
META,Meta Platforms,2022-10-03,523,137.14
META,Meta Platforms,2022-10-10,524,133.55
META,Meta Platforms,2022-10-17,525,130.3
META,Meta Platforms,2022-10-24,526,127.25
META,Meta Platforms,2022-10-31,527,98.22
META,Meta Platforms,2022-11-07,528,94.78
META,Meta Platforms,2022-11-14,529,110.99
META,Meta Platforms,2022-11-21,530,111.52
META,Meta Platforms,2022-11-29,531,109.54
META,Meta Platforms,2022-12-06,532,119.91
META,Meta Platforms,2022-12-13,533,122.13
META,Meta Platforms,2022-12-20,534,113.26
META,Meta Platforms,2022-12-28,535,116.25
META,Meta Platforms,2023-01-05,536,126.13
META,Meta Platforms,2023-01-12,537,133.44
META,Meta Platforms,2023-01-20,538,135.89
META,Meta Platforms,2023-01-24,539,141.69
MSFT,Microsoft,2010-01-04,1,30.62
MSFT,Microsoft,2010-01-11,2,30.71
MSFT,Microsoft,2010-01-19,3,30.75
MSFT,Microsoft,2010-01-26,4,29.2
MSFT,Microsoft,2010-02-02,5,28.37
MSFT,Microsoft,2010-02-09,6,27.97
MSFT,Microsoft,2010-02-17,7,28.53
MSFT,Microsoft,2010-02-24,8,28.52
MSFT,Microsoft,2010-03-03,9,28.51
MSFT,Microsoft,2010-03-10,10,28.86
MSFT,Microsoft,2010-03-17,11,29.5
MSFT,Microsoft,2010-03-24,12,29.72
MSFT,Microsoft,2010-03-31,13,29.64
MSFT,Microsoft,2010-04-08,14,29.32
MSFT,Microsoft,2010-04-15,15,30.82
MSFT,Microsoft,2010-04-22,16,31.04
MSFT,Microsoft,2010-04-29,17,30.93
MSFT,Microsoft,2010-05-06,18,29.59
MSFT,Microsoft,2010-05-13,19,29.26
MSFT,Microsoft,2010-05-20,20,27.65
MSFT,Microsoft,2010-05-27,21,25.73
MSFT,Microsoft,2010-06-04,22,26.1
MSFT,Microsoft,2010-06-11,23,25.04
MSFT,Microsoft,2010-06-18,24,26.37
MSFT,Microsoft,2010-06-25,25,25.05
MSFT,Microsoft,2010-07-02,26,23.36
MSFT,Microsoft,2010-07-12,27,24.43
MSFT,Microsoft,2010-07-19,28,24.96
MSFT,Microsoft,2010-07-26,29,25.86
MSFT,Microsoft,2010-08-02,30,25.99
MSFT,Microsoft,2010-08-09,31,25.55
MSFT,Microsoft,2010-08-16,32,24.36
MSFT,Microsoft,2010-08-23,33,24.44
MSFT,Microsoft,2010-08-30,34,23.74
MSFT,Microsoft,2010-09-07,35,24.1
MSFT,Microsoft,2010-09-14,36,25.04
MSFT,Microsoft,2010-09-21,37,25.42
MSFT,Microsoft,2010-09-28,38,24.8
MSFT,Microsoft,2010-10-05,39,24.06
MSFT,Microsoft,2010-10-12,40,24.65
MSFT,Microsoft,2010-10-19,41,25.27
MSFT,Microsoft,2010-10-26,42,25.12
MSFT,Microsoft,2010-11-02,43,27.06
MSFT,Microsoft,2010-11-09,44,26.81
MSFT,Microsoft,2010-11-16,45,26.04
MSFT,Microsoft,2010-11-23,46,25.57
MSFT,Microsoft,2010-12-01,47,25.57
MSFT,Microsoft,2010-12-08,48,26.83
MSFT,Microsoft,2010-12-15,49,27.53
MSFT,Microsoft,2010-12-22,50,28.01
MSFT,Microsoft,2010-12-30,51,27.92
MSFT,Microsoft,2011-01-06,52,28.04
MSFT,Microsoft,2011-01-13,53,28.33
MSFT,Microsoft,2011-01-21,54,28.4
MSFT,Microsoft,2011-01-28,55,28.9
MSFT,Microsoft,2011-02-04,56,27.7
MSFT,Microsoft,2011-02-11,57,27.76
MSFT,Microsoft,2011-02-18,58,27.13
MSFT,Microsoft,2011-02-28,59,26.69
MSFT,Microsoft,2011-03-07,60,26.13
MSFT,Microsoft,2011-03-14,61,25.49
MSFT,Microsoft,2011-03-21,62,25.18
MSFT,Microsoft,2011-03-28,63,25.66
MSFT,Microsoft,2011-04-04,64,25.45
MSFT,Microsoft,2011-04-11,65,26.19
MSFT,Microsoft,2011-04-18,66,25.1
MSFT,Microsoft,2011-04-26,67,25.74
MSFT,Microsoft,2011-05-03,68,25.6
MSFT,Microsoft,2011-05-10,69,25.38
MSFT,Microsoft,2011-05-17,70,24.4
MSFT,Microsoft,2011-05-24,71,24.2
MSFT,Microsoft,2011-06-01,72,24.99
MSFT,Microsoft,2011-06-08,73,23.9
MSFT,Microsoft,2011-06-15,74,24
MSFT,Microsoft,2011-06-22,75,24.6
MSFT,Microsoft,2011-06-29,76,25.71
MSFT,Microsoft,2011-07-07,77,26.49
MSFT,Microsoft,2011-07-14,78,26.62
MSFT,Microsoft,2011-07-21,79,27.04
MSFT,Microsoft,2011-07-28,80,27.29
MSFT,Microsoft,2011-08-04,81,26.53
MSFT,Microsoft,2011-08-11,82,24.5
MSFT,Microsoft,2011-08-18,83,24.57
MSFT,Microsoft,2011-08-25,84,25.08
MSFT,Microsoft,2011-09-01,85,26.46
MSFT,Microsoft,2011-09-09,86,26
MSFT,Microsoft,2011-09-16,87,27.05
MSFT,Microsoft,2011-09-23,88,24.9
MSFT,Microsoft,2011-09-30,89,25.2
MSFT,Microsoft,2011-10-07,90,26.34
MSFT,Microsoft,2011-10-14,91,27.31
MSFT,Microsoft,2011-10-21,92,27.15
MSFT,Microsoft,2011-10-28,93,27.14
MSFT,Microsoft,2011-11-04,94,26.38
MSFT,Microsoft,2011-11-11,95,26.58
MSFT,Microsoft,2011-11-18,96,25.48
MSFT,Microsoft,2011-11-28,97,24.94
MSFT,Microsoft,2011-12-05,98,25.78
MSFT,Microsoft,2011-12-12,99,25.41
MSFT,Microsoft,2011-12-19,100,26.02
MSFT,Microsoft,2011-12-27,101,25.96
MSFT,Microsoft,2012-01-04,102,26.82
MSFT,Microsoft,2012-01-11,103,27.43
MSFT,Microsoft,2012-01-19,104,28.16
MSFT,Microsoft,2012-01-26,105,29.61
MSFT,Microsoft,2012-02-02,106,29.9
MSFT,Microsoft,2012-02-09,107,30.68
MSFT,Microsoft,2012-02-16,108,30.31
MSFT,Microsoft,2012-02-24,109,31.48
MSFT,Microsoft,2012-03-02,110,32.31
MSFT,Microsoft,2012-03-09,111,32.1
MSFT,Microsoft,2012-03-16,112,32.91
MSFT,Microsoft,2012-03-23,113,32.1
MSFT,Microsoft,2012-03-30,114,32.4
MSFT,Microsoft,2012-04-09,115,31.22
MSFT,Microsoft,2012-04-16,116,30.99
MSFT,Microsoft,2012-04-23,117,32.31
MSFT,Microsoft,2012-04-30,118,31.98
MSFT,Microsoft,2012-05-07,119,30.7
MSFT,Microsoft,2012-05-14,120,30.82
MSFT,Microsoft,2012-05-21,121,29.1
MSFT,Microsoft,2012-05-29,122,29.38
MSFT,Microsoft,2012-06-05,123,28.51
MSFT,Microsoft,2012-06-12,124,29.1
MSFT,Microsoft,2012-06-19,125,30.19
MSFT,Microsoft,2012-06-26,126,30
MSFT,Microsoft,2012-07-03,127,30.23
MSFT,Microsoft,2012-07-11,128,29.71
MSFT,Microsoft,2012-07-18,129,29.6
MSFT,Microsoft,2012-07-25,130,29.24
MSFT,Microsoft,2012-08-01,131,29.59
MSFT,Microsoft,2012-08-08,132,30.21
MSFT,Microsoft,2012-08-15,133,30.11
MSFT,Microsoft,2012-08-22,134,30.59
MSFT,Microsoft,2012-08-29,135,30.65
MSFT,Microsoft,2012-09-06,136,30.5
MSFT,Microsoft,2012-09-13,137,30.89
MSFT,Microsoft,2012-09-20,138,30.95
MSFT,Microsoft,2012-09-27,139,30.17
MSFT,Microsoft,2012-10-04,140,29.97
MSFT,Microsoft,2012-10-11,141,29.22
MSFT,Microsoft,2012-10-18,142,29.65
MSFT,Microsoft,2012-10-25,143,28.19
MSFT,Microsoft,2012-11-05,144,29.62
MSFT,Microsoft,2012-11-12,145,28.94
MSFT,Microsoft,2012-11-19,146,26.8
MSFT,Microsoft,2012-11-27,147,27.36
MSFT,Microsoft,2012-12-04,148,26.5
MSFT,Microsoft,2012-12-11,149,27.05
MSFT,Microsoft,2012-12-18,150,27.25
MSFT,Microsoft,2012-12-26,151,27.03
MSFT,Microsoft,2013-01-03,152,27.63
MSFT,Microsoft,2013-01-10,153,26.65
MSFT,Microsoft,2013-01-17,154,27.19
MSFT,Microsoft,2013-01-25,155,27.58
MSFT,Microsoft,2013-02-01,156,27.67
MSFT,Microsoft,2013-02-08,157,27.35
MSFT,Microsoft,2013-02-15,158,28.04
MSFT,Microsoft,2013-02-25,159,27.97
MSFT,Microsoft,2013-03-04,160,27.85
MSFT,Microsoft,2013-03-11,161,27.94
MSFT,Microsoft,2013-03-18,162,27.88
MSFT,Microsoft,2013-03-25,163,28.3
MSFT,Microsoft,2013-04-02,164,28.59
MSFT,Microsoft,2013-04-09,165,28.73
MSFT,Microsoft,2013-04-16,166,28.9
MSFT,Microsoft,2013-04-23,167,30.7
MSFT,Microsoft,2013-04-30,168,32.56
MSFT,Microsoft,2013-05-07,169,33.65
MSFT,Microsoft,2013-05-14,170,32.86
MSFT,Microsoft,2013-05-21,171,35.1
MSFT,Microsoft,2013-05-29,172,34.74
MSFT,Microsoft,2013-06-05,173,34.6
MSFT,Microsoft,2013-06-12,174,35.14
MSFT,Microsoft,2013-06-19,175,34.96
MSFT,Microsoft,2013-06-26,176,34.12
MSFT,Microsoft,2013-07-03,177,33.66
MSFT,Microsoft,2013-07-11,178,35
MSFT,Microsoft,2013-07-18,179,35.72
MSFT,Microsoft,2013-07-25,180,31.62
MSFT,Microsoft,2013-08-01,181,32.06
MSFT,Microsoft,2013-08-08,182,32.24
MSFT,Microsoft,2013-08-15,183,32
MSFT,Microsoft,2013-08-22,184,32.19
MSFT,Microsoft,2013-08-29,185,32.93
MSFT,Microsoft,2013-09-06,186,31.31
MSFT,Microsoft,2013-09-13,187,32.77
MSFT,Microsoft,2013-09-20,188,33.41
MSFT,Microsoft,2013-09-27,189,32.88
MSFT,Microsoft,2013-10-04,190,33.69
MSFT,Microsoft,2013-10-11,191,33.68
MSFT,Microsoft,2013-10-18,192,34.82
MSFT,Microsoft,2013-10-25,193,35.88
MSFT,Microsoft,2013-11-01,194,35.67
MSFT,Microsoft,2013-11-08,195,37.67
MSFT,Microsoft,2013-11-15,196,37.95
MSFT,Microsoft,2013-11-22,197,37.53
MSFT,Microsoft,2013-12-02,198,38.09
MSFT,Microsoft,2013-12-09,199,38.56
MSFT,Microsoft,2013-12-16,200,36.73
MSFT,Microsoft,2013-12-23,201,36.81
MSFT,Microsoft,2013-12-31,202,37.4
MSFT,Microsoft,2014-01-08,203,36
MSFT,Microsoft,2014-01-15,204,35.9
MSFT,Microsoft,2014-01-23,205,36.09
MSFT,Microsoft,2014-01-30,206,36.79
MSFT,Microsoft,2014-02-06,207,35.8
MSFT,Microsoft,2014-02-13,208,37.33
MSFT,Microsoft,2014-02-21,209,37.94
MSFT,Microsoft,2014-02-28,210,37.98
MSFT,Microsoft,2014-03-07,211,38.28
MSFT,Microsoft,2014-03-14,212,37.65
MSFT,Microsoft,2014-03-21,213,40.72
MSFT,Microsoft,2014-03-28,214,39.79
MSFT,Microsoft,2014-04-04,215,41.25
MSFT,Microsoft,2014-04-11,216,39
MSFT,Microsoft,2014-04-21,217,40.13
MSFT,Microsoft,2014-04-28,218,40.14
MSFT,Microsoft,2014-05-05,219,39.52
MSFT,Microsoft,2014-05-12,220,39.74
MSFT,Microsoft,2014-05-19,221,39.61
MSFT,Microsoft,2014-05-27,222,40.26
MSFT,Microsoft,2014-06-03,223,40.6
MSFT,Microsoft,2014-06-10,224,41.03
MSFT,Microsoft,2014-06-17,225,41.29
MSFT,Microsoft,2014-06-24,226,41.83
MSFT,Microsoft,2014-07-01,227,41.86
MSFT,Microsoft,2014-07-09,228,41.98
MSFT,Microsoft,2014-07-16,229,42.51
MSFT,Microsoft,2014-07-23,230,45.45
MSFT,Microsoft,2014-07-30,231,44.07
MSFT,Microsoft,2014-08-06,232,42.74
MSFT,Microsoft,2014-08-13,233,43.68
MSFT,Microsoft,2014-08-20,234,45.34
MSFT,Microsoft,2014-08-27,235,44.9
MSFT,Microsoft,2014-09-04,236,44.74
MSFT,Microsoft,2014-09-11,237,46.74
MSFT,Microsoft,2014-09-18,238,46.59
MSFT,Microsoft,2014-09-25,239,46.88
MSFT,Microsoft,2014-10-02,240,45.83
MSFT,Microsoft,2014-10-09,241,46.5
MSFT,Microsoft,2014-10-16,242,42.53
MSFT,Microsoft,2014-10-23,243,44.62
MSFT,Microsoft,2014-10-30,244,46.32
MSFT,Microsoft,2014-11-06,245,47.86
MSFT,Microsoft,2014-11-13,246,48.81
MSFT,Microsoft,2014-11-20,247,48
MSFT,Microsoft,2014-11-28,248,47.95
MSFT,Microsoft,2014-12-05,249,48.82
MSFT,Microsoft,2014-12-12,250,46.78
MSFT,Microsoft,2014-12-19,251,47.63
MSFT,Microsoft,2014-12-29,252,47.7
MSFT,Microsoft,2015-01-06,253,46.38
MSFT,Microsoft,2015-01-13,254,46.97
MSFT,Microsoft,2015-01-21,255,45.94
MSFT,Microsoft,2015-01-28,256,42.74
MSFT,Microsoft,2015-02-04,257,41.94
MSFT,Microsoft,2015-02-11,258,42.65
MSFT,Microsoft,2015-02-19,259,43.18
MSFT,Microsoft,2015-02-26,260,43.99
MSFT,Microsoft,2015-03-05,261,43.07
MSFT,Microsoft,2015-03-12,262,41.33
MSFT,Microsoft,2015-03-19,263,42.26
MSFT,Microsoft,2015-03-26,264,41.22
MSFT,Microsoft,2015-04-02,265,40.66
MSFT,Microsoft,2015-04-10,266,41.63
MSFT,Microsoft,2015-04-17,267,41.67
MSFT,Microsoft,2015-04-24,268,45.66
MSFT,Microsoft,2015-05-01,269,48.58
MSFT,Microsoft,2015-05-08,270,47.55
MSFT,Microsoft,2015-05-15,271,48.87
MSFT,Microsoft,2015-05-22,272,47.3
MSFT,Microsoft,2015-06-01,273,47.06
MSFT,Microsoft,2015-06-08,274,46.3
MSFT,Microsoft,2015-06-15,275,45.45
MSFT,Microsoft,2015-06-22,276,46.33
MSFT,Microsoft,2015-06-29,277,45.04
MSFT,Microsoft,2015-07-07,278,44.34
MSFT,Microsoft,2015-07-14,279,45.45
MSFT,Microsoft,2015-07-21,280,46.78
MSFT,Microsoft,2015-07-28,281,45.58
MSFT,Microsoft,2015-08-04,282,46.75
MSFT,Microsoft,2015-08-11,283,46.82
MSFT,Microsoft,2015-08-18,284,46.84
MSFT,Microsoft,2015-08-25,285,42.57
MSFT,Microsoft,2015-09-01,286,42.17
MSFT,Microsoft,2015-09-09,287,44.21
MSFT,Microsoft,2015-09-16,288,43.97
MSFT,Microsoft,2015-09-23,289,43.93
MSFT,Microsoft,2015-09-30,290,43.88
MSFT,Microsoft,2015-10-07,291,47.1
MSFT,Microsoft,2015-10-14,292,46.65
MSFT,Microsoft,2015-10-21,293,47.92
MSFT,Microsoft,2015-10-28,294,53.54
MSFT,Microsoft,2015-11-04,295,54.18
MSFT,Microsoft,2015-11-11,296,53.7
MSFT,Microsoft,2015-11-18,297,53
MSFT,Microsoft,2015-11-25,298,54.09
MSFT,Microsoft,2015-12-03,299,55.49
MSFT,Microsoft,2015-12-10,300,55.39
MSFT,Microsoft,2015-12-17,301,56.36
MSFT,Microsoft,2015-12-24,302,55.86
MSFT,Microsoft,2016-01-04,303,54.32
MSFT,Microsoft,2016-01-11,304,52.51
MSFT,Microsoft,2016-01-19,305,51.48
MSFT,Microsoft,2016-01-26,306,51.79
MSFT,Microsoft,2016-02-02,307,54.17
MSFT,Microsoft,2016-02-09,308,49.02
MSFT,Microsoft,2016-02-17,309,51.49
MSFT,Microsoft,2016-02-24,310,50.69
MSFT,Microsoft,2016-03-02,311,52.41
MSFT,Microsoft,2016-03-09,312,51.89
MSFT,Microsoft,2016-03-16,313,53.45
MSFT,Microsoft,2016-03-23,314,54.11
MSFT,Microsoft,2016-03-31,315,54.95
MSFT,Microsoft,2016-04-07,316,54.87
MSFT,Microsoft,2016-04-14,317,55.22
MSFT,Microsoft,2016-04-21,318,55.8
MSFT,Microsoft,2016-04-28,319,50.62
MSFT,Microsoft,2016-05-05,320,49.87
MSFT,Microsoft,2016-05-12,321,51.2
MSFT,Microsoft,2016-05-19,322,50.47
MSFT,Microsoft,2016-05-26,323,51.93
MSFT,Microsoft,2016-06-03,324,52.38
MSFT,Microsoft,2016-06-10,325,51.05
MSFT,Microsoft,2016-06-17,326,50.41
MSFT,Microsoft,2016-06-24,327,49.81
MSFT,Microsoft,2016-07-01,328,51.13
MSFT,Microsoft,2016-07-11,329,52.5
MSFT,Microsoft,2016-07-18,330,53.7
MSFT,Microsoft,2016-07-25,331,56.47
MSFT,Microsoft,2016-08-01,332,56.6
MSFT,Microsoft,2016-08-08,333,58.06
MSFT,Microsoft,2016-08-15,334,58.01
MSFT,Microsoft,2016-08-22,335,57.6
MSFT,Microsoft,2016-08-29,336,58.18
MSFT,Microsoft,2016-09-06,337,57.78
MSFT,Microsoft,2016-09-13,338,56.5
MSFT,Microsoft,2016-09-20,339,57.35
MSFT,Microsoft,2016-09-27,340,56.93
MSFT,Microsoft,2016-10-04,341,57.27
MSFT,Microsoft,2016-10-11,342,57.89
MSFT,Microsoft,2016-10-18,343,57.53
MSFT,Microsoft,2016-10-25,344,60.85
MSFT,Microsoft,2016-11-01,345,59.97
MSFT,Microsoft,2016-11-08,346,60.55
MSFT,Microsoft,2016-11-15,347,58.33
MSFT,Microsoft,2016-11-22,348,60.98
MSFT,Microsoft,2016-11-30,349,60.86
MSFT,Microsoft,2016-12-07,350,60.01
MSFT,Microsoft,2016-12-14,351,63
MSFT,Microsoft,2016-12-21,352,63.43
MSFT,Microsoft,2016-12-29,353,62.86
MSFT,Microsoft,2017-01-06,354,62.3
MSFT,Microsoft,2017-01-13,355,62.62
MSFT,Microsoft,2017-01-23,356,62.7
MSFT,Microsoft,2017-01-30,357,65.69
MSFT,Microsoft,2017-02-06,358,63.5
MSFT,Microsoft,2017-02-13,359,64.24
MSFT,Microsoft,2017-02-21,360,64.61
MSFT,Microsoft,2017-02-28,361,64.08
MSFT,Microsoft,2017-03-07,362,64.19
MSFT,Microsoft,2017-03-14,363,64.53
MSFT,Microsoft,2017-03-21,364,65.19
MSFT,Microsoft,2017-03-28,365,64.96
MSFT,Microsoft,2017-04-04,366,65.39
MSFT,Microsoft,2017-04-11,367,65.6
MSFT,Microsoft,2017-04-19,368,65.65
MSFT,Microsoft,2017-04-26,369,68.08
MSFT,Microsoft,2017-05-03,370,69.38
MSFT,Microsoft,2017-05-10,371,68.99
MSFT,Microsoft,2017-05-17,372,68.89
MSFT,Microsoft,2017-05-24,373,68.87
MSFT,Microsoft,2017-06-01,374,70.24
MSFT,Microsoft,2017-06-08,375,72.51
MSFT,Microsoft,2017-06-15,376,69.27
MSFT,Microsoft,2017-06-22,377,70.54
MSFT,Microsoft,2017-06-29,378,69.38
MSFT,Microsoft,2017-07-07,379,68.7
MSFT,Microsoft,2017-07-14,380,72.24
MSFT,Microsoft,2017-07-21,381,73.45
MSFT,Microsoft,2017-07-28,382,72.67
MSFT,Microsoft,2017-08-04,383,72.4
MSFT,Microsoft,2017-08-11,384,71.61
MSFT,Microsoft,2017-08-18,385,72.27
MSFT,Microsoft,2017-08-25,386,72.86
MSFT,Microsoft,2017-09-01,387,74.71
MSFT,Microsoft,2017-09-11,388,74.31
MSFT,Microsoft,2017-09-18,389,75.23
MSFT,Microsoft,2017-09-25,390,74.09
MSFT,Microsoft,2017-10-02,391,74.71
MSFT,Microsoft,2017-10-09,392,75.97
MSFT,Microsoft,2017-10-16,393,77.42
MSFT,Microsoft,2017-10-23,394,78.99
MSFT,Microsoft,2017-10-30,395,83.7
MSFT,Microsoft,2017-11-06,396,84.2
MSFT,Microsoft,2017-11-13,397,83.66
MSFT,Microsoft,2017-11-20,398,82.4
MSFT,Microsoft,2017-11-28,399,84.07
MSFT,Microsoft,2017-12-05,400,81.34
MSFT,Microsoft,2017-12-12,401,85.31
MSFT,Microsoft,2017-12-19,402,86.35
MSFT,Microsoft,2017-12-27,403,85.65
MSFT,Microsoft,2018-01-04,404,86.59
MSFT,Microsoft,2018-01-11,405,88.13
MSFT,Microsoft,2018-01-19,406,90.14
MSFT,Microsoft,2018-01-26,407,93.12
MSFT,Microsoft,2018-02-02,408,93.64
MSFT,Microsoft,2018-02-09,409,86.3
MSFT,Microsoft,2018-02-16,410,92.45
MSFT,Microsoft,2018-02-26,411,94.4
MSFT,Microsoft,2018-03-05,412,92.34
MSFT,Microsoft,2018-03-12,413,96.5
MSFT,Microsoft,2018-03-19,414,93.74
MSFT,Microsoft,2018-03-26,415,90.61
MSFT,Microsoft,2018-04-03,416,89.58
MSFT,Microsoft,2018-04-10,417,92.39
MSFT,Microsoft,2018-04-17,418,95
MSFT,Microsoft,2018-04-24,419,96.24
MSFT,Microsoft,2018-05-01,420,93.21
MSFT,Microsoft,2018-05-08,421,95.85
MSFT,Microsoft,2018-05-15,422,97.24
MSFT,Microsoft,2018-05-22,423,97.68
MSFT,Microsoft,2018-05-30,424,98.31
MSFT,Microsoft,2018-06-06,425,102.48
MSFT,Microsoft,2018-06-13,426,101.72
MSFT,Microsoft,2018-06-20,427,101.37
MSFT,Microsoft,2018-06-27,428,99.58
MSFT,Microsoft,2018-07-05,429,99.5
MSFT,Microsoft,2018-07-12,430,102.77
MSFT,Microsoft,2018-07-19,431,104.93
MSFT,Microsoft,2018-07-26,432,110.74
MSFT,Microsoft,2018-08-02,433,105.4
MSFT,Microsoft,2018-08-09,434,109.71
MSFT,Microsoft,2018-08-16,435,108.3
MSFT,Microsoft,2018-08-23,436,107.15
MSFT,Microsoft,2018-08-30,437,111.67
MSFT,Microsoft,2018-09-07,438,108.23
MSFT,Microsoft,2018-09-14,439,113.36
MSFT,Microsoft,2018-09-21,440,114
MSFT,Microsoft,2018-09-28,441,114.19
MSFT,Microsoft,2018-10-05,442,112.63
MSFT,Microsoft,2018-10-12,443,109.01
MSFT,Microsoft,2018-10-19,444,108.93
MSFT,Microsoft,2018-10-26,445,105.69
MSFT,Microsoft,2018-11-02,446,106.48
MSFT,Microsoft,2018-11-09,447,110.85
MSFT,Microsoft,2018-11-16,448,107.08
MSFT,Microsoft,2018-11-26,449,104.79
MSFT,Microsoft,2018-12-03,450,113
MSFT,Microsoft,2018-12-11,451,109.8
MSFT,Microsoft,2018-12-18,452,103.75
MSFT,Microsoft,2018-12-26,453,95.14
MSFT,Microsoft,2019-01-03,454,100.1
MSFT,Microsoft,2019-01-10,455,103.22
MSFT,Microsoft,2019-01-17,456,105
MSFT,Microsoft,2019-01-25,457,107.24
MSFT,Microsoft,2019-02-01,458,103.78
MSFT,Microsoft,2019-02-08,459,104.39
MSFT,Microsoft,2019-02-15,460,107.91
MSFT,Microsoft,2019-02-25,461,111.76
MSFT,Microsoft,2019-03-04,462,113.02
MSFT,Microsoft,2019-03-11,463,110.99
MSFT,Microsoft,2019-03-18,464,116.17
MSFT,Microsoft,2019-03-25,465,116.56
MSFT,Microsoft,2019-04-01,466,118.95
MSFT,Microsoft,2019-04-08,467,119.81
MSFT,Microsoft,2019-04-15,468,120.94
MSFT,Microsoft,2019-04-23,469,124.1
MSFT,Microsoft,2019-04-30,470,129.81
MSFT,Microsoft,2019-05-07,471,126.46
MSFT,Microsoft,2019-05-14,472,123.87
MSFT,Microsoft,2019-05-21,473,127.43
MSFT,Microsoft,2019-05-29,474,125.38
MSFT,Microsoft,2019-06-05,475,124.95
MSFT,Microsoft,2019-06-12,476,131.4
MSFT,Microsoft,2019-06-19,477,135
MSFT,Microsoft,2019-06-26,478,134.35
MSFT,Microsoft,2019-07-03,479,136.8
MSFT,Microsoft,2019-07-11,480,138.2
MSFT,Microsoft,2019-07-18,481,135.55
MSFT,Microsoft,2019-07-25,482,140.43
MSFT,Microsoft,2019-08-01,483,137
MSFT,Microsoft,2019-08-08,484,136.6
MSFT,Microsoft,2019-08-15,485,134.39
MSFT,Microsoft,2019-08-22,486,138.66
MSFT,Microsoft,2019-08-29,487,137.25
MSFT,Microsoft,2019-09-06,488,140.03
MSFT,Microsoft,2019-09-13,489,137.78
MSFT,Microsoft,2019-09-20,490,141.01
MSFT,Microsoft,2019-09-27,491,140.15
MSFT,Microsoft,2019-10-04,492,136.75
MSFT,Microsoft,2019-10-11,493,140.12
MSFT,Microsoft,2019-10-18,494,139.76
MSFT,Microsoft,2019-10-25,495,139.34
MSFT,Microsoft,2019-11-01,496,144.26
MSFT,Microsoft,2019-11-08,497,143.98
MSFT,Microsoft,2019-11-15,498,148.93
MSFT,Microsoft,2019-11-22,499,150.07
MSFT,Microsoft,2019-12-02,500,151.81
MSFT,Microsoft,2019-12-09,501,151.07
MSFT,Microsoft,2019-12-16,502,155.11
MSFT,Microsoft,2019-12-23,503,158.12
MSFT,Microsoft,2019-12-31,504,156.77
MSFT,Microsoft,2020-01-08,505,158.93
MSFT,Microsoft,2020-01-15,506,162.62
MSFT,Microsoft,2020-01-23,507,166.19
MSFT,Microsoft,2020-01-30,508,174.05
MSFT,Microsoft,2020-02-06,509,180.97
MSFT,Microsoft,2020-02-13,510,183.08
MSFT,Microsoft,2020-02-21,511,183.17
MSFT,Microsoft,2020-02-28,512,152.41
MSFT,Microsoft,2020-03-06,513,162.61
MSFT,Microsoft,2020-03-13,514,147.5
MSFT,Microsoft,2020-03-20,515,146
MSFT,Microsoft,2020-03-27,516,151.75
MSFT,Microsoft,2020-04-03,517,155.1
MSFT,Microsoft,2020-04-13,518,164.35
MSFT,Microsoft,2020-04-20,519,176.63
MSFT,Microsoft,2020-04-27,520,176.59
MSFT,Microsoft,2020-05-04,521,174.49
MSFT,Microsoft,2020-05-11,522,183.15
MSFT,Microsoft,2020-05-18,523,185.75
MSFT,Microsoft,2020-05-26,524,186.34
MSFT,Microsoft,2020-06-02,525,184.25
MSFT,Microsoft,2020-06-09,526,188
MSFT,Microsoft,2020-06-16,527,192.89
MSFT,Microsoft,2020-06-23,528,202.09
MSFT,Microsoft,2020-06-30,529,197.88
MSFT,Microsoft,2020-07-08,530,210.07
MSFT,Microsoft,2020-07-15,531,209.56
MSFT,Microsoft,2020-07-22,532,209.2
MSFT,Microsoft,2020-07-29,533,202.5
MSFT,Microsoft,2020-08-05,534,214.9
MSFT,Microsoft,2020-08-12,535,205.29
MSFT,Microsoft,2020-08-19,536,211.49
MSFT,Microsoft,2020-08-26,537,217.88
MSFT,Microsoft,2020-09-02,538,227.97
MSFT,Microsoft,2020-09-10,539,213.4
MSFT,Microsoft,2020-09-17,540,200.05
MSFT,Microsoft,2020-09-24,541,199.85
MSFT,Microsoft,2020-10-01,542,213.49
MSFT,Microsoft,2020-10-08,543,210.51
MSFT,Microsoft,2020-10-15,544,217.1
MSFT,Microsoft,2020-10-22,545,213.93
MSFT,Microsoft,2020-10-29,546,204.07
MSFT,Microsoft,2020-11-05,547,222.04
MSFT,Microsoft,2020-11-12,548,217.21
MSFT,Microsoft,2020-11-19,549,211.38
MSFT,Microsoft,2020-11-27,550,214.85
MSFT,Microsoft,2020-12-04,551,214.22
MSFT,Microsoft,2020-12-11,552,210.05
MSFT,Microsoft,2020-12-18,553,218.59
MSFT,Microsoft,2020-12-28,554,224.45
MSFT,Microsoft,2021-01-05,555,217.26
MSFT,Microsoft,2021-01-12,556,216.5
MSFT,Microsoft,2021-01-20,557,217.7
MSFT,Microsoft,2021-01-27,558,238
MSFT,Microsoft,2021-02-03,559,239.57
MSFT,Microsoft,2021-02-10,560,245
MSFT,Microsoft,2021-02-18,561,241.8
MSFT,Microsoft,2021-02-25,562,232.08
MSFT,Microsoft,2021-03-04,563,226.74
MSFT,Microsoft,2021-03-11,564,234.96
MSFT,Microsoft,2021-03-18,565,232.56
MSFT,Microsoft,2021-03-25,566,235.3
MSFT,Microsoft,2021-04-01,567,238.47
MSFT,Microsoft,2021-04-09,568,252.87
MSFT,Microsoft,2021-04-16,569,259.47
MSFT,Microsoft,2021-04-23,570,257.88
MSFT,Microsoft,2021-04-30,571,249.74
MSFT,Microsoft,2021-05-07,572,252.15
MSFT,Microsoft,2021-05-14,573,245.58
MSFT,Microsoft,2021-05-21,574,247.57
MSFT,Microsoft,2021-05-28,575,251
MSFT,Microsoft,2021-06-07,576,249.98
MSFT,Microsoft,2021-06-14,577,257.9
MSFT,Microsoft,2021-06-21,578,259.82
MSFT,Microsoft,2021-06-28,579,266.19
MSFT,Microsoft,2021-07-06,580,278.03
MSFT,Microsoft,2021-07-13,581,277.52
MSFT,Microsoft,2021-07-20,582,278.03
MSFT,Microsoft,2021-07-27,583,289.43
MSFT,Microsoft,2021-08-03,584,285.42
MSFT,Microsoft,2021-08-10,585,288.8
MSFT,Microsoft,2021-08-17,586,292.39
MSFT,Microsoft,2021-08-24,587,305.02
MSFT,Microsoft,2021-08-31,588,304.42
MSFT,Microsoft,2021-09-08,589,299.78
MSFT,Microsoft,2021-09-15,590,303.26
MSFT,Microsoft,2021-09-22,591,296.73
MSFT,Microsoft,2021-09-29,592,285.1
MSFT,Microsoft,2021-10-06,593,285.78
MSFT,Microsoft,2021-10-13,594,294.91
MSFT,Microsoft,2021-10-20,595,309.21
MSFT,Microsoft,2021-10-27,596,316
MSFT,Microsoft,2021-11-03,597,333.9
MSFT,Microsoft,2021-11-10,598,334.57
MSFT,Microsoft,2021-11-17,599,338.94
MSFT,Microsoft,2021-11-24,600,336.28
MSFT,Microsoft,2021-12-02,601,330.3
MSFT,Microsoft,2021-12-09,602,334.41
MSFT,Microsoft,2021-12-16,603,335.71
MSFT,Microsoft,2021-12-23,604,332.75
MSFT,Microsoft,2021-12-31,605,338.51
MSFT,Microsoft,2022-01-07,606,314.15
MSFT,Microsoft,2022-01-14,607,304.25
MSFT,Microsoft,2022-01-24,608,292.2
MSFT,Microsoft,2022-01-31,609,308.95
MSFT,Microsoft,2022-02-07,610,306.17
MSFT,Microsoft,2022-02-14,611,293.77
MSFT,Microsoft,2022-02-22,612,285
MSFT,Microsoft,2022-03-01,613,296.4
MSFT,Microsoft,2022-03-08,614,277.8
MSFT,Microsoft,2022-03-15,615,280.35
MSFT,Microsoft,2022-03-22,616,299.8
MSFT,Microsoft,2022-03-29,617,313.91
MSFT,Microsoft,2022-04-05,618,313.27
MSFT,Microsoft,2022-04-12,619,289.24
MSFT,Microsoft,2022-04-20,620,289.4
MSFT,Microsoft,2022-04-27,621,282.1
MSFT,Microsoft,2022-05-04,622,282.59
MSFT,Microsoft,2022-05-11,623,265.68
MSFT,Microsoft,2022-05-18,624,263
MSFT,Microsoft,2022-05-25,625,258.14
MSFT,Microsoft,2022-06-02,626,264.45
MSFT,Microsoft,2022-06-09,627,267.78
MSFT,Microsoft,2022-06-16,628,245.98
MSFT,Microsoft,2022-06-24,629,261.81
MSFT,Microsoft,2022-07-01,630,256.39
MSFT,Microsoft,2022-07-11,631,265.65
MSFT,Microsoft,2022-07-18,632,259.75
MSFT,Microsoft,2022-07-25,633,261
MSFT,Microsoft,2022-08-01,634,277.82
MSFT,Microsoft,2022-08-08,635,284.05
MSFT,Microsoft,2022-08-15,636,291
MSFT,Microsoft,2022-08-22,637,282.08
MSFT,Microsoft,2022-08-29,638,265.85
MSFT,Microsoft,2022-09-06,639,256.2
MSFT,Microsoft,2022-09-13,640,258.84
MSFT,Microsoft,2022-09-20,641,242.07
MSFT,Microsoft,2022-09-27,642,239.98
MSFT,Microsoft,2022-10-04,643,245.09
MSFT,Microsoft,2022-10-11,644,227.62
MSFT,Microsoft,2022-10-18,645,243.24
MSFT,Microsoft,2022-10-25,646,247.26
MSFT,Microsoft,2022-11-01,647,234.6
MSFT,Microsoft,2022-11-08,648,228.7
MSFT,Microsoft,2022-11-15,649,245.66
MSFT,Microsoft,2022-11-22,650,243.59
MSFT,Microsoft,2022-11-30,651,240.57
MSFT,Microsoft,2022-12-07,652,244.83
MSFT,Microsoft,2022-12-14,653,257.13
MSFT,Microsoft,2022-12-21,654,241.69
MSFT,Microsoft,2022-12-29,655,235.65
NFLX,Netflix,2010-01-04,1,7.93
NFLX,Netflix,2010-01-11,2,7.66
NFLX,Netflix,2010-01-19,3,7.25
NFLX,Netflix,2010-01-26,4,6.96
NFLX,Netflix,2010-02-02,5,8.71
NFLX,Netflix,2010-02-09,6,8.72
NFLX,Netflix,2010-02-17,7,9.26
NFLX,Netflix,2010-02-24,8,9.24
NFLX,Netflix,2010-03-03,9,9.45
NFLX,Netflix,2010-03-10,10,10.04
NFLX,Netflix,2010-03-17,11,10.13
NFLX,Netflix,2010-03-24,12,10.42
NFLX,Netflix,2010-03-31,13,10.61
NFLX,Netflix,2010-04-08,14,11.32
NFLX,Netflix,2010-04-15,15,12.46
NFLX,Netflix,2010-04-22,16,13
NFLX,Netflix,2010-04-29,17,14.4
NFLX,Netflix,2010-05-06,18,13.87
NFLX,Netflix,2010-05-13,19,15.49
NFLX,Netflix,2010-05-20,20,13.82
NFLX,Netflix,2010-05-27,21,15.43
NFLX,Netflix,2010-06-04,22,15.7
NFLX,Netflix,2010-06-11,23,16.78
NFLX,Netflix,2010-06-18,24,17.99
NFLX,Netflix,2010-06-25,25,16.49
NFLX,Netflix,2010-07-02,26,15.81
NFLX,Netflix,2010-07-12,27,16.85
NFLX,Netflix,2010-07-19,28,16.82
NFLX,Netflix,2010-07-26,29,15.5
NFLX,Netflix,2010-08-02,30,14.86
NFLX,Netflix,2010-08-09,31,16.86
NFLX,Netflix,2010-08-16,32,18.81
NFLX,Netflix,2010-08-23,33,18.64
NFLX,Netflix,2010-08-30,34,17.89
NFLX,Netflix,2010-09-07,35,19.7
NFLX,Netflix,2010-09-14,36,21.1
NFLX,Netflix,2010-09-21,37,20.5
NFLX,Netflix,2010-09-28,38,23.55
NFLX,Netflix,2010-10-05,39,22.79
NFLX,Netflix,2010-10-12,40,21.96
NFLX,Netflix,2010-10-19,41,21.47
NFLX,Netflix,2010-10-26,42,23.87
NFLX,Netflix,2010-11-02,43,23.81
NFLX,Netflix,2010-11-09,44,24.25
NFLX,Netflix,2010-11-16,45,23.82
NFLX,Netflix,2010-11-23,46,26.6
NFLX,Netflix,2010-12-01,47,29.69
NFLX,Netflix,2010-12-08,48,26.44
NFLX,Netflix,2010-12-15,49,25.47
NFLX,Netflix,2010-12-22,50,26.73
NFLX,Netflix,2010-12-30,51,25.71
NFLX,Netflix,2011-01-06,52,25.17
NFLX,Netflix,2011-01-13,53,26.92
NFLX,Netflix,2011-01-21,54,26.41
NFLX,Netflix,2011-01-28,55,30.24
NFLX,Netflix,2011-02-04,56,30.42
NFLX,Netflix,2011-02-11,57,32.03
NFLX,Netflix,2011-02-18,58,33.97
NFLX,Netflix,2011-02-28,59,30.55
NFLX,Netflix,2011-03-07,60,30.68
NFLX,Netflix,2011-03-14,61,29.03
NFLX,Netflix,2011-03-21,62,30.26
NFLX,Netflix,2011-03-28,63,33.36
NFLX,Netflix,2011-04-04,64,34.98
NFLX,Netflix,2011-04-11,65,33.25
NFLX,Netflix,2011-04-18,66,33.14
NFLX,Netflix,2011-04-26,67,33.87
NFLX,Netflix,2011-05-03,68,33.67
NFLX,Netflix,2011-05-10,69,33.88
NFLX,Netflix,2011-05-17,70,33.57
NFLX,Netflix,2011-05-24,71,35.7
NFLX,Netflix,2011-06-01,72,38.5
NFLX,Netflix,2011-06-08,73,37.61
NFLX,Netflix,2011-06-15,74,37.07
NFLX,Netflix,2011-06-22,75,35.97
NFLX,Netflix,2011-06-29,76,38.14
NFLX,Netflix,2011-07-07,77,41.92
NFLX,Netflix,2011-07-14,78,42.79
NFLX,Netflix,2011-07-21,79,40.21
NFLX,Netflix,2011-07-28,80,37.76
NFLX,Netflix,2011-08-04,81,36.72
NFLX,Netflix,2011-08-11,82,33.59
NFLX,Netflix,2011-08-18,83,31.91
NFLX,Netflix,2011-08-25,84,31.11
NFLX,Netflix,2011-09-01,85,33.5
NFLX,Netflix,2011-09-09,86,30.03
NFLX,Netflix,2011-09-16,87,23.97
NFLX,Netflix,2011-09-23,88,18.29
NFLX,Netflix,2011-09-30,89,15.6
NFLX,Netflix,2011-10-07,90,17.57
NFLX,Netflix,2011-10-14,91,17.35
NFLX,Netflix,2011-10-21,92,16.24
NFLX,Netflix,2011-10-28,93,11.47
NFLX,Netflix,2011-11-04,94,13.07
NFLX,Netflix,2011-11-11,95,12.27
NFLX,Netflix,2011-11-18,96,10.96
NFLX,Netflix,2011-11-28,97,9.6
NFLX,Netflix,2011-12-05,98,9.56
NFLX,Netflix,2011-12-12,99,9.96
NFLX,Netflix,2011-12-19,100,9.97
NFLX,Netflix,2011-12-27,101,10.33
NFLX,Netflix,2012-01-04,102,10.34
NFLX,Netflix,2012-01-11,103,13.57
NFLX,Netflix,2012-01-19,104,14.24
NFLX,Netflix,2012-01-26,105,16.27
NFLX,Netflix,2012-02-02,106,17.64
NFLX,Netflix,2012-02-09,107,17.77
NFLX,Netflix,2012-02-16,108,17.46
NFLX,Netflix,2012-02-24,109,16.13
NFLX,Netflix,2012-03-02,110,16.07
NFLX,Netflix,2012-03-09,111,15.29
NFLX,Netflix,2012-03-16,112,15.75
NFLX,Netflix,2012-03-23,113,17.06
NFLX,Netflix,2012-03-30,114,16.5
NFLX,Netflix,2012-04-09,115,15.54
NFLX,Netflix,2012-04-16,116,14.94
NFLX,Netflix,2012-04-23,117,14.98
NFLX,Netflix,2012-04-30,118,11.8
NFLX,Netflix,2012-05-07,119,10.36
NFLX,Netflix,2012-05-14,120,11.02
NFLX,Netflix,2012-05-21,121,9.98
NFLX,Netflix,2012-05-29,122,10.15
NFLX,Netflix,2012-06-05,123,9.29
NFLX,Netflix,2012-06-12,124,9.04
NFLX,Netflix,2012-06-19,125,9.56
NFLX,Netflix,2012-06-26,126,9.6
NFLX,Netflix,2012-07-03,127,9.78
NFLX,Netflix,2012-07-11,128,11.44
NFLX,Netflix,2012-07-18,129,11.61
NFLX,Netflix,2012-07-25,130,9.17
NFLX,Netflix,2012-08-01,131,8.2
NFLX,Netflix,2012-08-08,132,8.22
NFLX,Netflix,2012-08-15,133,8.86
NFLX,Netflix,2012-08-22,134,9.3
NFLX,Netflix,2012-08-29,135,9.01
NFLX,Netflix,2012-09-06,136,7.94
NFLX,Netflix,2012-09-13,137,8.12
NFLX,Netflix,2012-09-20,138,8.06
NFLX,Netflix,2012-09-27,139,7.98
NFLX,Netflix,2012-10-04,140,8.95
NFLX,Netflix,2012-10-11,141,9.56
NFLX,Netflix,2012-10-18,142,9.78
NFLX,Netflix,2012-10-25,143,8.58
NFLX,Netflix,2012-11-05,144,10.65
NFLX,Netflix,2012-11-12,145,11.29
NFLX,Netflix,2012-11-19,146,11.72
NFLX,Netflix,2012-11-27,147,11.72
NFLX,Netflix,2012-12-04,148,10.79
NFLX,Netflix,2012-12-11,149,12.19
NFLX,Netflix,2012-12-18,150,13.57
NFLX,Netflix,2012-12-26,151,12.83
NFLX,Netflix,2013-01-03,152,13.14
NFLX,Netflix,2013-01-10,153,13.8
NFLX,Netflix,2013-01-17,154,14.01
NFLX,Netflix,2013-01-25,155,20.81
NFLX,Netflix,2013-02-01,156,24.29
NFLX,Netflix,2013-02-08,157,25.96
NFLX,Netflix,2013-02-15,158,26.94
NFLX,Netflix,2013-02-25,159,25.86
NFLX,Netflix,2013-03-04,160,26.95
NFLX,Netflix,2013-03-11,161,26.29
NFLX,Netflix,2013-03-18,162,25.91
NFLX,Netflix,2013-03-25,163,26.06
NFLX,Netflix,2013-04-02,164,26.27
NFLX,Netflix,2013-04-09,165,23.36
NFLX,Netflix,2013-04-16,166,25
NFLX,Netflix,2013-04-23,167,30.8
NFLX,Netflix,2013-04-30,168,30.66
NFLX,Netflix,2013-05-07,169,29.83
NFLX,Netflix,2013-05-14,170,33.14
NFLX,Netflix,2013-05-21,171,34.29
NFLX,Netflix,2013-05-29,172,30.65
NFLX,Netflix,2013-06-05,173,31.88
NFLX,Netflix,2013-06-12,174,30.83
NFLX,Netflix,2013-06-19,175,32.57
NFLX,Netflix,2013-06-26,176,30.65
NFLX,Netflix,2013-07-03,177,31.73
NFLX,Netflix,2013-07-11,178,35.43
NFLX,Netflix,2013-07-18,179,38.62
NFLX,Netflix,2013-07-25,180,34.37
NFLX,Netflix,2013-08-01,181,35.22
NFLX,Netflix,2013-08-08,182,35.98
NFLX,Netflix,2013-08-15,183,37
NFLX,Netflix,2013-08-22,184,38.93
NFLX,Netflix,2013-08-29,185,40.58
NFLX,Netflix,2013-09-06,186,42.33
NFLX,Netflix,2013-09-13,187,43.14
NFLX,Netflix,2013-09-20,188,43.69
NFLX,Netflix,2013-09-27,189,44.39
NFLX,Netflix,2013-10-04,190,46.24
NFLX,Netflix,2013-10-11,191,43.47
NFLX,Netflix,2013-10-18,192,47.71
NFLX,Netflix,2013-10-25,193,47.29
NFLX,Netflix,2013-11-01,194,46.98
NFLX,Netflix,2013-11-08,195,46.7
NFLX,Netflix,2013-11-15,196,49.23
NFLX,Netflix,2013-11-22,197,49.83
NFLX,Netflix,2013-12-02,198,52.13
NFLX,Netflix,2013-12-09,199,50.74
NFLX,Netflix,2013-12-16,200,52.85
NFLX,Netflix,2013-12-23,201,54.1
NFLX,Netflix,2013-12-31,202,52.21
NFLX,Netflix,2014-01-08,203,48.1
NFLX,Netflix,2014-01-15,204,47.86
NFLX,Netflix,2014-01-23,205,55.34
NFLX,Netflix,2014-01-30,206,58.16
NFLX,Netflix,2014-02-06,207,58.06
NFLX,Netflix,2014-02-13,208,60.81
NFLX,Netflix,2014-02-21,209,62.67
NFLX,Netflix,2014-02-28,210,64.73
NFLX,Netflix,2014-03-07,211,64.87
NFLX,Netflix,2014-03-14,212,61.1
NFLX,Netflix,2014-03-21,213,60.87
NFLX,Netflix,2014-03-28,214,51.46
NFLX,Netflix,2014-04-04,215,50.78
NFLX,Netflix,2014-04-11,216,47.26
NFLX,Netflix,2014-04-21,217,49.9
NFLX,Netflix,2014-04-28,218,45.44
NFLX,Netflix,2014-05-05,219,48.3
NFLX,Netflix,2014-05-12,220,47.27
NFLX,Netflix,2014-05-19,221,49.57
NFLX,Netflix,2014-05-27,222,57.43
NFLX,Netflix,2014-06-03,223,60
NFLX,Netflix,2014-06-10,224,60.79
NFLX,Netflix,2014-06-17,225,62.58
NFLX,Netflix,2014-06-24,226,62.58
NFLX,Netflix,2014-07-01,227,65.18
NFLX,Netflix,2014-07-09,228,63.74
NFLX,Netflix,2014-07-16,229,64.87
NFLX,Netflix,2014-07-23,230,61.49
NFLX,Netflix,2014-07-30,231,60.68
NFLX,Netflix,2014-08-06,232,60.14
NFLX,Netflix,2014-08-13,233,64.09
NFLX,Netflix,2014-08-20,234,66.71
NFLX,Netflix,2014-08-27,235,68.49
NFLX,Netflix,2014-09-04,236,68.44
NFLX,Netflix,2014-09-11,237,68.94
NFLX,Netflix,2014-09-18,238,65.35
NFLX,Netflix,2014-09-25,239,64.27
NFLX,Netflix,2014-10-02,240,62.7
NFLX,Netflix,2014-10-09,241,66.66
NFLX,Netflix,2014-10-16,242,47.53
NFLX,Netflix,2014-10-23,243,54.36
NFLX,Netflix,2014-10-30,244,53.93
NFLX,Netflix,2014-11-06,245,54
NFLX,Netflix,2014-11-13,246,54.92
NFLX,Netflix,2014-11-20,247,51.87
NFLX,Netflix,2014-11-28,248,50.51
NFLX,Netflix,2014-12-05,249,50.15
NFLX,Netflix,2014-12-12,250,47.42
NFLX,Netflix,2014-12-19,251,47.9
NFLX,Netflix,2014-12-29,252,47.97
NFLX,Netflix,2015-01-06,253,47.35
NFLX,Netflix,2015-01-13,254,46.02
NFLX,Netflix,2015-01-21,255,59.23
NFLX,Netflix,2015-01-28,256,64.74
NFLX,Netflix,2015-02-04,257,65.04
NFLX,Netflix,2015-02-11,258,64.83
NFLX,Netflix,2015-02-19,259,67.86
NFLX,Netflix,2015-02-26,260,68.63
NFLX,Netflix,2015-03-05,261,67.43
NFLX,Netflix,2015-03-12,262,63.35
NFLX,Netflix,2015-03-19,263,60.46
NFLX,Netflix,2015-03-26,264,59.63
NFLX,Netflix,2015-04-02,265,59.07
NFLX,Netflix,2015-04-10,266,64.4
NFLX,Netflix,2015-04-17,267,79.78
NFLX,Netflix,2015-04-24,268,80.17
NFLX,Netflix,2015-05-01,269,79.86
NFLX,Netflix,2015-05-08,270,81.04
NFLX,Netflix,2015-05-15,271,86.36
NFLX,Netflix,2015-05-22,272,89.18
NFLX,Netflix,2015-06-01,273,88.84
NFLX,Netflix,2015-06-08,274,90.71
NFLX,Netflix,2015-06-15,275,92.86
NFLX,Netflix,2015-06-22,276,95.04
NFLX,Netflix,2015-06-29,277,91.51
NFLX,Netflix,2015-07-07,278,95.01
NFLX,Netflix,2015-07-14,279,101.27
NFLX,Netflix,2015-07-21,280,110.21
NFLX,Netflix,2015-07-28,281,107.29
NFLX,Netflix,2015-08-04,282,113.15
NFLX,Netflix,2015-08-11,283,120.01
NFLX,Netflix,2015-08-18,284,125.26
NFLX,Netflix,2015-08-25,285,107.75
NFLX,Netflix,2015-09-01,286,109.35
NFLX,Netflix,2015-09-09,287,96.51
NFLX,Netflix,2015-09-16,288,99.7
NFLX,Netflix,2015-09-23,289,98.6
NFLX,Netflix,2015-09-30,290,99.91
NFLX,Netflix,2015-10-07,291,108.84
NFLX,Netflix,2015-10-14,292,111.5
NFLX,Netflix,2015-10-21,293,99.67
NFLX,Netflix,2015-10-28,294,102.9
NFLX,Netflix,2015-11-04,295,110.36
NFLX,Netflix,2015-11-11,296,113.08
NFLX,Netflix,2015-11-18,297,117.94
NFLX,Netflix,2015-11-25,298,124.23
NFLX,Netflix,2015-12-03,299,129.62
NFLX,Netflix,2015-12-10,300,124.5
NFLX,Netflix,2015-12-17,301,123.97
NFLX,Netflix,2015-12-24,302,118.22
NFLX,Netflix,2016-01-04,303,109
NFLX,Netflix,2016-01-11,304,112.13
NFLX,Netflix,2016-01-19,305,106.57
NFLX,Netflix,2016-01-26,306,99.74
NFLX,Netflix,2016-02-02,307,95.54
NFLX,Netflix,2016-02-09,308,81.75
NFLX,Netflix,2016-02-17,309,90.13
NFLX,Netflix,2016-02-24,310,88.5
NFLX,Netflix,2016-03-02,311,98.01
NFLX,Netflix,2016-03-09,312,96.82
NFLX,Netflix,2016-03-16,313,97.53
NFLX,Netflix,2016-03-23,314,99.75
NFLX,Netflix,2016-03-31,315,102.43
NFLX,Netflix,2016-04-07,316,104.31
NFLX,Netflix,2016-04-14,317,110.01
NFLX,Netflix,2016-04-21,318,97.31
NFLX,Netflix,2016-04-28,319,91.5
NFLX,Netflix,2016-05-05,320,90.91
NFLX,Netflix,2016-05-12,321,90.32
NFLX,Netflix,2016-05-19,322,90.16
NFLX,Netflix,2016-05-26,323,103.21
NFLX,Netflix,2016-06-03,324,100.99
NFLX,Netflix,2016-06-10,325,94.88
NFLX,Netflix,2016-06-17,326,95.75
NFLX,Netflix,2016-06-24,327,87.53
NFLX,Netflix,2016-07-01,328,95
NFLX,Netflix,2016-07-11,329,96.19
NFLX,Netflix,2016-07-18,330,98.43
NFLX,Netflix,2016-07-25,331,85.73
NFLX,Netflix,2016-08-01,332,91.23
NFLX,Netflix,2016-08-08,333,95.91
NFLX,Netflix,2016-08-15,334,96.83
NFLX,Netflix,2016-08-22,335,95.67
NFLX,Netflix,2016-08-29,336,96.97
NFLX,Netflix,2016-09-06,337,97.76
NFLX,Netflix,2016-09-13,338,97.17
NFLX,Netflix,2016-09-20,339,98.78
NFLX,Netflix,2016-09-27,340,95.04
NFLX,Netflix,2016-10-04,341,103.19
NFLX,Netflix,2016-10-11,342,102.31
NFLX,Netflix,2016-10-18,343,116.63
NFLX,Netflix,2016-10-25,344,126.52
NFLX,Netflix,2016-11-01,345,124.98
NFLX,Netflix,2016-11-08,346,124.12
NFLX,Netflix,2016-11-15,347,114.55
NFLX,Netflix,2016-11-22,348,118.32
NFLX,Netflix,2016-11-30,349,119
NFLX,Netflix,2016-12-07,350,124.48
NFLX,Netflix,2016-12-14,351,123.43
NFLX,Netflix,2016-12-21,352,125.53
NFLX,Netflix,2016-12-29,353,125.95
NFLX,Netflix,2017-01-06,354,132.08
NFLX,Netflix,2017-01-13,355,131.15
NFLX,Netflix,2017-01-23,356,138.65
NFLX,Netflix,2017-01-30,357,141.77
NFLX,Netflix,2017-02-06,358,140
NFLX,Netflix,2017-02-13,359,145.19
NFLX,Netflix,2017-02-21,360,142.99
NFLX,Netflix,2017-02-28,361,143.3
NFLX,Netflix,2017-03-07,362,141.99
NFLX,Netflix,2017-03-14,363,142.95
NFLX,Netflix,2017-03-21,364,146.75
NFLX,Netflix,2017-03-28,365,144.1
NFLX,Netflix,2017-04-04,366,146.84
NFLX,Netflix,2017-04-11,367,144.28
NFLX,Netflix,2017-04-19,368,143.37
NFLX,Netflix,2017-04-26,369,151.53
NFLX,Netflix,2017-05-03,370,156.29
NFLX,Netflix,2017-05-10,371,157.82
NFLX,Netflix,2017-05-17,372,158.09
NFLX,Netflix,2017-05-24,373,158.35
NFLX,Netflix,2017-06-01,374,163.52
NFLX,Netflix,2017-06-08,375,166.12
NFLX,Netflix,2017-06-15,376,149.44
NFLX,Netflix,2017-06-22,377,155.13
NFLX,Netflix,2017-06-29,378,152.82
NFLX,Netflix,2017-07-07,379,146.65
NFLX,Netflix,2017-07-14,380,159.3
NFLX,Netflix,2017-07-21,381,182.72
NFLX,Netflix,2017-07-28,382,182
NFLX,Netflix,2017-08-04,383,179.6
NFLX,Netflix,2017-08-11,384,169.86
NFLX,Netflix,2017-08-18,385,165.95
NFLX,Netflix,2017-08-25,386,168.58
NFLX,Netflix,2017-09-01,387,175.55
NFLX,Netflix,2017-09-11,388,178.1
NFLX,Netflix,2017-09-18,389,183.61
NFLX,Netflix,2017-09-25,390,186.46
NFLX,Netflix,2017-10-02,391,182.11
NFLX,Netflix,2017-10-09,392,199.1
NFLX,Netflix,2017-10-16,393,201.95
NFLX,Netflix,2017-10-23,394,194.17
NFLX,Netflix,2017-10-30,395,199.62
NFLX,Netflix,2017-11-06,396,200
NFLX,Netflix,2017-11-13,397,191.12
NFLX,Netflix,2017-11-20,398,193.3
NFLX,Netflix,2017-11-28,399,195.34
NFLX,Netflix,2017-12-05,400,183.5
NFLX,Netflix,2017-12-12,401,186.01
NFLX,Netflix,2017-12-19,402,190.18
NFLX,Netflix,2017-12-27,403,187.8
NFLX,Netflix,2018-01-04,404,206.2
NFLX,Netflix,2018-01-11,405,214.29
NFLX,Netflix,2018-01-19,406,222.75
NFLX,Netflix,2018-01-26,407,271.49
NFLX,Netflix,2018-02-02,408,263
NFLX,Netflix,2018-02-09,409,253.85
NFLX,Netflix,2018-02-16,410,278.73
NFLX,Netflix,2018-02-26,411,288.75
NFLX,Netflix,2018-03-05,412,302.85
NFLX,Netflix,2018-03-12,413,333.56
NFLX,Netflix,2018-03-19,414,315.8
NFLX,Netflix,2018-03-26,415,309.36
NFLX,Netflix,2018-04-03,416,285.45
NFLX,Netflix,2018-04-10,417,297.68
NFLX,Netflix,2018-04-17,418,329.66
NFLX,Netflix,2018-04-24,419,319.22
NFLX,Netflix,2018-05-01,420,310.36
NFLX,Netflix,2018-05-08,421,325.9
NFLX,Netflix,2018-05-15,422,325.94
NFLX,Netflix,2018-05-22,423,334.05
NFLX,Netflix,2018-05-30,424,352.37
NFLX,Netflix,2018-06-06,425,367.78
NFLX,Netflix,2018-06-13,426,367.53
NFLX,Netflix,2018-06-20,427,415.15
NFLX,Netflix,2018-06-27,428,407.56
NFLX,Netflix,2018-07-05,429,393.8
NFLX,Netflix,2018-07-12,430,415.16
NFLX,Netflix,2018-07-19,431,371.06
NFLX,Netflix,2018-07-26,432,358.19
NFLX,Netflix,2018-08-02,433,337.23
NFLX,Netflix,2018-08-09,434,347.96
NFLX,Netflix,2018-08-16,435,329.9
NFLX,Netflix,2018-08-23,436,348.11
NFLX,Netflix,2018-08-30,437,365
NFLX,Netflix,2018-09-07,438,342.2
NFLX,Netflix,2018-09-14,439,368.55
NFLX,Netflix,2018-09-21,440,366.59
NFLX,Netflix,2018-09-28,441,379.24
NFLX,Netflix,2018-10-05,442,359.77
NFLX,Netflix,2018-10-12,443,339.57
NFLX,Netflix,2018-10-19,444,351
NFLX,Netflix,2018-10-26,445,300.51
NFLX,Netflix,2018-11-02,446,318
NFLX,Netflix,2018-11-09,447,311.07
NFLX,Netflix,2018-11-16,448,287.14
NFLX,Netflix,2018-11-26,449,260.55
NFLX,Netflix,2018-12-03,450,293.19
NFLX,Netflix,2018-12-11,451,274.08
NFLX,Netflix,2018-12-18,452,263.3
NFLX,Netflix,2018-12-26,453,233.92
NFLX,Netflix,2019-01-03,454,270.2
NFLX,Netflix,2019-01-10,455,314.57
NFLX,Netflix,2019-01-17,456,349.5
NFLX,Netflix,2019-01-25,457,328.72
NFLX,Netflix,2019-02-01,458,337.18
NFLX,Netflix,2019-02-08,459,338
NFLX,Netflix,2019-02-15,460,358.47
NFLX,Netflix,2019-02-25,461,367.01
NFLX,Netflix,2019-03-04,462,359.72
NFLX,Netflix,2019-03-11,463,352
NFLX,Netflix,2019-03-18,464,362.47
NFLX,Netflix,2019-03-25,465,359
NFLX,Netflix,2019-04-01,466,359
NFLX,Netflix,2019-04-08,467,365.11
NFLX,Netflix,2019-04-15,468,350.71
NFLX,Netflix,2019-04-23,469,375.45
NFLX,Netflix,2019-04-30,470,369.56
NFLX,Netflix,2019-05-07,471,377
NFLX,Netflix,2019-05-14,472,348.71
NFLX,Netflix,2019-05-21,473,350.95
NFLX,Netflix,2019-05-29,474,353.6
NFLX,Netflix,2019-06-05,475,354.38
NFLX,Netflix,2019-06-12,476,351.82
NFLX,Netflix,2019-06-19,477,361.72
NFLX,Netflix,2019-06-26,478,361.6
NFLX,Netflix,2019-07-03,479,376.69
NFLX,Netflix,2019-07-11,480,381.1
NFLX,Netflix,2019-07-18,481,323.76
NFLX,Netflix,2019-07-25,482,318.86
NFLX,Netflix,2019-08-01,483,324.25
NFLX,Netflix,2019-08-08,484,311.03
NFLX,Netflix,2019-08-15,485,299.5
NFLX,Netflix,2019-08-22,486,298.65
NFLX,Netflix,2019-08-29,487,295
NFLX,Netflix,2019-09-06,488,293.35
NFLX,Netflix,2019-09-13,489,290.61
NFLX,Netflix,2019-09-20,490,280.26
NFLX,Netflix,2019-09-27,491,266.18
NFLX,Netflix,2019-10-04,492,268.2
NFLX,Netflix,2019-10-11,493,284.8
NFLX,Netflix,2019-10-18,494,289.36
NFLX,Netflix,2019-10-25,495,270.68
NFLX,Netflix,2019-11-01,496,288.7
NFLX,Netflix,2019-11-08,497,288.73
NFLX,Netflix,2019-11-15,498,290.59
NFLX,Netflix,2019-11-22,499,309.1
NFLX,Netflix,2019-12-02,500,314.39
NFLX,Netflix,2019-12-09,501,307.35
NFLX,Netflix,2019-12-16,502,300.85
NFLX,Netflix,2019-12-23,503,337.76
NFLX,Netflix,2019-12-31,504,322
NFLX,Netflix,2020-01-08,505,331.49
NFLX,Netflix,2020-01-15,506,338.68
NFLX,Netflix,2020-01-23,507,326.04
NFLX,Netflix,2020-01-30,508,341.1
NFLX,Netflix,2020-02-06,509,369.6
NFLX,Netflix,2020-02-13,510,376.96
NFLX,Netflix,2020-02-21,511,385.33
NFLX,Netflix,2020-02-28,512,364.21
NFLX,Netflix,2020-03-06,513,367.7
NFLX,Netflix,2020-03-13,514,330.51
NFLX,Netflix,2020-03-20,515,342.31
NFLX,Netflix,2020-03-27,516,359.09
NFLX,Netflix,2020-04-03,517,367.47
NFLX,Netflix,2020-04-13,518,371.31
NFLX,Netflix,2020-04-20,519,435.17
NFLX,Netflix,2020-04-27,520,425
NFLX,Netflix,2020-05-04,521,417.78
NFLX,Netflix,2020-05-11,522,436.33
NFLX,Netflix,2020-05-18,523,451.16
NFLX,Netflix,2020-05-26,524,427.77
NFLX,Netflix,2020-06-02,525,425.87
NFLX,Netflix,2020-06-09,526,421.65
NFLX,Netflix,2020-06-16,527,425.76
NFLX,Netflix,2020-06-23,528,466.5
NFLX,Netflix,2020-06-30,529,450.02
NFLX,Netflix,2020-07-08,530,498.58
NFLX,Netflix,2020-07-15,531,516.3
NFLX,Netflix,2020-07-22,532,492.19
NFLX,Netflix,2020-07-29,533,492.25
NFLX,Netflix,2020-08-05,534,508.68
NFLX,Netflix,2020-08-12,535,471.34
NFLX,Netflix,2020-08-19,536,493.93
NFLX,Netflix,2020-08-26,537,492.5
NFLX,Netflix,2020-09-02,538,553.78
NFLX,Netflix,2020-09-10,539,503.35
NFLX,Netflix,2020-09-17,540,475.16
NFLX,Netflix,2020-09-24,541,470.53
NFLX,Netflix,2020-10-01,542,506.03
NFLX,Netflix,2020-10-08,543,533.48
NFLX,Netflix,2020-10-15,544,545.52
NFLX,Netflix,2020-10-22,545,494.69
NFLX,Netflix,2020-10-29,546,488.5
NFLX,Netflix,2020-11-05,547,506.56
NFLX,Netflix,2020-11-12,548,491
NFLX,Netflix,2020-11-19,549,482
NFLX,Netflix,2020-11-27,550,486.58
NFLX,Netflix,2020-12-04,551,497.5
NFLX,Netflix,2020-12-11,552,495
NFLX,Netflix,2020-12-18,553,533.2
NFLX,Netflix,2020-12-28,554,516.43
NFLX,Netflix,2021-01-05,555,521.55
NFLX,Netflix,2021-01-12,556,500
NFLX,Netflix,2021-01-20,557,565.42
NFLX,Netflix,2021-01-27,558,550.71
NFLX,Netflix,2021-02-03,559,550.17
NFLX,Netflix,2021-02-10,560,562.5
NFLX,Netflix,2021-02-18,561,549
NFLX,Netflix,2021-02-25,562,550.27
NFLX,Netflix,2021-03-04,563,521.5
NFLX,Netflix,2021-03-11,564,512.2
NFLX,Netflix,2021-03-18,565,516.4
NFLX,Netflix,2021-03-25,566,516.99
NFLX,Netflix,2021-04-01,567,529.93
NFLX,Netflix,2021-04-09,568,552.69
NFLX,Netflix,2021-04-16,569,550.54
NFLX,Netflix,2021-04-23,570,509.01
NFLX,Netflix,2021-04-30,571,505
NFLX,Netflix,2021-05-07,572,504.62
NFLX,Netflix,2021-05-14,573,487.86
NFLX,Netflix,2021-05-21,574,503.12
NFLX,Netflix,2021-05-28,575,504.4
NFLX,Netflix,2021-06-07,576,492.92
NFLX,Netflix,2021-06-14,577,489.68
NFLX,Netflix,2021-06-21,578,501.64
NFLX,Netflix,2021-06-28,579,528.12
NFLX,Netflix,2021-07-06,580,533
NFLX,Netflix,2021-07-13,581,535.76
NFLX,Netflix,2021-07-20,582,526.07
NFLX,Netflix,2021-07-27,583,518.08
NFLX,Netflix,2021-08-03,584,514.39
NFLX,Netflix,2021-08-10,585,520
NFLX,Netflix,2021-08-17,586,515.47
NFLX,Netflix,2021-08-24,587,551.48
NFLX,Netflix,2021-08-31,588,566.12
NFLX,Netflix,2021-09-08,589,603.84
NFLX,Netflix,2021-09-15,590,578.17
NFLX,Netflix,2021-09-22,591,579.69
NFLX,Netflix,2021-09-29,592,589.01
NFLX,Netflix,2021-10-06,593,628.18
NFLX,Netflix,2021-10-13,594,632.18
NFLX,Netflix,2021-10-20,595,625.57
NFLX,Netflix,2021-10-27,596,669
NFLX,Netflix,2021-11-03,597,677.27
NFLX,Netflix,2021-11-10,598,653.01
NFLX,Netflix,2021-11-17,599,690
NFLX,Netflix,2021-11-24,600,658.01
NFLX,Netflix,2021-12-02,601,617.1
NFLX,Netflix,2021-12-09,602,627.58
NFLX,Netflix,2021-12-16,603,597.09
NFLX,Netflix,2021-12-23,604,616.4
NFLX,Netflix,2021-12-31,605,610.01
NFLX,Netflix,2022-01-07,606,549.46
NFLX,Netflix,2022-01-14,607,517.6
NFLX,Netflix,2022-01-24,608,383.91
NFLX,Netflix,2022-01-31,609,401.97
NFLX,Netflix,2022-02-07,610,410.17
NFLX,Netflix,2022-02-14,611,387.59
NFLX,Netflix,2022-02-22,612,388.95
NFLX,Netflix,2022-03-01,613,391.6
NFLX,Netflix,2022-03-08,614,349.8
NFLX,Netflix,2022-03-15,615,335.1
NFLX,Netflix,2022-03-22,616,371.14
NFLX,Netflix,2022-03-29,617,384.39
NFLX,Netflix,2022-04-05,618,389.3
NFLX,Netflix,2022-04-12,619,355.91
NFLX,Netflix,2022-04-20,620,245.2
NFLX,Netflix,2022-04-27,621,194.01
NFLX,Netflix,2022-05-04,622,197.65
NFLX,Netflix,2022-05-11,623,176.09
NFLX,Netflix,2022-05-18,624,186.72
NFLX,Netflix,2022-05-25,625,180.28
NFLX,Netflix,2022-06-02,626,192.02
NFLX,Netflix,2022-06-09,627,200.65
NFLX,Netflix,2022-06-16,628,174
NFLX,Netflix,2022-06-24,629,183.5
NFLX,Netflix,2022-07-01,630,176.49
NFLX,Netflix,2022-07-11,631,184.73
NFLX,Netflix,2022-07-18,632,192.5
NFLX,Netflix,2022-07-25,633,221.31
NFLX,Netflix,2022-08-01,634,223.1
NFLX,Netflix,2022-08-08,635,227.49
NFLX,Netflix,2022-08-15,636,248.11
NFLX,Netflix,2022-08-22,637,232.55
NFLX,Netflix,2022-08-29,638,221.93
NFLX,Netflix,2022-09-06,639,225.59
NFLX,Netflix,2022-09-13,640,226.5
NFLX,Netflix,2022-09-20,641,240.37
NFLX,Netflix,2022-09-27,642,228.63
NFLX,Netflix,2022-10-04,643,244.84
NFLX,Netflix,2022-10-11,644,226.05
NFLX,Netflix,2022-10-18,645,249.8
NFLX,Netflix,2022-10-25,646,286.95
NFLX,Netflix,2022-11-01,647,296.17
NFLX,Netflix,2022-11-08,648,259.92
NFLX,Netflix,2022-11-15,649,309.2
NFLX,Netflix,2022-11-22,650,284.99
NFLX,Netflix,2022-11-30,651,281.37
NFLX,Netflix,2022-12-07,652,306.5
NFLX,Netflix,2022-12-14,653,318.97
NFLX,Netflix,2022-12-21,654,289.99
NFLX,Netflix,2022-12-29,655,283.18
NVDA,NVIDIA,2010-01-04,1,4.63
NVDA,NVIDIA,2010-01-11,2,4.66
NVDA,NVIDIA,2010-01-19,3,4.25
NVDA,NVIDIA,2010-01-26,4,4.17
NVDA,NVIDIA,2010-02-02,5,4.13
NVDA,NVIDIA,2010-02-09,6,4.11
NVDA,NVIDIA,2010-02-17,7,4.47
NVDA,NVIDIA,2010-02-24,8,4.09
NVDA,NVIDIA,2010-03-03,9,4.24
NVDA,NVIDIA,2010-03-10,10,4.38
NVDA,NVIDIA,2010-03-17,11,4.47
NVDA,NVIDIA,2010-03-24,12,4.43
NVDA,NVIDIA,2010-03-31,13,4.39
NVDA,NVIDIA,2010-04-08,14,4.26
NVDA,NVIDIA,2010-04-15,15,4.49
NVDA,NVIDIA,2010-04-22,16,4.08
NVDA,NVIDIA,2010-04-29,17,4.05
NVDA,NVIDIA,2010-05-06,18,3.6
NVDA,NVIDIA,2010-05-13,19,3.66
NVDA,NVIDIA,2010-05-20,20,3.1
NVDA,NVIDIA,2010-05-27,21,3.27
NVDA,NVIDIA,2010-06-04,22,3.08
NVDA,NVIDIA,2010-06-11,23,2.81
NVDA,NVIDIA,2010-06-18,24,3.07
NVDA,NVIDIA,2010-06-25,25,2.8
NVDA,NVIDIA,2010-07-02,26,2.61
NVDA,NVIDIA,2010-07-12,27,2.59
NVDA,NVIDIA,2010-07-19,28,2.55
NVDA,NVIDIA,2010-07-26,29,2.58
NVDA,NVIDIA,2010-08-02,30,2.34
NVDA,NVIDIA,2010-08-09,31,2.41
NVDA,NVIDIA,2010-08-16,32,2.32
NVDA,NVIDIA,2010-08-23,33,2.5
NVDA,NVIDIA,2010-08-30,34,2.5
NVDA,NVIDIA,2010-09-07,35,2.47
NVDA,NVIDIA,2010-09-14,36,2.64
NVDA,NVIDIA,2010-09-21,37,2.66
NVDA,NVIDIA,2010-09-28,38,3
NVDA,NVIDIA,2010-10-05,39,2.87
NVDA,NVIDIA,2010-10-12,40,2.68
NVDA,NVIDIA,2010-10-19,41,2.78
NVDA,NVIDIA,2010-10-26,42,2.94
NVDA,NVIDIA,2010-11-02,43,3.02
NVDA,NVIDIA,2010-11-09,44,3.17
NVDA,NVIDIA,2010-11-16,45,3.22
NVDA,NVIDIA,2010-11-23,46,3.4
NVDA,NVIDIA,2010-12-01,47,3.47
NVDA,NVIDIA,2010-12-08,48,3.74
NVDA,NVIDIA,2010-12-15,49,3.66
NVDA,NVIDIA,2010-12-22,50,3.71
NVDA,NVIDIA,2010-12-30,51,3.73
NVDA,NVIDIA,2011-01-06,52,4.36
NVDA,NVIDIA,2011-01-13,53,5.78
NVDA,NVIDIA,2011-01-21,54,5.67
NVDA,NVIDIA,2011-01-28,55,6.13
NVDA,NVIDIA,2011-02-04,56,6.36
NVDA,NVIDIA,2011-02-11,57,5.69
NVDA,NVIDIA,2011-02-18,58,6.39
NVDA,NVIDIA,2011-02-28,59,5.88
NVDA,NVIDIA,2011-03-07,60,5.23
NVDA,NVIDIA,2011-03-14,61,4.55
NVDA,NVIDIA,2011-03-21,62,4.5
NVDA,NVIDIA,2011-03-28,63,4.77
NVDA,NVIDIA,2011-04-04,64,4.55
NVDA,NVIDIA,2011-04-11,65,4.41
NVDA,NVIDIA,2011-04-18,66,4.57
NVDA,NVIDIA,2011-04-26,67,4.74
NVDA,NVIDIA,2011-05-03,68,4.88
NVDA,NVIDIA,2011-05-10,69,4.98
NVDA,NVIDIA,2011-05-17,70,4.41
NVDA,NVIDIA,2011-05-24,71,4.54
NVDA,NVIDIA,2011-06-01,72,4.99
NVDA,NVIDIA,2011-06-08,73,4.49
NVDA,NVIDIA,2011-06-15,74,4.23
NVDA,NVIDIA,2011-06-22,75,3.96
NVDA,NVIDIA,2011-06-29,76,3.9
NVDA,NVIDIA,2011-07-07,77,3.94
NVDA,NVIDIA,2011-07-14,78,3.68
NVDA,NVIDIA,2011-07-21,79,3.52
NVDA,NVIDIA,2011-07-28,80,3.45
NVDA,NVIDIA,2011-08-04,81,3.64
NVDA,NVIDIA,2011-08-11,82,3.09
NVDA,NVIDIA,2011-08-18,83,3.06
NVDA,NVIDIA,2011-08-25,84,3.2
NVDA,NVIDIA,2011-09-01,85,3.37
NVDA,NVIDIA,2011-09-09,86,3.52
NVDA,NVIDIA,2011-09-16,87,3.88
NVDA,NVIDIA,2011-09-23,88,3.36
NVDA,NVIDIA,2011-09-30,89,3.22
NVDA,NVIDIA,2011-10-07,90,3.49
NVDA,NVIDIA,2011-10-14,91,3.93
NVDA,NVIDIA,2011-10-21,92,3.65
NVDA,NVIDIA,2011-10-28,93,3.78
NVDA,NVIDIA,2011-11-04,94,3.63
NVDA,NVIDIA,2011-11-11,95,3.72
NVDA,NVIDIA,2011-11-18,96,3.54
NVDA,NVIDIA,2011-11-28,97,3.63
NVDA,NVIDIA,2011-12-05,98,4
NVDA,NVIDIA,2011-12-12,99,3.65
NVDA,NVIDIA,2011-12-19,100,3.39
NVDA,NVIDIA,2011-12-27,101,3.53
NVDA,NVIDIA,2012-01-04,102,3.51
NVDA,NVIDIA,2012-01-11,103,3.59
NVDA,NVIDIA,2012-01-19,104,3.53
NVDA,NVIDIA,2012-01-26,105,3.77
NVDA,NVIDIA,2012-02-02,106,3.75
NVDA,NVIDIA,2012-02-09,107,4.13
NVDA,NVIDIA,2012-02-16,108,3.77
NVDA,NVIDIA,2012-02-24,109,3.99
NVDA,NVIDIA,2012-03-02,110,3.8
NVDA,NVIDIA,2012-03-09,111,3.73
NVDA,NVIDIA,2012-03-16,112,3.65
NVDA,NVIDIA,2012-03-23,113,3.6
NVDA,NVIDIA,2012-03-30,114,3.84
NVDA,NVIDIA,2012-04-09,115,3.6
NVDA,NVIDIA,2012-04-16,116,3.57
NVDA,NVIDIA,2012-04-23,117,3.29
NVDA,NVIDIA,2012-04-30,118,3.23
NVDA,NVIDIA,2012-05-07,119,3.12
NVDA,NVIDIA,2012-05-14,120,3.28
NVDA,NVIDIA,2012-05-21,121,3.03
NVDA,NVIDIA,2012-05-29,122,3.15
NVDA,NVIDIA,2012-06-05,123,2.92
NVDA,NVIDIA,2012-06-12,124,3.1
NVDA,NVIDIA,2012-06-19,125,3.23
NVDA,NVIDIA,2012-06-26,126,3.17
NVDA,NVIDIA,2012-07-03,127,3.36
NVDA,NVIDIA,2012-07-11,128,3.22
NVDA,NVIDIA,2012-07-18,129,3.09
NVDA,NVIDIA,2012-07-25,130,3.2
NVDA,NVIDIA,2012-08-01,131,3.41
NVDA,NVIDIA,2012-08-08,132,3.54
NVDA,NVIDIA,2012-08-15,133,3.66
NVDA,NVIDIA,2012-08-22,134,3.63
NVDA,NVIDIA,2012-08-29,135,3.57
NVDA,NVIDIA,2012-09-06,136,3.36
NVDA,NVIDIA,2012-09-13,137,3.43
NVDA,NVIDIA,2012-09-20,138,3.42
NVDA,NVIDIA,2012-09-27,139,3.3
NVDA,NVIDIA,2012-10-04,140,3.27
NVDA,NVIDIA,2012-10-11,141,3.2
NVDA,NVIDIA,2012-10-18,142,3.26
NVDA,NVIDIA,2012-10-25,143,3.07
NVDA,NVIDIA,2012-11-05,144,3.12
NVDA,NVIDIA,2012-11-12,145,3.05
NVDA,NVIDIA,2012-11-19,146,2.9
NVDA,NVIDIA,2012-11-27,147,3.02
NVDA,NVIDIA,2012-12-04,148,2.94
NVDA,NVIDIA,2012-12-11,149,3.1
NVDA,NVIDIA,2012-12-18,150,3.14
NVDA,NVIDIA,2012-12-26,151,3.06
NVDA,NVIDIA,2013-01-03,152,3.18
NVDA,NVIDIA,2013-01-10,153,3.08
NVDA,NVIDIA,2013-01-17,154,3.03
NVDA,NVIDIA,2013-01-25,155,3.05
NVDA,NVIDIA,2013-02-01,156,3.09
NVDA,NVIDIA,2013-02-08,157,3.09
NVDA,NVIDIA,2013-02-15,158,3.18
NVDA,NVIDIA,2013-02-25,159,3.14
NVDA,NVIDIA,2013-03-04,160,3.16
NVDA,NVIDIA,2013-03-11,161,3.17
NVDA,NVIDIA,2013-03-18,162,3.14
NVDA,NVIDIA,2013-03-25,163,3.14
NVDA,NVIDIA,2013-04-02,164,3.11
NVDA,NVIDIA,2013-04-09,165,3.11
NVDA,NVIDIA,2013-04-16,166,3.24
NVDA,NVIDIA,2013-04-23,167,3.18
NVDA,NVIDIA,2013-04-30,168,3.4
NVDA,NVIDIA,2013-05-07,169,3.46
NVDA,NVIDIA,2013-05-14,170,3.6
NVDA,NVIDIA,2013-05-21,171,3.71
NVDA,NVIDIA,2013-05-29,172,3.61
NVDA,NVIDIA,2013-06-05,173,3.61
NVDA,NVIDIA,2013-06-12,174,3.56
NVDA,NVIDIA,2013-06-19,175,3.63
NVDA,NVIDIA,2013-06-26,176,3.6
NVDA,NVIDIA,2013-07-03,177,3.49
NVDA,NVIDIA,2013-07-11,178,3.63
NVDA,NVIDIA,2013-07-18,179,3.65
NVDA,NVIDIA,2013-07-25,180,3.55
NVDA,NVIDIA,2013-08-01,181,3.62
NVDA,NVIDIA,2013-08-08,182,3.67
NVDA,NVIDIA,2013-08-15,183,3.72
NVDA,NVIDIA,2013-08-22,184,3.72
NVDA,NVIDIA,2013-08-29,185,3.69
NVDA,NVIDIA,2013-09-06,186,3.74
NVDA,NVIDIA,2013-09-13,187,3.94
NVDA,NVIDIA,2013-09-20,188,3.99
NVDA,NVIDIA,2013-09-27,189,3.89
NVDA,NVIDIA,2013-10-04,190,3.84
NVDA,NVIDIA,2013-10-11,191,3.79
NVDA,NVIDIA,2013-10-18,192,3.9
NVDA,NVIDIA,2013-10-25,193,3.87
NVDA,NVIDIA,2013-11-01,194,3.82
NVDA,NVIDIA,2013-11-08,195,3.75
NVDA,NVIDIA,2013-11-15,196,4.07
NVDA,NVIDIA,2013-11-22,197,3.84
NVDA,NVIDIA,2013-12-02,198,3.89
NVDA,NVIDIA,2013-12-09,199,3.87
NVDA,NVIDIA,2013-12-16,200,3.76
NVDA,NVIDIA,2013-12-23,201,3.95
NVDA,NVIDIA,2013-12-31,202,4
NVDA,NVIDIA,2014-01-08,203,4.05
NVDA,NVIDIA,2014-01-15,204,3.98
NVDA,NVIDIA,2014-01-23,205,4
NVDA,NVIDIA,2014-01-30,206,3.89
NVDA,NVIDIA,2014-02-06,207,3.87
NVDA,NVIDIA,2014-02-13,208,4.31
NVDA,NVIDIA,2014-02-21,209,4.69
NVDA,NVIDIA,2014-02-28,210,4.6
NVDA,NVIDIA,2014-03-07,211,4.62
NVDA,NVIDIA,2014-03-14,212,4.39
NVDA,NVIDIA,2014-03-21,213,4.68
NVDA,NVIDIA,2014-03-28,214,4.44
NVDA,NVIDIA,2014-04-04,215,4.71
NVDA,NVIDIA,2014-04-11,216,4.56
NVDA,NVIDIA,2014-04-21,217,4.64
NVDA,NVIDIA,2014-04-28,218,4.72
NVDA,NVIDIA,2014-05-05,219,4.6
NVDA,NVIDIA,2014-05-12,220,4.52
NVDA,NVIDIA,2014-05-19,221,4.54
NVDA,NVIDIA,2014-05-27,222,4.65
NVDA,NVIDIA,2014-06-03,223,4.75
NVDA,NVIDIA,2014-06-10,224,4.75
NVDA,NVIDIA,2014-06-17,225,4.88
NVDA,NVIDIA,2014-06-24,226,4.67
NVDA,NVIDIA,2014-07-01,227,4.63
NVDA,NVIDIA,2014-07-09,228,4.68
NVDA,NVIDIA,2014-07-16,229,4.86
NVDA,NVIDIA,2014-07-23,230,4.62
NVDA,NVIDIA,2014-07-30,231,4.47
NVDA,NVIDIA,2014-08-06,232,4.39
NVDA,NVIDIA,2014-08-13,233,4.73
NVDA,NVIDIA,2014-08-20,234,4.83
NVDA,NVIDIA,2014-08-27,235,4.83
NVDA,NVIDIA,2014-09-04,236,4.91
NVDA,NVIDIA,2014-09-11,237,4.87
NVDA,NVIDIA,2014-09-18,238,4.82
NVDA,NVIDIA,2014-09-25,239,4.72
NVDA,NVIDIA,2014-10-02,240,4.56
NVDA,NVIDIA,2014-10-09,241,4.55
NVDA,NVIDIA,2014-10-16,242,4.28
NVDA,NVIDIA,2014-10-23,243,4.55
NVDA,NVIDIA,2014-10-30,244,4.69
NVDA,NVIDIA,2014-11-06,245,5.04
NVDA,NVIDIA,2014-11-13,246,4.93
NVDA,NVIDIA,2014-11-20,247,4.97
NVDA,NVIDIA,2014-11-28,248,5.25
NVDA,NVIDIA,2014-12-05,249,5.24
NVDA,NVIDIA,2014-12-12,250,5
NVDA,NVIDIA,2014-12-19,251,5.09
NVDA,NVIDIA,2014-12-29,252,5.13
NVDA,NVIDIA,2015-01-06,253,4.96
NVDA,NVIDIA,2015-01-13,254,4.96
NVDA,NVIDIA,2015-01-21,255,4.98
NVDA,NVIDIA,2015-01-28,256,4.97
NVDA,NVIDIA,2015-02-04,257,5.01
NVDA,NVIDIA,2015-02-11,258,5.25
NVDA,NVIDIA,2015-02-19,259,5.6
NVDA,NVIDIA,2015-02-26,260,5.54
NVDA,NVIDIA,2015-03-05,261,5.61
NVDA,NVIDIA,2015-03-12,262,5.67
NVDA,NVIDIA,2015-03-19,263,5.74
NVDA,NVIDIA,2015-03-26,264,5.15
NVDA,NVIDIA,2015-04-02,265,5.28
NVDA,NVIDIA,2015-04-10,266,5.64
NVDA,NVIDIA,2015-04-17,267,5.51
NVDA,NVIDIA,2015-04-24,268,5.55
NVDA,NVIDIA,2015-05-01,269,5.6
NVDA,NVIDIA,2015-05-08,270,5.25
NVDA,NVIDIA,2015-05-15,271,5.35
NVDA,NVIDIA,2015-05-22,272,5.24
NVDA,NVIDIA,2015-06-01,273,5.57
NVDA,NVIDIA,2015-06-08,274,5.55
NVDA,NVIDIA,2015-06-15,275,5.25
NVDA,NVIDIA,2015-06-22,276,5.48
NVDA,NVIDIA,2015-06-29,277,5.13
NVDA,NVIDIA,2015-07-07,278,5.01
NVDA,NVIDIA,2015-07-14,279,4.98
NVDA,NVIDIA,2015-07-21,280,4.92
NVDA,NVIDIA,2015-07-28,281,4.84
NVDA,NVIDIA,2015-08-04,282,5.06
NVDA,NVIDIA,2015-08-11,283,5.86
NVDA,NVIDIA,2015-08-18,284,5.81
NVDA,NVIDIA,2015-08-25,285,5.41
NVDA,NVIDIA,2015-09-01,286,5.46
NVDA,NVIDIA,2015-09-09,287,5.69
NVDA,NVIDIA,2015-09-16,288,5.73
NVDA,NVIDIA,2015-09-23,289,5.73
NVDA,NVIDIA,2015-09-30,290,5.98
NVDA,NVIDIA,2015-10-07,291,6.45
NVDA,NVIDIA,2015-10-14,292,6.61
NVDA,NVIDIA,2015-10-21,293,6.99
NVDA,NVIDIA,2015-10-28,294,7.16
NVDA,NVIDIA,2015-11-04,295,7.11
NVDA,NVIDIA,2015-11-11,296,7.71
NVDA,NVIDIA,2015-11-18,297,7.6
NVDA,NVIDIA,2015-11-25,298,7.78
NVDA,NVIDIA,2015-12-03,299,8.19
NVDA,NVIDIA,2015-12-10,300,8.2
NVDA,NVIDIA,2015-12-17,301,8.31
NVDA,NVIDIA,2015-12-24,302,8.24
NVDA,NVIDIA,2016-01-04,303,8.07
NVDA,NVIDIA,2016-01-11,304,7.42
NVDA,NVIDIA,2016-01-19,305,6.92
NVDA,NVIDIA,2016-01-26,306,7.12
NVDA,NVIDIA,2016-02-02,307,7.25
NVDA,NVIDIA,2016-02-09,308,6.23
NVDA,NVIDIA,2016-02-17,309,6.83
NVDA,NVIDIA,2016-02-24,310,7.87
NVDA,NVIDIA,2016-03-02,311,8.14
NVDA,NVIDIA,2016-03-09,312,8.01
NVDA,NVIDIA,2016-03-16,313,7.98
NVDA,NVIDIA,2016-03-23,314,8.5
NVDA,NVIDIA,2016-03-31,315,8.98
NVDA,NVIDIA,2016-04-07,316,8.89
NVDA,NVIDIA,2016-04-14,317,9.16
NVDA,NVIDIA,2016-04-21,318,9.12
NVDA,NVIDIA,2016-04-28,319,9.27
NVDA,NVIDIA,2016-05-05,320,8.76
NVDA,NVIDIA,2016-05-12,321,9.08
NVDA,NVIDIA,2016-05-19,322,10.8
NVDA,NVIDIA,2016-05-26,323,11.31
NVDA,NVIDIA,2016-06-03,324,11.67
NVDA,NVIDIA,2016-06-10,325,11.71
NVDA,NVIDIA,2016-06-17,326,11.9
NVDA,NVIDIA,2016-06-24,327,11.63
NVDA,NVIDIA,2016-07-01,328,11.69
NVDA,NVIDIA,2016-07-11,329,12.9
NVDA,NVIDIA,2016-07-18,330,13.34
NVDA,NVIDIA,2016-07-25,331,13.75
NVDA,NVIDIA,2016-08-01,332,14.34
NVDA,NVIDIA,2016-08-08,333,14.75
NVDA,NVIDIA,2016-08-15,334,15.78
NVDA,NVIDIA,2016-08-22,335,15.61
NVDA,NVIDIA,2016-08-29,336,15.57
NVDA,NVIDIA,2016-09-06,337,15.69
NVDA,NVIDIA,2016-09-13,338,15.15
NVDA,NVIDIA,2016-09-20,339,16.1
NVDA,NVIDIA,2016-09-27,340,16.02
NVDA,NVIDIA,2016-10-04,341,17.14
NVDA,NVIDIA,2016-10-11,342,16.72
NVDA,NVIDIA,2016-10-18,343,16.63
NVDA,NVIDIA,2016-10-25,344,17.65
NVDA,NVIDIA,2016-11-01,345,17.86
NVDA,NVIDIA,2016-11-08,346,17.89
NVDA,NVIDIA,2016-11-15,347,21.07
NVDA,NVIDIA,2016-11-22,348,23.33
NVDA,NVIDIA,2016-11-30,349,23.4
NVDA,NVIDIA,2016-12-07,350,23.21
NVDA,NVIDIA,2016-12-14,351,23.14
NVDA,NVIDIA,2016-12-21,352,26.41
NVDA,NVIDIA,2016-12-29,353,26.23
NVDA,NVIDIA,2017-01-06,354,25.71
NVDA,NVIDIA,2017-01-13,355,25.9
NVDA,NVIDIA,2017-01-23,356,25.95
NVDA,NVIDIA,2017-01-30,357,27.73
NVDA,NVIDIA,2017-02-06,358,28.5
NVDA,NVIDIA,2017-02-13,359,28.35
NVDA,NVIDIA,2017-02-21,360,27.06
NVDA,NVIDIA,2017-02-28,361,26.2
NVDA,NVIDIA,2017-03-07,362,24.42
NVDA,NVIDIA,2017-03-14,363,25.59
NVDA,NVIDIA,2017-03-21,364,27.19
NVDA,NVIDIA,2017-03-28,365,27.08
NVDA,NVIDIA,2017-04-04,366,25.85
NVDA,NVIDIA,2017-04-11,367,24.14
NVDA,NVIDIA,2017-04-19,368,25
NVDA,NVIDIA,2017-04-26,369,26.32
NVDA,NVIDIA,2017-05-03,370,25.8
NVDA,NVIDIA,2017-05-10,371,28.57
NVDA,NVIDIA,2017-05-17,372,33.53
NVDA,NVIDIA,2017-05-24,373,35.24
NVDA,NVIDIA,2017-06-01,374,36.25
NVDA,NVIDIA,2017-06-08,375,38.37
NVDA,NVIDIA,2017-06-15,376,36.74
NVDA,NVIDIA,2017-06-22,377,39.95
NVDA,NVIDIA,2017-06-29,378,37.65
NVDA,NVIDIA,2017-07-07,379,36.45
NVDA,NVIDIA,2017-07-14,380,40.32
NVDA,NVIDIA,2017-07-21,381,41.67
NVDA,NVIDIA,2017-07-28,382,40.07
NVDA,NVIDIA,2017-08-04,383,41.85
NVDA,NVIDIA,2017-08-11,384,39.28
NVDA,NVIDIA,2017-08-18,385,40.92
NVDA,NVIDIA,2017-08-25,386,41.54
NVDA,NVIDIA,2017-09-01,387,42.49
NVDA,NVIDIA,2017-09-11,388,41.38
NVDA,NVIDIA,2017-09-18,389,46.29
NVDA,NVIDIA,2017-09-25,390,44.44
NVDA,NVIDIA,2017-10-02,391,45.2
NVDA,NVIDIA,2017-10-09,392,45.7
NVDA,NVIDIA,2017-10-16,393,48.95
NVDA,NVIDIA,2017-10-23,394,49.45
NVDA,NVIDIA,2017-10-30,395,50.47
NVDA,NVIDIA,2017-11-06,396,51.8
NVDA,NVIDIA,2017-11-13,397,54.04
NVDA,NVIDIA,2017-11-20,398,53
NVDA,NVIDIA,2017-11-28,399,53.59
NVDA,NVIDIA,2017-12-05,400,45.6
NVDA,NVIDIA,2017-12-12,401,48.22
NVDA,NVIDIA,2017-12-19,402,49.38
NVDA,NVIDIA,2017-12-27,403,49.22
NVDA,NVIDIA,2018-01-04,404,53.94
NVDA,NVIDIA,2018-01-11,405,56.25
NVDA,NVIDIA,2018-01-19,406,57.02
NVDA,NVIDIA,2018-01-26,407,59.53
NVDA,NVIDIA,2018-02-02,408,59.25
NVDA,NVIDIA,2018-02-09,409,59.56
NVDA,NVIDIA,2018-02-16,410,61.35
NVDA,NVIDIA,2018-02-26,411,61.95
NVDA,NVIDIA,2018-03-05,412,58.63
NVDA,NVIDIA,2018-03-12,413,61.75
NVDA,NVIDIA,2018-03-19,414,62.04
NVDA,NVIDIA,2018-03-26,415,59.5
NVDA,NVIDIA,2018-04-03,416,56.95
NVDA,NVIDIA,2018-04-10,417,56.18
NVDA,NVIDIA,2018-04-17,418,58.4
NVDA,NVIDIA,2018-04-24,419,56.23
NVDA,NVIDIA,2018-05-01,420,56.14
NVDA,NVIDIA,2018-05-08,421,62.17
NVDA,NVIDIA,2018-05-15,422,63.2
NVDA,NVIDIA,2018-05-22,423,61.2
NVDA,NVIDIA,2018-05-30,424,62.49
NVDA,NVIDIA,2018-06-06,425,65.36
NVDA,NVIDIA,2018-06-13,426,65.66
NVDA,NVIDIA,2018-06-20,427,65.46
NVDA,NVIDIA,2018-06-27,428,60.94
NVDA,NVIDIA,2018-07-05,429,59.77
NVDA,NVIDIA,2018-07-12,430,62.34
NVDA,NVIDIA,2018-07-19,431,62.74
NVDA,NVIDIA,2018-07-26,432,62.76
NVDA,NVIDIA,2018-08-02,433,60.9
NVDA,NVIDIA,2018-08-09,434,64.79
NVDA,NVIDIA,2018-08-16,435,65.47
NVDA,NVIDIA,2018-08-23,436,65.32
NVDA,NVIDIA,2018-08-30,437,69.31
NVDA,NVIDIA,2018-09-07,438,67.25
NVDA,NVIDIA,2018-09-14,439,68.75
NVDA,NVIDIA,2018-09-21,440,66.69
NVDA,NVIDIA,2018-09-28,441,68.18
NVDA,NVIDIA,2018-10-05,442,69.57
NVDA,NVIDIA,2018-10-12,443,61.38
NVDA,NVIDIA,2018-10-19,444,60.44
NVDA,NVIDIA,2018-10-26,445,49.58
NVDA,NVIDIA,2018-11-02,446,54.43
NVDA,NVIDIA,2018-11-09,447,50.6
NVDA,NVIDIA,2018-11-16,448,40.83
NVDA,NVIDIA,2018-11-26,449,37.47
NVDA,NVIDIA,2018-12-03,450,43.15
NVDA,NVIDIA,2018-12-11,451,38.89
NVDA,NVIDIA,2018-12-18,452,36.34
NVDA,NVIDIA,2018-12-26,453,32.24
NVDA,NVIDIA,2019-01-03,454,33.45
NVDA,NVIDIA,2019-01-10,455,35.45
NVDA,NVIDIA,2019-01-17,456,36.88
NVDA,NVIDIA,2019-01-25,457,38.86
NVDA,NVIDIA,2019-02-01,458,36.13
NVDA,NVIDIA,2019-02-08,459,36.18
NVDA,NVIDIA,2019-02-15,460,40.74
NVDA,NVIDIA,2019-02-25,461,40.64
NVDA,NVIDIA,2019-03-04,462,39.5
NVDA,NVIDIA,2019-03-11,463,37.9
NVDA,NVIDIA,2019-03-18,464,42.77
NVDA,NVIDIA,2019-03-25,465,43.97
NVDA,NVIDIA,2019-04-01,466,45.81
NVDA,NVIDIA,2019-04-08,467,47.43
NVDA,NVIDIA,2019-04-15,468,47.42
NVDA,NVIDIA,2019-04-23,469,47.25
NVDA,NVIDIA,2019-04-30,470,44.51
NVDA,NVIDIA,2019-05-07,471,44.47
NVDA,NVIDIA,2019-05-14,472,40.01
NVDA,NVIDIA,2019-05-21,473,38.55
NVDA,NVIDIA,2019-05-29,474,35.35
NVDA,NVIDIA,2019-06-05,475,36.49
NVDA,NVIDIA,2019-06-12,476,37.25
NVDA,NVIDIA,2019-06-19,477,38.58
NVDA,NVIDIA,2019-06-26,478,39.15
NVDA,NVIDIA,2019-07-03,479,40.79
NVDA,NVIDIA,2019-07-11,480,40.75
NVDA,NVIDIA,2019-07-18,481,42.53
NVDA,NVIDIA,2019-07-25,482,44.25
NVDA,NVIDIA,2019-08-01,483,42.29
NVDA,NVIDIA,2019-08-08,484,39.05
NVDA,NVIDIA,2019-08-15,485,37.71
NVDA,NVIDIA,2019-08-22,486,42.9
NVDA,NVIDIA,2019-08-29,487,41.22
NVDA,NVIDIA,2019-09-06,488,44.7
NVDA,NVIDIA,2019-09-13,489,45.4
NVDA,NVIDIA,2019-09-20,490,44.22
NVDA,NVIDIA,2019-09-27,491,43.92
NVDA,NVIDIA,2019-10-04,492,45.35
NVDA,NVIDIA,2019-10-11,493,46.6
NVDA,NVIDIA,2019-10-18,494,48.58
NVDA,NVIDIA,2019-10-25,495,50.03
NVDA,NVIDIA,2019-11-01,496,49.9
NVDA,NVIDIA,2019-11-08,497,51.92
NVDA,NVIDIA,2019-11-15,498,52.42
NVDA,NVIDIA,2019-11-22,499,52.77
NVDA,NVIDIA,2019-12-02,500,54.12
NVDA,NVIDIA,2019-12-09,501,52.81
NVDA,NVIDIA,2019-12-16,502,56.47
NVDA,NVIDIA,2019-12-23,503,60.13
NVDA,NVIDIA,2019-12-31,504,57.72
NVDA,NVIDIA,2020-01-08,505,59.94
NVDA,NVIDIA,2020-01-15,506,61.95
NVDA,NVIDIA,2020-01-23,507,62.93
NVDA,NVIDIA,2020-01-30,508,60.4
NVDA,NVIDIA,2020-02-06,509,63.04
NVDA,NVIDIA,2020-02-13,510,67.55
NVDA,NVIDIA,2020-02-21,511,76.05
NVDA,NVIDIA,2020-02-28,512,60.62
NVDA,NVIDIA,2020-03-06,513,66.52
NVDA,NVIDIA,2020-03-13,514,57.63
NVDA,NVIDIA,2020-03-20,515,54.75
NVDA,NVIDIA,2020-03-27,516,62.5
NVDA,NVIDIA,2020-04-03,517,63.49
NVDA,NVIDIA,2020-04-13,518,65.14
NVDA,NVIDIA,2020-04-20,519,71.81
NVDA,NVIDIA,2020-04-27,520,73.75
NVDA,NVIDIA,2020-05-04,521,70.22
NVDA,NVIDIA,2020-05-11,522,78.07
NVDA,NVIDIA,2020-05-18,523,87.61
NVDA,NVIDIA,2020-05-26,524,91.57
NVDA,NVIDIA,2020-06-02,525,87.96
NVDA,NVIDIA,2020-06-09,526,88
NVDA,NVIDIA,2020-06-16,527,92.25
NVDA,NVIDIA,2020-06-23,528,95.51
NVDA,NVIDIA,2020-06-30,529,93.14
NVDA,NVIDIA,2020-07-08,530,99.94
NVDA,NVIDIA,2020-07-15,531,104.14
NVDA,NVIDIA,2020-07-22,532,103.68
NVDA,NVIDIA,2020-07-29,533,103.91
NVDA,NVIDIA,2020-08-05,534,112.44
NVDA,NVIDIA,2020-08-12,535,109.91
NVDA,NVIDIA,2020-08-19,536,122.96
NVDA,NVIDIA,2020-08-26,537,127.99
NVDA,NVIDIA,2020-09-02,538,147.04
NVDA,NVIDIA,2020-09-10,539,129.89
NVDA,NVIDIA,2020-09-17,540,121.32
NVDA,NVIDIA,2020-09-24,541,120.72
NVDA,NVIDIA,2020-10-01,542,137.58
NVDA,NVIDIA,2020-10-08,543,140.75
NVDA,NVIDIA,2020-10-15,544,138.11
NVDA,NVIDIA,2020-10-22,545,135.23
NVDA,NVIDIA,2020-10-29,546,128.38
NVDA,NVIDIA,2020-11-05,547,141.63
NVDA,NVIDIA,2020-11-12,548,134.79
NVDA,NVIDIA,2020-11-19,549,132.13
NVDA,NVIDIA,2020-11-27,550,133.75
NVDA,NVIDIA,2020-12-04,551,134.49
NVDA,NVIDIA,2020-12-11,552,129.67
NVDA,NVIDIA,2020-12-18,553,133.79
NVDA,NVIDIA,2020-12-28,554,130.63
NVDA,NVIDIA,2021-01-05,555,131
NVDA,NVIDIA,2021-01-12,556,137.52
NVDA,NVIDIA,2021-01-20,557,131.12
NVDA,NVIDIA,2021-01-27,558,132.3
NVDA,NVIDIA,2021-02-03,559,136.36
NVDA,NVIDIA,2021-02-10,560,144.63
NVDA,NVIDIA,2021-02-18,561,147.29
NVDA,NVIDIA,2021-02-25,562,140.46
NVDA,NVIDIA,2021-03-04,563,128.01
NVDA,NVIDIA,2021-03-11,564,129.5
NVDA,NVIDIA,2021-03-18,565,131.37
NVDA,NVIDIA,2021-03-25,566,125
NVDA,NVIDIA,2021-04-01,567,135.72
NVDA,NVIDIA,2021-04-09,568,142.14
NVDA,NVIDIA,2021-04-16,569,160.53
NVDA,NVIDIA,2021-04-23,570,149.34
NVDA,NVIDIA,2021-04-30,571,151.74
NVDA,NVIDIA,2021-05-07,572,148.08
NVDA,NVIDIA,2021-05-14,573,138.9
NVDA,NVIDIA,2021-05-21,574,151.64
NVDA,NVIDIA,2021-05-28,575,155.01
NVDA,NVIDIA,2021-06-07,576,175.71
NVDA,NVIDIA,2021-06-14,577,179.06
NVDA,NVIDIA,2021-06-21,578,184.35
NVDA,NVIDIA,2021-06-28,579,193.61
NVDA,NVIDIA,2021-07-06,580,207.38
NVDA,NVIDIA,2021-07-13,581,204.01
NVDA,NVIDIA,2021-07-20,582,187.3
NVDA,NVIDIA,2021-07-27,583,192.65
NVDA,NVIDIA,2021-08-03,584,197.4
NVDA,NVIDIA,2021-08-10,585,203.22
NVDA,NVIDIA,2021-08-17,586,196.85
NVDA,NVIDIA,2021-08-24,587,217.53
NVDA,NVIDIA,2021-08-31,588,226.95
NVDA,NVIDIA,2021-09-08,589,225.13
NVDA,NVIDIA,2021-09-15,590,223.09
NVDA,NVIDIA,2021-09-22,591,213.66
NVDA,NVIDIA,2021-09-29,592,209.4
NVDA,NVIDIA,2021-10-06,593,201.2
NVDA,NVIDIA,2021-10-13,594,209.18
NVDA,NVIDIA,2021-10-20,595,223.05
NVDA,NVIDIA,2021-10-27,596,244.74
NVDA,NVIDIA,2021-11-03,597,266.7
NVDA,NVIDIA,2021-11-10,598,293.56
NVDA,NVIDIA,2021-11-17,599,304.18
NVDA,NVIDIA,2021-11-24,600,314.61
NVDA,NVIDIA,2021-12-02,601,312.14
NVDA,NVIDIA,2021-12-09,602,317.34
NVDA,NVIDIA,2021-12-16,603,311.52
NVDA,NVIDIA,2021-12-23,604,297.55
NVDA,NVIDIA,2021-12-31,605,296.74
NVDA,NVIDIA,2022-01-07,606,281.41
NVDA,NVIDIA,2022-01-14,607,263
NVDA,NVIDIA,2022-01-24,608,223.3
NVDA,NVIDIA,2022-01-31,609,231.82
NVDA,NVIDIA,2022-02-07,610,243.72
NVDA,NVIDIA,2022-02-14,611,239.34
NVDA,NVIDIA,2022-02-22,612,230.35
NVDA,NVIDIA,2022-03-01,613,242.91
NVDA,NVIDIA,2022-03-08,614,213.09
NVDA,NVIDIA,2022-03-15,615,215.18
NVDA,NVIDIA,2022-03-22,616,267.27
NVDA,NVIDIA,2022-03-29,617,286.95
NVDA,NVIDIA,2022-04-05,618,272.54
NVDA,NVIDIA,2022-04-12,619,225.37
NVDA,NVIDIA,2022-04-20,620,225.17
NVDA,NVIDIA,2022-04-27,621,185.98
NVDA,NVIDIA,2022-05-04,622,199.23
NVDA,NVIDIA,2022-05-11,623,173.47
NVDA,NVIDIA,2022-05-18,624,177.05
NVDA,NVIDIA,2022-05-25,625,160.2
NVDA,NVIDIA,2022-06-02,626,182.92
NVDA,NVIDIA,2022-06-09,627,184.81
NVDA,NVIDIA,2022-06-16,628,158.6
NVDA,NVIDIA,2022-06-24,629,165
NVDA,NVIDIA,2022-07-01,630,148.99
NVDA,NVIDIA,2022-07-11,631,155.26
NVDA,NVIDIA,2022-07-18,632,163.02
NVDA,NVIDIA,2022-07-25,633,170.19
NVDA,NVIDIA,2022-08-01,634,181.82
NVDA,NVIDIA,2022-08-08,635,175.02
NVDA,NVIDIA,2022-08-15,636,187.01
NVDA,NVIDIA,2022-08-22,637,174.9
NVDA,NVIDIA,2022-08-29,638,160.2
NVDA,NVIDIA,2022-09-06,639,137.31
NVDA,NVIDIA,2022-09-13,640,138.02
NVDA,NVIDIA,2022-09-20,641,132.15
NVDA,NVIDIA,2022-09-27,642,125.07
NVDA,NVIDIA,2022-10-04,643,128.79
NVDA,NVIDIA,2022-10-11,644,115.61
NVDA,NVIDIA,2022-10-18,645,123.44
NVDA,NVIDIA,2022-10-25,646,126.94
NVDA,NVIDIA,2022-11-01,647,138.11
NVDA,NVIDIA,2022-11-08,648,148.01
NVDA,NVIDIA,2022-11-15,649,167.22
NVDA,NVIDIA,2022-11-22,650,153.28
NVDA,NVIDIA,2022-11-30,651,156.97
NVDA,NVIDIA,2022-12-07,652,157.72
NVDA,NVIDIA,2022-12-14,653,179.87
NVDA,NVIDIA,2022-12-21,654,161.14
NVDA,NVIDIA,2022-12-29,655,144.02
ORCL,Oracle,2010-01-04,1,24.66
ORCL,Oracle,2010-01-11,2,24.69
ORCL,Oracle,2010-01-19,3,25.32
ORCL,Oracle,2010-01-26,4,23.93
ORCL,Oracle,2010-02-02,5,23.33
ORCL,Oracle,2010-02-09,6,23.47
ORCL,Oracle,2010-02-17,7,23.95
ORCL,Oracle,2010-02-24,8,24.63
ORCL,Oracle,2010-03-03,9,24.51
ORCL,Oracle,2010-03-10,10,24.79
ORCL,Oracle,2010-03-17,11,25.23
ORCL,Oracle,2010-03-24,12,25.98
ORCL,Oracle,2010-03-31,13,25.33
ORCL,Oracle,2010-04-08,14,25.88
ORCL,Oracle,2010-04-15,15,26.29
ORCL,Oracle,2010-04-22,16,26.14
ORCL,Oracle,2010-04-29,17,25.99
ORCL,Oracle,2010-05-06,18,24.86
ORCL,Oracle,2010-05-13,19,24.42
ORCL,Oracle,2010-05-20,20,22.95
ORCL,Oracle,2010-05-27,21,22.35
ORCL,Oracle,2010-06-04,22,22.54
ORCL,Oracle,2010-06-11,23,22.03
ORCL,Oracle,2010-06-18,24,23.26
ORCL,Oracle,2010-06-25,25,23.14
ORCL,Oracle,2010-07-02,26,21.71
ORCL,Oracle,2010-07-12,27,23.21
ORCL,Oracle,2010-07-19,28,23.48
ORCL,Oracle,2010-07-26,29,24.45
ORCL,Oracle,2010-08-02,30,23.87
ORCL,Oracle,2010-08-09,31,24.4
ORCL,Oracle,2010-08-16,32,22.51
ORCL,Oracle,2010-08-23,33,23.06
ORCL,Oracle,2010-08-30,34,22.34
ORCL,Oracle,2010-09-07,35,24.56
ORCL,Oracle,2010-09-14,36,25.04
ORCL,Oracle,2010-09-21,37,27.33
ORCL,Oracle,2010-09-28,38,27.06
ORCL,Oracle,2010-10-05,39,27.21
ORCL,Oracle,2010-10-12,40,27.75
ORCL,Oracle,2010-10-19,41,28.94
ORCL,Oracle,2010-10-26,42,28.71
ORCL,Oracle,2010-11-02,43,29.49
ORCL,Oracle,2010-11-09,44,29.06
ORCL,Oracle,2010-11-16,45,28.01
ORCL,Oracle,2010-11-23,46,27.75
ORCL,Oracle,2010-12-01,47,27.54
ORCL,Oracle,2010-12-08,48,29.26
ORCL,Oracle,2010-12-15,49,30.59
ORCL,Oracle,2010-12-22,50,31.68
ORCL,Oracle,2010-12-30,51,31.45
ORCL,Oracle,2011-01-06,52,31.19
ORCL,Oracle,2011-01-13,53,30.97
ORCL,Oracle,2011-01-21,54,32.47
ORCL,Oracle,2011-01-28,55,33.2
ORCL,Oracle,2011-02-04,56,32.92
ORCL,Oracle,2011-02-11,57,33.07
ORCL,Oracle,2011-02-18,58,33.02
ORCL,Oracle,2011-02-28,59,33.06
ORCL,Oracle,2011-03-07,60,32.97
ORCL,Oracle,2011-03-14,61,31.52
ORCL,Oracle,2011-03-21,62,31.45
ORCL,Oracle,2011-03-28,63,32.83
ORCL,Oracle,2011-04-04,64,34.09
ORCL,Oracle,2011-04-11,65,33.54
ORCL,Oracle,2011-04-18,66,33.67
ORCL,Oracle,2011-04-26,67,34.81
ORCL,Oracle,2011-05-03,68,36.45
ORCL,Oracle,2011-05-10,69,35.49
ORCL,Oracle,2011-05-17,70,34.03
ORCL,Oracle,2011-05-24,71,33.27
ORCL,Oracle,2011-06-01,72,34.23
ORCL,Oracle,2011-06-08,73,31.75
ORCL,Oracle,2011-06-15,74,31.73
ORCL,Oracle,2011-06-22,75,32.58
ORCL,Oracle,2011-06-29,76,32.4
ORCL,Oracle,2011-07-07,77,33.47
ORCL,Oracle,2011-07-14,78,32.8
ORCL,Oracle,2011-07-21,79,32.19
ORCL,Oracle,2011-07-28,80,30.7
ORCL,Oracle,2011-08-04,81,29.84
ORCL,Oracle,2011-08-11,82,26.5
ORCL,Oracle,2011-08-18,83,26.46
ORCL,Oracle,2011-08-25,84,26.85
ORCL,Oracle,2011-09-01,85,28.03
ORCL,Oracle,2011-09-09,86,26.42
ORCL,Oracle,2011-09-16,87,29.04
ORCL,Oracle,2011-09-23,88,28.1
ORCL,Oracle,2011-09-30,89,29.26
ORCL,Oracle,2011-10-07,90,30.05
ORCL,Oracle,2011-10-14,91,31.56
ORCL,Oracle,2011-10-21,92,31.94
ORCL,Oracle,2011-10-28,93,33.5
ORCL,Oracle,2011-11-04,94,32.82
ORCL,Oracle,2011-11-11,95,32.02
ORCL,Oracle,2011-11-18,96,30.73
ORCL,Oracle,2011-11-28,97,29.45
ORCL,Oracle,2011-12-05,98,31.81
ORCL,Oracle,2011-12-12,99,31.4
ORCL,Oracle,2011-12-19,100,29.41
ORCL,Oracle,2011-12-27,101,26.06
ORCL,Oracle,2012-01-04,102,25.95
ORCL,Oracle,2012-01-11,103,26.99
ORCL,Oracle,2012-01-19,104,28.48
ORCL,Oracle,2012-01-26,105,28.56
ORCL,Oracle,2012-02-02,106,28.87
ORCL,Oracle,2012-02-09,107,28.85
ORCL,Oracle,2012-02-16,108,28.16
ORCL,Oracle,2012-02-24,109,29.06
ORCL,Oracle,2012-03-02,110,29.85
ORCL,Oracle,2012-03-09,111,30.05
ORCL,Oracle,2012-03-16,112,30.11
ORCL,Oracle,2012-03-23,113,28.69
ORCL,Oracle,2012-03-30,114,29.46
ORCL,Oracle,2012-04-09,115,29.1
ORCL,Oracle,2012-04-16,116,28.58
ORCL,Oracle,2012-04-23,117,28.6
ORCL,Oracle,2012-04-30,118,29.23
ORCL,Oracle,2012-05-07,119,28.34
ORCL,Oracle,2012-05-14,120,26.73
ORCL,Oracle,2012-05-21,121,25.54
ORCL,Oracle,2012-05-29,122,26.41
ORCL,Oracle,2012-06-05,123,26.07
ORCL,Oracle,2012-06-12,124,27
ORCL,Oracle,2012-06-19,125,28.39
ORCL,Oracle,2012-06-26,126,27.63
ORCL,Oracle,2012-07-03,127,29.63
ORCL,Oracle,2012-07-11,128,28.98
ORCL,Oracle,2012-07-18,129,29.84
ORCL,Oracle,2012-07-25,130,29.3
ORCL,Oracle,2012-08-01,131,30.34
ORCL,Oracle,2012-08-08,132,31.34
ORCL,Oracle,2012-08-15,133,31.33
ORCL,Oracle,2012-08-22,134,31.74
ORCL,Oracle,2012-08-29,135,31.65
ORCL,Oracle,2012-09-06,136,32.18
ORCL,Oracle,2012-09-13,137,32.32
ORCL,Oracle,2012-09-20,138,32.6
ORCL,Oracle,2012-09-27,139,30.76
ORCL,Oracle,2012-10-04,140,31.85
ORCL,Oracle,2012-10-11,141,30.73
ORCL,Oracle,2012-10-18,142,31.14
ORCL,Oracle,2012-10-25,143,30.87
ORCL,Oracle,2012-11-05,144,30.95
ORCL,Oracle,2012-11-12,145,30.41
ORCL,Oracle,2012-11-19,146,30.25
ORCL,Oracle,2012-11-27,147,31.2
ORCL,Oracle,2012-12-04,148,32.22
ORCL,Oracle,2012-12-11,149,32.18
ORCL,Oracle,2012-12-18,150,32.49
ORCL,Oracle,2012-12-26,151,33.67
ORCL,Oracle,2013-01-03,152,34.63
ORCL,Oracle,2013-01-10,153,34.56
ORCL,Oracle,2013-01-17,154,34.76
ORCL,Oracle,2013-01-25,155,35
ORCL,Oracle,2013-02-01,156,35.87
ORCL,Oracle,2013-02-08,157,34.76
ORCL,Oracle,2013-02-15,158,34.8
ORCL,Oracle,2013-02-25,159,35.07
ORCL,Oracle,2013-03-04,160,34.53
ORCL,Oracle,2013-03-11,161,35.7
ORCL,Oracle,2013-03-18,162,36.1
ORCL,Oracle,2013-03-25,163,32.05
ORCL,Oracle,2013-04-02,164,32.65
ORCL,Oracle,2013-04-09,165,32.5
ORCL,Oracle,2013-04-16,166,32.95
ORCL,Oracle,2013-04-23,167,32.72
ORCL,Oracle,2013-04-30,168,32.22
ORCL,Oracle,2013-05-07,169,33.53
ORCL,Oracle,2013-05-14,170,33.65
ORCL,Oracle,2013-05-21,171,34.9
ORCL,Oracle,2013-05-29,172,34.4
ORCL,Oracle,2013-06-05,173,34.1
ORCL,Oracle,2013-06-12,174,33.83
ORCL,Oracle,2013-06-19,175,34.43
ORCL,Oracle,2013-06-26,176,30.19
ORCL,Oracle,2013-07-03,177,30.05
ORCL,Oracle,2013-07-11,178,31.57
ORCL,Oracle,2013-07-18,179,31.96
ORCL,Oracle,2013-07-25,180,32.41
ORCL,Oracle,2013-08-01,181,32.62
ORCL,Oracle,2013-08-08,182,32.91
ORCL,Oracle,2013-08-15,183,33.24
ORCL,Oracle,2013-08-22,184,32.42
ORCL,Oracle,2013-08-29,185,31.57
ORCL,Oracle,2013-09-06,186,32.3
ORCL,Oracle,2013-09-13,187,32.84
ORCL,Oracle,2013-09-20,188,33.94
ORCL,Oracle,2013-09-27,189,33.63
ORCL,Oracle,2013-10-04,190,33.18
ORCL,Oracle,2013-10-11,191,33.08
ORCL,Oracle,2013-10-18,192,32.75
ORCL,Oracle,2013-10-25,193,33.21
ORCL,Oracle,2013-11-01,194,33.7
ORCL,Oracle,2013-11-08,195,33.92
ORCL,Oracle,2013-11-15,196,34.36
ORCL,Oracle,2013-11-22,197,34.82
ORCL,Oracle,2013-12-02,198,35.37
ORCL,Oracle,2013-12-09,199,35.48
ORCL,Oracle,2013-12-16,200,33.4
ORCL,Oracle,2013-12-23,201,36.53
ORCL,Oracle,2013-12-31,202,37.94
ORCL,Oracle,2014-01-08,203,37.79
ORCL,Oracle,2014-01-15,204,38.2
ORCL,Oracle,2014-01-23,205,38.17
ORCL,Oracle,2014-01-30,206,37.19
ORCL,Oracle,2014-02-06,207,36.12
ORCL,Oracle,2014-02-13,208,37.84
ORCL,Oracle,2014-02-21,209,38.33
ORCL,Oracle,2014-02-28,210,38.95
ORCL,Oracle,2014-03-07,211,39.57
ORCL,Oracle,2014-03-14,212,37.69
ORCL,Oracle,2014-03-21,213,38.7
ORCL,Oracle,2014-03-28,214,39.52
ORCL,Oracle,2014-04-04,215,40.6
ORCL,Oracle,2014-04-11,216,39.51
ORCL,Oracle,2014-04-21,217,40.24
ORCL,Oracle,2014-04-28,218,39.75
ORCL,Oracle,2014-05-05,219,41.13
ORCL,Oracle,2014-05-12,220,41.22
ORCL,Oracle,2014-05-19,221,41.48
ORCL,Oracle,2014-05-27,222,42.26
ORCL,Oracle,2014-06-03,223,41.84
ORCL,Oracle,2014-06-10,224,42.57
ORCL,Oracle,2014-06-17,225,42.19
ORCL,Oracle,2014-06-24,226,40.99
ORCL,Oracle,2014-07-01,227,40.41
ORCL,Oracle,2014-07-09,228,40.61
ORCL,Oracle,2014-07-16,229,40.81
ORCL,Oracle,2014-07-23,230,40.43
ORCL,Oracle,2014-07-30,231,40.71
ORCL,Oracle,2014-08-06,232,39.85
ORCL,Oracle,2014-08-13,233,40.12
ORCL,Oracle,2014-08-20,234,41.58
ORCL,Oracle,2014-08-27,235,41.75
ORCL,Oracle,2014-09-04,236,41.89
ORCL,Oracle,2014-09-11,237,40.25
ORCL,Oracle,2014-09-18,238,41.35
ORCL,Oracle,2014-09-25,239,39.35
ORCL,Oracle,2014-10-02,240,38.15
ORCL,Oracle,2014-10-09,241,38.99
ORCL,Oracle,2014-10-16,242,37.99
ORCL,Oracle,2014-10-23,243,38.08
ORCL,Oracle,2014-10-30,244,38.4
ORCL,Oracle,2014-11-06,245,39.22
ORCL,Oracle,2014-11-13,246,40.17
ORCL,Oracle,2014-11-20,247,40.71
ORCL,Oracle,2014-11-28,248,41.98
ORCL,Oracle,2014-12-05,249,42.02
ORCL,Oracle,2014-12-12,250,40.24
ORCL,Oracle,2014-12-19,251,45.1
ORCL,Oracle,2014-12-29,252,46.02
ORCL,Oracle,2015-01-06,253,44.06
ORCL,Oracle,2015-01-13,254,43.67
ORCL,Oracle,2015-01-21,255,43.69
ORCL,Oracle,2015-01-28,256,43.94
ORCL,Oracle,2015-02-04,257,42.97
ORCL,Oracle,2015-02-11,258,43.96
ORCL,Oracle,2015-02-19,259,44.13
ORCL,Oracle,2015-02-26,260,43.8
ORCL,Oracle,2015-03-05,261,43.66
ORCL,Oracle,2015-03-12,262,41.46
ORCL,Oracle,2015-03-19,263,44
ORCL,Oracle,2015-03-26,264,42.78
ORCL,Oracle,2015-04-02,265,42.99
ORCL,Oracle,2015-04-10,266,43.08
ORCL,Oracle,2015-04-17,267,43.06
ORCL,Oracle,2015-04-24,268,43.41
ORCL,Oracle,2015-05-01,269,43.44
ORCL,Oracle,2015-05-08,270,43.83
ORCL,Oracle,2015-05-15,271,44.41
ORCL,Oracle,2015-05-22,272,44.2
ORCL,Oracle,2015-06-01,273,43.84
ORCL,Oracle,2015-06-08,274,43.81
ORCL,Oracle,2015-06-15,275,43.9
ORCL,Oracle,2015-06-22,276,41.8
ORCL,Oracle,2015-06-29,277,40.63
ORCL,Oracle,2015-07-07,278,40.04
ORCL,Oracle,2015-07-14,279,40.81
ORCL,Oracle,2015-07-21,280,39.76
ORCL,Oracle,2015-07-28,281,38.79
ORCL,Oracle,2015-08-04,282,39.59
ORCL,Oracle,2015-08-11,283,39.53
ORCL,Oracle,2015-08-18,284,39.52
ORCL,Oracle,2015-08-25,285,36.97
ORCL,Oracle,2015-09-01,286,36.33
ORCL,Oracle,2015-09-09,287,37.9
ORCL,Oracle,2015-09-16,288,38.26
ORCL,Oracle,2015-09-23,289,36.19
ORCL,Oracle,2015-09-30,290,35.89
ORCL,Oracle,2015-10-07,291,37.75
ORCL,Oracle,2015-10-14,292,37.17
ORCL,Oracle,2015-10-21,293,36.98
ORCL,Oracle,2015-10-28,294,38.63
ORCL,Oracle,2015-11-04,295,40.35
ORCL,Oracle,2015-11-11,296,39.24
ORCL,Oracle,2015-11-18,297,38.19
ORCL,Oracle,2015-11-25,298,39.47
ORCL,Oracle,2015-12-03,299,38.96
ORCL,Oracle,2015-12-10,300,38.61
ORCL,Oracle,2015-12-17,301,38.09
ORCL,Oracle,2015-12-24,302,36.73
ORCL,Oracle,2016-01-04,303,36.01
ORCL,Oracle,2016-01-11,304,34.75
ORCL,Oracle,2016-01-19,305,34.54
ORCL,Oracle,2016-01-26,306,34.32
ORCL,Oracle,2016-02-02,307,35.85
ORCL,Oracle,2016-02-09,308,35.13
ORCL,Oracle,2016-02-17,309,35.97
ORCL,Oracle,2016-02-24,310,36.09
ORCL,Oracle,2016-03-02,311,37.76
ORCL,Oracle,2016-03-09,312,38.43
ORCL,Oracle,2016-03-16,313,39.55
ORCL,Oracle,2016-03-23,314,41.3
ORCL,Oracle,2016-03-31,315,41.13
ORCL,Oracle,2016-04-07,316,40.59
ORCL,Oracle,2016-04-14,317,41.31
ORCL,Oracle,2016-04-21,318,41.03
ORCL,Oracle,2016-04-28,319,40.36
ORCL,Oracle,2016-05-05,320,39.44
ORCL,Oracle,2016-05-12,321,39.89
ORCL,Oracle,2016-05-19,322,39.16
ORCL,Oracle,2016-05-26,323,40.11
ORCL,Oracle,2016-06-03,324,38.74
ORCL,Oracle,2016-06-10,325,38.78
ORCL,Oracle,2016-06-17,326,39.49
ORCL,Oracle,2016-06-24,327,39.38
ORCL,Oracle,2016-07-01,328,40.78
ORCL,Oracle,2016-07-11,329,40.9
ORCL,Oracle,2016-07-18,330,41.71
ORCL,Oracle,2016-07-25,331,40.91
ORCL,Oracle,2016-08-01,332,40.91
ORCL,Oracle,2016-08-08,333,41.18
ORCL,Oracle,2016-08-15,334,41
ORCL,Oracle,2016-08-22,335,41.11
ORCL,Oracle,2016-08-29,336,41.48
ORCL,Oracle,2016-09-06,337,41.37
ORCL,Oracle,2016-09-13,338,40.37
ORCL,Oracle,2016-09-20,339,39.55
ORCL,Oracle,2016-09-27,340,38.9
ORCL,Oracle,2016-10-04,341,39.04
ORCL,Oracle,2016-10-11,342,38.56
ORCL,Oracle,2016-10-18,343,38.6
ORCL,Oracle,2016-10-25,344,38.27
ORCL,Oracle,2016-11-01,345,38.58
ORCL,Oracle,2016-11-08,346,39.16
ORCL,Oracle,2016-11-15,347,38.89
ORCL,Oracle,2016-11-22,348,40.09
ORCL,Oracle,2016-11-30,349,40.66
ORCL,Oracle,2016-12-07,350,39.5
ORCL,Oracle,2016-12-14,351,40.87
ORCL,Oracle,2016-12-21,352,39.06
ORCL,Oracle,2016-12-29,353,38.61
ORCL,Oracle,2017-01-06,354,38.75
ORCL,Oracle,2017-01-13,355,39.16
ORCL,Oracle,2017-01-23,356,39.76
ORCL,Oracle,2017-01-30,357,40.11
ORCL,Oracle,2017-02-06,358,40.44
ORCL,Oracle,2017-02-13,359,40.89
ORCL,Oracle,2017-02-21,360,41.99
ORCL,Oracle,2017-02-28,361,42.62
ORCL,Oracle,2017-03-07,362,42.58
ORCL,Oracle,2017-03-14,363,42.58
ORCL,Oracle,2017-03-21,364,45.31
ORCL,Oracle,2017-03-28,365,44.83
ORCL,Oracle,2017-04-04,366,44.61
ORCL,Oracle,2017-04-11,367,43.89
ORCL,Oracle,2017-04-19,368,44.44
ORCL,Oracle,2017-04-26,369,44.75
ORCL,Oracle,2017-05-03,370,45.05
ORCL,Oracle,2017-05-10,371,45.52
ORCL,Oracle,2017-05-17,372,45.29
ORCL,Oracle,2017-05-24,373,44.65
ORCL,Oracle,2017-06-01,374,45.52
ORCL,Oracle,2017-06-08,375,45.4
ORCL,Oracle,2017-06-15,376,44.55
ORCL,Oracle,2017-06-22,377,46.33
ORCL,Oracle,2017-06-29,378,50.76
ORCL,Oracle,2017-07-07,379,48.83
ORCL,Oracle,2017-07-14,380,50.27
ORCL,Oracle,2017-07-21,381,50.87
ORCL,Oracle,2017-07-28,382,50.19
ORCL,Oracle,2017-08-04,383,50.18
ORCL,Oracle,2017-08-11,384,48.18
ORCL,Oracle,2017-08-18,385,48.45
ORCL,Oracle,2017-08-25,386,49.44
ORCL,Oracle,2017-09-01,387,50.35
ORCL,Oracle,2017-09-11,388,51.88
ORCL,Oracle,2017-09-18,389,48.88
ORCL,Oracle,2017-09-25,390,48.52
ORCL,Oracle,2017-10-02,391,48.72
ORCL,Oracle,2017-10-09,392,48.36
ORCL,Oracle,2017-10-16,393,48.61
ORCL,Oracle,2017-10-23,394,49.28
ORCL,Oracle,2017-10-30,395,50.63
ORCL,Oracle,2017-11-06,396,50.1
ORCL,Oracle,2017-11-13,397,49.1
ORCL,Oracle,2017-11-20,398,49.04
ORCL,Oracle,2017-11-28,399,48.88
ORCL,Oracle,2017-12-05,400,48.44
ORCL,Oracle,2017-12-12,401,50
ORCL,Oracle,2017-12-19,402,47.96
ORCL,Oracle,2017-12-27,403,47.25
ORCL,Oracle,2018-01-04,404,47.99
ORCL,Oracle,2018-01-11,405,48.87
ORCL,Oracle,2018-01-19,406,50.5
ORCL,Oracle,2018-01-26,407,51.86
ORCL,Oracle,2018-02-02,408,51.25
ORCL,Oracle,2018-02-09,409,47.58
ORCL,Oracle,2018-02-16,410,50.55
ORCL,Oracle,2018-02-26,411,50.59
ORCL,Oracle,2018-03-05,412,49.9
ORCL,Oracle,2018-03-12,413,52.98
ORCL,Oracle,2018-03-19,414,52.43
ORCL,Oracle,2018-03-26,415,45.55
ORCL,Oracle,2018-04-03,416,45.33
ORCL,Oracle,2018-04-10,417,45.55
ORCL,Oracle,2018-04-17,418,46.41
ORCL,Oracle,2018-04-24,419,45.93
ORCL,Oracle,2018-05-01,420,45.39
ORCL,Oracle,2018-05-08,421,45.88
ORCL,Oracle,2018-05-15,422,46.51
ORCL,Oracle,2018-05-22,423,47.24
ORCL,Oracle,2018-05-30,424,46.63
ORCL,Oracle,2018-06-06,425,47.42
ORCL,Oracle,2018-06-13,426,48.11
ORCL,Oracle,2018-06-20,427,43.51
ORCL,Oracle,2018-06-27,428,44.57
ORCL,Oracle,2018-07-05,429,45.15
ORCL,Oracle,2018-07-12,430,47.79
ORCL,Oracle,2018-07-19,431,48.4
ORCL,Oracle,2018-07-26,432,48.85
ORCL,Oracle,2018-08-02,433,47.04
ORCL,Oracle,2018-08-09,434,48.27
ORCL,Oracle,2018-08-16,435,48.14
ORCL,Oracle,2018-08-23,436,48.8
ORCL,Oracle,2018-08-30,437,48.89
ORCL,Oracle,2018-09-07,438,47.46
ORCL,Oracle,2018-09-14,439,48.94
ORCL,Oracle,2018-09-21,440,50.83
ORCL,Oracle,2018-09-28,441,51.54
ORCL,Oracle,2018-10-05,442,49.42
ORCL,Oracle,2018-10-12,443,47.4
ORCL,Oracle,2018-10-19,444,47.5
ORCL,Oracle,2018-10-26,445,47.24
ORCL,Oracle,2018-11-02,446,48.93
ORCL,Oracle,2018-11-09,447,50.42
ORCL,Oracle,2018-11-16,448,50.53
ORCL,Oracle,2018-11-26,449,49.16
ORCL,Oracle,2018-12-03,450,49.44
ORCL,Oracle,2018-12-11,451,46.98
ORCL,Oracle,2018-12-18,452,48.1
ORCL,Oracle,2018-12-26,453,43
ORCL,Oracle,2019-01-03,454,44.75
ORCL,Oracle,2019-01-10,455,47.38
ORCL,Oracle,2019-01-17,456,48.01
ORCL,Oracle,2019-01-25,457,49.6
ORCL,Oracle,2019-02-01,458,50.52
ORCL,Oracle,2019-02-08,459,50.09
ORCL,Oracle,2019-02-15,460,51.13
ORCL,Oracle,2019-02-25,461,52.75
ORCL,Oracle,2019-03-04,462,52.67
ORCL,Oracle,2019-03-11,463,51.94
ORCL,Oracle,2019-03-18,464,52.87
ORCL,Oracle,2019-03-25,465,52.56
ORCL,Oracle,2019-04-01,466,53.88
ORCL,Oracle,2019-04-08,467,53.73
ORCL,Oracle,2019-04-15,468,54.5
ORCL,Oracle,2019-04-23,469,54.75
ORCL,Oracle,2019-04-30,470,55.06
ORCL,Oracle,2019-05-07,471,54.2
ORCL,Oracle,2019-05-14,472,53.64
ORCL,Oracle,2019-05-21,473,54.21
ORCL,Oracle,2019-05-29,474,51.43
ORCL,Oracle,2019-06-05,475,52.78
ORCL,Oracle,2019-06-12,476,53.68
ORCL,Oracle,2019-06-19,477,52.75
ORCL,Oracle,2019-06-26,478,56.43
ORCL,Oracle,2019-07-03,479,58.45
ORCL,Oracle,2019-07-11,480,60.18
ORCL,Oracle,2019-07-18,481,57.69
ORCL,Oracle,2019-07-25,482,58.37
ORCL,Oracle,2019-08-01,483,56.3
ORCL,Oracle,2019-08-08,484,53.72
ORCL,Oracle,2019-08-15,485,52.65
ORCL,Oracle,2019-08-22,486,53.58
ORCL,Oracle,2019-08-29,487,52.65
ORCL,Oracle,2019-09-06,488,54.1
ORCL,Oracle,2019-09-13,489,54
ORCL,Oracle,2019-09-20,490,53.71
ORCL,Oracle,2019-09-27,491,54.19
ORCL,Oracle,2019-10-04,492,54
ORCL,Oracle,2019-10-11,493,55.92
ORCL,Oracle,2019-10-18,494,54.95
ORCL,Oracle,2019-10-25,495,54.04
ORCL,Oracle,2019-11-01,496,54.81
ORCL,Oracle,2019-11-08,497,55.98
ORCL,Oracle,2019-11-15,498,56.4
ORCL,Oracle,2019-11-22,499,56.42
ORCL,Oracle,2019-12-02,500,56.23
ORCL,Oracle,2019-12-09,501,54.84
ORCL,Oracle,2019-12-16,502,54.6
ORCL,Oracle,2019-12-23,503,53.65
ORCL,Oracle,2019-12-31,504,52.57
ORCL,Oracle,2020-01-08,505,53.94
ORCL,Oracle,2020-01-15,506,54.88
ORCL,Oracle,2020-01-23,507,54.41
ORCL,Oracle,2020-01-30,508,52.82
ORCL,Oracle,2020-02-06,509,55
ORCL,Oracle,2020-02-13,510,55.31
ORCL,Oracle,2020-02-21,511,55.08
ORCL,Oracle,2020-02-28,512,49.24
ORCL,Oracle,2020-03-06,513,46.57
ORCL,Oracle,2020-03-13,514,44.45
ORCL,Oracle,2020-03-20,515,45.02
ORCL,Oracle,2020-03-27,516,49.09
ORCL,Oracle,2020-04-03,517,49.3
ORCL,Oracle,2020-04-13,518,52.7
ORCL,Oracle,2020-04-20,519,54.05
ORCL,Oracle,2020-04-27,520,53.36
ORCL,Oracle,2020-05-04,521,51.71
ORCL,Oracle,2020-05-11,522,53.13
ORCL,Oracle,2020-05-18,523,53.91
ORCL,Oracle,2020-05-26,524,53.65
ORCL,Oracle,2020-06-02,525,53.24
ORCL,Oracle,2020-06-09,526,55
ORCL,Oracle,2020-06-16,527,54.46
ORCL,Oracle,2020-06-23,528,55.3
ORCL,Oracle,2020-06-30,529,54.8
ORCL,Oracle,2020-07-08,530,56.63
ORCL,Oracle,2020-07-15,531,57.42
ORCL,Oracle,2020-07-22,532,55.7
ORCL,Oracle,2020-07-29,533,55.56
ORCL,Oracle,2020-08-05,534,56.32
ORCL,Oracle,2020-08-12,535,54.52
ORCL,Oracle,2020-08-19,536,55.58
ORCL,Oracle,2020-08-26,537,56.34
ORCL,Oracle,2020-09-02,538,57.72
ORCL,Oracle,2020-09-10,539,57.44
ORCL,Oracle,2020-09-17,540,59.42
ORCL,Oracle,2020-09-24,541,58.74
ORCL,Oracle,2020-10-01,542,60.17
ORCL,Oracle,2020-10-08,543,60.79
ORCL,Oracle,2020-10-15,544,60.27
ORCL,Oracle,2020-10-22,545,59.44
ORCL,Oracle,2020-10-29,546,55.2
ORCL,Oracle,2020-11-05,547,57.46
ORCL,Oracle,2020-11-12,548,57.26
ORCL,Oracle,2020-11-19,549,56.09
ORCL,Oracle,2020-11-27,550,57.4
ORCL,Oracle,2020-12-04,551,59.31
ORCL,Oracle,2020-12-11,552,60.94
ORCL,Oracle,2020-12-18,553,63.48
ORCL,Oracle,2020-12-28,554,65.41
ORCL,Oracle,2021-01-05,555,63.68
ORCL,Oracle,2021-01-12,556,63
ORCL,Oracle,2021-01-20,557,61.37
ORCL,Oracle,2021-01-27,558,61.4
ORCL,Oracle,2021-02-03,559,62.18
ORCL,Oracle,2021-02-10,560,63.84
ORCL,Oracle,2021-02-18,561,61.81
ORCL,Oracle,2021-02-25,562,64.64
ORCL,Oracle,2021-03-04,563,66.68
ORCL,Oracle,2021-03-11,564,67.65
ORCL,Oracle,2021-03-18,565,66.47
ORCL,Oracle,2021-03-25,566,66.96
ORCL,Oracle,2021-04-01,567,70.46
ORCL,Oracle,2021-04-09,568,75.35
ORCL,Oracle,2021-04-16,569,78.31
ORCL,Oracle,2021-04-23,570,74.29
ORCL,Oracle,2021-04-30,571,75.56
ORCL,Oracle,2021-05-07,572,79.81
ORCL,Oracle,2021-05-14,573,78.12
ORCL,Oracle,2021-05-21,574,79.19
ORCL,Oracle,2021-05-28,575,78.95
ORCL,Oracle,2021-06-07,576,82.94
ORCL,Oracle,2021-06-14,577,83
ORCL,Oracle,2021-06-21,578,76.61
ORCL,Oracle,2021-06-28,579,78.49
ORCL,Oracle,2021-07-06,580,81.6
ORCL,Oracle,2021-07-13,581,86.7
ORCL,Oracle,2021-07-20,582,87.1
ORCL,Oracle,2021-07-27,583,87.76
ORCL,Oracle,2021-08-03,584,87.88
ORCL,Oracle,2021-08-10,585,89.1
ORCL,Oracle,2021-08-17,586,90.99
ORCL,Oracle,2021-08-24,587,89.21
ORCL,Oracle,2021-08-31,588,89.45
ORCL,Oracle,2021-09-08,589,88.14
ORCL,Oracle,2021-09-15,590,86.55
ORCL,Oracle,2021-09-22,591,87.62
ORCL,Oracle,2021-09-29,592,91.15
ORCL,Oracle,2021-10-06,593,90.42
ORCL,Oracle,2021-10-13,594,96.1
ORCL,Oracle,2021-10-20,595,97.27
ORCL,Oracle,2021-10-27,596,96.81
ORCL,Oracle,2021-11-03,597,96.5
ORCL,Oracle,2021-11-10,598,94.1
ORCL,Oracle,2021-11-17,599,95.76
ORCL,Oracle,2021-11-24,600,92.23
ORCL,Oracle,2021-12-02,601,89.4
ORCL,Oracle,2021-12-09,602,89.12
ORCL,Oracle,2021-12-16,603,103.95
ORCL,Oracle,2021-12-23,604,90.03
ORCL,Oracle,2021-12-31,605,88.05
ORCL,Oracle,2022-01-07,606,86.45
ORCL,Oracle,2022-01-14,607,87.48
ORCL,Oracle,2022-01-24,608,81.22
ORCL,Oracle,2022-01-31,609,80.49
ORCL,Oracle,2022-02-07,610,82.14
ORCL,Oracle,2022-02-14,611,79.58
ORCL,Oracle,2022-02-22,612,73.82
ORCL,Oracle,2022-03-01,613,75.98
ORCL,Oracle,2022-03-08,614,73.84
ORCL,Oracle,2022-03-15,615,78.05
ORCL,Oracle,2022-03-22,616,81.46
ORCL,Oracle,2022-03-29,617,84.49
ORCL,Oracle,2022-04-05,618,83.4
ORCL,Oracle,2022-04-12,619,79.95
ORCL,Oracle,2022-04-20,620,79.79
ORCL,Oracle,2022-04-27,621,74.58
ORCL,Oracle,2022-05-04,622,73.38
ORCL,Oracle,2022-05-11,623,72.31
ORCL,Oracle,2022-05-18,624,70.8
ORCL,Oracle,2022-05-25,625,68.88
ORCL,Oracle,2022-06-02,626,71.48
ORCL,Oracle,2022-06-09,627,70.77
ORCL,Oracle,2022-06-16,628,68.5
ORCL,Oracle,2022-06-24,629,68.33
ORCL,Oracle,2022-07-01,630,69.85
ORCL,Oracle,2022-07-11,631,71
ORCL,Oracle,2022-07-18,632,71.25
ORCL,Oracle,2022-07-25,633,75.1
ORCL,Oracle,2022-08-01,634,77.18
ORCL,Oracle,2022-08-08,635,76.92
ORCL,Oracle,2022-08-15,636,78.84
ORCL,Oracle,2022-08-22,637,77.93
ORCL,Oracle,2022-08-29,638,74.11
ORCL,Oracle,2022-09-06,639,74.7
ORCL,Oracle,2022-09-13,640,76.06
ORCL,Oracle,2022-09-20,641,68.27
ORCL,Oracle,2022-09-27,642,64.16
ORCL,Oracle,2022-10-04,643,63.8
ORCL,Oracle,2022-10-11,644,61.85
ORCL,Oracle,2022-10-18,645,68
ORCL,Oracle,2022-10-25,646,73.45
ORCL,Oracle,2022-11-01,647,78.6
ORCL,Oracle,2022-11-08,648,76.95
ORCL,Oracle,2022-11-15,649,78.93
ORCL,Oracle,2022-11-22,650,79.89
ORCL,Oracle,2022-11-30,651,80.47
ORCL,Oracle,2022-12-07,652,78.67
ORCL,Oracle,2022-12-14,653,80.81
ORCL,Oracle,2022-12-21,654,81.35
ORCL,Oracle,2022-12-29,655,80.97
TSLA,Tesla,2010-06-30,1,1.72
TSLA,Tesla,2010-07-08,2,1.08
TSLA,Tesla,2010-07-15,3,1.33
TSLA,Tesla,2010-07-22,4,1.37
TSLA,Tesla,2010-07-29,5,1.38
TSLA,Tesla,2010-08-05,6,1.44
TSLA,Tesla,2010-08-12,7,1.19
TSLA,Tesla,2010-08-19,8,1.24
TSLA,Tesla,2010-08-26,9,1.33
TSLA,Tesla,2010-09-02,10,1.36
TSLA,Tesla,2010-09-10,11,1.38
TSLA,Tesla,2010-09-17,12,1.4
TSLA,Tesla,2010-09-24,13,1.33
TSLA,Tesla,2010-10-01,14,1.38
TSLA,Tesla,2010-10-08,15,1.36
TSLA,Tesla,2010-10-15,16,1.39
TSLA,Tesla,2010-10-22,17,1.38
TSLA,Tesla,2010-10-29,18,1.41
TSLA,Tesla,2010-11-05,19,1.66
TSLA,Tesla,2010-11-12,20,1.88
TSLA,Tesla,2010-11-19,21,2.01
TSLA,Tesla,2010-11-29,22,2.36
TSLA,Tesla,2010-12-06,23,2.09
TSLA,Tesla,2010-12-13,24,2.11
TSLA,Tesla,2010-12-20,25,2.11
TSLA,Tesla,2010-12-28,26,1.72
TSLA,Tesla,2011-01-04,27,1.78
TSLA,Tesla,2011-01-11,28,1.91
TSLA,Tesla,2011-01-19,29,1.68
TSLA,Tesla,2011-01-26,30,1.65
TSLA,Tesla,2011-02-02,31,1.61
TSLA,Tesla,2011-02-09,32,1.61
TSLA,Tesla,2011-02-16,33,1.54
TSLA,Tesla,2011-02-24,34,1.45
TSLA,Tesla,2011-03-03,35,1.63
TSLA,Tesla,2011-03-10,36,1.63
TSLA,Tesla,2011-03-17,37,1.55
TSLA,Tesla,2011-03-24,38,1.48
TSLA,Tesla,2011-03-31,39,1.77
TSLA,Tesla,2011-04-07,40,1.79
TSLA,Tesla,2011-04-14,41,1.66
TSLA,Tesla,2011-04-21,42,1.72
TSLA,Tesla,2011-04-29,43,1.85
TSLA,Tesla,2011-05-06,44,1.79
TSLA,Tesla,2011-05-13,45,1.87
TSLA,Tesla,2011-05-20,46,1.88
TSLA,Tesla,2011-05-27,47,1.97
TSLA,Tesla,2011-06-06,48,2.01
TSLA,Tesla,2011-06-13,49,1.87
TSLA,Tesla,2011-06-20,50,1.75
TSLA,Tesla,2011-06-27,51,1.85
TSLA,Tesla,2011-07-05,52,1.93
TSLA,Tesla,2011-07-12,53,1.89
TSLA,Tesla,2011-07-19,54,1.84
TSLA,Tesla,2011-07-26,55,1.89
TSLA,Tesla,2011-08-02,56,1.91
TSLA,Tesla,2011-08-09,57,1.61
TSLA,Tesla,2011-08-16,58,1.74
TSLA,Tesla,2011-08-23,59,1.46
TSLA,Tesla,2011-08-30,60,1.63
TSLA,Tesla,2011-09-07,61,1.56
TSLA,Tesla,2011-09-14,62,1.62
TSLA,Tesla,2011-09-21,63,1.73
TSLA,Tesla,2011-09-28,64,1.73
TSLA,Tesla,2011-10-05,65,1.6
TSLA,Tesla,2011-10-12,66,1.82
TSLA,Tesla,2011-10-19,67,1.87
TSLA,Tesla,2011-10-26,68,1.88
TSLA,Tesla,2011-11-02,69,1.93
TSLA,Tesla,2011-11-09,70,2.06
TSLA,Tesla,2011-11-16,71,2.23
TSLA,Tesla,2011-11-23,72,2.12
TSLA,Tesla,2011-12-01,73,2.17
TSLA,Tesla,2011-12-08,74,2.06
TSLA,Tesla,2011-12-15,75,1.91
TSLA,Tesla,2011-12-22,76,1.84
TSLA,Tesla,2011-12-30,77,1.9
TSLA,Tesla,2012-01-09,78,1.8
TSLA,Tesla,2012-01-17,79,1.77
TSLA,Tesla,2012-01-24,80,1.78
TSLA,Tesla,2012-01-31,81,1.99
TSLA,Tesla,2012-02-07,82,2.12
TSLA,Tesla,2012-02-14,83,2.12
TSLA,Tesla,2012-02-22,84,2.3
TSLA,Tesla,2012-02-29,85,2.25
TSLA,Tesla,2012-03-07,86,2.21
TSLA,Tesla,2012-03-14,87,2.4
TSLA,Tesla,2012-03-21,88,2.33
TSLA,Tesla,2012-03-28,89,2.52
TSLA,Tesla,2012-04-04,90,2.35
TSLA,Tesla,2012-04-12,91,2.25
TSLA,Tesla,2012-04-19,92,2.18
TSLA,Tesla,2012-04-26,93,2.2
TSLA,Tesla,2012-05-03,94,2.26
TSLA,Tesla,2012-05-10,95,2.2
TSLA,Tesla,2012-05-17,96,1.95
TSLA,Tesla,2012-05-24,97,2.08
TSLA,Tesla,2012-06-01,98,1.9
TSLA,Tesla,2012-06-08,99,1.92
TSLA,Tesla,2012-06-15,100,1.96
TSLA,Tesla,2012-06-22,101,2.17
TSLA,Tesla,2012-06-29,102,2.19
TSLA,Tesla,2012-07-09,103,2.06
TSLA,Tesla,2012-07-16,104,2.29
TSLA,Tesla,2012-07-23,105,2.07
TSLA,Tesla,2012-07-30,106,1.97
TSLA,Tesla,2012-08-06,107,1.84
TSLA,Tesla,2012-08-13,108,1.98
TSLA,Tesla,2012-08-20,109,2.01
TSLA,Tesla,2012-08-27,110,1.97
TSLA,Tesla,2012-09-04,111,1.9
TSLA,Tesla,2012-09-11,112,1.85
TSLA,Tesla,2012-09-18,113,2.13
TSLA,Tesla,2012-09-25,114,1.91
TSLA,Tesla,2012-10-02,115,1.95
TSLA,Tesla,2012-10-09,116,1.94
TSLA,Tesla,2012-10-16,117,1.84
TSLA,Tesla,2012-10-23,118,1.83
TSLA,Tesla,2012-11-01,119,1.88
TSLA,Tesla,2012-11-08,120,2.07
TSLA,Tesla,2012-11-15,121,2.09
TSLA,Tesla,2012-11-23,122,2.17
TSLA,Tesla,2012-11-30,123,2.24
TSLA,Tesla,2012-12-07,124,2.29
TSLA,Tesla,2012-12-14,125,2.25
TSLA,Tesla,2012-12-21,126,2.26
TSLA,Tesla,2012-12-31,127,2.2
TSLA,Tesla,2013-01-08,128,2.3
TSLA,Tesla,2013-01-15,129,2.21
TSLA,Tesla,2013-01-23,130,2.33
TSLA,Tesla,2013-01-30,131,2.52
TSLA,Tesla,2013-02-06,132,2.55
TSLA,Tesla,2013-02-13,133,2.55
TSLA,Tesla,2013-02-21,134,2.43
TSLA,Tesla,2013-02-28,135,2.39
TSLA,Tesla,2013-03-07,136,2.52
TSLA,Tesla,2013-03-14,137,2.59
TSLA,Tesla,2013-03-21,138,2.4
TSLA,Tesla,2013-03-28,139,2.55
TSLA,Tesla,2013-04-05,140,2.8
TSLA,Tesla,2013-04-12,141,2.88
TSLA,Tesla,2013-04-19,142,3.16
TSLA,Tesla,2013-04-26,143,3.54
TSLA,Tesla,2013-05-03,144,3.76
TSLA,Tesla,2013-05-10,145,4.64
TSLA,Tesla,2013-05-17,146,6.17
TSLA,Tesla,2013-05-24,147,6.17
TSLA,Tesla,2013-06-03,148,6.51
TSLA,Tesla,2013-06-10,149,6.6
TSLA,Tesla,2013-06-17,150,6.91
TSLA,Tesla,2013-06-24,151,6.43
TSLA,Tesla,2013-07-01,152,7.29
TSLA,Tesla,2013-07-09,153,8.31
TSLA,Tesla,2013-07-16,154,8.42
TSLA,Tesla,2013-07-23,155,8.27
TSLA,Tesla,2013-07-30,156,8.99
TSLA,Tesla,2013-08-06,157,9.65
TSLA,Tesla,2013-08-13,158,9.97
TSLA,Tesla,2013-08-20,159,9.91
TSLA,Tesla,2013-08-27,160,10.82
TSLA,Tesla,2013-09-04,161,11.32
TSLA,Tesla,2013-09-11,162,11.09
TSLA,Tesla,2013-09-18,163,11.14
TSLA,Tesla,2013-09-25,164,12.24
TSLA,Tesla,2013-10-02,165,12.57
TSLA,Tesla,2013-10-09,166,11.65
TSLA,Tesla,2013-10-16,167,12.33
TSLA,Tesla,2013-10-23,168,11.26
TSLA,Tesla,2013-10-30,169,10.98
TSLA,Tesla,2013-11-06,170,10.32
TSLA,Tesla,2013-11-13,171,9.39
TSLA,Tesla,2013-11-20,172,8.41
TSLA,Tesla,2013-11-27,173,8.09
TSLA,Tesla,2013-12-05,174,9.34
TSLA,Tesla,2013-12-12,175,9.31
TSLA,Tesla,2013-12-19,176,9.79
TSLA,Tesla,2013-12-27,177,10.35
TSLA,Tesla,2014-01-06,178,10
TSLA,Tesla,2014-01-13,179,9.72
TSLA,Tesla,2014-01-21,180,11.42
TSLA,Tesla,2014-01-28,181,11.43
TSLA,Tesla,2014-02-04,182,12.05
TSLA,Tesla,2014-02-11,183,13.26
TSLA,Tesla,2014-02-19,184,13.58
TSLA,Tesla,2014-02-26,185,17.24
TSLA,Tesla,2014-03-05,186,17.11
TSLA,Tesla,2014-03-12,187,15.43
TSLA,Tesla,2014-03-19,188,16.09
TSLA,Tesla,2014-03-26,189,14.8
TSLA,Tesla,2014-04-02,190,14.67
TSLA,Tesla,2014-04-09,191,14.45
TSLA,Tesla,2014-04-16,192,13.13
TSLA,Tesla,2014-04-24,193,14.05
TSLA,Tesla,2014-05-01,194,13.81
TSLA,Tesla,2014-05-08,195,12.13
TSLA,Tesla,2014-05-15,196,12.67
TSLA,Tesla,2014-05-22,197,13.36
TSLA,Tesla,2014-05-30,198,14.02
TSLA,Tesla,2014-06-06,199,13.98
TSLA,Tesla,2014-06-13,200,13.65
TSLA,Tesla,2014-06-20,201,15.23
TSLA,Tesla,2014-06-27,202,15.65
TSLA,Tesla,2014-07-07,203,15.17
TSLA,Tesla,2014-07-14,204,14.67
TSLA,Tesla,2014-07-21,205,14.48
TSLA,Tesla,2014-07-28,206,14.95
TSLA,Tesla,2014-08-04,207,15.63
TSLA,Tesla,2014-08-11,208,17.03
TSLA,Tesla,2014-08-18,209,17.55
TSLA,Tesla,2014-08-25,210,17.21
TSLA,Tesla,2014-09-02,211,18.37
TSLA,Tesla,2014-09-09,212,18.87
TSLA,Tesla,2014-09-16,213,17.01
TSLA,Tesla,2014-09-23,214,16.35
TSLA,Tesla,2014-09-30,215,16.46
TSLA,Tesla,2014-10-07,216,17.24
TSLA,Tesla,2014-10-14,217,15.22
TSLA,Tesla,2014-10-21,218,15.62
TSLA,Tesla,2014-10-28,219,15.31
TSLA,Tesla,2014-11-04,220,16.03
TSLA,Tesla,2014-11-11,221,16.17
TSLA,Tesla,2014-11-18,222,17.06
TSLA,Tesla,2014-11-25,223,16.49
TSLA,Tesla,2014-12-03,224,15.08
TSLA,Tesla,2014-12-10,225,14.28
TSLA,Tesla,2014-12-17,226,12.87
TSLA,Tesla,2014-12-24,227,14.65
TSLA,Tesla,2015-01-02,228,14.86
TSLA,Tesla,2015-01-09,229,13.93
TSLA,Tesla,2015-01-16,230,12.71
TSLA,Tesla,2015-01-26,231,13.46
TSLA,Tesla,2015-02-02,232,13.6
TSLA,Tesla,2015-02-09,233,14.36
TSLA,Tesla,2015-02-17,234,13.71
TSLA,Tesla,2015-02-24,235,13.82
TSLA,Tesla,2015-03-03,236,13.12
TSLA,Tesla,2015-03-10,237,12.56
TSLA,Tesla,2015-03-17,238,13.03
TSLA,Tesla,2015-03-24,239,13.44
TSLA,Tesla,2015-03-31,240,12.9
TSLA,Tesla,2015-04-08,241,13.88
TSLA,Tesla,2015-04-15,242,13.83
TSLA,Tesla,2015-04-22,243,14.17
TSLA,Tesla,2015-04-29,244,15.34
TSLA,Tesla,2015-05-06,245,15.61
TSLA,Tesla,2015-05-13,246,16.51
TSLA,Tesla,2015-05-20,247,16.48
TSLA,Tesla,2015-05-28,248,16.47
TSLA,Tesla,2015-06-04,249,16.5
TSLA,Tesla,2015-06-11,250,16.88
TSLA,Tesla,2015-06-18,251,17.47
TSLA,Tesla,2015-06-25,252,17.76
TSLA,Tesla,2015-07-02,253,18.68
TSLA,Tesla,2015-07-10,254,17.48
TSLA,Tesla,2015-07-17,255,18.17
TSLA,Tesla,2015-07-24,256,17.83
TSLA,Tesla,2015-07-31,257,17.84
TSLA,Tesla,2015-08-07,258,16.24
TSLA,Tesla,2015-08-14,259,16.48
TSLA,Tesla,2015-08-21,260,15.73
TSLA,Tesla,2015-08-28,261,16.12
TSLA,Tesla,2015-09-04,262,16.06
TSLA,Tesla,2015-09-14,263,16.74
TSLA,Tesla,2015-09-21,264,17.6
TSLA,Tesla,2015-09-28,265,17.16
TSLA,Tesla,2015-10-05,266,16.59
TSLA,Tesla,2015-10-12,267,14.87
TSLA,Tesla,2015-10-19,268,15.1
TSLA,Tesla,2015-10-26,269,14.09
TSLA,Tesla,2015-11-02,270,13.93
TSLA,Tesla,2015-11-09,271,15.53
TSLA,Tesla,2015-11-16,272,13.74
TSLA,Tesla,2015-11-23,273,14.49
TSLA,Tesla,2015-12-01,274,15.4
TSLA,Tesla,2015-12-08,275,15.17
TSLA,Tesla,2015-12-15,276,14.79
TSLA,Tesla,2015-12-22,277,15.67
TSLA,Tesla,2015-12-30,278,15.77
TSLA,Tesla,2016-01-07,279,14.28
TSLA,Tesla,2016-01-14,280,13.48
TSLA,Tesla,2016-01-22,281,13.65
TSLA,Tesla,2016-01-29,282,12.66
TSLA,Tesla,2016-02-05,283,11.42
TSLA,Tesla,2016-02-12,284,10.33
TSLA,Tesla,2016-02-22,285,11.34
TSLA,Tesla,2016-02-29,286,12.83
TSLA,Tesla,2016-03-07,287,13.18
TSLA,Tesla,2016-03-14,288,14.18
TSLA,Tesla,2016-03-21,289,15.69
TSLA,Tesla,2016-03-29,290,15.33
TSLA,Tesla,2016-04-05,291,16.03
TSLA,Tesla,2016-04-12,292,16.63
TSLA,Tesla,2016-04-19,293,16.87
TSLA,Tesla,2016-04-26,294,16.8
TSLA,Tesla,2016-05-03,295,15.82
TSLA,Tesla,2016-05-10,296,13.84
TSLA,Tesla,2016-05-17,297,13.94
TSLA,Tesla,2016-05-24,298,14.44
TSLA,Tesla,2016-06-01,299,14.77
TSLA,Tesla,2016-06-08,300,15.59
TSLA,Tesla,2016-06-15,301,14.46
TSLA,Tesla,2016-06-22,302,13.3
TSLA,Tesla,2016-06-29,303,13.68
TSLA,Tesla,2016-07-07,304,14.21
TSLA,Tesla,2016-07-14,305,14.87
TSLA,Tesla,2016-07-21,306,15.07
TSLA,Tesla,2016-07-28,307,15.2
TSLA,Tesla,2016-08-04,308,15.05
TSLA,Tesla,2016-08-11,309,15.08
TSLA,Tesla,2016-08-18,310,14.92
TSLA,Tesla,2016-08-25,311,14.87
TSLA,Tesla,2016-09-01,312,13.93
TSLA,Tesla,2016-09-09,313,13.27
TSLA,Tesla,2016-09-16,314,13.36
TSLA,Tesla,2016-09-23,315,13.73
TSLA,Tesla,2016-09-30,316,13.48
TSLA,Tesla,2016-10-07,317,13.4
TSLA,Tesla,2016-10-14,318,13.38
TSLA,Tesla,2016-10-21,319,13.24
TSLA,Tesla,2016-10-28,320,13.6
TSLA,Tesla,2016-11-04,321,12.6
TSLA,Tesla,2016-11-11,322,12.28
TSLA,Tesla,2016-11-18,323,12.71
TSLA,Tesla,2016-11-28,324,13.03
TSLA,Tesla,2016-12-05,325,12.17
TSLA,Tesla,2016-12-12,326,12.85
TSLA,Tesla,2016-12-19,327,13.5
TSLA,Tesla,2016-12-27,328,14.33
TSLA,Tesla,2017-01-04,329,14.32
TSLA,Tesla,2017-01-11,330,15.27
TSLA,Tesla,2017-01-19,331,16.48
TSLA,Tesla,2017-01-26,332,16.95
TSLA,Tesla,2017-02-02,333,16.56
TSLA,Tesla,2017-02-09,334,17.75
TSLA,Tesla,2017-02-16,335,18.51
TSLA,Tesla,2017-02-24,336,16.84
TSLA,Tesla,2017-03-03,337,16.72
TSLA,Tesla,2017-03-10,338,16.41
TSLA,Tesla,2017-03-17,339,17.6
TSLA,Tesla,2017-03-24,340,17.05
TSLA,Tesla,2017-03-31,341,18.58
TSLA,Tesla,2017-04-07,342,19.83
TSLA,Tesla,2017-04-17,343,20.18
TSLA,Tesla,2017-04-24,344,20.61
TSLA,Tesla,2017-05-01,345,20.99
TSLA,Tesla,2017-05-08,346,20.73
TSLA,Tesla,2017-05-15,347,21.23
TSLA,Tesla,2017-05-22,348,20.85
TSLA,Tesla,2017-05-30,349,21.73
TSLA,Tesla,2017-06-06,350,22.98
TSLA,Tesla,2017-06-13,351,24.51
TSLA,Tesla,2017-06-20,352,25.11
TSLA,Tesla,2017-06-27,353,25.09
TSLA,Tesla,2017-07-05,354,23.15
TSLA,Tesla,2017-07-12,355,22.03
TSLA,Tesla,2017-07-19,356,21.88
TSLA,Tesla,2017-07-26,357,22.69
TSLA,Tesla,2017-08-02,358,21.26
TSLA,Tesla,2017-08-09,359,24.07
TSLA,Tesla,2017-08-16,360,24.2
TSLA,Tesla,2017-08-23,361,22.6
TSLA,Tesla,2017-08-30,362,23.31
TSLA,Tesla,2017-09-07,363,23.07
TSLA,Tesla,2017-09-14,364,24.29
TSLA,Tesla,2017-09-21,365,24.99
TSLA,Tesla,2017-09-28,366,22.66
TSLA,Tesla,2017-10-05,367,23.73
TSLA,Tesla,2017-10-12,368,23.53
TSLA,Tesla,2017-10-19,369,23.7
TSLA,Tesla,2017-10-26,370,21.85
TSLA,Tesla,2017-11-02,371,20.01
TSLA,Tesla,2017-11-09,372,20.17
TSLA,Tesla,2017-11-16,373,20.93
TSLA,Tesla,2017-11-24,374,20.92
TSLA,Tesla,2017-12-01,375,20.36
TSLA,Tesla,2017-12-08,376,20.97
TSLA,Tesla,2017-12-15,377,22.8
TSLA,Tesla,2017-12-22,378,21.97
TSLA,Tesla,2018-01-02,379,20.8
TSLA,Tesla,2018-01-09,380,22.34
TSLA,Tesla,2018-01-17,381,22.7
TSLA,Tesla,2018-01-24,382,23.64
TSLA,Tesla,2018-01-31,383,23.17
TSLA,Tesla,2018-02-07,384,22.6
TSLA,Tesla,2018-02-14,385,21.39
TSLA,Tesla,2018-02-22,386,22.37
TSLA,Tesla,2018-03-01,387,23
TSLA,Tesla,2018-03-08,388,22.19
TSLA,Tesla,2018-03-15,389,21.96
TSLA,Tesla,2018-03-22,390,20.93
TSLA,Tesla,2018-03-29,391,17.1
TSLA,Tesla,2018-04-06,392,20.07
TSLA,Tesla,2018-04-13,393,20.24
TSLA,Tesla,2018-04-20,394,19.68
TSLA,Tesla,2018-04-27,395,19.02
TSLA,Tesla,2018-05-04,396,18.87
TSLA,Tesla,2018-05-11,397,20.51
TSLA,Tesla,2018-05-18,398,18.98
TSLA,Tesla,2018-05-25,399,18.51
TSLA,Tesla,2018-06-04,400,19.62
TSLA,Tesla,2018-06-11,401,21.5
TSLA,Tesla,2018-06-18,402,23.69
TSLA,Tesla,2018-06-25,403,22.01
TSLA,Tesla,2018-07-02,404,24
TSLA,Tesla,2018-07-10,405,21.64
TSLA,Tesla,2018-07-17,406,20.59
TSLA,Tesla,2018-07-24,407,20.29
TSLA,Tesla,2018-07-31,408,19.48
TSLA,Tesla,2018-08-07,409,22.92
TSLA,Tesla,2018-08-14,410,23.9
TSLA,Tesla,2018-08-21,411,20.71
TSLA,Tesla,2018-08-28,412,21.23
TSLA,Tesla,2018-09-05,413,19
TSLA,Tesla,2018-09-12,414,18.76
TSLA,Tesla,2018-09-19,415,18.7
TSLA,Tesla,2018-09-26,416,20.13
TSLA,Tesla,2018-10-03,417,20.22
TSLA,Tesla,2018-10-10,418,17.64
TSLA,Tesla,2018-10-17,419,18.83
TSLA,Tesla,2018-10-24,420,20.07
TSLA,Tesla,2018-10-31,421,22.17
TSLA,Tesla,2018-11-07,422,22.89
TSLA,Tesla,2018-11-14,423,22.85
TSLA,Tesla,2018-11-21,424,23.47
TSLA,Tesla,2018-11-29,425,23.13
TSLA,Tesla,2018-12-07,426,24.6
TSLA,Tesla,2018-12-14,427,25
TSLA,Tesla,2018-12-21,428,21.16
TSLA,Tesla,2018-12-31,429,22.52
TSLA,Tesla,2019-01-08,430,22.8
TSLA,Tesla,2019-01-15,431,22.33
TSLA,Tesla,2019-01-23,432,19.5
TSLA,Tesla,2019-01-30,433,20.03
TSLA,Tesla,2019-02-06,434,21.31
TSLA,Tesla,2019-02-13,435,20.82
TSLA,Tesla,2019-02-21,436,20.12
TSLA,Tesla,2019-02-28,437,21.26
TSLA,Tesla,2019-03-07,438,18.59
TSLA,Tesla,2019-03-14,439,19.5
TSLA,Tesla,2019-03-21,440,18.17
TSLA,Tesla,2019-03-28,441,18.48
TSLA,Tesla,2019-04-04,442,17.46
TSLA,Tesla,2019-04-11,443,17.89
TSLA,Tesla,2019-04-18,444,18.08
TSLA,Tesla,2019-04-26,445,16.43
TSLA,Tesla,2019-05-03,446,16.26
TSLA,Tesla,2019-05-10,447,15.98
TSLA,Tesla,2019-05-17,448,14.8
TSLA,Tesla,2019-05-24,449,13.32
TSLA,Tesla,2019-06-03,450,12.37
TSLA,Tesla,2019-06-10,451,14.02
TSLA,Tesla,2019-06-17,452,14.37
TSLA,Tesla,2019-06-24,453,14.88
TSLA,Tesla,2019-07-01,454,15.35
TSLA,Tesla,2019-07-09,455,15.26
TSLA,Tesla,2019-07-16,456,16.62
TSLA,Tesla,2019-07-23,457,17.11
TSLA,Tesla,2019-07-30,458,15.53
TSLA,Tesla,2019-08-06,459,15.46
TSLA,Tesla,2019-08-13,460,15.25
TSLA,Tesla,2019-08-20,461,15.17
TSLA,Tesla,2019-08-27,462,14.38
TSLA,Tesla,2019-09-04,463,15.13
TSLA,Tesla,2019-09-11,464,15.83
TSLA,Tesla,2019-09-18,465,16.33
TSLA,Tesla,2019-09-25,466,14.97
TSLA,Tesla,2019-10-02,467,16.22
TSLA,Tesla,2019-10-09,468,16.09
TSLA,Tesla,2019-10-16,469,17.16
TSLA,Tesla,2019-10-23,470,16.97
TSLA,Tesla,2019-10-30,471,20.87
TSLA,Tesla,2019-11-06,472,21.2
TSLA,Tesla,2019-11-13,473,23.67
TSLA,Tesla,2019-11-20,474,24
TSLA,Tesla,2019-11-27,475,22.07
TSLA,Tesla,2019-12-05,476,22.19
TSLA,Tesla,2019-12-12,477,23.66
TSLA,Tesla,2019-12-19,478,26.49
TSLA,Tesla,2019-12-27,479,29
TSLA,Tesla,2020-01-06,480,29.36
TSLA,Tesla,2020-01-13,481,32.9
TSLA,Tesla,2020-01-21,482,35.35
TSLA,Tesla,2020-01-28,483,37.9
TSLA,Tesla,2020-02-04,484,58.86
TSLA,Tesla,2020-02-11,485,51.25
TSLA,Tesla,2020-02-19,486,61.57
TSLA,Tesla,2020-02-26,487,52.17
TSLA,Tesla,2020-03-04,488,50.93
TSLA,Tesla,2020-03-11,489,42.68
TSLA,Tesla,2020-03-18,490,25.93
TSLA,Tesla,2020-03-25,491,36.35
TSLA,Tesla,2020-04-01,492,33.6
TSLA,Tesla,2020-04-08,493,36.95
TSLA,Tesla,2020-04-16,494,47.8
TSLA,Tesla,2020-04-23,495,48.51
TSLA,Tesla,2020-04-30,496,57.01
TSLA,Tesla,2020-05-07,497,51.81
TSLA,Tesla,2020-05-14,498,52
TSLA,Tesla,2020-05-21,499,54.4
TSLA,Tesla,2020-05-29,500,53.92
TSLA,Tesla,2020-06-05,501,58.52
TSLA,Tesla,2020-06-12,502,65.33
TSLA,Tesla,2020-06-19,503,67.52
TSLA,Tesla,2020-06-26,504,66.32
TSLA,Tesla,2020-07-06,505,85.11
TSLA,Tesla,2020-07-13,506,110.6
TSLA,Tesla,2020-07-20,507,101.27
TSLA,Tesla,2020-07-27,508,95.67
TSLA,Tesla,2020-08-03,509,96.61
TSLA,Tesla,2020-08-10,510,96.53
TSLA,Tesla,2020-08-17,511,111.8
TSLA,Tesla,2020-08-24,512,141.75
TSLA,Tesla,2020-08-31,513,148.2
TSLA,Tesla,2020-09-08,514,118.67
TSLA,Tesla,2020-09-15,515,145.52
TSLA,Tesla,2020-09-22,516,143.2
TSLA,Tesla,2020-09-29,517,138.67
TSLA,Tesla,2020-10-06,518,141.26
TSLA,Tesla,2020-10-13,519,147.78
TSLA,Tesla,2020-10-20,520,143.92
TSLA,Tesla,2020-10-27,521,141.25
TSLA,Tesla,2020-11-03,522,136.58
TSLA,Tesla,2020-11-10,523,140.03
TSLA,Tesla,2020-11-17,524,153.39
TSLA,Tesla,2020-11-24,525,180.13
TSLA,Tesla,2020-12-02,526,185.48
TSLA,Tesla,2020-12-09,527,217.9
TSLA,Tesla,2020-12-16,528,209.41
TSLA,Tesla,2020-12-23,529,210.73
TSLA,Tesla,2020-12-31,530,233.33
TSLA,Tesla,2021-01-08,531,285.33
TSLA,Tesla,2021-01-15,532,284
TSLA,Tesla,2021-01-25,533,285
TSLA,Tesla,2021-02-01,534,271.43
TSLA,Tesla,2021-02-08,535,289.89
TSLA,Tesla,2021-02-16,536,272.67
TSLA,Tesla,2021-02-23,537,220.71
TSLA,Tesla,2021-03-02,538,239.43
TSLA,Tesla,2021-03-09,539,202.73
TSLA,Tesla,2021-03-16,540,234.45
TSLA,Tesla,2021-03-23,541,225.26
TSLA,Tesla,2021-03-30,542,200.58
TSLA,Tesla,2021-04-07,543,229
TSLA,Tesla,2021-04-14,544,256.9
TSLA,Tesla,2021-04-21,545,234.92
TSLA,Tesla,2021-04-28,546,232.14
TSLA,Tesla,2021-05-05,547,227.02
TSLA,Tesla,2021-05-12,548,200.83
TSLA,Tesla,2021-05-19,549,184.18
TSLA,Tesla,2021-05-26,550,202.52
TSLA,Tesla,2021-06-03,551,200.6
TSLA,Tesla,2021-06-10,552,201.29
TSLA,Tesla,2021-06-17,553,200.63
TSLA,Tesla,2021-06-24,554,225
TSLA,Tesla,2021-07-01,555,227.97
TSLA,Tesla,2021-07-09,556,217.73
TSLA,Tesla,2021-07-16,557,218.23
TSLA,Tesla,2021-07-23,558,215.45
TSLA,Tesla,2021-07-30,559,223.92
TSLA,Tesla,2021-08-06,560,237.3
TSLA,Tesla,2021-08-13,561,241.24
TSLA,Tesla,2021-08-20,562,227.62
TSLA,Tesla,2021-08-27,563,235
TSLA,Tesla,2021-09-03,564,244.08
TSLA,Tesla,2021-09-13,565,246.74
TSLA,Tesla,2021-09-20,566,244.85
TSLA,Tesla,2021-09-27,567,257.71
TSLA,Tesla,2021-10-04,568,265.5
TSLA,Tesla,2021-10-11,569,262.55
TSLA,Tesla,2021-10-18,570,283.93
TSLA,Tesla,2021-10-25,571,316.84
TSLA,Tesla,2021-11-01,572,381.67
TSLA,Tesla,2021-11-08,573,383.26
TSLA,Tesla,2021-11-15,574,339.21
TSLA,Tesla,2021-11-22,575,387.44
TSLA,Tesla,2021-11-30,576,381.46
TSLA,Tesla,2021-12-07,577,348.07
TSLA,Tesla,2021-12-14,578,315
TSLA,Tesla,2021-12-21,579,305.62
TSLA,Tesla,2021-12-29,580,366.21
TSLA,Tesla,2022-01-05,581,382.22
TSLA,Tesla,2022-01-12,582,359.62
TSLA,Tesla,2022-01-20,583,336.58
TSLA,Tesla,2022-01-27,584,311.12
TSLA,Tesla,2022-02-03,585,294
TSLA,Tesla,2022-02-10,586,302.79
TSLA,Tesla,2022-02-17,587,304.42
TSLA,Tesla,2022-02-25,588,269.74
TSLA,Tesla,2022-03-04,589,283.03
TSLA,Tesla,2022-03-11,590,280.07
TSLA,Tesla,2022-03-18,591,291.5
TSLA,Tesla,2022-03-25,592,336
TSLA,Tesla,2022-04-01,593,360.38
TSLA,Tesla,2022-04-08,594,347.74
TSLA,Tesla,2022-04-18,595,329.68
TSLA,Tesla,2022-04-25,596,326.32
TSLA,Tesla,2022-05-02,597,286.92
TSLA,Tesla,2022-05-09,598,278.82
TSLA,Tesla,2022-05-16,599,255.72
TSLA,Tesla,2022-05-23,600,218.34
TSLA,Tesla,2022-05-31,601,257.95
TSLA,Tesla,2022-06-07,602,234
TSLA,Tesla,2022-06-14,603,218.29
TSLA,Tesla,2022-06-22,604,234.5
TSLA,Tesla,2022-06-29,605,230.5
TSLA,Tesla,2022-07-07,606,233.92
TSLA,Tesla,2022-07-14,607,234.9
TSLA,Tesla,2022-07-21,608,255.11
TSLA,Tesla,2022-07-28,609,280.07
TSLA,Tesla,2022-08-04,610,311
TSLA,Tesla,2022-08-11,611,296.51
TSLA,Tesla,2022-08-18,612,306
TSLA,Tesla,2022-08-25,613,302.36
TSLA,Tesla,2022-09-01,614,272.58
TSLA,Tesla,2022-09-09,615,291.67
TSLA,Tesla,2022-09-16,616,299.61
TSLA,Tesla,2022-09-23,617,283.09
TSLA,Tesla,2022-09-30,618,266.15
TSLA,Tesla,2022-10-07,619,233.94
TSLA,Tesla,2022-10-14,620,224.01
TSLA,Tesla,2022-10-21,621,206.42
TSLA,Tesla,2022-10-28,622,225.4
TSLA,Tesla,2022-11-04,623,222.6
TSLA,Tesla,2022-11-11,624,186
TSLA,Tesla,2022-11-18,625,185.05
TSLA,Tesla,2022-11-28,626,179.96
TSLA,Tesla,2022-12-05,627,189.44
TSLA,Tesla,2022-12-12,628,176.1
TSLA,Tesla,2022-12-19,629,154
TSLA,Tesla,2022-12-27,630,117.5
TSLA,Tesla,2022-12-29,631,120.39
