State,Code,Tile,Date,Cases per 100k
Alabama,AL,"6,6",2020-03-16,0.08
Alabama,AL,"6,6",2020-03-23,0.49
Alabama,AL,"6,6",2020-03-30,2.19
Alabama,AL,"6,6",2020-04-06,3.08
Alabama,AL,"6,6",2020-04-13,5.24
Alabama,AL,"6,6",2020-04-20,3.71
Alabama,AL,"6,6",2020-04-27,4.26
Alabama,AL,"6,6",2020-05-04,4.58
Alabama,AL,"6,6",2020-05-11,5.98
Alabama,AL,"6,6",2020-05-18,5.6
Alabama,AL,"6,6",2020-05-25,8.45
Alabama,AL,"6,6",2020-06-01,10.34
Alabama,AL,"6,6",2020-06-08,6.97
Alabama,AL,"6,6",2020-06-15,15.58
Alabama,AL,"6,6",2020-06-22,12.18
Alabama,AL,"6,6",2020-06-29,19.58
Alabama,AL,"6,6",2020-07-06,22.44
Alabama,AL,"6,6",2020-07-13,31.08
Alabama,AL,"6,6",2020-07-20,38.88
Alabama,AL,"6,6",2020-07-27,35.62
Alabama,AL,"6,6",2020-08-03,33.64
Alabama,AL,"6,6",2020-08-10,30.18
Alabama,AL,"6,6",2020-08-17,17.43
Alabama,AL,"6,6",2020-08-24,22.45
Alabama,AL,"6,6",2020-08-31,27.24
Alabama,AL,"6,6",2020-09-07,20.15
Alabama,AL,"6,6",2020-09-14,18.9
Alabama,AL,"6,6",2020-09-21,18.42
Alabama,AL,"6,6",2020-09-28,16.23
Alabama,AL,"6,6",2020-10-05,19.61
Alabama,AL,"6,6",2020-10-12,18.54
Alabama,AL,"6,6",2020-10-19,21.59
Alabama,AL,"6,6",2020-10-26,25.77
Alabama,AL,"6,6",2020-11-02,25.75
Alabama,AL,"6,6",2020-11-09,29.03
Alabama,AL,"6,6",2020-11-16,41.88
Alabama,AL,"6,6",2020-11-23,43.26
Alabama,AL,"6,6",2020-11-30,45
Alabama,AL,"6,6",2020-12-07,66.15
Alabama,AL,"6,6",2020-12-14,74.78
Alabama,AL,"6,6",2020-12-21,78.48
Alabama,AL,"6,6",2020-12-28,67.2
Alabama,AL,"6,6",2021-01-04,76.33
Alabama,AL,"6,6",2021-01-11,87.13
Alabama,AL,"6,6",2021-01-18,58.35
Alabama,AL,"6,6",2021-01-25,55.3
Alabama,AL,"6,6",2021-02-01,52.01
Alabama,AL,"6,6",2021-02-08,36.38
Alabama,AL,"6,6",2021-02-15,24.06
Alabama,AL,"6,6",2021-02-22,17.23
Alabama,AL,"6,6",2021-03-01,18.21
Alabama,AL,"6,6",2021-03-08,11.97
Alabama,AL,"6,6",2021-03-15,11.23
Alabama,AL,"6,6",2021-03-22,10.34
Alabama,AL,"6,6",2021-03-29,8.27
Alabama,AL,"6,6",2021-04-05,6.7
Alabama,AL,"6,6",2021-04-12,6.27
Alabama,AL,"6,6",2021-04-19,6.35
Alabama,AL,"6,6",2021-04-26,7.3
Alabama,AL,"6,6",2021-05-03,7.1
Alabama,AL,"6,6",2021-05-10,6.73
Alabama,AL,"6,6",2021-05-17,5.43
Alabama,AL,"6,6",2021-05-24,5.8
Alabama,AL,"6,6",2021-05-31,5.05
Alabama,AL,"6,6",2021-06-07,5.95
Alabama,AL,"6,6",2021-06-14,4.51
Alabama,AL,"6,6",2021-06-21,3.32
Alabama,AL,"6,6",2021-06-28,4.19
Alabama,AL,"6,6",2021-07-05,3.97
Alabama,AL,"6,6",2021-07-12,7.99
Alabama,AL,"6,6",2021-07-19,16.62
Alabama,AL,"6,6",2021-07-26,32.49
Alabama,AL,"6,6",2021-08-02,49.65
Alabama,AL,"6,6",2021-08-09,66.94
Alabama,AL,"6,6",2021-08-16,73.65
Alabama,AL,"6,6",2021-08-23,82.42
Alabama,AL,"6,6",2021-08-30,84.11
Alabama,AL,"6,6",2021-09-06,87.89
Alabama,AL,"6,6",2021-09-13,74.62
Alabama,AL,"6,6",2021-09-20,64.14
Alabama,AL,"6,6",2021-09-27,53.43
Alabama,AL,"6,6",2021-10-04,31.41
Alabama,AL,"6,6",2021-10-11,20.89
Alabama,AL,"6,6",2021-10-18,16.79
Alabama,AL,"6,6",2021-10-25,17.33
Alabama,AL,"6,6",2021-11-01,14.16
Alabama,AL,"6,6",2021-11-08,11.63
Alabama,AL,"6,6",2021-11-15,10.77
Alabama,AL,"6,6",2021-11-22,9.35
Alabama,AL,"6,6",2021-11-29,6.19
Alabama,AL,"6,6",2021-12-06,10.18
Alabama,AL,"6,6",2021-12-13,11.06
Alabama,AL,"6,6",2021-12-20,14.51
Alabama,AL,"6,6",2021-12-27,35.64
Alabama,AL,"6,6",2022-01-03,125.21
Alabama,AL,"6,6",2022-01-10,207.68
Alabama,AL,"6,6",2022-01-17,232.08
Alabama,AL,"6,6",2022-01-24,258.18
Alabama,AL,"6,6",2022-01-31,189.7
Alabama,AL,"6,6",2022-02-07,80.47
Alabama,AL,"6,6",2022-02-14,52.21
Alabama,AL,"6,6",2022-02-21,28.23
Alabama,AL,"6,6",2022-02-28,17.72
Alabama,AL,"6,6",2022-03-07,12.92
Alabama,AL,"6,6",2022-03-14,8.32
Alabama,AL,"6,6",2022-03-21,5.98
Alabama,AL,"6,6",2022-03-28,3.66
Alabama,AL,"6,6",2022-04-04,3.99
Alabama,AL,"6,6",2022-04-11,3.47
Alabama,AL,"6,6",2022-04-18,3.32
Alabama,AL,"6,6",2022-04-25,3.25
Alabama,AL,"6,6",2022-05-02,3.95
Alabama,AL,"6,6",2022-05-09,5.17
Alabama,AL,"6,6",2022-05-16,7.92
Alabama,AL,"6,6",2022-05-23,10.26
Alabama,AL,"6,6",2022-05-30,13.27
Alabama,AL,"6,6",2022-06-06,16.87
Alabama,AL,"6,6",2022-06-13,22.18
Alabama,AL,"6,6",2022-06-20,28.72
Alabama,AL,"6,6",2022-06-27,36.59
Alabama,AL,"6,6",2022-07-04,33.95
Alabama,AL,"6,6",2022-07-11,46.24
Alabama,AL,"6,6",2022-07-18,52.52
Alabama,AL,"6,6",2022-07-25,49.94
Alabama,AL,"6,6",2022-08-01,48.69
Alabama,AL,"6,6",2022-08-08,42.82
Alabama,AL,"6,6",2022-08-15,38.91
Alabama,AL,"6,6",2022-08-22,37.73
Alabama,AL,"6,6",2022-08-29,45.66
Alabama,AL,"6,6",2022-09-05,42.55
Alabama,AL,"6,6",2022-09-12,24.5
Alabama,AL,"6,6",2022-09-19,18.9
Alabama,AL,"6,6",2022-09-26,15.43
Alabama,AL,"6,6",2022-10-03,11.07
Alabama,AL,"6,6",2022-10-10,10.2
Alabama,AL,"6,6",2022-10-17,7.26
Alabama,AL,"6,6",2022-10-24,7.48
Alabama,AL,"6,6",2022-10-31,8.69
Alabama,AL,"6,6",2022-11-07,8.69
Alabama,AL,"6,6",2022-11-14,8.8
Alabama,AL,"6,6",2022-11-21,8.1
Alabama,AL,"6,6",2022-11-28,8.37
Alabama,AL,"6,6",2022-12-05,12.2
Alabama,AL,"6,6",2022-12-12,16.92
Alabama,AL,"6,6",2022-12-19,18.84
Alabama,AL,"6,6",2022-12-26,21.49
Alabama,AL,"6,6",2023-01-02,11.99
Alabama,AL,"6,6",2023-01-09,26.64
Alabama,AL,"6,6",2023-01-16,26
Alabama,AL,"6,6",2023-01-23,19.64
Alabama,AL,"6,6",2023-01-30,22.27
Alabama,AL,"6,6",2023-02-06,21.31
Alabama,AL,"6,6",2023-02-13,28.61
Alabama,AL,"6,6",2023-02-20,17.69
Alabama,AL,"6,6",2023-02-27,13.42
Alabama,AL,"6,6",2023-03-06,10.82
Alabama,AL,"6,6",2023-03-13,7.2
Alabama,AL,"6,6",2023-03-20,5.51
Alaska,AK,"0,0",2020-03-16,0.06
Alaska,AK,"0,0",2020-03-23,0.64
Alaska,AK,"0,0",2020-03-30,1.64
Alaska,AK,"0,0",2020-04-06,1.35
Alaska,AK,"0,0",2020-04-13,1.68
Alaska,AK,"0,0",2020-04-20,0.86
Alaska,AK,"0,0",2020-04-27,0.47
Alaska,AK,"0,0",2020-05-04,0.49
Alaska,AK,"0,0",2020-05-11,0.23
Alaska,AK,"0,0",2020-05-18,0.37
Alaska,AK,"0,0",2020-05-25,0.25
Alaska,AK,"0,0",2020-06-01,1.25
Alaska,AK,"0,0",2020-06-08,2.56
Alaska,AK,"0,0",2020-06-15,2.56
Alaska,AK,"0,0",2020-06-22,2.56
Alaska,AK,"0,0",2020-06-29,4.22
Alaska,AK,"0,0",2020-07-06,6.17
Alaska,AK,"0,0",2020-07-13,8.63
Alaska,AK,"0,0",2020-07-20,11.11
Alaska,AK,"0,0",2020-07-27,15.47
Alaska,AK,"0,0",2020-08-03,16.76
Alaska,AK,"0,0",2020-08-10,9.28
Alaska,AK,"0,0",2020-08-17,11.15
Alaska,AK,"0,0",2020-08-24,10.12
Alaska,AK,"0,0",2020-08-31,10.23
Alaska,AK,"0,0",2020-09-07,10.97
Alaska,AK,"0,0",2020-09-14,11.25
Alaska,AK,"0,0",2020-09-21,10.97
Alaska,AK,"0,0",2020-09-28,13.71
Alaska,AK,"0,0",2020-10-05,20.19
Alaska,AK,"0,0",2020-10-12,25.27
Alaska,AK,"0,0",2020-10-19,26.03
Alaska,AK,"0,0",2020-10-26,42.53
Alaska,AK,"0,0",2020-11-02,51.4
Alaska,AK,"0,0",2020-11-09,63.21
Alaska,AK,"0,0",2020-11-16,79.73
Alaska,AK,"0,0",2020-11-23,75.38
Alaska,AK,"0,0",2020-11-30,83.56
Alaska,AK,"0,0",2020-12-07,96.53
Alaska,AK,"0,0",2020-12-14,78.37
Alaska,AK,"0,0",2020-12-21,47.61
Alaska,AK,"0,0",2020-12-28,36.58
Alaska,AK,"0,0",2021-01-04,47.57
Alaska,AK,"0,0",2021-01-11,39.08
Alaska,AK,"0,0",2021-01-18,32.69
Alaska,AK,"0,0",2021-01-25,24.92
Alaska,AK,"0,0",2021-02-01,20.11
Alaska,AK,"0,0",2021-02-08,25.05
Alaska,AK,"0,0",2021-02-15,22.03
Alaska,AK,"0,0",2021-02-22,17.88
Alaska,AK,"0,0",2021-03-01,17.83
Alaska,AK,"0,0",2021-03-08,19.16
Alaska,AK,"0,0",2021-03-15,18.83
Alaska,AK,"0,0",2021-03-22,16.79
Alaska,AK,"0,0",2021-03-29,20.72
Alaska,AK,"0,0",2021-04-05,23.81
Alaska,AK,"0,0",2021-04-12,22.83
Alaska,AK,"0,0",2021-04-19,23.04
Alaska,AK,"0,0",2021-04-26,22.11
Alaska,AK,"0,0",2021-05-03,17.67
Alaska,AK,"0,0",2021-05-10,13.42
Alaska,AK,"0,0",2021-05-17,9.24
Alaska,AK,"0,0",2021-05-24,7.66
Alaska,AK,"0,0",2021-05-31,5.82
Alaska,AK,"0,0",2021-06-07,4.24
Alaska,AK,"0,0",2021-06-14,3.81
Alaska,AK,"0,0",2021-06-21,4.69
Alaska,AK,"0,0",2021-06-28,4.08
Alaska,AK,"0,0",2021-07-05,5.64
Alaska,AK,"0,0",2021-07-12,7.07
Alaska,AK,"0,0",2021-07-19,19.33
Alaska,AK,"0,0",2021-07-26,28.82
Alaska,AK,"0,0",2021-08-02,35.97
Alaska,AK,"0,0",2021-08-09,42.71
Alaska,AK,"0,0",2021-08-16,47.28
Alaska,AK,"0,0",2021-08-23,65.89
Alaska,AK,"0,0",2021-08-30,70.73
Alaska,AK,"0,0",2021-09-06,75.61
Alaska,AK,"0,0",2021-09-13,81.35
Alaska,AK,"0,0",2021-09-20,113.65
Alaska,AK,"0,0",2021-09-27,179.44
Alaska,AK,"0,0",2021-10-04,121.31
Alaska,AK,"0,0",2021-10-11,120.43
Alaska,AK,"0,0",2021-10-18,124.92
Alaska,AK,"0,0",2021-10-25,97.96
Alaska,AK,"0,0",2021-11-01,86.78
Alaska,AK,"0,0",2021-11-08,78.46
Alaska,AK,"0,0",2021-11-15,54.11
Alaska,AK,"0,0",2021-11-22,50.15
Alaska,AK,"0,0",2021-11-29,38.59
Alaska,AK,"0,0",2021-12-06,33.26
Alaska,AK,"0,0",2021-12-13,25.13
Alaska,AK,"0,0",2021-12-20,23.84
Alaska,AK,"0,0",2021-12-27,21.44
Alaska,AK,"0,0",2022-01-03,75.65
Alaska,AK,"0,0",2022-01-10,165.79
Alaska,AK,"0,0",2022-01-17,258.14
Alaska,AK,"0,0",2022-01-24,304.71
Alaska,AK,"0,0",2022-01-31,310.07
Alaska,AK,"0,0",2022-02-07,214.28
Alaska,AK,"0,0",2022-02-14,100.06
Alaska,AK,"0,0",2022-02-21,74.75
Alaska,AK,"0,0",2022-02-28,46.97
Alaska,AK,"0,0",2022-03-07,33.74
Alaska,AK,"0,0",2022-03-14,24.76
Alaska,AK,"0,0",2022-03-21,25.66
Alaska,AK,"0,0",2022-03-28,28.98
Alaska,AK,"0,0",2022-04-04,26.25
Alaska,AK,"0,0",2022-04-11,28.49
Alaska,AK,"0,0",2022-04-18,25.33
Alaska,AK,"0,0",2022-04-25,29.8
Alaska,AK,"0,0",2022-05-02,29.04
Alaska,AK,"0,0",2022-05-09,28.49
Alaska,AK,"0,0",2022-05-16,31.64
Alaska,AK,"0,0",2022-05-23,38.04
Alaska,AK,"0,0",2022-05-30,39.37
Alaska,AK,"0,0",2022-06-06,39.23
Alaska,AK,"0,0",2022-06-13,48.06
Alaska,AK,"0,0",2022-06-20,42.45
Alaska,AK,"0,0",2022-06-27,50.25
Alaska,AK,"0,0",2022-07-04,60.52
Alaska,AK,"0,0",2022-07-11,56.75
Alaska,AK,"0,0",2022-07-18,58.47
Alaska,AK,"0,0",2022-07-25,56.34
Alaska,AK,"0,0",2022-08-01,47.59
Alaska,AK,"0,0",2022-08-08,61.65
Alaska,AK,"0,0",2022-08-15,43.53
Alaska,AK,"0,0",2022-08-22,36.09
Alaska,AK,"0,0",2022-08-29,42.81
Alaska,AK,"0,0",2022-09-05,27.77
Alaska,AK,"0,0",2022-09-12,21.42
Alaska,AK,"0,0",2022-09-19,23.57
Alaska,AK,"0,0",2022-09-26,14.76
Alaska,AK,"0,0",2022-10-03,11.99
Alaska,AK,"0,0",2022-10-10,13.38
Alaska,AK,"0,0",2022-10-17,11.01
Alaska,AK,"0,0",2022-10-24,6.93
Alaska,AK,"0,0",2022-10-31,7.5
Alaska,AK,"0,0",2022-11-07,7.15
Alaska,AK,"0,0",2022-11-14,5.15
Alaska,AK,"0,0",2022-11-21,8.63
Alaska,AK,"0,0",2022-11-28,8.4
Alaska,AK,"0,0",2022-12-05,7.75
Alaska,AK,"0,0",2022-12-12,9.65
Alaska,AK,"0,0",2022-12-19,6.62
Alaska,AK,"0,0",2022-12-26,7.38
Alaska,AK,"0,0",2023-01-02,6.35
Alaska,AK,"0,0",2023-01-09,7.11
Alaska,AK,"0,0",2023-01-16,9.1
Alaska,AK,"0,0",2023-01-23,12.67
Alaska,AK,"0,0",2023-01-30,12.58
Alaska,AK,"0,0",2023-02-06,15.31
Alaska,AK,"0,0",2023-02-13,13.45
Alaska,AK,"0,0",2023-02-20,15.25
Alaska,AK,"0,0",2023-02-27,15.17
Alaska,AK,"0,0",2023-03-06,8.77
Alaska,AK,"0,0",2023-03-13,11.35
Alaska,AK,"0,0",2023-03-20,8.61
Arizona,AZ,"5,1",2020-03-02,0
Arizona,AZ,"5,1",2020-03-09,0
Arizona,AZ,"5,1",2020-03-16,0.02
Arizona,AZ,"5,1",2020-03-23,0.42
Arizona,AZ,"5,1",2020-03-30,1.84
Arizona,AZ,"5,1",2020-04-06,2.55
Arizona,AZ,"5,1",2020-04-13,2.43
Arizona,AZ,"5,1",2020-04-20,2.67
Arizona,AZ,"5,1",2020-04-27,3.24
Arizona,AZ,"5,1",2020-05-04,4.32
Arizona,AZ,"5,1",2020-05-11,4.83
Arizona,AZ,"5,1",2020-05-18,5.48
Arizona,AZ,"5,1",2020-05-25,4.69
Arizona,AZ,"5,1",2020-06-01,6.99
Arizona,AZ,"5,1",2020-06-08,14.99
Arizona,AZ,"5,1",2020-06-15,18.14
Arizona,AZ,"5,1",2020-06-22,34.86
Arizona,AZ,"5,1",2020-06-29,38.93
Arizona,AZ,"5,1",2020-07-06,52.87
Arizona,AZ,"5,1",2020-07-13,43.91
Arizona,AZ,"5,1",2020-07-20,42.01
Arizona,AZ,"5,1",2020-07-27,36.5
Arizona,AZ,"5,1",2020-08-03,30.59
Arizona,AZ,"5,1",2020-08-10,15.95
Arizona,AZ,"5,1",2020-08-17,12.55
Arizona,AZ,"5,1",2020-08-24,8.62
Arizona,AZ,"5,1",2020-08-31,6.76
Arizona,AZ,"5,1",2020-09-07,8.06
Arizona,AZ,"5,1",2020-09-14,5.41
Arizona,AZ,"5,1",2020-09-21,11.48
Arizona,AZ,"5,1",2020-09-28,6.4
Arizona,AZ,"5,1",2020-10-05,7.02
Arizona,AZ,"5,1",2020-10-12,9.78
Arizona,AZ,"5,1",2020-10-19,11.5
Arizona,AZ,"5,1",2020-10-26,14.25
Arizona,AZ,"5,1",2020-11-02,17.86
Arizona,AZ,"5,1",2020-11-09,24.24
Arizona,AZ,"5,1",2020-11-16,32.45
Arizona,AZ,"5,1",2020-11-23,51.05
Arizona,AZ,"5,1",2020-11-30,46.83
Arizona,AZ,"5,1",2020-12-07,77.17
Arizona,AZ,"5,1",2020-12-14,106.17
Arizona,AZ,"5,1",2020-12-21,80.25
Arizona,AZ,"5,1",2020-12-28,84.93
Arizona,AZ,"5,1",2021-01-04,111.73
Arizona,AZ,"5,1",2021-01-11,129.99
Arizona,AZ,"5,1",2021-01-18,101.1
Arizona,AZ,"5,1",2021-01-25,96.07
Arizona,AZ,"5,1",2021-02-01,67.18
Arizona,AZ,"5,1",2021-02-08,40.77
Arizona,AZ,"5,1",2021-02-15,30.65
Arizona,AZ,"5,1",2021-02-22,21.7
Arizona,AZ,"5,1",2021-03-01,16.43
Arizona,AZ,"5,1",2021-03-08,17.6
Arizona,AZ,"5,1",2021-03-15,12.08
Arizona,AZ,"5,1",2021-03-22,6.57
Arizona,AZ,"5,1",2021-03-29,7.39
Arizona,AZ,"5,1",2021-04-05,8.67
Arizona,AZ,"5,1",2021-04-12,9.11
Arizona,AZ,"5,1",2021-04-19,8.26
Arizona,AZ,"5,1",2021-04-26,9.88
Arizona,AZ,"5,1",2021-05-03,9.99
Arizona,AZ,"5,1",2021-05-10,9.6
Arizona,AZ,"5,1",2021-05-17,7.8
Arizona,AZ,"5,1",2021-05-24,7.33
Arizona,AZ,"5,1",2021-05-31,8.38
Arizona,AZ,"5,1",2021-06-07,5.39
Arizona,AZ,"5,1",2021-06-14,5.79
Arizona,AZ,"5,1",2021-06-21,5.82
Arizona,AZ,"5,1",2021-06-28,6.77
Arizona,AZ,"5,1",2021-07-05,6.77
Arizona,AZ,"5,1",2021-07-12,8.93
Arizona,AZ,"5,1",2021-07-19,15.15
Arizona,AZ,"5,1",2021-07-26,18.31
Arizona,AZ,"5,1",2021-08-02,25.08
Arizona,AZ,"5,1",2021-08-09,33.09
Arizona,AZ,"5,1",2021-08-16,38.5
Arizona,AZ,"5,1",2021-08-23,40.93
Arizona,AZ,"5,1",2021-08-30,43.94
Arizona,AZ,"5,1",2021-09-06,42.6
Arizona,AZ,"5,1",2021-09-13,35.47
Arizona,AZ,"5,1",2021-09-20,35.22
Arizona,AZ,"5,1",2021-09-27,34.36
Arizona,AZ,"5,1",2021-10-04,35.73
Arizona,AZ,"5,1",2021-10-11,31.06
Arizona,AZ,"5,1",2021-10-18,30.53
Arizona,AZ,"5,1",2021-10-25,27.49
Arizona,AZ,"5,1",2021-11-01,41.23
Arizona,AZ,"5,1",2021-11-08,41.95
Arizona,AZ,"5,1",2021-11-15,48.73
Arizona,AZ,"5,1",2021-11-22,54.83
Arizona,AZ,"5,1",2021-11-29,42.55
Arizona,AZ,"5,1",2021-12-06,55.48
Arizona,AZ,"5,1",2021-12-13,46.13
Arizona,AZ,"5,1",2021-12-20,40.04
Arizona,AZ,"5,1",2021-12-27,46.54
Arizona,AZ,"5,1",2022-01-03,82.25
Arizona,AZ,"5,1",2022-01-10,170.4
Arizona,AZ,"5,1",2022-01-17,256.01
Arizona,AZ,"5,1",2022-01-24,285.46
Arizona,AZ,"5,1",2022-01-31,202.83
Arizona,AZ,"5,1",2022-02-07,101.68
Arizona,AZ,"5,1",2022-02-14,60.29
Arizona,AZ,"5,1",2022-02-21,28.53
Arizona,AZ,"5,1",2022-02-28,22.04
Arizona,AZ,"5,1",2022-03-07,17.84
Arizona,AZ,"5,1",2022-03-14,12.85
Arizona,AZ,"5,1",2022-03-21,10.11
Arizona,AZ,"5,1",2022-03-28,8.96
Arizona,AZ,"5,1",2022-04-04,8.96
Arizona,AZ,"5,1",2022-04-11,7.23
Arizona,AZ,"5,1",2022-04-18,5.45
Arizona,AZ,"5,1",2022-04-25,4.67
Arizona,AZ,"5,1",2022-05-02,4.61
Arizona,AZ,"5,1",2022-05-09,7.68
Arizona,AZ,"5,1",2022-05-16,10.78
Arizona,AZ,"5,1",2022-05-23,14.14
Arizona,AZ,"5,1",2022-05-30,22.57
Arizona,AZ,"5,1",2022-06-06,25.6
Arizona,AZ,"5,1",2022-06-13,28.81
Arizona,AZ,"5,1",2022-06-20,32.06
Arizona,AZ,"5,1",2022-06-27,30.17
Arizona,AZ,"5,1",2022-07-04,32.41
Arizona,AZ,"5,1",2022-07-11,32.77
Arizona,AZ,"5,1",2022-07-18,29.99
Arizona,AZ,"5,1",2022-07-25,35.59
Arizona,AZ,"5,1",2022-08-01,33.85
Arizona,AZ,"5,1",2022-08-08,29.51
Arizona,AZ,"5,1",2022-08-15,26.5
Arizona,AZ,"5,1",2022-08-22,24.03
Arizona,AZ,"5,1",2022-08-29,16.69
Arizona,AZ,"5,1",2022-09-05,17
Arizona,AZ,"5,1",2022-09-12,7.2
Arizona,AZ,"5,1",2022-09-19,12.01
Arizona,AZ,"5,1",2022-09-26,7.85
Arizona,AZ,"5,1",2022-10-03,6.68
Arizona,AZ,"5,1",2022-10-10,7.21
Arizona,AZ,"5,1",2022-10-17,4.71
Arizona,AZ,"5,1",2022-10-24,10.67
Arizona,AZ,"5,1",2022-10-31,9.45
Arizona,AZ,"5,1",2022-11-07,10.07
Arizona,AZ,"5,1",2022-11-14,14.45
Arizona,AZ,"5,1",2022-11-21,21.15
Arizona,AZ,"5,1",2022-11-28,26.32
Arizona,AZ,"5,1",2022-12-05,25.49
Arizona,AZ,"5,1",2022-12-12,31.37
Arizona,AZ,"5,1",2022-12-19,22.67
Arizona,AZ,"5,1",2022-12-26,16.25
Arizona,AZ,"5,1",2023-01-02,9.76
Arizona,AZ,"5,1",2023-01-09,12.14
Arizona,AZ,"5,1",2023-01-16,14.47
Arizona,AZ,"5,1",2023-01-23,5.4
Arizona,AZ,"5,1",2023-01-30,6.98
Arizona,AZ,"5,1",2023-02-06,6.06
Arizona,AZ,"5,1",2023-02-13,6.08
Arizona,AZ,"5,1",2023-02-20,6.63
Arizona,AZ,"5,1",2023-02-27,6.63
Arizona,AZ,"5,1",2023-03-06,5.98
Arizona,AZ,"5,1",2023-03-13,7.56
Arizona,AZ,"5,1",2023-03-20,8.36
Arkansas,AR,"5,4",2020-03-16,0.1
Arkansas,AR,"5,4",2020-03-23,0.85
Arkansas,AR,"5,4",2020-03-30,1.45
Arkansas,AR,"5,4",2020-04-06,1.98
Arkansas,AR,"5,4",2020-04-13,2.59
Arkansas,AR,"5,4",2020-04-20,2.35
Arkansas,AR,"5,4",2020-04-27,5.2
Arkansas,AR,"5,4",2020-05-04,1.89
Arkansas,AR,"5,4",2020-05-11,2.72
Arkansas,AR,"5,4",2020-05-18,3.65
Arkansas,AR,"5,4",2020-05-25,5.76
Arkansas,AR,"5,4",2020-06-01,6.69
Arkansas,AR,"5,4",2020-06-08,10.87
Arkansas,AR,"5,4",2020-06-15,15.04
Arkansas,AR,"5,4",2020-06-22,14.99
Arkansas,AR,"5,4",2020-06-29,19.76
Arkansas,AR,"5,4",2020-07-06,18.92
Arkansas,AR,"5,4",2020-07-13,22.18
Arkansas,AR,"5,4",2020-07-20,23.61
Arkansas,AR,"5,4",2020-07-27,26.13
Arkansas,AR,"5,4",2020-08-03,24.38
Arkansas,AR,"5,4",2020-08-10,25.71
Arkansas,AR,"5,4",2020-08-17,19.38
Arkansas,AR,"5,4",2020-08-24,18.07
Arkansas,AR,"5,4",2020-08-31,20.5
Arkansas,AR,"5,4",2020-09-07,23.93
Arkansas,AR,"5,4",2020-09-14,20.58
Arkansas,AR,"5,4",2020-09-21,27.16
Arkansas,AR,"5,4",2020-09-28,26.91
Arkansas,AR,"5,4",2020-10-05,25.47
Arkansas,AR,"5,4",2020-10-12,28.67
Arkansas,AR,"5,4",2020-10-19,28.92
Arkansas,AR,"5,4",2020-10-26,33.75
Arkansas,AR,"5,4",2020-11-02,32.73
Arkansas,AR,"5,4",2020-11-09,43.41
Arkansas,AR,"5,4",2020-11-16,54.61
Arkansas,AR,"5,4",2020-11-23,56.06
Arkansas,AR,"5,4",2020-11-30,52.87
Arkansas,AR,"5,4",2020-12-07,69.51
Arkansas,AR,"5,4",2020-12-14,71.08
Arkansas,AR,"5,4",2020-12-21,75.98
Arkansas,AR,"5,4",2020-12-28,63.53
Arkansas,AR,"5,4",2021-01-04,86.41
Arkansas,AR,"5,4",2021-01-11,102.08
Arkansas,AR,"5,4",2021-01-18,75.36
Arkansas,AR,"5,4",2021-01-25,58.88
Arkansas,AR,"5,4",2021-02-01,55.82
Arkansas,AR,"5,4",2021-02-08,51.5
Arkansas,AR,"5,4",2021-02-15,28.28
Arkansas,AR,"5,4",2021-02-22,11.41
Arkansas,AR,"5,4",2021-03-01,17.87
Arkansas,AR,"5,4",2021-03-08,11.56
Arkansas,AR,"5,4",2021-03-15,9.98
Arkansas,AR,"5,4",2021-03-22,7.8
Arkansas,AR,"5,4",2021-03-29,6.16
Arkansas,AR,"5,4",2021-04-05,5.16
Arkansas,AR,"5,4",2021-04-12,5.32
Arkansas,AR,"5,4",2021-04-19,6.1
Arkansas,AR,"5,4",2021-04-26,5.96
Arkansas,AR,"5,4",2021-05-03,6.61
Arkansas,AR,"5,4",2021-05-10,6.72
Arkansas,AR,"5,4",2021-05-17,5.98
Arkansas,AR,"5,4",2021-05-24,6.33
Arkansas,AR,"5,4",2021-05-31,5.66
Arkansas,AR,"5,4",2021-06-07,5.27
Arkansas,AR,"5,4",2021-06-14,7.44
Arkansas,AR,"5,4",2021-06-21,7.71
Arkansas,AR,"5,4",2021-06-28,11.95
Arkansas,AR,"5,4",2021-07-05,17.07
Arkansas,AR,"5,4",2021-07-12,26.74
Arkansas,AR,"5,4",2021-07-19,36.26
Arkansas,AR,"5,4",2021-07-26,51.31
Arkansas,AR,"5,4",2021-08-02,63
Arkansas,AR,"5,4",2021-08-09,75.7
Arkansas,AR,"5,4",2021-08-16,72.86
Arkansas,AR,"5,4",2021-08-23,73.75
Arkansas,AR,"5,4",2021-08-30,66.38
Arkansas,AR,"5,4",2021-09-06,68.48
Arkansas,AR,"5,4",2021-09-13,51.67
Arkansas,AR,"5,4",2021-09-20,46.42
Arkansas,AR,"5,4",2021-09-27,36.3
Arkansas,AR,"5,4",2021-10-04,24.32
Arkansas,AR,"5,4",2021-10-11,22.87
Arkansas,AR,"5,4",2021-10-18,18.98
Arkansas,AR,"5,4",2021-10-25,15.66
Arkansas,AR,"5,4",2021-11-01,13.95
Arkansas,AR,"5,4",2021-11-08,14.36
Arkansas,AR,"5,4",2021-11-15,16.69
Arkansas,AR,"5,4",2021-11-22,21.44
Arkansas,AR,"5,4",2021-11-29,15.88
Arkansas,AR,"5,4",2021-12-06,27.76
Arkansas,AR,"5,4",2021-12-13,23.87
Arkansas,AR,"5,4",2021-12-20,25.47
Arkansas,AR,"5,4",2021-12-27,34.61
Arkansas,AR,"5,4",2022-01-03,109.72
Arkansas,AR,"5,4",2022-01-10,224.84
Arkansas,AR,"5,4",2022-01-17,296.84
Arkansas,AR,"5,4",2022-01-24,270.32
Arkansas,AR,"5,4",2022-01-31,165.11
Arkansas,AR,"5,4",2022-02-07,86.69
Arkansas,AR,"5,4",2022-02-14,59.84
Arkansas,AR,"5,4",2022-02-21,35.92
Arkansas,AR,"5,4",2022-02-28,22.18
Arkansas,AR,"5,4",2022-03-07,16.8
Arkansas,AR,"5,4",2022-03-14,16.01
Arkansas,AR,"5,4",2022-03-21,19.78
Arkansas,AR,"5,4",2022-03-28,7.02
Arkansas,AR,"5,4",2022-04-04,2.79
Arkansas,AR,"5,4",2022-04-11,2.63
Arkansas,AR,"5,4",2022-04-18,2.55
Arkansas,AR,"5,4",2022-04-25,3.69
Arkansas,AR,"5,4",2022-05-02,4.49
Arkansas,AR,"5,4",2022-05-09,5.84
Arkansas,AR,"5,4",2022-05-16,6.95
Arkansas,AR,"5,4",2022-05-23,9.44
Arkansas,AR,"5,4",2022-05-30,11.86
Arkansas,AR,"5,4",2022-06-06,13.9
Arkansas,AR,"5,4",2022-06-13,20.9
Arkansas,AR,"5,4",2022-06-20,23.71
Arkansas,AR,"5,4",2022-06-27,27.74
Arkansas,AR,"5,4",2022-07-04,34.87
Arkansas,AR,"5,4",2022-07-11,43.97
Arkansas,AR,"5,4",2022-07-18,44.1
Arkansas,AR,"5,4",2022-07-25,42.14
Arkansas,AR,"5,4",2022-08-01,39
Arkansas,AR,"5,4",2022-08-08,31.89
Arkansas,AR,"5,4",2022-08-15,29.7
Arkansas,AR,"5,4",2022-08-22,28.35
Arkansas,AR,"5,4",2022-08-29,31.07
Arkansas,AR,"5,4",2022-09-05,32.43
Arkansas,AR,"5,4",2022-09-12,24.41
Arkansas,AR,"5,4",2022-09-19,21.26
Arkansas,AR,"5,4",2022-09-26,15.72
Arkansas,AR,"5,4",2022-10-03,10.54
Arkansas,AR,"5,4",2022-10-10,9.72
Arkansas,AR,"5,4",2022-10-17,8.79
Arkansas,AR,"5,4",2022-10-24,9.55
Arkansas,AR,"5,4",2022-10-31,8.54
Arkansas,AR,"5,4",2022-11-07,9.72
Arkansas,AR,"5,4",2022-11-14,9.09
Arkansas,AR,"5,4",2022-11-21,8.54
Arkansas,AR,"5,4",2022-11-28,9.43
Arkansas,AR,"5,4",2022-12-05,16.87
Arkansas,AR,"5,4",2022-12-12,17.06
Arkansas,AR,"5,4",2022-12-19,17.55
Arkansas,AR,"5,4",2022-12-26,16.39
Arkansas,AR,"5,4",2023-01-02,18.85
Arkansas,AR,"5,4",2023-01-09,15.77
Arkansas,AR,"5,4",2023-01-16,12.68
Arkansas,AR,"5,4",2023-01-23,11.15
Arkansas,AR,"5,4",2023-01-30,9.9
Arkansas,AR,"5,4",2023-02-06,7.43
Arkansas,AR,"5,4",2023-02-13,8.38
Arkansas,AR,"5,4",2023-02-20,10.43
Arkansas,AR,"5,4",2023-02-27,10.72
Arkansas,AR,"5,4",2023-03-06,7.07
Arkansas,AR,"5,4",2023-03-13,7.31
Arkansas,AR,"5,4",2023-03-20,5.22
California,CA,"4,0",2020-03-02,0.01
California,CA,"4,0",2020-03-09,0.05
California,CA,"4,0",2020-03-16,0.15
California,CA,"4,0",2020-03-23,0.6
California,CA,"4,0",2020-03-30,1.87
California,CA,"4,0",2020-04-06,3.23
California,CA,"4,0",2020-04-13,2.88
California,CA,"4,0",2020-04-20,3.44
California,CA,"4,0",2020-04-27,4.1
California,CA,"4,0",2020-05-04,4.02
California,CA,"4,0",2020-05-11,4.77
California,CA,"4,0",2020-05-18,4.49
California,CA,"4,0",2020-05-25,5.45
California,CA,"4,0",2020-06-01,6.73
California,CA,"4,0",2020-06-08,6.74
California,CA,"4,0",2020-06-15,7.73
California,CA,"4,0",2020-06-22,10.47
California,CA,"4,0",2020-06-29,14.24
California,CA,"4,0",2020-07-06,19.48
California,CA,"4,0",2020-07-13,21.09
California,CA,"4,0",2020-07-20,23.14
California,CA,"4,0",2020-07-27,24.19
California,CA,"4,0",2020-08-03,19.93
California,CA,"4,0",2020-08-10,18.81
California,CA,"4,0",2020-08-17,21.95
California,CA,"4,0",2020-08-24,14.91
California,CA,"4,0",2020-08-31,13.13
California,CA,"4,0",2020-09-07,10.9
California,CA,"4,0",2020-09-14,8.81
California,CA,"4,0",2020-09-21,9.1
California,CA,"4,0",2020-09-28,8.16
California,CA,"4,0",2020-10-05,8.29
California,CA,"4,0",2020-10-12,8.04
California,CA,"4,0",2020-10-19,8.21
California,CA,"4,0",2020-10-26,11.22
California,CA,"4,0",2020-11-02,11.01
California,CA,"4,0",2020-11-09,15
California,CA,"4,0",2020-11-16,22.33
California,CA,"4,0",2020-11-23,32.22
California,CA,"4,0",2020-11-30,36.42
California,CA,"4,0",2020-12-07,58.57
California,CA,"4,0",2020-12-14,80.15
California,CA,"4,0",2020-12-21,112.9
California,CA,"4,0",2020-12-28,99.74
California,CA,"4,0",2021-01-04,96.03
California,CA,"4,0",2021-01-11,106.96
California,CA,"4,0",2021-01-18,94.68
California,CA,"4,0",2021-01-25,65.29
California,CA,"4,0",2021-02-01,46.54
California,CA,"4,0",2021-02-08,32.37
California,CA,"4,0",2021-02-15,21.46
California,CA,"4,0",2021-02-22,16.81
California,CA,"4,0",2021-03-01,13.28
California,CA,"4,0",2021-03-08,10.93
California,CA,"4,0",2021-03-15,8.11
California,CA,"4,0",2021-03-22,6.96
California,CA,"4,0",2021-03-29,6.68
California,CA,"4,0",2021-04-05,6.84
California,CA,"4,0",2021-04-12,7.67
California,CA,"4,0",2021-04-19,6.01
California,CA,"4,0",2021-04-26,5.74
California,CA,"4,0",2021-05-03,4.61
California,CA,"4,0",2021-05-10,4.7
California,CA,"4,0",2021-05-17,3.6
California,CA,"4,0",2021-05-24,3.07
California,CA,"4,0",2021-05-31,2.6
California,CA,"4,0",2021-06-07,2.62
California,CA,"4,0",2021-06-14,2.3
California,CA,"4,0",2021-06-21,2.36
California,CA,"4,0",2021-06-28,2.76
California,CA,"4,0",2021-07-05,2.94
California,CA,"4,0",2021-07-12,4.97
California,CA,"4,0",2021-07-19,11.23
California,CA,"4,0",2021-07-26,18.5
California,CA,"4,0",2021-08-02,25.26
California,CA,"4,0",2021-08-09,29.32
California,CA,"4,0",2021-08-16,30.91
California,CA,"4,0",2021-08-23,34.59
California,CA,"4,0",2021-08-30,34.83
California,CA,"4,0",2021-09-06,31.79
California,CA,"4,0",2021-09-13,26.65
California,CA,"4,0",2021-09-20,23.1
California,CA,"4,0",2021-09-27,19.57
California,CA,"4,0",2021-10-04,17.16
California,CA,"4,0",2021-10-11,14.67
California,CA,"4,0",2021-10-18,14.34
California,CA,"4,0",2021-10-25,10
California,CA,"4,0",2021-11-01,22.12
California,CA,"4,0",2021-11-08,16.08
California,CA,"4,0",2021-11-15,13.1
California,CA,"4,0",2021-11-22,13.32
California,CA,"4,0",2021-11-29,10.52
California,CA,"4,0",2021-12-06,17.51
California,CA,"4,0",2021-12-13,16.15
California,CA,"4,0",2021-12-20,19.64
California,CA,"4,0",2021-12-27,36.57
California,CA,"4,0",2022-01-03,100.37
California,CA,"4,0",2022-01-10,254.74
California,CA,"4,0",2022-01-17,299.9
California,CA,"4,0",2022-01-24,276.05
California,CA,"4,0",2022-01-31,183.51
California,CA,"4,0",2022-02-07,89.28
California,CA,"4,0",2022-02-14,63.64
California,CA,"4,0",2022-02-21,21.02
California,CA,"4,0",2022-02-28,29.91
California,CA,"4,0",2022-03-07,13.76
California,CA,"4,0",2022-03-14,10.96
California,CA,"4,0",2022-03-21,10.63
California,CA,"4,0",2022-03-28,7.46
California,CA,"4,0",2022-04-04,5.96
California,CA,"4,0",2022-04-11,8.77
California,CA,"4,0",2022-04-18,9.73
California,CA,"4,0",2022-04-25,12.5
California,CA,"4,0",2022-05-02,16.44
California,CA,"4,0",2022-05-09,19.89
California,CA,"4,0",2022-05-16,22.59
California,CA,"4,0",2022-05-23,37.02
California,CA,"4,0",2022-05-30,39.14
California,CA,"4,0",2022-06-06,38.19
California,CA,"4,0",2022-06-13,46.02
California,CA,"4,0",2022-06-20,37.47
California,CA,"4,0",2022-06-27,47.85
California,CA,"4,0",2022-07-04,48.16
California,CA,"4,0",2022-07-11,45.62
California,CA,"4,0",2022-07-18,56.43
California,CA,"4,0",2022-07-25,50.57
California,CA,"4,0",2022-08-01,43.13
California,CA,"4,0",2022-08-08,37.82
California,CA,"4,0",2022-08-15,32.76
California,CA,"4,0",2022-08-22,28.56
California,CA,"4,0",2022-08-29,26.5
California,CA,"4,0",2022-09-05,22.25
California,CA,"4,0",2022-09-12,16.59
California,CA,"4,0",2022-09-19,11.44
California,CA,"4,0",2022-09-26,12.21
California,CA,"4,0",2022-10-03,11.78
California,CA,"4,0",2022-10-10,9.78
California,CA,"4,0",2022-10-17,7.16
California,CA,"4,0",2022-10-24,8.62
California,CA,"4,0",2022-10-31,7.91
California,CA,"4,0",2022-11-07,8.51
California,CA,"4,0",2022-11-14,9.97
California,CA,"4,0",2022-11-21,13.59
California,CA,"4,0",2022-11-28,15.09
California,CA,"4,0",2022-12-05,20.06
California,CA,"4,0",2022-12-12,27.9
California,CA,"4,0",2022-12-19,24.29
California,CA,"4,0",2022-12-26,23.66
California,CA,"4,0",2023-01-02,19.5
California,CA,"4,0",2023-01-09,19.08
California,CA,"4,0",2023-01-16,16.29
California,CA,"4,0",2023-01-23,9.86
California,CA,"4,0",2023-01-30,8.91
California,CA,"4,0",2023-02-06,8.84
California,CA,"4,0",2023-02-13,9.54
California,CA,"4,0",2023-02-20,7.64
California,CA,"4,0",2023-02-27,8.77
California,CA,"4,0",2023-03-06,8.91
California,CA,"4,0",2023-03-13,8.27
California,CA,"4,0",2023-03-20,7.06
Colorado,CO,"4,2",2020-03-09,0.03
Colorado,CO,"4,2",2020-03-16,0.37
Colorado,CO,"4,2",2020-03-23,1.39
Colorado,CO,"4,2",2020-03-30,4.73
Colorado,CO,"4,2",2020-04-06,6.31
Colorado,CO,"4,2",2020-04-13,6.25
Colorado,CO,"4,2",2020-04-20,5.99
Colorado,CO,"4,2",2020-04-27,7.64
Colorado,CO,"4,2",2020-05-04,7.43
Colorado,CO,"4,2",2020-05-11,7.43
Colorado,CO,"4,2",2020-05-18,5.91
Colorado,CO,"4,2",2020-05-25,5.16
Colorado,CO,"4,2",2020-06-01,5.72
Colorado,CO,"4,2",2020-06-08,3.98
Colorado,CO,"4,2",2020-06-15,2.77
Colorado,CO,"4,2",2020-06-22,3.49
Colorado,CO,"4,2",2020-06-29,4.48
Colorado,CO,"4,2",2020-07-06,4.52
Colorado,CO,"4,2",2020-07-13,7.41
Colorado,CO,"4,2",2020-07-20,8.3
Colorado,CO,"4,2",2020-07-27,10.11
Colorado,CO,"4,2",2020-08-03,8.42
Colorado,CO,"4,2",2020-08-10,7.4
Colorado,CO,"4,2",2020-08-17,5.67
Colorado,CO,"4,2",2020-08-24,5.73
Colorado,CO,"4,2",2020-08-31,5.2
Colorado,CO,"4,2",2020-09-07,5.03
Colorado,CO,"4,2",2020-09-14,5.48
Colorado,CO,"4,2",2020-09-21,9.68
Colorado,CO,"4,2",2020-09-28,10
Colorado,CO,"4,2",2020-10-05,10.08
Colorado,CO,"4,2",2020-10-12,13.57
Colorado,CO,"4,2",2020-10-19,17.93
Colorado,CO,"4,2",2020-10-26,27.19
Colorado,CO,"4,2",2020-11-02,37.55
Colorado,CO,"4,2",2020-11-09,56.87
Colorado,CO,"4,2",2020-11-16,82.22
Colorado,CO,"4,2",2020-11-23,86.05
Colorado,CO,"4,2",2020-11-30,76.71
Colorado,CO,"4,2",2020-12-07,79.8
Colorado,CO,"4,2",2020-12-14,61.96
Colorado,CO,"4,2",2020-12-21,52.26
Colorado,CO,"4,2",2020-12-28,38.54
Colorado,CO,"4,2",2021-01-04,42.15
Colorado,CO,"4,2",2021-01-11,48.56
Colorado,CO,"4,2",2021-01-18,33.48
Colorado,CO,"4,2",2021-01-25,27.08
Colorado,CO,"4,2",2021-02-01,25.2
Colorado,CO,"4,2",2021-02-08,23.34
Colorado,CO,"4,2",2021-02-15,20.12
Colorado,CO,"4,2",2021-02-22,17.84
Colorado,CO,"4,2",2021-03-01,19.26
Colorado,CO,"4,2",2021-03-08,18.41
Colorado,CO,"4,2",2021-03-15,17.91
Colorado,CO,"4,2",2021-03-22,15.43
Colorado,CO,"4,2",2021-03-29,22.14
Colorado,CO,"4,2",2021-04-05,24.14
Colorado,CO,"4,2",2021-04-12,26.71
Colorado,CO,"4,2",2021-04-19,28.43
Colorado,CO,"4,2",2021-04-26,28.76
Colorado,CO,"4,2",2021-05-03,29.55
Colorado,CO,"4,2",2021-05-10,24.18
Colorado,CO,"4,2",2021-05-17,20.31
Colorado,CO,"4,2",2021-05-24,13.69
Colorado,CO,"4,2",2021-05-31,13.09
Colorado,CO,"4,2",2021-06-07,10
Colorado,CO,"4,2",2021-06-14,10.13
Colorado,CO,"4,2",2021-06-21,7.32
Colorado,CO,"4,2",2021-06-28,7.24
Colorado,CO,"4,2",2021-07-05,6.54
Colorado,CO,"4,2",2021-07-12,8.49
Colorado,CO,"4,2",2021-07-19,9.06
Colorado,CO,"4,2",2021-07-26,11.01
Colorado,CO,"4,2",2021-08-02,15.34
Colorado,CO,"4,2",2021-08-09,17.82
Colorado,CO,"4,2",2021-08-16,19.33
Colorado,CO,"4,2",2021-08-23,27.44
Colorado,CO,"4,2",2021-08-30,25.95
Colorado,CO,"4,2",2021-09-06,35.34
Colorado,CO,"4,2",2021-09-13,32.31
Colorado,CO,"4,2",2021-09-20,34
Colorado,CO,"4,2",2021-09-27,29.09
Colorado,CO,"4,2",2021-10-04,32.94
Colorado,CO,"4,2",2021-10-11,39.77
Colorado,CO,"4,2",2021-10-18,39.25
Colorado,CO,"4,2",2021-10-25,44.26
Colorado,CO,"4,2",2021-11-01,48.45
Colorado,CO,"4,2",2021-11-08,68.26
Colorado,CO,"4,2",2021-11-15,51.65
Colorado,CO,"4,2",2021-11-22,56.08
Colorado,CO,"4,2",2021-11-29,37.81
Colorado,CO,"4,2",2021-12-06,41.75
Colorado,CO,"4,2",2021-12-13,37.06
Colorado,CO,"4,2",2021-12-20,29.99
Colorado,CO,"4,2",2021-12-27,64.43
Colorado,CO,"4,2",2022-01-03,142.97
Colorado,CO,"4,2",2022-01-10,204.89
Colorado,CO,"4,2",2022-01-17,235.93
Colorado,CO,"4,2",2022-01-24,189.75
Colorado,CO,"4,2",2022-01-31,148.81
Colorado,CO,"4,2",2022-02-07,60.51
Colorado,CO,"4,2",2022-02-14,40.11
Colorado,CO,"4,2",2022-02-21,26.73
Colorado,CO,"4,2",2022-02-28,23.68
Colorado,CO,"4,2",2022-03-07,16.78
Colorado,CO,"4,2",2022-03-14,13.97
Colorado,CO,"4,2",2022-03-21,18.5
Colorado,CO,"4,2",2022-03-28,20.18
Colorado,CO,"4,2",2022-04-04,14.64
Colorado,CO,"4,2",2022-04-11,27.23
Colorado,CO,"4,2",2022-04-18,20.31
Colorado,CO,"4,2",2022-04-25,25.64
Colorado,CO,"4,2",2022-05-02,20.45
Colorado,CO,"4,2",2022-05-09,18.6
Colorado,CO,"4,2",2022-05-16,29.07
Colorado,CO,"4,2",2022-05-23,28.66
Colorado,CO,"4,2",2022-05-30,34.11
Colorado,CO,"4,2",2022-06-06,36.07
Colorado,CO,"4,2",2022-06-13,46.49
Colorado,CO,"4,2",2022-06-20,33.29
Colorado,CO,"4,2",2022-06-27,42.79
Colorado,CO,"4,2",2022-07-04,29.2
Colorado,CO,"4,2",2022-07-11,37.9
Colorado,CO,"4,2",2022-07-18,30.58
Colorado,CO,"4,2",2022-07-25,28.07
Colorado,CO,"4,2",2022-08-01,26.73
Colorado,CO,"4,2",2022-08-08,22.97
Colorado,CO,"4,2",2022-08-15,18.9
Colorado,CO,"4,2",2022-08-22,14.81
Colorado,CO,"4,2",2022-08-29,17.29
Colorado,CO,"4,2",2022-09-05,13.76
Colorado,CO,"4,2",2022-09-12,10.95
Colorado,CO,"4,2",2022-09-19,9.69
Colorado,CO,"4,2",2022-09-26,11.54
Colorado,CO,"4,2",2022-10-03,10.55
Colorado,CO,"4,2",2022-10-10,12.61
Colorado,CO,"4,2",2022-10-17,10.77
Colorado,CO,"4,2",2022-10-24,12.52
Colorado,CO,"4,2",2022-10-31,12.63
Colorado,CO,"4,2",2022-11-07,15.99
Colorado,CO,"4,2",2022-11-14,17.87
Colorado,CO,"4,2",2022-11-21,20.02
Colorado,CO,"4,2",2022-11-28,18.01
Colorado,CO,"4,2",2022-12-05,20.66
Colorado,CO,"4,2",2022-12-12,15.99
Colorado,CO,"4,2",2022-12-19,15
Colorado,CO,"4,2",2022-12-26,14.24
Colorado,CO,"4,2",2023-01-02,10.73
Colorado,CO,"4,2",2023-01-09,8.53
Colorado,CO,"4,2",2023-01-16,8.26
Colorado,CO,"4,2",2023-01-23,6.04
Colorado,CO,"4,2",2023-01-30,7.92
Colorado,CO,"4,2",2023-02-06,7.1
Colorado,CO,"4,2",2023-02-13,8.33
Colorado,CO,"4,2",2023-02-20,8.29
Colorado,CO,"4,2",2023-02-27,8.34
Colorado,CO,"4,2",2023-03-06,7.6
Colorado,CO,"4,2",2023-03-13,6.84
Colorado,CO,"4,2",2023-03-20,6.66
Connecticut,CT,"3,9",2020-03-09,0.01
Connecticut,CT,"3,9",2020-03-16,0.16
Connecticut,CT,"3,9",2020-03-23,1.5
Connecticut,CT,"3,9",2020-03-30,8.64
Connecticut,CT,"3,9",2020-04-06,17.37
Connecticut,CT,"3,9",2020-04-13,25.94
Connecticut,CT,"3,9",2020-04-20,25.78
Connecticut,CT,"3,9",2020-04-27,24.77
Connecticut,CT,"3,9",2020-05-04,15.93
Connecticut,CT,"3,9",2020-05-11,15.19
Connecticut,CT,"3,9",2020-05-18,17.43
Connecticut,CT,"3,9",2020-05-25,11.05
Connecticut,CT,"3,9",2020-06-01,9.16
Connecticut,CT,"3,9",2020-06-08,5.42
Connecticut,CT,"3,9",2020-06-15,4.58
Connecticut,CT,"3,9",2020-06-22,2.19
Connecticut,CT,"3,9",2020-06-29,2.32
Connecticut,CT,"3,9",2020-07-06,2.46
Connecticut,CT,"3,9",2020-07-13,2.14
Connecticut,CT,"3,9",2020-07-20,2.18
Connecticut,CT,"3,9",2020-07-27,1.7
Connecticut,CT,"3,9",2020-08-03,2.56
Connecticut,CT,"3,9",2020-08-10,2.02
Connecticut,CT,"3,9",2020-08-17,2.8
Connecticut,CT,"3,9",2020-08-24,3.51
Connecticut,CT,"3,9",2020-08-31,3.48
Connecticut,CT,"3,9",2020-09-07,3.49
Connecticut,CT,"3,9",2020-09-14,4.29
Connecticut,CT,"3,9",2020-09-21,4.52
Connecticut,CT,"3,9",2020-09-28,4.5
Connecticut,CT,"3,9",2020-10-05,7.91
Connecticut,CT,"3,9",2020-10-12,9.04
Connecticut,CT,"3,9",2020-10-19,10.59
Connecticut,CT,"3,9",2020-10-26,16.34
Connecticut,CT,"3,9",2020-11-02,23.08
Connecticut,CT,"3,9",2020-11-09,30.47
Connecticut,CT,"3,9",2020-11-16,47.37
Connecticut,CT,"3,9",2020-11-23,53.92
Connecticut,CT,"3,9",2020-11-30,42.29
Connecticut,CT,"3,9",2020-12-07,74.32
Connecticut,CT,"3,9",2020-12-14,72.72
Connecticut,CT,"3,9",2020-12-21,53.63
Connecticut,CT,"3,9",2020-12-28,55.39
Connecticut,CT,"3,9",2021-01-04,53.84
Connecticut,CT,"3,9",2021-01-11,75.02
Connecticut,CT,"3,9",2021-01-18,67.18
Connecticut,CT,"3,9",2021-01-25,54.12
Connecticut,CT,"3,9",2021-02-01,41.36
Connecticut,CT,"3,9",2021-02-08,39.21
Connecticut,CT,"3,9",2021-02-15,26.06
Connecticut,CT,"3,9",2021-02-22,20.4
Connecticut,CT,"3,9",2021-03-01,29.22
Connecticut,CT,"3,9",2021-03-08,19.11
Connecticut,CT,"3,9",2021-03-15,22.86
Connecticut,CT,"3,9",2021-03-22,26.31
Connecticut,CT,"3,9",2021-03-29,35.15
Connecticut,CT,"3,9",2021-04-05,32.92
Connecticut,CT,"3,9",2021-04-12,31.72
Connecticut,CT,"3,9",2021-04-19,27.37
Connecticut,CT,"3,9",2021-04-26,22.17
Connecticut,CT,"3,9",2021-05-03,14.47
Connecticut,CT,"3,9",2021-05-10,12.02
Connecticut,CT,"3,9",2021-05-17,8.39
Connecticut,CT,"3,9",2021-05-24,4.3
Connecticut,CT,"3,9",2021-05-31,4.07
Connecticut,CT,"3,9",2021-06-07,2.1
Connecticut,CT,"3,9",2021-06-14,1.51
Connecticut,CT,"3,9",2021-06-21,1.17
Connecticut,CT,"3,9",2021-06-28,2.02
Connecticut,CT,"3,9",2021-07-05,1.43
Connecticut,CT,"3,9",2021-07-12,1.58
Connecticut,CT,"3,9",2021-07-19,4.19
Connecticut,CT,"3,9",2021-07-26,6.18
Connecticut,CT,"3,9",2021-08-02,11.84
Connecticut,CT,"3,9",2021-08-09,15.16
Connecticut,CT,"3,9",2021-08-16,16.24
Connecticut,CT,"3,9",2021-08-23,16
Connecticut,CT,"3,9",2021-08-30,18.67
Connecticut,CT,"3,9",2021-09-06,17.74
Connecticut,CT,"3,9",2021-09-13,14.43
Connecticut,CT,"3,9",2021-09-20,22.07
Connecticut,CT,"3,9",2021-09-27,13.58
Connecticut,CT,"3,9",2021-10-04,11.96
Connecticut,CT,"3,9",2021-10-11,11.79
Connecticut,CT,"3,9",2021-10-18,11.95
Connecticut,CT,"3,9",2021-10-25,11.44
Connecticut,CT,"3,9",2021-11-01,9.18
Connecticut,CT,"3,9",2021-11-08,10
Connecticut,CT,"3,9",2021-11-15,16.1
Connecticut,CT,"3,9",2021-11-22,20.23
Connecticut,CT,"3,9",2021-11-29,23.27
Connecticut,CT,"3,9",2021-12-06,39.95
Connecticut,CT,"3,9",2021-12-13,66.35
Connecticut,CT,"3,9",2021-12-20,57.94
Connecticut,CT,"3,9",2021-12-27,109.93
Connecticut,CT,"3,9",2022-01-03,178.93
Connecticut,CT,"3,9",2022-01-10,285.49
Connecticut,CT,"3,9",2022-01-17,193.53
Connecticut,CT,"3,9",2022-01-24,121.47
Connecticut,CT,"3,9",2022-01-31,62.78
Connecticut,CT,"3,9",2022-02-07,35.57
Connecticut,CT,"3,9",2022-02-14,24.56
Connecticut,CT,"3,9",2022-02-21,24.88
Connecticut,CT,"3,9",2022-02-28,11.1
Connecticut,CT,"3,9",2022-03-07,9.84
Connecticut,CT,"3,9",2022-03-14,6.22
Connecticut,CT,"3,9",2022-03-21,7.87
Connecticut,CT,"3,9",2022-03-28,10.97
Connecticut,CT,"3,9",2022-04-04,13.36
Connecticut,CT,"3,9",2022-04-11,16.77
Connecticut,CT,"3,9",2022-04-18,19.56
Connecticut,CT,"3,9",2022-04-25,24.94
Connecticut,CT,"3,9",2022-05-02,26.18
Connecticut,CT,"3,9",2022-05-09,41.64
Connecticut,CT,"3,9",2022-05-16,76.82
Connecticut,CT,"3,9",2022-05-23,44.66
Connecticut,CT,"3,9",2022-05-30,35.46
Connecticut,CT,"3,9",2022-06-06,20.22
Connecticut,CT,"3,9",2022-06-13,17.22
Connecticut,CT,"3,9",2022-06-20,17.41
Connecticut,CT,"3,9",2022-06-27,17.87
Connecticut,CT,"3,9",2022-07-04,25.97
Connecticut,CT,"3,9",2022-07-11,19.63
Connecticut,CT,"3,9",2022-07-18,20.54
Connecticut,CT,"3,9",2022-07-25,22.92
Connecticut,CT,"3,9",2022-08-01,23.75
Connecticut,CT,"3,9",2022-08-08,21.59
Connecticut,CT,"3,9",2022-08-15,19.53
Connecticut,CT,"3,9",2022-08-22,16.73
Connecticut,CT,"3,9",2022-08-29,16.22
Connecticut,CT,"3,9",2022-09-05,18.58
Connecticut,CT,"3,9",2022-09-12,15.13
Connecticut,CT,"3,9",2022-09-19,28.17
Connecticut,CT,"3,9",2022-09-26,18.7
Connecticut,CT,"3,9",2022-10-03,19.27
Connecticut,CT,"3,9",2022-10-10,16.17
Connecticut,CT,"3,9",2022-10-17,14.64
Connecticut,CT,"3,9",2022-10-24,13.44
Connecticut,CT,"3,9",2022-10-31,15.11
Connecticut,CT,"3,9",2022-11-07,10.55
Connecticut,CT,"3,9",2022-11-14,12.39
Connecticut,CT,"3,9",2022-11-21,11.47
Connecticut,CT,"3,9",2022-11-28,14.58
Connecticut,CT,"3,9",2022-12-05,18.12
Connecticut,CT,"3,9",2022-12-12,17.99
Connecticut,CT,"3,9",2022-12-19,19.61
Connecticut,CT,"3,9",2022-12-26,21.93
Connecticut,CT,"3,9",2023-01-02,19.66
Connecticut,CT,"3,9",2023-01-09,22.67
Connecticut,CT,"3,9",2023-01-16,17.98
Connecticut,CT,"3,9",2023-01-23,14.1
Connecticut,CT,"3,9",2023-01-30,12.13
Connecticut,CT,"3,9",2023-02-06,11.38
Connecticut,CT,"3,9",2023-02-13,9.1
Connecticut,CT,"3,9",2023-02-20,7.76
Connecticut,CT,"3,9",2023-02-27,6.09
Connecticut,CT,"3,9",2023-03-06,4.94
Connecticut,CT,"3,9",2023-03-13,3.95
Connecticut,CT,"3,9",2023-03-20,3.37
Delaware,DE,"4,9",2020-03-16,0.12
Delaware,DE,"4,9",2020-03-23,1.16
Delaware,DE,"4,9",2020-03-30,2.6
Delaware,DE,"4,9",2020-04-06,7.61
Delaware,DE,"4,9",2020-04-13,14.35
Delaware,DE,"4,9",2020-04-20,14.44
Delaware,DE,"4,9",2020-04-27,20.79
Delaware,DE,"4,9",2020-05-04,16.52
Delaware,DE,"4,9",2020-05-11,18.73
Delaware,DE,"4,9",2020-05-18,19.13
Delaware,DE,"4,9",2020-05-25,16.08
Delaware,DE,"4,9",2020-06-01,9.39
Delaware,DE,"4,9",2020-06-08,5.38
Delaware,DE,"4,9",2020-06-15,5.4
Delaware,DE,"4,9",2020-06-22,7.04
Delaware,DE,"4,9",2020-06-29,8.16
Delaware,DE,"4,9",2020-07-06,13.45
Delaware,DE,"4,9",2020-07-13,8.6
Delaware,DE,"4,9",2020-07-20,10.93
Delaware,DE,"4,9",2020-07-27,13.41
Delaware,DE,"4,9",2020-08-03,9.52
Delaware,DE,"4,9",2020-08-10,8.49
Delaware,DE,"4,9",2020-08-17,13.23
Delaware,DE,"4,9",2020-08-24,5.96
Delaware,DE,"4,9",2020-08-31,9.05
Delaware,DE,"4,9",2020-09-07,12.03
Delaware,DE,"4,9",2020-09-14,10.09
Delaware,DE,"4,9",2020-09-21,10.71
Delaware,DE,"4,9",2020-09-28,10.59
Delaware,DE,"4,9",2020-10-05,14.29
Delaware,DE,"4,9",2020-10-12,13.58
Delaware,DE,"4,9",2020-10-19,13.31
Delaware,DE,"4,9",2020-10-26,14.26
Delaware,DE,"4,9",2020-11-02,16.77
Delaware,DE,"4,9",2020-11-09,23.43
Delaware,DE,"4,9",2020-11-16,33.63
Delaware,DE,"4,9",2020-11-23,44.17
Delaware,DE,"4,9",2020-11-30,50.51
Delaware,DE,"4,9",2020-12-07,74.19
Delaware,DE,"4,9",2020-12-14,84.3
Delaware,DE,"4,9",2020-12-21,67.47
Delaware,DE,"4,9",2020-12-28,65.02
Delaware,DE,"4,9",2021-01-04,71.08
Delaware,DE,"4,9",2021-01-11,80.6
Delaware,DE,"4,9",2021-01-18,74.57
Delaware,DE,"4,9",2021-01-25,62.8
Delaware,DE,"4,9",2021-02-01,48.47
Delaware,DE,"4,9",2021-02-08,35.74
Delaware,DE,"4,9",2021-02-15,33.86
Delaware,DE,"4,9",2021-02-22,27.16
Delaware,DE,"4,9",2021-03-01,29.19
Delaware,DE,"4,9",2021-03-08,21.76
Delaware,DE,"4,9",2021-03-15,21.58
Delaware,DE,"4,9",2021-03-22,26.63
Delaware,DE,"4,9",2021-03-29,28.95
Delaware,DE,"4,9",2021-04-05,31.91
Delaware,DE,"4,9",2021-04-12,34.45
Delaware,DE,"4,9",2021-04-19,38.47
Delaware,DE,"4,9",2021-04-26,28.05
Delaware,DE,"4,9",2021-05-03,23.59
Delaware,DE,"4,9",2021-05-10,17.38
Delaware,DE,"4,9",2021-05-17,12.28
Delaware,DE,"4,9",2021-05-24,9.52
Delaware,DE,"4,9",2021-05-31,6.7
Delaware,DE,"4,9",2021-06-07,4.42
Delaware,DE,"4,9",2021-06-14,3.11
Delaware,DE,"4,9",2021-06-21,3.07
Delaware,DE,"4,9",2021-06-28,2
Delaware,DE,"4,9",2021-07-05,2.8
Delaware,DE,"4,9",2021-07-12,2.96
Delaware,DE,"4,9",2021-07-19,4.84
Delaware,DE,"4,9",2021-07-26,6.44
Delaware,DE,"4,9",2021-08-02,12.02
Delaware,DE,"4,9",2021-08-09,18.87
Delaware,DE,"4,9",2021-08-16,26.45
Delaware,DE,"4,9",2021-08-23,33.46
Delaware,DE,"4,9",2021-08-30,37.69
Delaware,DE,"4,9",2021-09-06,40.34
Delaware,DE,"4,9",2021-09-13,46.64
Delaware,DE,"4,9",2021-09-20,46.11
Delaware,DE,"4,9",2021-09-27,46.3
Delaware,DE,"4,9",2021-10-04,46.01
Delaware,DE,"4,9",2021-10-11,43.63
Delaware,DE,"4,9",2021-10-18,36.74
Delaware,DE,"4,9",2021-10-25,31.37
Delaware,DE,"4,9",2021-11-01,26.36
Delaware,DE,"4,9",2021-11-08,25.56
Delaware,DE,"4,9",2021-11-15,29.49
Delaware,DE,"4,9",2021-11-22,36.32
Delaware,DE,"4,9",2021-11-29,33.43
Delaware,DE,"4,9",2021-12-06,58.43
Delaware,DE,"4,9",2021-12-13,65.61
Delaware,DE,"4,9",2021-12-20,72.37
Delaware,DE,"4,9",2021-12-27,102.2
Delaware,DE,"4,9",2022-01-03,236.55
Delaware,DE,"4,9",2022-01-10,278.13
Delaware,DE,"4,9",2022-01-17,314.23
Delaware,DE,"4,9",2022-01-24,170.3
Delaware,DE,"4,9",2022-01-31,98.94
Delaware,DE,"4,9",2022-02-07,49.23
Delaware,DE,"4,9",2022-02-14,33.46
Delaware,DE,"4,9",2022-02-21,21.45
Delaware,DE,"4,9",2022-02-28,10.31
Delaware,DE,"4,9",2022-03-07,10.33
Delaware,DE,"4,9",2022-03-14,8.01
Delaware,DE,"4,9",2022-03-21,7.09
Delaware,DE,"4,9",2022-03-28,10.21
Delaware,DE,"4,9",2022-04-04,8.39
Delaware,DE,"4,9",2022-04-11,10.3
Delaware,DE,"4,9",2022-04-18,16.58
Delaware,DE,"4,9",2022-04-25,17.37
Delaware,DE,"4,9",2022-05-02,22.06
Delaware,DE,"4,9",2022-05-09,33.86
Delaware,DE,"4,9",2022-05-16,50.95
Delaware,DE,"4,9",2022-05-23,58.12
Delaware,DE,"4,9",2022-05-30,52.04
Delaware,DE,"4,9",2022-06-06,31.62
Delaware,DE,"4,9",2022-06-13,37.94
Delaware,DE,"4,9",2022-06-20,25.58
Delaware,DE,"4,9",2022-06-27,23.34
Delaware,DE,"4,9",2022-07-04,25.75
Delaware,DE,"4,9",2022-07-11,29.39
Delaware,DE,"4,9",2022-07-18,29.61
Delaware,DE,"4,9",2022-07-25,36.71
Delaware,DE,"4,9",2022-08-01,33.68
Delaware,DE,"4,9",2022-08-08,30.57
Delaware,DE,"4,9",2022-08-15,30.73
Delaware,DE,"4,9",2022-08-22,27.4
Delaware,DE,"4,9",2022-08-29,21.01
Delaware,DE,"4,9",2022-09-05,20.52
Delaware,DE,"4,9",2022-09-12,18.14
Delaware,DE,"4,9",2022-09-19,20.71
Delaware,DE,"4,9",2022-09-26,21.98
Delaware,DE,"4,9",2022-10-03,19.32
Delaware,DE,"4,9",2022-10-10,18.5
Delaware,DE,"4,9",2022-10-17,14.77
Delaware,DE,"4,9",2022-10-24,14.27
Delaware,DE,"4,9",2022-10-31,13.98
Delaware,DE,"4,9",2022-11-07,13.5
Delaware,DE,"4,9",2022-11-14,11.97
Delaware,DE,"4,9",2022-11-21,10.91
Delaware,DE,"4,9",2022-11-28,10.39
Delaware,DE,"4,9",2022-12-05,19.28
Delaware,DE,"4,9",2022-12-12,15.89
Delaware,DE,"4,9",2022-12-19,16.39
Delaware,DE,"4,9",2022-12-26,19.17
Delaware,DE,"4,9",2023-01-02,19.17
Delaware,DE,"4,9",2023-01-09,18.53
Delaware,DE,"4,9",2023-01-16,14.47
Delaware,DE,"4,9",2023-01-23,12.14
Delaware,DE,"4,9",2023-01-30,12.73
Delaware,DE,"4,9",2023-02-06,14.3
Delaware,DE,"4,9",2023-02-13,15.05
Delaware,DE,"4,9",2023-02-20,13.38
Delaware,DE,"4,9",2023-02-27,18.04
Delaware,DE,"4,9",2023-03-06,6.76
Delaware,DE,"4,9",2023-03-13,15.58
Delaware,DE,"4,9",2023-03-20,12.71
District of Columbia,DC,"5,8",2020-03-09,0.08
District of Columbia,DC,"5,8",2020-03-16,0.36
District of Columbia,DC,"5,8",2020-03-23,1.9
District of Columbia,DC,"5,8",2020-03-30,5.77
District of Columbia,DC,"5,8",2020-04-06,14.09
District of Columbia,DC,"5,8",2020-04-13,17.37
District of Columbia,DC,"5,8",2020-04-20,19.68
District of Columbia,DC,"5,8",2020-04-27,19.53
District of Columbia,DC,"5,8",2020-05-04,25.87
District of Columbia,DC,"5,8",2020-05-11,24.67
District of Columbia,DC,"5,8",2020-05-18,17.83
District of Columbia,DC,"5,8",2020-05-25,19.33
District of Columbia,DC,"5,8",2020-06-01,12.79
District of Columbia,DC,"5,8",2020-06-08,10.77
District of Columbia,DC,"5,8",2020-06-15,8.3
District of Columbia,DC,"5,8",2020-06-22,5.24
District of Columbia,DC,"5,8",2020-06-29,4.74
District of Columbia,DC,"5,8",2020-07-06,4.51
District of Columbia,DC,"5,8",2020-07-13,7.91
District of Columbia,DC,"5,8",2020-07-20,8.76
District of Columbia,DC,"5,8",2020-07-27,10.51
District of Columbia,DC,"5,8",2020-08-03,9.21
District of Columbia,DC,"5,8",2020-08-10,10
District of Columbia,DC,"5,8",2020-08-17,9.43
District of Columbia,DC,"5,8",2020-08-24,7.41
District of Columbia,DC,"5,8",2020-08-31,7.15
District of Columbia,DC,"5,8",2020-09-07,6.54
District of Columbia,DC,"5,8",2020-09-14,6.21
District of Columbia,DC,"5,8",2020-09-21,7.21
District of Columbia,DC,"5,8",2020-09-28,5.79
District of Columbia,DC,"5,8",2020-10-05,5.73
District of Columbia,DC,"5,8",2020-10-12,9.61
District of Columbia,DC,"5,8",2020-10-19,7.55
District of Columbia,DC,"5,8",2020-10-26,8.44
District of Columbia,DC,"5,8",2020-11-02,12.67
District of Columbia,DC,"5,8",2020-11-09,13.14
District of Columbia,DC,"5,8",2020-11-16,19.78
District of Columbia,DC,"5,8",2020-11-23,24.82
District of Columbia,DC,"5,8",2020-11-30,25.55
District of Columbia,DC,"5,8",2020-12-07,35.77
District of Columbia,DC,"5,8",2020-12-14,34.8
District of Columbia,DC,"5,8",2020-12-21,34.45
District of Columbia,DC,"5,8",2020-12-28,32.43
District of Columbia,DC,"5,8",2021-01-04,31.62
District of Columbia,DC,"5,8",2021-01-11,42.29
District of Columbia,DC,"5,8",2021-01-18,41.29
District of Columbia,DC,"5,8",2021-01-25,29.8
District of Columbia,DC,"5,8",2021-02-01,30.42
District of Columbia,DC,"5,8",2021-02-08,22.83
District of Columbia,DC,"5,8",2021-02-15,17.51
District of Columbia,DC,"5,8",2021-02-22,15.26
District of Columbia,DC,"5,8",2021-03-01,18.8
District of Columbia,DC,"5,8",2021-03-08,18.12
District of Columbia,DC,"5,8",2021-03-15,21.13
District of Columbia,DC,"5,8",2021-03-22,15.38
District of Columbia,DC,"5,8",2021-03-29,17.51
District of Columbia,DC,"5,8",2021-04-05,17.49
District of Columbia,DC,"5,8",2021-04-12,16.01
District of Columbia,DC,"5,8",2021-04-19,16.94
District of Columbia,DC,"5,8",2021-04-26,12.91
District of Columbia,DC,"5,8",2021-05-03,10.63
District of Columbia,DC,"5,8",2021-05-10,5.91
District of Columbia,DC,"5,8",2021-05-17,8
District of Columbia,DC,"5,8",2021-05-24,3.48
District of Columbia,DC,"5,8",2021-05-31,4.23
District of Columbia,DC,"5,8",2021-06-07,3
District of Columbia,DC,"5,8",2021-06-14,1.4
District of Columbia,DC,"5,8",2021-06-21,1.4
District of Columbia,DC,"5,8",2021-06-28,1.36
District of Columbia,DC,"5,8",2021-07-05,1.88
District of Columbia,DC,"5,8",2021-07-12,2.1
District of Columbia,DC,"5,8",2021-07-19,5.4
District of Columbia,DC,"5,8",2021-07-26,7.43
District of Columbia,DC,"5,8",2021-08-02,11.25
District of Columbia,DC,"5,8",2021-08-09,17.67
District of Columbia,DC,"5,8",2021-08-16,24.05
District of Columbia,DC,"5,8",2021-08-23,22.69
District of Columbia,DC,"5,8",2021-08-30,27.43
District of Columbia,DC,"5,8",2021-09-06,27.57
District of Columbia,DC,"5,8",2021-09-13,26.26
District of Columbia,DC,"5,8",2021-09-20,36.27
District of Columbia,DC,"5,8",2021-09-27,24.47
District of Columbia,DC,"5,8",2021-10-04,20.63
District of Columbia,DC,"5,8",2021-10-11,18.93
District of Columbia,DC,"5,8",2021-10-18,14.72
District of Columbia,DC,"5,8",2021-10-25,11.62
District of Columbia,DC,"5,8",2021-11-01,11.96
District of Columbia,DC,"5,8",2021-11-08,11.74
District of Columbia,DC,"5,8",2021-11-15,11.6
District of Columbia,DC,"5,8",2021-11-22,14.66
District of Columbia,DC,"5,8",2021-11-29,10.32
District of Columbia,DC,"5,8",2021-12-06,23.06
District of Columbia,DC,"5,8",2021-12-13,25.75
District of Columbia,DC,"5,8",2021-12-20,88.98
District of Columbia,DC,"5,8",2021-12-27,278.99
District of Columbia,DC,"5,8",2022-01-03,298
District of Columbia,DC,"5,8",2022-01-10,258.91
District of Columbia,DC,"5,8",2022-01-17,239.48
District of Columbia,DC,"5,8",2022-01-24,94.64
District of Columbia,DC,"5,8",2022-01-31,47.33
District of Columbia,DC,"5,8",2022-02-07,25.95
District of Columbia,DC,"5,8",2022-02-14,22.77
District of Columbia,DC,"5,8",2022-02-21,17.75
District of Columbia,DC,"5,8",2022-02-28,12.28
District of Columbia,DC,"5,8",2022-03-07,11.42
District of Columbia,DC,"5,8",2022-03-14,9.65
District of Columbia,DC,"5,8",2022-03-21,9.37
District of Columbia,DC,"5,8",2022-03-28,11.54
District of Columbia,DC,"5,8",2022-04-04,13.62
District of Columbia,DC,"5,8",2022-04-11,20.34
District of Columbia,DC,"5,8",2022-04-18,34.15
District of Columbia,DC,"5,8",2022-04-25,28.04
District of Columbia,DC,"5,8",2022-05-02,25.69
District of Columbia,DC,"5,8",2022-05-09,25.69
District of Columbia,DC,"5,8",2022-05-16,27.04
District of Columbia,DC,"5,8",2022-05-23,40.95
District of Columbia,DC,"5,8",2022-05-30,47.91
District of Columbia,DC,"5,8",2022-06-06,30.71
District of Columbia,DC,"5,8",2022-06-13,36.31
District of Columbia,DC,"5,8",2022-06-20,27.33
District of Columbia,DC,"5,8",2022-06-27,33.9
District of Columbia,DC,"5,8",2022-07-04,31.4
District of Columbia,DC,"5,8",2022-07-11,21.35
District of Columbia,DC,"5,8",2022-07-18,29.31
District of Columbia,DC,"5,8",2022-07-25,23.89
District of Columbia,DC,"5,8",2022-08-01,25.85
District of Columbia,DC,"5,8",2022-08-08,18.42
District of Columbia,DC,"5,8",2022-08-15,19.11
District of Columbia,DC,"5,8",2022-08-22,13.8
District of Columbia,DC,"5,8",2022-08-29,14.55
District of Columbia,DC,"5,8",2022-09-05,12.29
District of Columbia,DC,"5,8",2022-09-12,10.36
District of Columbia,DC,"5,8",2022-09-19,8.44
District of Columbia,DC,"5,8",2022-09-26,13.2
District of Columbia,DC,"5,8",2022-10-03,9.76
District of Columbia,DC,"5,8",2022-10-10,3.32
District of Columbia,DC,"5,8",2022-10-17,6.67
District of Columbia,DC,"5,8",2022-10-24,6.48
District of Columbia,DC,"5,8",2022-10-31,5.53
District of Columbia,DC,"5,8",2022-11-07,6.59
District of Columbia,DC,"5,8",2022-11-14,8.93
District of Columbia,DC,"5,8",2022-11-21,5.42
District of Columbia,DC,"5,8",2022-11-28,10.04
District of Columbia,DC,"5,8",2022-12-05,8.68
District of Columbia,DC,"5,8",2022-12-12,8.83
District of Columbia,DC,"5,8",2022-12-19,11.78
District of Columbia,DC,"5,8",2022-12-26,20.24
District of Columbia,DC,"5,8",2023-01-02,20.24
District of Columbia,DC,"5,8",2023-01-09,9.44
District of Columbia,DC,"5,8",2023-01-16,9.21
District of Columbia,DC,"5,8",2023-01-23,11.23
District of Columbia,DC,"5,8",2023-01-30,8.97
District of Columbia,DC,"5,8",2023-02-06,7.31
District of Columbia,DC,"5,8",2023-02-13,8.43
District of Columbia,DC,"5,8",2023-02-20,7.49
District of Columbia,DC,"5,8",2023-02-27,5.85
District of Columbia,DC,"5,8",2023-03-06,4.25
District of Columbia,DC,"5,8",2023-03-13,4.68
District of Columbia,DC,"5,8",2023-03-20,3.26
Florida,FL,"7,8",2020-03-02,0
Florida,FL,"7,8",2020-03-09,0.01
Florida,FL,"7,8",2020-03-16,0.08
Florida,FL,"7,8",2020-03-23,0.72
Florida,FL,"7,8",2020-03-30,2.98
Florida,FL,"7,8",2020-04-06,5.27
Florida,FL,"7,8",2020-04-13,4.92
Florida,FL,"7,8",2020-04-20,4.02
Florida,FL,"7,8",2020-04-27,3.38
Florida,FL,"7,8",2020-05-04,3.17
Florida,FL,"7,8",2020-05-11,2.72
Florida,FL,"7,8",2020-05-18,3.63
Florida,FL,"7,8",2020-05-25,3.53
Florida,FL,"7,8",2020-06-01,3.38
Florida,FL,"7,8",2020-06-08,5.37
Florida,FL,"7,8",2020-06-15,8.26
Florida,FL,"7,8",2020-06-22,15.23
Florida,FL,"7,8",2020-06-29,30.68
Florida,FL,"7,8",2020-07-06,39.98
Florida,FL,"7,8",2020-07-13,50.54
Florida,FL,"7,8",2020-07-20,51.85
Florida,FL,"7,8",2020-07-27,48.12
Florida,FL,"7,8",2020-08-03,39.33
Florida,FL,"7,8",2020-08-10,29.98
Florida,FL,"7,8",2020-08-17,26.03
Florida,FL,"7,8",2020-08-24,17.78
Florida,FL,"7,8",2020-08-31,13.73
Florida,FL,"7,8",2020-09-07,12.71
Florida,FL,"7,8",2020-09-14,11.61
Florida,FL,"7,8",2020-09-21,13.11
Florida,FL,"7,8",2020-09-28,10.55
Florida,FL,"7,8",2020-10-05,11.02
Florida,FL,"7,8",2020-10-12,12.07
Florida,FL,"7,8",2020-10-19,13.77
Florida,FL,"7,8",2020-10-26,16.82
Florida,FL,"7,8",2020-11-02,19.99
Florida,FL,"7,8",2020-11-09,23.78
Florida,FL,"7,8",2020-11-16,27.96
Florida,FL,"7,8",2020-11-23,36.5
Florida,FL,"7,8",2020-11-30,36.3
Florida,FL,"7,8",2020-12-07,44.21
Florida,FL,"7,8",2020-12-14,45.63
Florida,FL,"7,8",2020-12-21,52.01
Florida,FL,"7,8",2020-12-28,44.96
Florida,FL,"7,8",2021-01-04,64.2
Florida,FL,"7,8",2021-01-11,74.43
Florida,FL,"7,8",2021-01-18,60.32
Florida,FL,"7,8",2021-01-25,52.47
Florida,FL,"7,8",2021-02-01,45.85
Florida,FL,"7,8",2021-02-08,37.66
Florida,FL,"7,8",2021-02-15,31.44
Florida,FL,"7,8",2021-02-22,27.89
Florida,FL,"7,8",2021-03-01,25.27
Florida,FL,"7,8",2021-03-08,24.87
Florida,FL,"7,8",2021-03-15,20.84
Florida,FL,"7,8",2021-03-22,21
Florida,FL,"7,8",2021-03-29,24.06
Florida,FL,"7,8",2021-04-05,25.23
Florida,FL,"7,8",2021-04-12,26.96
Florida,FL,"7,8",2021-04-19,31.46
Florida,FL,"7,8",2021-04-26,25.91
Florida,FL,"7,8",2021-05-03,22.45
Florida,FL,"7,8",2021-05-10,17.46
Florida,FL,"7,8",2021-05-17,14.55
Florida,FL,"7,8",2021-05-24,11.95
Florida,FL,"7,8",2021-05-31,10.61
Florida,FL,"7,8",2021-06-07,7.12
Florida,FL,"7,8",2021-06-14,7.23
Florida,FL,"7,8",2021-06-21,6.41
Florida,FL,"7,8",2021-06-28,7.35
Florida,FL,"7,8",2021-07-05,10.43
Florida,FL,"7,8",2021-07-12,15.8
Florida,FL,"7,8",2021-07-19,30.23
Florida,FL,"7,8",2021-07-26,48.67
Florida,FL,"7,8",2021-08-02,73.65
Florida,FL,"7,8",2021-08-09,89.63
Florida,FL,"7,8",2021-08-16,96.83
Florida,FL,"7,8",2021-08-23,99.31
Florida,FL,"7,8",2021-08-30,99.18
Florida,FL,"7,8",2021-09-06,85.94
Florida,FL,"7,8",2021-09-13,62.01
Florida,FL,"7,8",2021-09-20,41.16
Florida,FL,"7,8",2021-09-27,34
Florida,FL,"7,8",2021-10-04,21.09
Florida,FL,"7,8",2021-10-11,15.84
Florida,FL,"7,8",2021-10-18,11.02
Florida,FL,"7,8",2021-10-25,8.74
Florida,FL,"7,8",2021-11-01,7.55
Florida,FL,"7,8",2021-11-08,7.01
Florida,FL,"7,8",2021-11-15,6.85
Florida,FL,"7,8",2021-11-22,6.47
Florida,FL,"7,8",2021-11-29,5.71
Florida,FL,"7,8",2021-12-06,8.35
Florida,FL,"7,8",2021-12-13,9.8
Florida,FL,"7,8",2021-12-20,32.91
Florida,FL,"7,8",2021-12-27,112.82
Florida,FL,"7,8",2022-01-03,200.99
Florida,FL,"7,8",2022-01-10,275.95
Florida,FL,"7,8",2022-01-17,271.94
Florida,FL,"7,8",2022-01-24,158.26
Florida,FL,"7,8",2022-01-31,125.03
Florida,FL,"7,8",2022-02-07,96.55
Florida,FL,"7,8",2022-02-14,46.66
Florida,FL,"7,8",2022-02-21,25.88
Florida,FL,"7,8",2022-02-28,13.36
Florida,FL,"7,8",2022-03-07,8.13
Florida,FL,"7,8",2022-03-14,5.79
Florida,FL,"7,8",2022-03-21,5.57
Florida,FL,"7,8",2022-03-28,6.05
Florida,FL,"7,8",2022-04-04,6.95
Florida,FL,"7,8",2022-04-11,8.37
Florida,FL,"7,8",2022-04-18,11.5
Florida,FL,"7,8",2022-04-25,15.28
Florida,FL,"7,8",2022-05-02,19
Florida,FL,"7,8",2022-05-09,19.05
Florida,FL,"7,8",2022-05-16,37.49
Florida,FL,"7,8",2022-05-23,39.4
Florida,FL,"7,8",2022-05-30,44.48
Florida,FL,"7,8",2022-06-06,45.84
Florida,FL,"7,8",2022-06-13,49.35
Florida,FL,"7,8",2022-06-20,49.47
Florida,FL,"7,8",2022-06-27,47.23
Florida,FL,"7,8",2022-07-04,49.54
Florida,FL,"7,8",2022-07-11,45.13
Florida,FL,"7,8",2022-07-18,51
Florida,FL,"7,8",2022-07-25,50.28
Florida,FL,"7,8",2022-08-01,47.86
Florida,FL,"7,8",2022-08-08,40.46
Florida,FL,"7,8",2022-08-15,33.32
Florida,FL,"7,8",2022-08-22,29.95
Florida,FL,"7,8",2022-08-29,27.9
Florida,FL,"7,8",2022-09-05,25.85
Florida,FL,"7,8",2022-09-12,17.65
Florida,FL,"7,8",2022-09-19,13.48
Florida,FL,"7,8",2022-09-26,10.59
Florida,FL,"7,8",2022-10-03,7.05
Florida,FL,"7,8",2022-10-10,7.15
Florida,FL,"7,8",2022-10-17,6.17
Florida,FL,"7,8",2022-10-24,6.75
Florida,FL,"7,8",2022-10-31,6.75
Florida,FL,"7,8",2022-11-07,7.7
Florida,FL,"7,8",2022-11-14,7.7
Florida,FL,"7,8",2022-11-21,7.81
Florida,FL,"7,8",2022-11-28,7.81
Florida,FL,"7,8",2022-12-05,10.29
Florida,FL,"7,8",2022-12-12,10.29
Florida,FL,"7,8",2022-12-19,14.15
Florida,FL,"7,8",2022-12-26,14.15
Florida,FL,"7,8",2023-01-02,14.15
Florida,FL,"7,8",2023-01-09,26.85
Florida,FL,"7,8",2023-01-16,26.85
Florida,FL,"7,8",2023-01-23,16.71
Florida,FL,"7,8",2023-01-30,16.71
Florida,FL,"7,8",2023-02-06,13.27
Florida,FL,"7,8",2023-02-13,13.27
Florida,FL,"7,8",2023-02-20,10.99
Florida,FL,"7,8",2023-02-27,10.99
Florida,FL,"7,8",2023-03-06,19.18
Florida,FL,"7,8",2023-03-13,19.18
Florida,FL,"7,8",2023-03-20,3.93
Georgia,GA,"6,7",2020-03-02,0
Georgia,GA,"6,7",2020-03-09,0.02
Georgia,GA,"6,7",2020-03-16,0.14
Georgia,GA,"6,7",2020-03-23,0.91
Georgia,GA,"6,7",2020-03-30,2.99
Georgia,GA,"6,7",2020-04-06,6.06
Georgia,GA,"6,7",2020-04-13,8.76
Georgia,GA,"6,7",2020-04-20,7.13
Georgia,GA,"6,7",2020-04-27,6.41
Georgia,GA,"6,7",2020-05-04,6.86
Georgia,GA,"6,7",2020-05-11,5.49
Georgia,GA,"6,7",2020-05-18,5.61
Georgia,GA,"6,7",2020-05-25,6.4
Georgia,GA,"6,7",2020-06-01,5.82
Georgia,GA,"6,7",2020-06-08,5.68
Georgia,GA,"6,7",2020-06-15,7.38
Georgia,GA,"6,7",2020-06-22,9.65
Georgia,GA,"6,7",2020-06-29,16.23
Georgia,GA,"6,7",2020-07-06,21.7
Georgia,GA,"6,7",2020-07-13,28.03
Georgia,GA,"6,7",2020-07-20,27.93
Georgia,GA,"6,7",2020-07-27,30.97
Georgia,GA,"6,7",2020-08-03,31.62
Georgia,GA,"6,7",2020-08-10,30.5
Georgia,GA,"6,7",2020-08-17,26.21
Georgia,GA,"6,7",2020-08-24,23.81
Georgia,GA,"6,7",2020-08-31,19.59
Georgia,GA,"6,7",2020-09-07,17.42
Georgia,GA,"6,7",2020-09-14,15.35
Georgia,GA,"6,7",2020-09-21,15.11
Georgia,GA,"6,7",2020-09-28,12.04
Georgia,GA,"6,7",2020-10-05,11.33
Georgia,GA,"6,7",2020-10-12,15.34
Georgia,GA,"6,7",2020-10-19,14.84
Georgia,GA,"6,7",2020-10-26,18.25
Georgia,GA,"6,7",2020-11-02,17.4
Georgia,GA,"6,7",2020-11-09,20.08
Georgia,GA,"6,7",2020-11-16,24.56
Georgia,GA,"6,7",2020-11-23,32.6
Georgia,GA,"6,7",2020-11-30,26.01
Georgia,GA,"6,7",2020-12-07,45.41
Georgia,GA,"6,7",2020-12-14,52.16
Georgia,GA,"6,7",2020-12-21,59.14
Georgia,GA,"6,7",2020-12-28,58.16
Georgia,GA,"6,7",2021-01-04,77.88
Georgia,GA,"6,7",2021-01-11,90.07
Georgia,GA,"6,7",2021-01-18,75.33
Georgia,GA,"6,7",2021-01-25,67.96
Georgia,GA,"6,7",2021-02-01,55.5
Georgia,GA,"6,7",2021-02-08,41.95
Georgia,GA,"6,7",2021-02-15,30.42
Georgia,GA,"6,7",2021-02-22,26.43
Georgia,GA,"6,7",2021-03-01,29.02
Georgia,GA,"6,7",2021-03-08,20.87
Georgia,GA,"6,7",2021-03-15,13.45
Georgia,GA,"6,7",2021-03-22,15.81
Georgia,GA,"6,7",2021-03-29,14.4
Georgia,GA,"6,7",2021-04-05,12.37
Georgia,GA,"6,7",2021-04-12,12.91
Georgia,GA,"6,7",2021-04-19,13.6
Georgia,GA,"6,7",2021-04-26,12.28
Georgia,GA,"6,7",2021-05-03,11.98
Georgia,GA,"6,7",2021-05-10,9
Georgia,GA,"6,7",2021-05-17,7.5
Georgia,GA,"6,7",2021-05-24,5.65
Georgia,GA,"6,7",2021-05-31,4.64
Georgia,GA,"6,7",2021-06-07,3.43
Georgia,GA,"6,7",2021-06-14,3.6
Georgia,GA,"6,7",2021-06-21,3.16
Georgia,GA,"6,7",2021-06-28,3
Georgia,GA,"6,7",2021-07-05,3.71
Georgia,GA,"6,7",2021-07-12,5.1
Georgia,GA,"6,7",2021-07-19,10.56
Georgia,GA,"6,7",2021-07-26,18.78
Georgia,GA,"6,7",2021-08-02,28.17
Georgia,GA,"6,7",2021-08-09,50.86
Georgia,GA,"6,7",2021-08-16,62.35
Georgia,GA,"6,7",2021-08-23,73.68
Georgia,GA,"6,7",2021-08-30,84.37
Georgia,GA,"6,7",2021-09-06,83.5
Georgia,GA,"6,7",2021-09-13,61.53
Georgia,GA,"6,7",2021-09-20,48.06
Georgia,GA,"6,7",2021-09-27,38.4
Georgia,GA,"6,7",2021-10-04,30.59
Georgia,GA,"6,7",2021-10-11,26.71
Georgia,GA,"6,7",2021-10-18,14.43
Georgia,GA,"6,7",2021-10-25,12.3
Georgia,GA,"6,7",2021-11-01,10.05
Georgia,GA,"6,7",2021-11-08,7.05
Georgia,GA,"6,7",2021-11-15,12.27
Georgia,GA,"6,7",2021-11-22,10.06
Georgia,GA,"6,7",2021-11-29,8.14
Georgia,GA,"6,7",2021-12-06,12.24
Georgia,GA,"6,7",2021-12-13,13.69
Georgia,GA,"6,7",2021-12-20,24.3
Georgia,GA,"6,7",2021-12-27,76.24
Georgia,GA,"6,7",2022-01-03,134.5
Georgia,GA,"6,7",2022-01-10,165.5
Georgia,GA,"6,7",2022-01-17,158.74
Georgia,GA,"6,7",2022-01-24,156.42
Georgia,GA,"6,7",2022-01-31,123.17
Georgia,GA,"6,7",2022-02-07,58.61
Georgia,GA,"6,7",2022-02-14,33.06
Georgia,GA,"6,7",2022-02-21,20.08
Georgia,GA,"6,7",2022-02-28,12.69
Georgia,GA,"6,7",2022-03-07,9.31
Georgia,GA,"6,7",2022-03-14,7.65
Georgia,GA,"6,7",2022-03-21,7.87
Georgia,GA,"6,7",2022-03-28,4.9
Georgia,GA,"6,7",2022-04-04,6.79
Georgia,GA,"6,7",2022-04-11,4.52
Georgia,GA,"6,7",2022-04-18,3.47
Georgia,GA,"6,7",2022-04-25,3.42
Georgia,GA,"6,7",2022-05-02,7.72
Georgia,GA,"6,7",2022-05-09,8.74
Georgia,GA,"6,7",2022-05-16,11.72
Georgia,GA,"6,7",2022-05-23,14.28
Georgia,GA,"6,7",2022-05-30,18.42
Georgia,GA,"6,7",2022-06-06,11.36
Georgia,GA,"6,7",2022-06-13,23.33
Georgia,GA,"6,7",2022-06-20,24.79
Georgia,GA,"6,7",2022-06-27,14
Georgia,GA,"6,7",2022-07-04,26.74
Georgia,GA,"6,7",2022-07-11,25.94
Georgia,GA,"6,7",2022-07-18,19.99
Georgia,GA,"6,7",2022-07-25,35.02
Georgia,GA,"6,7",2022-08-01,37.67
Georgia,GA,"6,7",2022-08-08,22.66
Georgia,GA,"6,7",2022-08-15,32.34
Georgia,GA,"6,7",2022-08-22,33.54
Georgia,GA,"6,7",2022-08-29,30.51
Georgia,GA,"6,7",2022-09-05,46.93
Georgia,GA,"6,7",2022-09-12,16.13
Georgia,GA,"6,7",2022-09-19,12.37
Georgia,GA,"6,7",2022-09-26,9.39
Georgia,GA,"6,7",2022-10-03,6.16
Georgia,GA,"6,7",2022-10-10,5.37
Georgia,GA,"6,7",2022-10-17,4.63
Georgia,GA,"6,7",2022-10-24,5.04
Georgia,GA,"6,7",2022-10-31,4.27
Georgia,GA,"6,7",2022-11-07,5.26
Georgia,GA,"6,7",2022-11-14,3.45
Georgia,GA,"6,7",2022-11-21,4.95
Georgia,GA,"6,7",2022-11-28,5.3
Georgia,GA,"6,7",2022-12-05,7.91
Georgia,GA,"6,7",2022-12-12,13
Georgia,GA,"6,7",2022-12-19,15.25
Georgia,GA,"6,7",2022-12-26,17.99
Georgia,GA,"6,7",2023-01-02,14.01
Georgia,GA,"6,7",2023-01-09,18.06
Georgia,GA,"6,7",2023-01-16,18.77
Georgia,GA,"6,7",2023-01-23,6.42
Georgia,GA,"6,7",2023-01-30,10.28
Georgia,GA,"6,7",2023-02-06,10.45
Georgia,GA,"6,7",2023-02-13,8.96
Georgia,GA,"6,7",2023-02-20,8.32
Georgia,GA,"6,7",2023-02-27,15.69
Georgia,GA,"6,7",2023-03-06,4.96
Georgia,GA,"6,7",2023-03-13,3.74
Georgia,GA,"6,7",2023-03-20,3.83
Hawaii,HI,"7,0",2020-03-09,0.02
Hawaii,HI,"7,0",2020-03-16,0.07
Hawaii,HI,"7,0",2020-03-23,0.68
Hawaii,HI,"7,0",2020-03-30,1.28
Hawaii,HI,"7,0",2020-04-06,1.83
Hawaii,HI,"7,0",2020-04-13,1.18
Hawaii,HI,"7,0",2020-04-20,0.77
Hawaii,HI,"7,0",2020-04-27,0.22
Hawaii,HI,"7,0",2020-05-04,0.12
Hawaii,HI,"7,0",2020-05-11,0.11
Hawaii,HI,"7,0",2020-05-18,0.09
Hawaii,HI,"7,0",2020-05-25,0.1
Hawaii,HI,"7,0",2020-06-01,0.08
Hawaii,HI,"7,0",2020-06-08,0.19
Hawaii,HI,"7,0",2020-06-15,0.61
Hawaii,HI,"7,0",2020-06-22,0.81
Hawaii,HI,"7,0",2020-06-29,0.81
Hawaii,HI,"7,0",2020-07-06,1.29
Hawaii,HI,"7,0",2020-07-13,2.12
Hawaii,HI,"7,0",2020-07-20,1.5
Hawaii,HI,"7,0",2020-07-27,3.2
Hawaii,HI,"7,0",2020-08-03,7.44
Hawaii,HI,"7,0",2020-08-10,12.01
Hawaii,HI,"7,0",2020-08-17,15.91
Hawaii,HI,"7,0",2020-08-24,15.68
Hawaii,HI,"7,0",2020-08-31,17.16
Hawaii,HI,"7,0",2020-09-07,14.99
Hawaii,HI,"7,0",2020-09-14,8.69
Hawaii,HI,"7,0",2020-09-21,7.09
Hawaii,HI,"7,0",2020-09-28,7.68
Hawaii,HI,"7,0",2020-10-05,6.62
Hawaii,HI,"7,0",2020-10-12,6.74
Hawaii,HI,"7,0",2020-10-19,5.48
Hawaii,HI,"7,0",2020-10-26,6.46
Hawaii,HI,"7,0",2020-11-02,5.05
Hawaii,HI,"7,0",2020-11-09,7.72
Hawaii,HI,"7,0",2020-11-16,5.92
Hawaii,HI,"7,0",2020-11-23,7
Hawaii,HI,"7,0",2020-11-30,6.06
Hawaii,HI,"7,0",2020-12-07,6.59
Hawaii,HI,"7,0",2020-12-14,8.37
Hawaii,HI,"7,0",2020-12-21,9.42
Hawaii,HI,"7,0",2020-12-28,6.92
Hawaii,HI,"7,0",2021-01-04,9.92
Hawaii,HI,"7,0",2021-01-11,13.82
Hawaii,HI,"7,0",2021-01-18,9.71
Hawaii,HI,"7,0",2021-01-25,7.92
Hawaii,HI,"7,0",2021-02-01,6.67
Hawaii,HI,"7,0",2021-02-08,5.63
Hawaii,HI,"7,0",2021-02-15,3.78
Hawaii,HI,"7,0",2021-02-22,3.24
Hawaii,HI,"7,0",2021-03-01,3.78
Hawaii,HI,"7,0",2021-03-08,3.66
Hawaii,HI,"7,0",2021-03-15,4.54
Hawaii,HI,"7,0",2021-03-22,6.05
Hawaii,HI,"7,0",2021-03-29,7.2
Hawaii,HI,"7,0",2021-04-05,8.08
Hawaii,HI,"7,0",2021-04-12,6.92
Hawaii,HI,"7,0",2021-04-19,6.72
Hawaii,HI,"7,0",2021-04-26,5.75
Hawaii,HI,"7,0",2021-05-03,7.17
Hawaii,HI,"7,0",2021-05-10,6.1
Hawaii,HI,"7,0",2021-05-17,5.87
Hawaii,HI,"7,0",2021-05-24,4.45
Hawaii,HI,"7,0",2021-05-31,3.5
Hawaii,HI,"7,0",2021-06-07,3.59
Hawaii,HI,"7,0",2021-06-14,3.81
Hawaii,HI,"7,0",2021-06-21,2.82
Hawaii,HI,"7,0",2021-06-28,2.68
Hawaii,HI,"7,0",2021-07-05,3.35
Hawaii,HI,"7,0",2021-07-12,4.25
Hawaii,HI,"7,0",2021-07-19,7.19
Hawaii,HI,"7,0",2021-07-26,13.29
Hawaii,HI,"7,0",2021-08-02,23.11
Hawaii,HI,"7,0",2021-08-09,36.27
Hawaii,HI,"7,0",2021-08-16,47.28
Hawaii,HI,"7,0",2021-08-23,49.25
Hawaii,HI,"7,0",2021-08-30,62.56
Hawaii,HI,"7,0",2021-09-06,52.96
Hawaii,HI,"7,0",2021-09-13,40.62
Hawaii,HI,"7,0",2021-09-20,35.15
Hawaii,HI,"7,0",2021-09-27,24.61
Hawaii,HI,"7,0",2021-10-04,18.87
Hawaii,HI,"7,0",2021-10-11,12.28
Hawaii,HI,"7,0",2021-10-18,8.56
Hawaii,HI,"7,0",2021-10-25,8.74
Hawaii,HI,"7,0",2021-11-01,8.51
Hawaii,HI,"7,0",2021-11-08,7.36
Hawaii,HI,"7,0",2021-11-15,7.06
Hawaii,HI,"7,0",2021-11-22,10.14
Hawaii,HI,"7,0",2021-11-29,6.06
Hawaii,HI,"7,0",2021-12-06,7.35
Hawaii,HI,"7,0",2021-12-13,9.68
Hawaii,HI,"7,0",2021-12-20,41.75
Hawaii,HI,"7,0",2021-12-27,101.39
Hawaii,HI,"7,0",2022-01-03,179.3
Hawaii,HI,"7,0",2022-01-10,249.81
Hawaii,HI,"7,0",2022-01-17,274.14
Hawaii,HI,"7,0",2022-01-24,302.19
Hawaii,HI,"7,0",2022-01-31,141.66
Hawaii,HI,"7,0",2022-02-07,78.03
Hawaii,HI,"7,0",2022-02-14,45.68
Hawaii,HI,"7,0",2022-02-21,24.46
Hawaii,HI,"7,0",2022-02-28,15.38
Hawaii,HI,"7,0",2022-03-07,12.12
Hawaii,HI,"7,0",2022-03-14,11.4
Hawaii,HI,"7,0",2022-03-21,10.1
Hawaii,HI,"7,0",2022-03-28,7.3
Hawaii,HI,"7,0",2022-04-04,11
Hawaii,HI,"7,0",2022-04-11,11.48
Hawaii,HI,"7,0",2022-04-18,13.12
Hawaii,HI,"7,0",2022-04-25,16.81
Hawaii,HI,"7,0",2022-05-02,32.21
Hawaii,HI,"7,0",2022-05-09,41.92
Hawaii,HI,"7,0",2022-05-16,57
Hawaii,HI,"7,0",2022-05-23,70.85
Hawaii,HI,"7,0",2022-05-30,89
Hawaii,HI,"7,0",2022-06-06,81.01
Hawaii,HI,"7,0",2022-06-13,80.14
Hawaii,HI,"7,0",2022-06-20,71.41
Hawaii,HI,"7,0",2022-06-27,54.03
Hawaii,HI,"7,0",2022-07-04,52.86
Hawaii,HI,"7,0",2022-07-11,41.39
Hawaii,HI,"7,0",2022-07-18,42.51
Hawaii,HI,"7,0",2022-07-25,42.82
Hawaii,HI,"7,0",2022-08-01,40.16
Hawaii,HI,"7,0",2022-08-08,36.25
Hawaii,HI,"7,0",2022-08-15,31.69
Hawaii,HI,"7,0",2022-08-22,26.8
Hawaii,HI,"7,0",2022-08-29,21.96
Hawaii,HI,"7,0",2022-09-05,17.6
Hawaii,HI,"7,0",2022-09-12,11.94
Hawaii,HI,"7,0",2022-09-19,12.8
Hawaii,HI,"7,0",2022-09-26,10.83
Hawaii,HI,"7,0",2022-10-03,10.83
Hawaii,HI,"7,0",2022-10-10,6.72
Hawaii,HI,"7,0",2022-10-17,10.37
Hawaii,HI,"7,0",2022-10-24,21.89
Hawaii,HI,"7,0",2022-10-31,13.25
Hawaii,HI,"7,0",2022-11-07,10.05
Hawaii,HI,"7,0",2022-11-14,12.27
Hawaii,HI,"7,0",2022-11-21,10.28
Hawaii,HI,"7,0",2022-11-28,11.67
Hawaii,HI,"7,0",2022-12-05,9.98
Hawaii,HI,"7,0",2022-12-12,13.63
Hawaii,HI,"7,0",2022-12-19,11.7
Hawaii,HI,"7,0",2022-12-26,11.58
Hawaii,HI,"7,0",2023-01-02,10.81
Hawaii,HI,"7,0",2023-01-09,13.02
Hawaii,HI,"7,0",2023-01-16,13.33
Hawaii,HI,"7,0",2023-01-23,10.52
Hawaii,HI,"7,0",2023-01-30,10.42
Hawaii,HI,"7,0",2023-02-06,7.63
Hawaii,HI,"7,0",2023-02-13,7.43
Hawaii,HI,"7,0",2023-02-20,6.22
Hawaii,HI,"7,0",2023-02-27,6.22
Hawaii,HI,"7,0",2023-03-06,4.86
Hawaii,HI,"7,0",2023-03-13,5.15
Hawaii,HI,"7,0",2023-03-20,4.5
Idaho,ID,"2,1",2020-03-16,0.04
Idaho,ID,"2,1",2020-03-23,0.28
Idaho,ID,"2,1",2020-03-30,2.92
Idaho,ID,"2,1",2020-04-06,6.04
Idaho,ID,"2,1",2020-04-13,2.63
Idaho,ID,"2,1",2020-04-20,1.89
Idaho,ID,"2,1",2020-04-27,1.45
Idaho,ID,"2,1",2020-05-04,1.69
Idaho,ID,"2,1",2020-05-11,1.24
Idaho,ID,"2,1",2020-05-18,1.55
Idaho,ID,"2,1",2020-05-25,1.67
Idaho,ID,"2,1",2020-06-01,1.95
Idaho,ID,"2,1",2020-06-08,2.31
Idaho,ID,"2,1",2020-06-15,2.2
Idaho,ID,"2,1",2020-06-22,6.36
Idaho,ID,"2,1",2020-06-29,12.01
Idaho,ID,"2,1",2020-07-06,19.6
Idaho,ID,"2,1",2020-07-13,26.45
Idaho,ID,"2,1",2020-07-20,30.77
Idaho,ID,"2,1",2020-07-27,27.63
Idaho,ID,"2,1",2020-08-03,24
Idaho,ID,"2,1",2020-08-10,27.41
Idaho,ID,"2,1",2020-08-17,22.75
Idaho,ID,"2,1",2020-08-24,17.16
Idaho,ID,"2,1",2020-08-31,15.96
Idaho,ID,"2,1",2020-09-07,15.16
Idaho,ID,"2,1",2020-09-14,14.64
Idaho,ID,"2,1",2020-09-21,17.68
Idaho,ID,"2,1",2020-09-28,25.5
Idaho,ID,"2,1",2020-10-05,27.55
Idaho,ID,"2,1",2020-10-12,30.62
Idaho,ID,"2,1",2020-10-19,43.65
Idaho,ID,"2,1",2020-10-26,50.18
Idaho,ID,"2,1",2020-11-02,46.76
Idaho,ID,"2,1",2020-11-09,67.66
Idaho,ID,"2,1",2020-11-16,73.49
Idaho,ID,"2,1",2020-11-23,77.51
Idaho,ID,"2,1",2020-11-30,68.4
Idaho,ID,"2,1",2020-12-07,82.14
Idaho,ID,"2,1",2020-12-14,81.91
Idaho,ID,"2,1",2020-12-21,70.26
Idaho,ID,"2,1",2020-12-28,47.81
Idaho,ID,"2,1",2021-01-04,51.03
Idaho,ID,"2,1",2021-01-11,53.75
Idaho,ID,"2,1",2021-01-18,40.64
Idaho,ID,"2,1",2021-01-25,36.3
Idaho,ID,"2,1",2021-02-01,24.85
Idaho,ID,"2,1",2021-02-08,20.26
Idaho,ID,"2,1",2021-02-15,18.44
Idaho,ID,"2,1",2021-02-22,13.41
Idaho,ID,"2,1",2021-03-01,15.15
Idaho,ID,"2,1",2021-03-08,15.23
Idaho,ID,"2,1",2021-03-15,17.99
Idaho,ID,"2,1",2021-03-22,17.23
Idaho,ID,"2,1",2021-03-29,15.73
Idaho,ID,"2,1",2021-04-05,16.5
Idaho,ID,"2,1",2021-04-12,15.02
Idaho,ID,"2,1",2021-04-19,12.18
Idaho,ID,"2,1",2021-04-26,12.08
Idaho,ID,"2,1",2021-05-03,9.8
Idaho,ID,"2,1",2021-05-10,8.78
Idaho,ID,"2,1",2021-05-17,9.23
Idaho,ID,"2,1",2021-05-24,8.91
Idaho,ID,"2,1",2021-05-31,7.55
Idaho,ID,"2,1",2021-06-07,5.72
Idaho,ID,"2,1",2021-06-14,5.71
Idaho,ID,"2,1",2021-06-21,4.04
Idaho,ID,"2,1",2021-06-28,4.59
Idaho,ID,"2,1",2021-07-05,3.85
Idaho,ID,"2,1",2021-07-12,5.36
Idaho,ID,"2,1",2021-07-19,8.65
Idaho,ID,"2,1",2021-07-26,13.03
Idaho,ID,"2,1",2021-08-02,20.4
Idaho,ID,"2,1",2021-08-09,29.11
Idaho,ID,"2,1",2021-08-16,35
Idaho,ID,"2,1",2021-08-23,37.04
Idaho,ID,"2,1",2021-08-30,48.96
Idaho,ID,"2,1",2021-09-06,61.1
Idaho,ID,"2,1",2021-09-13,54.94
Idaho,ID,"2,1",2021-09-20,65.77
Idaho,ID,"2,1",2021-09-27,70.15
Idaho,ID,"2,1",2021-10-04,72.74
Idaho,ID,"2,1",2021-10-11,66.49
Idaho,ID,"2,1",2021-10-18,68.57
Idaho,ID,"2,1",2021-10-25,63.02
Idaho,ID,"2,1",2021-11-01,47.76
Idaho,ID,"2,1",2021-11-08,38.5
Idaho,ID,"2,1",2021-11-15,26.89
Idaho,ID,"2,1",2021-11-22,27.19
Idaho,ID,"2,1",2021-11-29,18.26
Idaho,ID,"2,1",2021-12-06,24.82
Idaho,ID,"2,1",2021-12-13,22.94
Idaho,ID,"2,1",2021-12-20,18.45
Idaho,ID,"2,1",2021-12-27,18.03
Idaho,ID,"2,1",2022-01-03,32.66
Idaho,ID,"2,1",2022-01-10,65.24
Idaho,ID,"2,1",2022-01-17,107.41
Idaho,ID,"2,1",2022-01-24,126.04
Idaho,ID,"2,1",2022-01-31,153.37
Idaho,ID,"2,1",2022-02-07,101.91
Idaho,ID,"2,1",2022-02-14,92.63
Idaho,ID,"2,1",2022-02-21,90.91
Idaho,ID,"2,1",2022-02-28,72.45
Idaho,ID,"2,1",2022-03-07,63.89
Idaho,ID,"2,1",2022-03-14,39.54
Idaho,ID,"2,1",2022-03-21,28.03
Idaho,ID,"2,1",2022-03-28,8.43
Idaho,ID,"2,1",2022-04-04,6.04
Idaho,ID,"2,1",2022-04-11,2.69
Idaho,ID,"2,1",2022-04-18,3.38
Idaho,ID,"2,1",2022-04-25,4.02
Idaho,ID,"2,1",2022-05-02,4.41
Idaho,ID,"2,1",2022-05-09,7.45
Idaho,ID,"2,1",2022-05-16,8.93
Idaho,ID,"2,1",2022-05-23,11.32
Idaho,ID,"2,1",2022-05-30,13.52
Idaho,ID,"2,1",2022-06-06,14.58
Idaho,ID,"2,1",2022-06-13,20.55
Idaho,ID,"2,1",2022-06-20,19.83
Idaho,ID,"2,1",2022-06-27,20.85
Idaho,ID,"2,1",2022-07-04,26.93
Idaho,ID,"2,1",2022-07-11,27.26
Idaho,ID,"2,1",2022-07-18,29.2
Idaho,ID,"2,1",2022-07-25,28.89
Idaho,ID,"2,1",2022-08-01,25.05
Idaho,ID,"2,1",2022-08-08,22.97
Idaho,ID,"2,1",2022-08-15,18.81
Idaho,ID,"2,1",2022-08-22,15.89
Idaho,ID,"2,1",2022-08-29,15.67
Idaho,ID,"2,1",2022-09-05,15.52
Idaho,ID,"2,1",2022-09-12,11.26
Idaho,ID,"2,1",2022-09-19,12.32
Idaho,ID,"2,1",2022-09-26,10.81
Idaho,ID,"2,1",2022-10-03,9.8
Idaho,ID,"2,1",2022-10-10,9.01
Idaho,ID,"2,1",2022-10-17,6.07
Idaho,ID,"2,1",2022-10-24,6.04
Idaho,ID,"2,1",2022-10-31,8.36
Idaho,ID,"2,1",2022-11-07,8.51
Idaho,ID,"2,1",2022-11-14,9.6
Idaho,ID,"2,1",2022-11-21,9.89
Idaho,ID,"2,1",2022-11-28,11.33
Idaho,ID,"2,1",2022-12-05,12.18
Idaho,ID,"2,1",2022-12-12,12.74
Idaho,ID,"2,1",2022-12-19,10.7
Idaho,ID,"2,1",2022-12-26,10.45
Idaho,ID,"2,1",2023-01-02,8.48
Idaho,ID,"2,1",2023-01-09,6.29
Idaho,ID,"2,1",2023-01-16,7.49
Idaho,ID,"2,1",2023-01-23,5.28
Idaho,ID,"2,1",2023-01-30,5.4
Idaho,ID,"2,1",2023-02-06,3.7
Idaho,ID,"2,1",2023-02-13,6.92
Idaho,ID,"2,1",2023-02-20,7.63
Idaho,ID,"2,1",2023-02-27,5.27
Idaho,ID,"2,1",2023-03-06,11.24
Idaho,ID,"2,1",2023-03-13,10.11
Idaho,ID,"2,1",2023-03-20,7.67
Illinois,IL,"2,5",2020-03-02,0
Illinois,IL,"2,5",2020-03-09,0.01
Illinois,IL,"2,5",2020-03-16,0.1
Illinois,IL,"2,5",2020-03-23,1.33
Illinois,IL,"2,5",2020-03-30,4.27
Illinois,IL,"2,5",2020-04-06,8.11
Illinois,IL,"2,5",2020-04-13,11.01
Illinois,IL,"2,5",2020-04-20,10.69
Illinois,IL,"2,5",2020-04-27,16.21
Illinois,IL,"2,5",2020-05-04,20.24
Illinois,IL,"2,5",2020-05-11,17.23
Illinois,IL,"2,5",2020-05-18,19.9
Illinois,IL,"2,5",2020-05-25,17.44
Illinois,IL,"2,5",2020-06-01,10.62
Illinois,IL,"2,5",2020-06-08,8.88
Illinois,IL,"2,5",2020-06-15,5.3
Illinois,IL,"2,5",2020-06-22,4.92
Illinois,IL,"2,5",2020-06-29,5.94
Illinois,IL,"2,5",2020-07-06,6.25
Illinois,IL,"2,5",2020-07-13,7.73
Illinois,IL,"2,5",2020-07-20,9.32
Illinois,IL,"2,5",2020-07-27,11.15
Illinois,IL,"2,5",2020-08-03,12.17
Illinois,IL,"2,5",2020-08-10,13.63
Illinois,IL,"2,5",2020-08-17,14.22
Illinois,IL,"2,5",2020-08-24,15.91
Illinois,IL,"2,5",2020-08-31,15.36
Illinois,IL,"2,5",2020-09-07,18
Illinois,IL,"2,5",2020-09-14,13.78
Illinois,IL,"2,5",2020-09-21,14.84
Illinois,IL,"2,5",2020-09-28,15.94
Illinois,IL,"2,5",2020-10-05,16.08
Illinois,IL,"2,5",2020-10-12,20.66
Illinois,IL,"2,5",2020-10-19,30.09
Illinois,IL,"2,5",2020-10-26,36.79
Illinois,IL,"2,5",2020-11-02,52.08
Illinois,IL,"2,5",2020-11-09,77.49
Illinois,IL,"2,5",2020-11-16,97.58
Illinois,IL,"2,5",2020-11-23,89.4
Illinois,IL,"2,5",2020-11-30,69.85
Illinois,IL,"2,5",2020-12-07,78.87
Illinois,IL,"2,5",2020-12-14,67.72
Illinois,IL,"2,5",2020-12-21,55.3
Illinois,IL,"2,5",2020-12-28,42.26
Illinois,IL,"2,5",2021-01-04,48.54
Illinois,IL,"2,5",2021-01-11,55.23
Illinois,IL,"2,5",2021-01-18,43.14
Illinois,IL,"2,5",2021-01-25,36.83
Illinois,IL,"2,5",2021-02-01,26.86
Illinois,IL,"2,5",2021-02-08,22.16
Illinois,IL,"2,5",2021-02-15,17.17
Illinois,IL,"2,5",2021-02-22,14.21
Illinois,IL,"2,5",2021-03-01,14.1
Illinois,IL,"2,5",2021-03-08,13.3
Illinois,IL,"2,5",2021-03-15,12.12
Illinois,IL,"2,5",2021-03-22,14.47
Illinois,IL,"2,5",2021-03-29,18.69
Illinois,IL,"2,5",2021-04-05,21.62
Illinois,IL,"2,5",2021-04-12,26.42
Illinois,IL,"2,5",2021-04-19,24.78
Illinois,IL,"2,5",2021-04-26,21.52
Illinois,IL,"2,5",2021-05-03,21.01
Illinois,IL,"2,5",2021-05-10,16.64
Illinois,IL,"2,5",2021-05-17,12.26
Illinois,IL,"2,5",2021-05-24,10.44
Illinois,IL,"2,5",2021-05-31,6.54
Illinois,IL,"2,5",2021-06-07,3.79
Illinois,IL,"2,5",2021-06-14,2.52
Illinois,IL,"2,5",2021-06-21,1.89
Illinois,IL,"2,5",2021-06-28,1.94
Illinois,IL,"2,5",2021-07-05,2.43
Illinois,IL,"2,5",2021-07-12,3.45
Illinois,IL,"2,5",2021-07-19,6.35
Illinois,IL,"2,5",2021-07-26,10.47
Illinois,IL,"2,5",2021-08-02,14.68
Illinois,IL,"2,5",2021-08-09,22.09
Illinois,IL,"2,5",2021-08-16,25.62
Illinois,IL,"2,5",2021-08-23,27.89
Illinois,IL,"2,5",2021-08-30,29.95
Illinois,IL,"2,5",2021-09-06,34.37
Illinois,IL,"2,5",2021-09-13,27.99
Illinois,IL,"2,5",2021-09-20,28.29
Illinois,IL,"2,5",2021-09-27,23.02
Illinois,IL,"2,5",2021-10-04,21.36
Illinois,IL,"2,5",2021-10-11,14.24
Illinois,IL,"2,5",2021-10-18,23.73
Illinois,IL,"2,5",2021-10-25,16.74
Illinois,IL,"2,5",2021-11-01,17.64
Illinois,IL,"2,5",2021-11-08,21.08
Illinois,IL,"2,5",2021-11-15,27.23
Illinois,IL,"2,5",2021-11-22,34.52
Illinois,IL,"2,5",2021-11-29,32.66
Illinois,IL,"2,5",2021-12-06,56.12
Illinois,IL,"2,5",2021-12-13,56.77
Illinois,IL,"2,5",2021-12-20,80
Illinois,IL,"2,5",2021-12-27,113.72
Illinois,IL,"2,5",2022-01-03,182.42
Illinois,IL,"2,5",2022-01-10,249.07
Illinois,IL,"2,5",2022-01-17,233.03
Illinois,IL,"2,5",2022-01-24,196.2
Illinois,IL,"2,5",2022-01-31,94.36
Illinois,IL,"2,5",2022-02-07,57.26
Illinois,IL,"2,5",2022-02-14,34.42
Illinois,IL,"2,5",2022-02-21,13.67
Illinois,IL,"2,5",2022-02-28,19.81
Illinois,IL,"2,5",2022-03-07,9.75
Illinois,IL,"2,5",2022-03-14,9.29
Illinois,IL,"2,5",2022-03-21,8.54
Illinois,IL,"2,5",2022-03-28,9.24
Illinois,IL,"2,5",2022-04-04,10.01
Illinois,IL,"2,5",2022-04-11,13.93
Illinois,IL,"2,5",2022-04-18,17.3
Illinois,IL,"2,5",2022-04-25,24.75
Illinois,IL,"2,5",2022-05-02,28.71
Illinois,IL,"2,5",2022-05-09,40.67
Illinois,IL,"2,5",2022-05-16,47.89
Illinois,IL,"2,5",2022-05-23,42.6
Illinois,IL,"2,5",2022-05-30,41.63
Illinois,IL,"2,5",2022-06-06,36.67
Illinois,IL,"2,5",2022-06-13,32.63
Illinois,IL,"2,5",2022-06-20,30.75
Illinois,IL,"2,5",2022-06-27,29.28
Illinois,IL,"2,5",2022-07-04,28.14
Illinois,IL,"2,5",2022-07-11,34.47
Illinois,IL,"2,5",2022-07-18,36.51
Illinois,IL,"2,5",2022-07-25,40.15
Illinois,IL,"2,5",2022-08-01,35.1
Illinois,IL,"2,5",2022-08-08,34.2
Illinois,IL,"2,5",2022-08-15,28.35
Illinois,IL,"2,5",2022-08-22,27.89
Illinois,IL,"2,5",2022-08-29,27.44
Illinois,IL,"2,5",2022-09-05,29.52
Illinois,IL,"2,5",2022-09-12,20.95
Illinois,IL,"2,5",2022-09-19,17.42
Illinois,IL,"2,5",2022-09-26,18.74
Illinois,IL,"2,5",2022-10-03,12.38
Illinois,IL,"2,5",2022-10-10,8.86
Illinois,IL,"2,5",2022-10-17,16.37
Illinois,IL,"2,5",2022-10-24,13.73
Illinois,IL,"2,5",2022-10-31,16.16
Illinois,IL,"2,5",2022-11-07,15.81
Illinois,IL,"2,5",2022-11-14,14.97
Illinois,IL,"2,5",2022-11-21,15.96
Illinois,IL,"2,5",2022-11-28,14.84
Illinois,IL,"2,5",2022-12-05,26.75
Illinois,IL,"2,5",2022-12-12,25.45
Illinois,IL,"2,5",2022-12-19,26.85
Illinois,IL,"2,5",2022-12-26,26.84
Illinois,IL,"2,5",2023-01-02,17.98
Illinois,IL,"2,5",2023-01-09,8.92
Illinois,IL,"2,5",2023-01-16,11.12
Illinois,IL,"2,5",2023-01-23,14.3
Illinois,IL,"2,5",2023-01-30,12.34
Illinois,IL,"2,5",2023-02-06,11.41
Illinois,IL,"2,5",2023-02-13,11.54
Illinois,IL,"2,5",2023-02-20,12.2
Illinois,IL,"2,5",2023-02-27,12.67
Illinois,IL,"2,5",2023-03-06,8.57
Illinois,IL,"2,5",2023-03-13,11.63
Illinois,IL,"2,5",2023-03-20,10.09
Indiana,IN,"3,5",2020-03-09,0.01
Indiana,IN,"3,5",2020-03-16,0.04
Indiana,IN,"3,5",2020-03-23,0.51
Indiana,IN,"3,5",2020-03-30,3.25
Indiana,IN,"3,5",2020-04-06,6.77
Indiana,IN,"3,5",2020-04-13,7.03
Indiana,IN,"3,5",2020-04-20,7.39
Indiana,IN,"3,5",2020-04-27,9.24
Indiana,IN,"3,5",2020-05-04,10.01
Indiana,IN,"3,5",2020-05-11,9.08
Indiana,IN,"3,5",2020-05-18,7.99
Indiana,IN,"3,5",2020-05-25,7.62
Indiana,IN,"3,5",2020-06-01,6.78
Indiana,IN,"3,5",2020-06-08,6.09
Indiana,IN,"3,5",2020-06-15,6.09
Indiana,IN,"3,5",2020-06-22,4.85
Indiana,IN,"3,5",2020-06-29,5.65
Indiana,IN,"3,5",2020-07-06,6.77
Indiana,IN,"3,5",2020-07-13,7.99
Indiana,IN,"3,5",2020-07-20,11.2
Indiana,IN,"3,5",2020-07-27,12.33
Indiana,IN,"3,5",2020-08-03,12.08
Indiana,IN,"3,5",2020-08-10,14.05
Indiana,IN,"3,5",2020-08-17,13.1
Indiana,IN,"3,5",2020-08-24,11.96
Indiana,IN,"3,5",2020-08-31,14.16
Indiana,IN,"3,5",2020-09-07,13.26
Indiana,IN,"3,5",2020-09-14,13.22
Indiana,IN,"3,5",2020-09-21,11.66
Indiana,IN,"3,5",2020-09-28,13.43
Indiana,IN,"3,5",2020-10-05,16.35
Indiana,IN,"3,5",2020-10-12,22.59
Indiana,IN,"3,5",2020-10-19,26.85
Indiana,IN,"3,5",2020-10-26,32.73
Indiana,IN,"3,5",2020-11-02,43.83
Indiana,IN,"3,5",2020-11-09,62.31
Indiana,IN,"3,5",2020-11-16,89.74
Indiana,IN,"3,5",2020-11-23,93.91
Indiana,IN,"3,5",2020-11-30,80.89
Indiana,IN,"3,5",2020-12-07,102.61
Indiana,IN,"3,5",2020-12-14,91.66
Indiana,IN,"3,5",2020-12-21,80.39
Indiana,IN,"3,5",2020-12-28,59.7
Indiana,IN,"3,5",2021-01-04,70.91
Indiana,IN,"3,5",2021-01-11,79.97
Indiana,IN,"3,5",2021-01-18,53.91
Indiana,IN,"3,5",2021-01-25,43.61
Indiana,IN,"3,5",2021-02-01,32.24
Indiana,IN,"3,5",2021-02-08,26.3
Indiana,IN,"3,5",2021-02-15,18.97
Indiana,IN,"3,5",2021-02-22,14.24
Indiana,IN,"3,5",2021-03-01,12.47
Indiana,IN,"3,5",2021-03-08,11.78
Indiana,IN,"3,5",2021-03-15,11.16
Indiana,IN,"3,5",2021-03-22,11.59
Indiana,IN,"3,5",2021-03-29,13.41
Indiana,IN,"3,5",2021-04-05,14.64
Indiana,IN,"3,5",2021-04-12,17.4
Indiana,IN,"3,5",2021-04-19,16.15
Indiana,IN,"3,5",2021-04-26,14.21
Indiana,IN,"3,5",2021-05-03,16.95
Indiana,IN,"3,5",2021-05-10,14.58
Indiana,IN,"3,5",2021-05-17,10.91
Indiana,IN,"3,5",2021-05-24,9.7
Indiana,IN,"3,5",2021-05-31,7.44
Indiana,IN,"3,5",2021-06-07,4.6
Indiana,IN,"3,5",2021-06-14,5.21
Indiana,IN,"3,5",2021-06-21,3.51
Indiana,IN,"3,5",2021-06-28,3.69
Indiana,IN,"3,5",2021-07-05,4.31
Indiana,IN,"3,5",2021-07-12,4.73
Indiana,IN,"3,5",2021-07-19,7.58
Indiana,IN,"3,5",2021-07-26,10.35
Indiana,IN,"3,5",2021-08-02,16.44
Indiana,IN,"3,5",2021-08-09,25.82
Indiana,IN,"3,5",2021-08-16,36.36
Indiana,IN,"3,5",2021-08-23,46.99
Indiana,IN,"3,5",2021-08-30,62.58
Indiana,IN,"3,5",2021-09-06,63.22
Indiana,IN,"3,5",2021-09-13,54.27
Indiana,IN,"3,5",2021-09-20,52.16
Indiana,IN,"3,5",2021-09-27,41.72
Indiana,IN,"3,5",2021-10-04,37.84
Indiana,IN,"3,5",2021-10-11,32.27
Indiana,IN,"3,5",2021-10-18,27.64
Indiana,IN,"3,5",2021-10-25,23.44
Indiana,IN,"3,5",2021-11-01,24.26
Indiana,IN,"3,5",2021-11-08,26.6
Indiana,IN,"3,5",2021-11-15,35
Indiana,IN,"3,5",2021-11-22,46.28
Indiana,IN,"3,5",2021-11-29,41.96
Indiana,IN,"3,5",2021-12-06,71.32
Indiana,IN,"3,5",2021-12-13,67.01
Indiana,IN,"3,5",2021-12-20,64.07
Indiana,IN,"3,5",2021-12-27,61.27
Indiana,IN,"3,5",2022-01-03,120.95
Indiana,IN,"3,5",2022-01-10,187.87
Indiana,IN,"3,5",2022-01-17,203.15
Indiana,IN,"3,5",2022-01-24,207.3
Indiana,IN,"3,5",2022-01-31,134.46
Indiana,IN,"3,5",2022-02-07,60.65
Indiana,IN,"3,5",2022-02-14,34.89
Indiana,IN,"3,5",2022-02-21,17.86
Indiana,IN,"3,5",2022-02-28,10.41
Indiana,IN,"3,5",2022-03-07,7.43
Indiana,IN,"3,5",2022-03-14,4.46
Indiana,IN,"3,5",2022-03-21,3.99
Indiana,IN,"3,5",2022-03-28,3.05
Indiana,IN,"3,5",2022-04-04,2.87
Indiana,IN,"3,5",2022-04-11,2.57
Indiana,IN,"3,5",2022-04-18,3.72
Indiana,IN,"3,5",2022-04-25,6.28
Indiana,IN,"3,5",2022-05-02,9.26
Indiana,IN,"3,5",2022-05-09,12.25
Indiana,IN,"3,5",2022-05-16,14.81
Indiana,IN,"3,5",2022-05-23,18.04
Indiana,IN,"3,5",2022-05-30,18.64
Indiana,IN,"3,5",2022-06-06,17.08
Indiana,IN,"3,5",2022-06-13,18.49
Indiana,IN,"3,5",2022-06-20,16.29
Indiana,IN,"3,5",2022-06-27,21.99
Indiana,IN,"3,5",2022-07-04,23.36
Indiana,IN,"3,5",2022-07-11,21.77
Indiana,IN,"3,5",2022-07-18,25.9
Indiana,IN,"3,5",2022-07-25,29.54
Indiana,IN,"3,5",2022-08-01,34.39
Indiana,IN,"3,5",2022-08-08,31.72
Indiana,IN,"3,5",2022-08-15,31.81
Indiana,IN,"3,5",2022-08-22,29.73
Indiana,IN,"3,5",2022-08-29,30.95
Indiana,IN,"3,5",2022-09-05,25.88
Indiana,IN,"3,5",2022-09-12,16.17
Indiana,IN,"3,5",2022-09-19,11.59
Indiana,IN,"3,5",2022-09-26,9.81
Indiana,IN,"3,5",2022-10-03,8.77
Indiana,IN,"3,5",2022-10-10,7.75
Indiana,IN,"3,5",2022-10-17,8.13
Indiana,IN,"3,5",2022-10-24,7.91
Indiana,IN,"3,5",2022-10-31,9.47
Indiana,IN,"3,5",2022-11-07,10.91
Indiana,IN,"3,5",2022-11-14,11.27
Indiana,IN,"3,5",2022-11-21,11.62
Indiana,IN,"3,5",2022-11-28,12.57
Indiana,IN,"3,5",2022-12-05,13.44
Indiana,IN,"3,5",2022-12-12,24.48
Indiana,IN,"3,5",2022-12-19,20.64
Indiana,IN,"3,5",2022-12-26,19.6
Indiana,IN,"3,5",2023-01-02,13.81
Indiana,IN,"3,5",2023-01-09,15.1
Indiana,IN,"3,5",2023-01-16,14.49
Indiana,IN,"3,5",2023-01-23,11.17
Indiana,IN,"3,5",2023-01-30,8.55
Indiana,IN,"3,5",2023-02-06,9.53
Indiana,IN,"3,5",2023-02-13,9.38
Indiana,IN,"3,5",2023-02-20,10.28
Indiana,IN,"3,5",2023-02-27,9.22
Indiana,IN,"3,5",2023-03-06,9.66
Indiana,IN,"3,5",2023-03-13,7.39
Indiana,IN,"3,5",2023-03-20,6.36
Iowa,IA,"3,4",2020-03-09,0.04
Iowa,IA,"3,4",2020-03-16,0.09
Iowa,IA,"3,4",2020-03-23,0.33
Iowa,IA,"3,4",2020-03-30,1.44
Iowa,IA,"3,4",2020-04-06,2.36
Iowa,IA,"3,4",2020-04-13,3.46
Iowa,IA,"3,4",2020-04-20,6.63
Iowa,IA,"3,4",2020-04-27,12.19
Iowa,IA,"3,4",2020-05-04,17.36
Iowa,IA,"3,4",2020-05-11,12.09
Iowa,IA,"3,4",2020-05-18,11.69
Iowa,IA,"3,4",2020-05-25,12.1
Iowa,IA,"3,4",2020-06-01,9.78
Iowa,IA,"3,4",2020-06-08,10.51
Iowa,IA,"3,4",2020-06-15,9.05
Iowa,IA,"3,4",2020-06-22,9.54
Iowa,IA,"3,4",2020-06-29,12.03
Iowa,IA,"3,4",2020-07-06,13.09
Iowa,IA,"3,4",2020-07-13,17.51
Iowa,IA,"3,4",2020-07-20,16.81
Iowa,IA,"3,4",2020-07-27,15.18
Iowa,IA,"3,4",2020-08-03,14.53
Iowa,IA,"3,4",2020-08-10,14.76
Iowa,IA,"3,4",2020-08-17,16.59
Iowa,IA,"3,4",2020-08-24,18.62
Iowa,IA,"3,4",2020-08-31,37.63
Iowa,IA,"3,4",2020-09-07,23.93
Iowa,IA,"3,4",2020-09-14,20.52
Iowa,IA,"3,4",2020-09-21,26.88
Iowa,IA,"3,4",2020-09-28,28.3
Iowa,IA,"3,4",2020-10-05,27.19
Iowa,IA,"3,4",2020-10-12,32.56
Iowa,IA,"3,4",2020-10-19,34.7
Iowa,IA,"3,4",2020-10-26,41.13
Iowa,IA,"3,4",2020-11-02,70.18
Iowa,IA,"3,4",2020-11-09,123.22
Iowa,IA,"3,4",2020-11-16,134.42
Iowa,IA,"3,4",2020-11-23,114.08
Iowa,IA,"3,4",2020-11-30,71.73
Iowa,IA,"3,4",2020-12-07,69.51
Iowa,IA,"3,4",2020-12-14,49.43
Iowa,IA,"3,4",2020-12-21,53.58
Iowa,IA,"3,4",2020-12-28,35.83
Iowa,IA,"3,4",2021-01-04,43.95
Iowa,IA,"3,4",2021-01-11,51.7
Iowa,IA,"3,4",2021-01-18,37.62
Iowa,IA,"3,4",2021-01-25,35.43
Iowa,IA,"3,4",2021-02-01,28.43
Iowa,IA,"3,4",2021-02-08,22.78
Iowa,IA,"3,4",2021-02-15,20.41
Iowa,IA,"3,4",2021-02-22,15.22
Iowa,IA,"3,4",2021-03-01,17.22
Iowa,IA,"3,4",2021-03-08,14.66
Iowa,IA,"3,4",2021-03-15,14.38
Iowa,IA,"3,4",2021-03-22,13.2
Iowa,IA,"3,4",2021-03-29,18.12
Iowa,IA,"3,4",2021-04-05,16.35
Iowa,IA,"3,4",2021-04-12,15.25
Iowa,IA,"3,4",2021-04-19,14.23
Iowa,IA,"3,4",2021-04-26,12.76
Iowa,IA,"3,4",2021-05-03,11.74
Iowa,IA,"3,4",2021-05-10,9.78
Iowa,IA,"3,4",2021-05-17,7.15
Iowa,IA,"3,4",2021-05-24,5.58
Iowa,IA,"3,4",2021-05-31,3.18
Iowa,IA,"3,4",2021-06-07,2.9
Iowa,IA,"3,4",2021-06-14,2.65
Iowa,IA,"3,4",2021-06-21,2.22
Iowa,IA,"3,4",2021-06-28,2.27
Iowa,IA,"3,4",2021-07-05,2.56
Iowa,IA,"3,4",2021-07-12,2.36
Iowa,IA,"3,4",2021-07-19,4.78
Iowa,IA,"3,4",2021-07-26,7.13
Iowa,IA,"3,4",2021-08-02,11.31
Iowa,IA,"3,4",2021-08-09,19.02
Iowa,IA,"3,4",2021-08-16,23.66
Iowa,IA,"3,4",2021-08-23,26.91
Iowa,IA,"3,4",2021-08-30,34.22
Iowa,IA,"3,4",2021-09-06,40.08
Iowa,IA,"3,4",2021-09-13,43.43
Iowa,IA,"3,4",2021-09-20,59.18
Iowa,IA,"3,4",2021-09-27,51.75
Iowa,IA,"3,4",2021-10-04,44.88
Iowa,IA,"3,4",2021-10-11,41.74
Iowa,IA,"3,4",2021-10-18,34.11
Iowa,IA,"3,4",2021-10-25,30.89
Iowa,IA,"3,4",2021-11-01,31.6
Iowa,IA,"3,4",2021-11-08,37.47
Iowa,IA,"3,4",2021-11-15,41.46
Iowa,IA,"3,4",2021-11-22,45.61
Iowa,IA,"3,4",2021-11-29,36.53
Iowa,IA,"3,4",2021-12-06,45.34
Iowa,IA,"3,4",2021-12-13,52.81
Iowa,IA,"3,4",2021-12-20,48.64
Iowa,IA,"3,4",2021-12-27,38.63
Iowa,IA,"3,4",2022-01-03,52.28
Iowa,IA,"3,4",2022-01-10,103.01
Iowa,IA,"3,4",2022-01-17,169.39
Iowa,IA,"3,4",2022-01-24,167.32
Iowa,IA,"3,4",2022-01-31,135.5
Iowa,IA,"3,4",2022-02-07,78.84
Iowa,IA,"3,4",2022-02-14,44.67
Iowa,IA,"3,4",2022-02-21,27
Iowa,IA,"3,4",2022-02-28,15.03
Iowa,IA,"3,4",2022-03-07,8.98
Iowa,IA,"3,4",2022-03-14,5.57
Iowa,IA,"3,4",2022-03-21,3.5
Iowa,IA,"3,4",2022-03-28,3.36
Iowa,IA,"3,4",2022-04-04,3.41
Iowa,IA,"3,4",2022-04-11,3.05
Iowa,IA,"3,4",2022-04-18,4.8
Iowa,IA,"3,4",2022-04-25,5.68
Iowa,IA,"3,4",2022-05-02,7.91
Iowa,IA,"3,4",2022-05-09,12.73
Iowa,IA,"3,4",2022-05-16,16.01
Iowa,IA,"3,4",2022-05-23,16.88
Iowa,IA,"3,4",2022-05-30,18.21
Iowa,IA,"3,4",2022-06-06,19.17
Iowa,IA,"3,4",2022-06-13,17.91
Iowa,IA,"3,4",2022-06-20,17.93
Iowa,IA,"3,4",2022-06-27,18.46
Iowa,IA,"3,4",2022-07-04,18.37
Iowa,IA,"3,4",2022-07-11,16.84
Iowa,IA,"3,4",2022-07-18,22.87
Iowa,IA,"3,4",2022-07-25,25.55
Iowa,IA,"3,4",2022-08-01,23.73
Iowa,IA,"3,4",2022-08-08,29.1
Iowa,IA,"3,4",2022-08-15,23.83
Iowa,IA,"3,4",2022-08-22,21.72
Iowa,IA,"3,4",2022-08-29,22.33
Iowa,IA,"3,4",2022-09-05,22.23
Iowa,IA,"3,4",2022-09-12,16.65
Iowa,IA,"3,4",2022-09-19,15.37
Iowa,IA,"3,4",2022-09-26,11.63
Iowa,IA,"3,4",2022-10-03,8.47
Iowa,IA,"3,4",2022-10-10,8.37
Iowa,IA,"3,4",2022-10-17,6.4
Iowa,IA,"3,4",2022-10-24,6.83
Iowa,IA,"3,4",2022-10-31,8.67
Iowa,IA,"3,4",2022-11-07,8.27
Iowa,IA,"3,4",2022-11-14,8.44
Iowa,IA,"3,4",2022-11-21,8.97
Iowa,IA,"3,4",2022-11-28,8.11
Iowa,IA,"3,4",2022-12-05,10.57
Iowa,IA,"3,4",2022-12-12,15.72
Iowa,IA,"3,4",2022-12-19,16.77
Iowa,IA,"3,4",2022-12-26,13.84
Iowa,IA,"3,4",2023-01-02,9.73
Iowa,IA,"3,4",2023-01-09,10.23
Iowa,IA,"3,4",2023-01-16,8.73
Iowa,IA,"3,4",2023-01-23,7.64
Iowa,IA,"3,4",2023-01-30,5.52
Iowa,IA,"3,4",2023-02-06,6.85
Iowa,IA,"3,4",2023-02-13,6.87
Iowa,IA,"3,4",2023-02-20,6.44
Iowa,IA,"3,4",2023-02-27,7.16
Iowa,IA,"3,4",2023-03-06,7.84
Iowa,IA,"3,4",2023-03-13,8.68
Iowa,IA,"3,4",2023-03-20,7.94
Kansas,KS,"5,3",2020-03-09,0
Kansas,KS,"5,3",2020-03-16,0.04
Kansas,KS,"5,3",2020-03-23,0.35
Kansas,KS,"5,3",2020-03-30,1.43
Kansas,KS,"5,3",2020-04-06,2.35
Kansas,KS,"5,3",2020-04-13,2.6
Kansas,KS,"5,3",2020-04-20,3.17
Kansas,KS,"5,3",2020-04-27,6.75
Kansas,KS,"5,3",2020-05-04,9.7
Kansas,KS,"5,3",2020-05-11,8.71
Kansas,KS,"5,3",2020-05-18,6.27
Kansas,KS,"5,3",2020-05-25,4.08
Kansas,KS,"5,3",2020-06-01,4.07
Kansas,KS,"5,3",2020-06-08,3.05
Kansas,KS,"5,3",2020-06-15,3.88
Kansas,KS,"5,3",2020-06-22,5.2
Kansas,KS,"5,3",2020-06-29,9.77
Kansas,KS,"5,3",2020-07-06,12.33
Kansas,KS,"5,3",2020-07-13,15.61
Kansas,KS,"5,3",2020-07-20,16.08
Kansas,KS,"5,3",2020-07-27,14.2
Kansas,KS,"5,3",2020-08-03,13.54
Kansas,KS,"5,3",2020-08-10,14.19
Kansas,KS,"5,3",2020-08-17,16.92
Kansas,KS,"5,3",2020-08-24,16.99
Kansas,KS,"5,3",2020-08-31,21.57
Kansas,KS,"5,3",2020-09-07,19.62
Kansas,KS,"5,3",2020-09-14,16.98
Kansas,KS,"5,3",2020-09-21,20.03
Kansas,KS,"5,3",2020-09-28,23.72
Kansas,KS,"5,3",2020-10-05,19.73
Kansas,KS,"5,3",2020-10-12,26.19
Kansas,KS,"5,3",2020-10-19,26.76
Kansas,KS,"5,3",2020-10-26,28.72
Kansas,KS,"5,3",2020-11-02,49.72
Kansas,KS,"5,3",2020-11-09,72.01
Kansas,KS,"5,3",2020-11-16,95.12
Kansas,KS,"5,3",2020-11-23,98.73
Kansas,KS,"5,3",2020-11-30,76.48
Kansas,KS,"5,3",2020-12-07,83.17
Kansas,KS,"5,3",2020-12-14,77.08
Kansas,KS,"5,3",2020-12-21,72.69
Kansas,KS,"5,3",2020-12-28,54.73
Kansas,KS,"5,3",2021-01-04,75
Kansas,KS,"5,3",2021-01-11,78.61
Kansas,KS,"5,3",2021-01-18,59.32
Kansas,KS,"5,3",2021-01-25,47.57
Kansas,KS,"5,3",2021-02-01,36.12
Kansas,KS,"5,3",2021-02-08,31.57
Kansas,KS,"5,3",2021-02-15,21.99
Kansas,KS,"5,3",2021-02-22,21.39
Kansas,KS,"5,3",2021-03-01,12.57
Kansas,KS,"5,3",2021-03-08,10.14
Kansas,KS,"5,3",2021-03-15,8
Kansas,KS,"5,3",2021-03-22,7.2
Kansas,KS,"5,3",2021-03-29,7.56
Kansas,KS,"5,3",2021-04-05,6.6
Kansas,KS,"5,3",2021-04-12,7.4
Kansas,KS,"5,3",2021-04-19,7.65
Kansas,KS,"5,3",2021-04-26,8.26
Kansas,KS,"5,3",2021-05-03,8.35
Kansas,KS,"5,3",2021-05-10,6.23
Kansas,KS,"5,3",2021-05-17,5.64
Kansas,KS,"5,3",2021-05-24,5.7
Kansas,KS,"5,3",2021-05-31,4
Kansas,KS,"5,3",2021-06-07,3.75
Kansas,KS,"5,3",2021-06-14,3.79
Kansas,KS,"5,3",2021-06-21,3.11
Kansas,KS,"5,3",2021-06-28,4.43
Kansas,KS,"5,3",2021-07-05,5.68
Kansas,KS,"5,3",2021-07-12,8.47
Kansas,KS,"5,3",2021-07-19,15.13
Kansas,KS,"5,3",2021-07-26,21.56
Kansas,KS,"5,3",2021-08-02,28.93
Kansas,KS,"5,3",2021-08-09,37.38
Kansas,KS,"5,3",2021-08-16,39.14
Kansas,KS,"5,3",2021-08-23,41.89
Kansas,KS,"5,3",2021-08-30,49.39
Kansas,KS,"5,3",2021-09-06,55.88
Kansas,KS,"5,3",2021-09-13,43.72
Kansas,KS,"5,3",2021-09-20,46.4
Kansas,KS,"5,3",2021-09-27,34.28
Kansas,KS,"5,3",2021-10-04,32.81
Kansas,KS,"5,3",2021-10-11,30.2
Kansas,KS,"5,3",2021-10-18,26.06
Kansas,KS,"5,3",2021-10-25,27.74
Kansas,KS,"5,3",2021-11-01,27.78
Kansas,KS,"5,3",2021-11-08,30.29
Kansas,KS,"5,3",2021-11-15,37.15
Kansas,KS,"5,3",2021-11-22,41.5
Kansas,KS,"5,3",2021-11-29,34.62
Kansas,KS,"5,3",2021-12-06,61.27
Kansas,KS,"5,3",2021-12-13,56.57
Kansas,KS,"5,3",2021-12-20,54.43
Kansas,KS,"5,3",2021-12-27,56.92
Kansas,KS,"5,3",2022-01-03,108.07
Kansas,KS,"5,3",2022-01-10,220.85
Kansas,KS,"5,3",2022-01-17,204.15
Kansas,KS,"5,3",2022-01-24,364.69
Kansas,KS,"5,3",2022-01-31,171.7
Kansas,KS,"5,3",2022-02-07,88.04
Kansas,KS,"5,3",2022-02-14,48.5
Kansas,KS,"5,3",2022-02-21,23.82
Kansas,KS,"5,3",2022-02-28,15.95
Kansas,KS,"5,3",2022-03-07,8.68
Kansas,KS,"5,3",2022-03-14,5.83
Kansas,KS,"5,3",2022-03-21,2.31
Kansas,KS,"5,3",2022-03-28,2.39
Kansas,KS,"5,3",2022-04-04,2.84
Kansas,KS,"5,3",2022-04-11,4.14
Kansas,KS,"5,3",2022-04-18,6.42
Kansas,KS,"5,3",2022-04-25,7.43
Kansas,KS,"5,3",2022-05-02,6.81
Kansas,KS,"5,3",2022-05-09,10.96
Kansas,KS,"5,3",2022-05-16,13.95
Kansas,KS,"5,3",2022-05-23,22.08
Kansas,KS,"5,3",2022-05-30,14.91
Kansas,KS,"5,3",2022-06-06,9.92
Kansas,KS,"5,3",2022-06-13,22.78
Kansas,KS,"5,3",2022-06-20,14.96
Kansas,KS,"5,3",2022-06-27,20.4
Kansas,KS,"5,3",2022-07-04,19.13
Kansas,KS,"5,3",2022-07-11,19.11
Kansas,KS,"5,3",2022-07-18,35.57
Kansas,KS,"5,3",2022-07-25,38.51
Kansas,KS,"5,3",2022-08-01,36.57
Kansas,KS,"5,3",2022-08-08,33.49
Kansas,KS,"5,3",2022-08-15,31.23
Kansas,KS,"5,3",2022-08-22,26.23
Kansas,KS,"5,3",2022-08-29,24.93
Kansas,KS,"5,3",2022-09-05,22.1
Kansas,KS,"5,3",2022-09-12,21.46
Kansas,KS,"5,3",2022-09-19,21.47
Kansas,KS,"5,3",2022-09-26,7.66
Kansas,KS,"5,3",2022-10-03,11.97
Kansas,KS,"5,3",2022-10-10,5.67
Kansas,KS,"5,3",2022-10-17,13.98
Kansas,KS,"5,3",2022-10-24,12.94
Kansas,KS,"5,3",2022-10-31,10.71
Kansas,KS,"5,3",2022-11-07,11.68
Kansas,KS,"5,3",2022-11-14,11.32
Kansas,KS,"5,3",2022-11-21,8.66
Kansas,KS,"5,3",2022-11-28,12.83
Kansas,KS,"5,3",2022-12-05,13.34
Kansas,KS,"5,3",2022-12-12,20.39
Kansas,KS,"5,3",2022-12-19,20.31
Kansas,KS,"5,3",2022-12-26,19.13
Kansas,KS,"5,3",2023-01-02,13.59
Kansas,KS,"5,3",2023-01-09,8.11
Kansas,KS,"5,3",2023-01-16,11.46
Kansas,KS,"5,3",2023-01-23,5.6
Kansas,KS,"5,3",2023-01-30,11.54
Kansas,KS,"5,3",2023-02-06,9.62
Kansas,KS,"5,3",2023-02-13,9.68
Kansas,KS,"5,3",2023-02-20,10.12
Kansas,KS,"5,3",2023-02-27,9.72
Kansas,KS,"5,3",2023-03-06,5.6
Kansas,KS,"5,3",2023-03-13,8.55
Kansas,KS,"5,3",2023-03-20,6.61
Kentucky,KY,"4,5",2020-03-09,0.02
Kentucky,KY,"4,5",2020-03-16,0.05
Kentucky,KY,"4,5",2020-03-23,0.33
Kentucky,KY,"4,5",2020-03-30,1.14
Kentucky,KY,"4,5",2020-04-06,1.85
Kentucky,KY,"4,5",2020-04-13,3.17
Kentucky,KY,"4,5",2020-04-20,3.2
Kentucky,KY,"4,5",2020-04-27,3.5
Kentucky,KY,"4,5",2020-05-04,3.91
Kentucky,KY,"4,5",2020-05-11,4.28
Kentucky,KY,"4,5",2020-05-18,4.26
Kentucky,KY,"4,5",2020-05-25,2.74
Kentucky,KY,"4,5",2020-06-01,4
Kentucky,KY,"4,5",2020-06-08,4.96
Kentucky,KY,"4,5",2020-06-15,3.72
Kentucky,KY,"4,5",2020-06-22,3.87
Kentucky,KY,"4,5",2020-06-29,5.06
Kentucky,KY,"4,5",2020-07-06,5.78
Kentucky,KY,"4,5",2020-07-13,8.52
Kentucky,KY,"4,5",2020-07-20,12.31
Kentucky,KY,"4,5",2020-07-27,13.66
Kentucky,KY,"4,5",2020-08-03,13.59
Kentucky,KY,"4,5",2020-08-10,13.55
Kentucky,KY,"4,5",2020-08-17,15.58
Kentucky,KY,"4,5",2020-08-24,14.22
Kentucky,KY,"4,5",2020-08-31,15.43
Kentucky,KY,"4,5",2020-09-07,18.1
Kentucky,KY,"4,5",2020-09-14,14.83
Kentucky,KY,"4,5",2020-09-21,15.1
Kentucky,KY,"4,5",2020-09-28,16.3
Kentucky,KY,"4,5",2020-10-05,18.49
Kentucky,KY,"4,5",2020-10-12,20.1
Kentucky,KY,"4,5",2020-10-19,23.56
Kentucky,KY,"4,5",2020-10-26,30.45
Kentucky,KY,"4,5",2020-11-02,37.89
Kentucky,KY,"4,5",2020-11-09,43.22
Kentucky,KY,"4,5",2020-11-16,54.18
Kentucky,KY,"4,5",2020-11-23,68.72
Kentucky,KY,"4,5",2020-11-30,62.31
Kentucky,KY,"4,5",2020-12-07,76.06
Kentucky,KY,"4,5",2020-12-14,69.15
Kentucky,KY,"4,5",2020-12-21,59.39
Kentucky,KY,"4,5",2020-12-28,44.02
Kentucky,KY,"4,5",2021-01-04,67.43
Kentucky,KY,"4,5",2021-01-11,87.35
Kentucky,KY,"4,5",2021-01-18,72.16
Kentucky,KY,"4,5",2021-01-25,62.29
Kentucky,KY,"4,5",2021-02-01,54.87
Kentucky,KY,"4,5",2021-02-08,45.15
Kentucky,KY,"4,5",2021-02-15,35.28
Kentucky,KY,"4,5",2021-02-22,24.95
Kentucky,KY,"4,5",2021-03-01,23.26
Kentucky,KY,"4,5",2021-03-08,18.21
Kentucky,KY,"4,5",2021-03-15,17.46
Kentucky,KY,"4,5",2021-03-22,15.05
Kentucky,KY,"4,5",2021-03-29,13.17
Kentucky,KY,"4,5",2021-04-05,12.84
Kentucky,KY,"4,5",2021-04-12,12.71
Kentucky,KY,"4,5",2021-04-19,13.39
Kentucky,KY,"4,5",2021-04-26,11.3
Kentucky,KY,"4,5",2021-05-03,13.37
Kentucky,KY,"4,5",2021-05-10,11.37
Kentucky,KY,"4,5",2021-05-17,10.1
Kentucky,KY,"4,5",2021-05-24,8.9
Kentucky,KY,"4,5",2021-05-31,6.61
Kentucky,KY,"4,5",2021-06-07,4.9
Kentucky,KY,"4,5",2021-06-14,5.5
Kentucky,KY,"4,5",2021-06-21,3.37
Kentucky,KY,"4,5",2021-06-28,2.8
Kentucky,KY,"4,5",2021-07-05,3.43
Kentucky,KY,"4,5",2021-07-12,4.81
Kentucky,KY,"4,5",2021-07-19,9.97
Kentucky,KY,"4,5",2021-07-26,19.27
Kentucky,KY,"4,5",2021-08-02,30.86
Kentucky,KY,"4,5",2021-08-09,45.69
Kentucky,KY,"4,5",2021-08-16,60.24
Kentucky,KY,"4,5",2021-08-23,77.46
Kentucky,KY,"4,5",2021-08-30,97.37
Kentucky,KY,"4,5",2021-09-06,68.98
Kentucky,KY,"4,5",2021-09-13,118.05
Kentucky,KY,"4,5",2021-09-20,94.15
Kentucky,KY,"4,5",2021-09-27,72.83
Kentucky,KY,"4,5",2021-10-04,64.16
Kentucky,KY,"4,5",2021-10-11,48.39
Kentucky,KY,"4,5",2021-10-18,38.92
Kentucky,KY,"4,5",2021-10-25,31.16
Kentucky,KY,"4,5",2021-11-01,26.33
Kentucky,KY,"4,5",2021-11-08,24.73
Kentucky,KY,"4,5",2021-11-15,29.63
Kentucky,KY,"4,5",2021-11-22,33.41
Kentucky,KY,"4,5",2021-11-29,31.05
Kentucky,KY,"4,5",2021-12-06,52.18
Kentucky,KY,"4,5",2021-12-13,48.67
Kentucky,KY,"4,5",2021-12-20,50.34
Kentucky,KY,"4,5",2021-12-27,48.02
Kentucky,KY,"4,5",2022-01-03,110.36
Kentucky,KY,"4,5",2022-01-10,180.14
Kentucky,KY,"4,5",2022-01-17,162.58
Kentucky,KY,"4,5",2022-01-24,334.12
Kentucky,KY,"4,5",2022-01-31,242.3
Kentucky,KY,"4,5",2022-02-07,127.03
Kentucky,KY,"4,5",2022-02-14,122.8
Kentucky,KY,"4,5",2022-02-21,80
Kentucky,KY,"4,5",2022-02-28,39.55
Kentucky,KY,"4,5",2022-03-07,35.45
Kentucky,KY,"4,5",2022-03-14,29.54
Kentucky,KY,"4,5",2022-03-21,26.51
Kentucky,KY,"4,5",2022-03-28,17.96
Kentucky,KY,"4,5",2022-04-04,12.46
Kentucky,KY,"4,5",2022-04-11,9.9
Kentucky,KY,"4,5",2022-04-18,11.04
Kentucky,KY,"4,5",2022-04-25,9.79
Kentucky,KY,"4,5",2022-05-02,11.24
Kentucky,KY,"4,5",2022-05-09,13.12
Kentucky,KY,"4,5",2022-05-16,23.13
Kentucky,KY,"4,5",2022-05-23,29.53
Kentucky,KY,"4,5",2022-05-30,7.95
Kentucky,KY,"4,5",2022-06-06,47.9
Kentucky,KY,"4,5",2022-06-13,42.04
Kentucky,KY,"4,5",2022-06-20,33.19
Kentucky,KY,"4,5",2022-06-27,35.72
Kentucky,KY,"4,5",2022-07-04,7.34
Kentucky,KY,"4,5",2022-07-11,66.19
Kentucky,KY,"4,5",2022-07-18,42.18
Kentucky,KY,"4,5",2022-07-25,59.59
Kentucky,KY,"4,5",2022-08-01,59.9
Kentucky,KY,"4,5",2022-08-08,57.28
Kentucky,KY,"4,5",2022-08-15,55.03
Kentucky,KY,"4,5",2022-08-22,46.6
Kentucky,KY,"4,5",2022-08-29,51.01
Kentucky,KY,"4,5",2022-09-05,45.19
Kentucky,KY,"4,5",2022-09-12,69.94
Kentucky,KY,"4,5",2022-09-19,28.67
Kentucky,KY,"4,5",2022-09-26,29.34
Kentucky,KY,"4,5",2022-10-03,26.77
Kentucky,KY,"4,5",2022-10-10,25.65
Kentucky,KY,"4,5",2022-10-17,43.5
Kentucky,KY,"4,5",2022-10-24,15.94
Kentucky,KY,"4,5",2022-10-31,23.74
Kentucky,KY,"4,5",2022-11-07,18.57
Kentucky,KY,"4,5",2022-11-14,11.64
Kentucky,KY,"4,5",2022-11-21,21.8
Kentucky,KY,"4,5",2022-11-28,12.81
Kentucky,KY,"4,5",2022-12-05,18.41
Kentucky,KY,"4,5",2022-12-12,15.88
Kentucky,KY,"4,5",2022-12-19,22.85
Kentucky,KY,"4,5",2022-12-26,22.87
Kentucky,KY,"4,5",2023-01-02,31.13
Kentucky,KY,"4,5",2023-01-09,16.77
Kentucky,KY,"4,5",2023-01-16,24.38
Kentucky,KY,"4,5",2023-01-23,24.92
Kentucky,KY,"4,5",2023-01-30,22.1
Kentucky,KY,"4,5",2023-02-06,17.77
Kentucky,KY,"4,5",2023-02-13,21
Kentucky,KY,"4,5",2023-02-20,11.92
Kentucky,KY,"4,5",2023-02-27,15.28
Kentucky,KY,"4,5",2023-03-06,16.79
Kentucky,KY,"4,5",2023-03-13,9.05
Kentucky,KY,"4,5",2023-03-20,6.85
Louisiana,LA,"6,4",2020-03-09,0
Louisiana,LA,"6,4",2020-03-16,0.42
Louisiana,LA,"6,4",2020-03-23,3.18
Louisiana,LA,"6,4",2020-03-30,8.76
Louisiana,LA,"6,4",2020-04-06,33.32
Louisiana,LA,"6,4",2020-04-13,18.9
Louisiana,LA,"6,4",2020-04-20,10.78
Louisiana,LA,"6,4",2020-04-27,7.95
Louisiana,LA,"6,4",2020-05-04,8.1
Louisiana,LA,"6,4",2020-05-11,6.56
Louisiana,LA,"6,4",2020-05-18,9.07
Louisiana,LA,"6,4",2020-05-25,9.48
Louisiana,LA,"6,4",2020-06-01,7.79
Louisiana,LA,"6,4",2020-06-08,8.33
Louisiana,LA,"6,4",2020-06-15,12.66
Louisiana,LA,"6,4",2020-06-22,13.83
Louisiana,LA,"6,4",2020-06-29,21.01
Louisiana,LA,"6,4",2020-07-06,28.41
Louisiana,LA,"6,4",2020-07-13,41.49
Louisiana,LA,"6,4",2020-07-20,46.3
Louisiana,LA,"6,4",2020-07-27,46.18
Louisiana,LA,"6,4",2020-08-03,33.59
Louisiana,LA,"6,4",2020-08-10,34.17
Louisiana,LA,"6,4",2020-08-17,20.06
Louisiana,LA,"6,4",2020-08-24,15.67
Louisiana,LA,"6,4",2020-08-31,13.54
Louisiana,LA,"6,4",2020-09-07,15.92
Louisiana,LA,"6,4",2020-09-14,14.78
Louisiana,LA,"6,4",2020-09-21,11.12
Louisiana,LA,"6,4",2020-09-28,11.72
Louisiana,LA,"6,4",2020-10-05,11.13
Louisiana,LA,"6,4",2020-10-12,14.47
Louisiana,LA,"6,4",2020-10-19,13.59
Louisiana,LA,"6,4",2020-10-26,14.54
Louisiana,LA,"6,4",2020-11-02,12.89
Louisiana,LA,"6,4",2020-11-09,16.52
Louisiana,LA,"6,4",2020-11-16,35.91
Louisiana,LA,"6,4",2020-11-23,49.48
Louisiana,LA,"6,4",2020-11-30,34.58
Louisiana,LA,"6,4",2020-12-07,60.61
Louisiana,LA,"6,4",2020-12-14,53.8
Louisiana,LA,"6,4",2020-12-21,54.14
Louisiana,LA,"6,4",2020-12-28,40.8
Louisiana,LA,"6,4",2021-01-04,66.51
Louisiana,LA,"6,4",2021-01-11,80.06
Louisiana,LA,"6,4",2021-01-18,66.74
Louisiana,LA,"6,4",2021-01-25,49.14
Louisiana,LA,"6,4",2021-02-01,48.09
Louisiana,LA,"6,4",2021-02-08,35.03
Louisiana,LA,"6,4",2021-02-15,22.76
Louisiana,LA,"6,4",2021-02-22,13.06
Louisiana,LA,"6,4",2021-03-01,18.01
Louisiana,LA,"6,4",2021-03-08,11.63
Louisiana,LA,"6,4",2021-03-15,10.07
Louisiana,LA,"6,4",2021-03-22,10.76
Louisiana,LA,"6,4",2021-03-29,8.72
Louisiana,LA,"6,4",2021-04-05,8.7
Louisiana,LA,"6,4",2021-04-12,9.5
Louisiana,LA,"6,4",2021-04-19,10.83
Louisiana,LA,"6,4",2021-04-26,9.47
Louisiana,LA,"6,4",2021-05-03,8.94
Louisiana,LA,"6,4",2021-05-10,10.84
Louisiana,LA,"6,4",2021-05-17,9.46
Louisiana,LA,"6,4",2021-05-24,7.55
Louisiana,LA,"6,4",2021-05-31,8.82
Louisiana,LA,"6,4",2021-06-07,6.65
Louisiana,LA,"6,4",2021-06-14,6.55
Louisiana,LA,"6,4",2021-06-21,6.86
Louisiana,LA,"6,4",2021-06-28,7.14
Louisiana,LA,"6,4",2021-07-05,9.34
Louisiana,LA,"6,4",2021-07-12,15.9
Louisiana,LA,"6,4",2021-07-19,30.67
Louisiana,LA,"6,4",2021-07-26,63.01
Louisiana,LA,"6,4",2021-08-02,99.42
Louisiana,LA,"6,4",2021-08-09,115.73
Louisiana,LA,"6,4",2021-08-16,115.85
Louisiana,LA,"6,4",2021-08-23,100.36
Louisiana,LA,"6,4",2021-08-30,91.82
Louisiana,LA,"6,4",2021-09-06,52.56
Louisiana,LA,"6,4",2021-09-13,42.6
Louisiana,LA,"6,4",2021-09-20,37.26
Louisiana,LA,"6,4",2021-09-27,26.89
Louisiana,LA,"6,4",2021-10-04,18.59
Louisiana,LA,"6,4",2021-10-11,15.86
Louisiana,LA,"6,4",2021-10-18,12.78
Louisiana,LA,"6,4",2021-10-25,10.93
Louisiana,LA,"6,4",2021-11-01,8.66
Louisiana,LA,"6,4",2021-11-08,8.17
Louisiana,LA,"6,4",2021-11-15,8.1
Louisiana,LA,"6,4",2021-11-22,8.44
Louisiana,LA,"6,4",2021-11-29,6.96
Louisiana,LA,"6,4",2021-12-06,10.19
Louisiana,LA,"6,4",2021-12-13,10.71
Louisiana,LA,"6,4",2021-12-20,19.97
Louisiana,LA,"6,4",2021-12-27,58.18
Louisiana,LA,"6,4",2022-01-03,176.14
Louisiana,LA,"6,4",2022-01-10,238.44
Louisiana,LA,"6,4",2022-01-17,271.02
Louisiana,LA,"6,4",2022-01-24,171.58
Louisiana,LA,"6,4",2022-01-31,118.05
Louisiana,LA,"6,4",2022-02-07,90.56
Louisiana,LA,"6,4",2022-02-14,42.27
Louisiana,LA,"6,4",2022-02-21,24.76
Louisiana,LA,"6,4",2022-02-28,18.97
Louisiana,LA,"6,4",2022-03-07,6.33
Louisiana,LA,"6,4",2022-03-14,4.95
Louisiana,LA,"6,4",2022-03-21,3.25
Louisiana,LA,"6,4",2022-03-28,2.45
Louisiana,LA,"6,4",2022-04-04,2.21
Louisiana,LA,"6,4",2022-04-11,2.8
Louisiana,LA,"6,4",2022-04-18,3.63
Louisiana,LA,"6,4",2022-04-25,4.15
Louisiana,LA,"6,4",2022-05-02,5.61
Louisiana,LA,"6,4",2022-05-09,9.06
Louisiana,LA,"6,4",2022-05-16,13.13
Louisiana,LA,"6,4",2022-05-23,19.02
Louisiana,LA,"6,4",2022-05-30,20.65
Louisiana,LA,"6,4",2022-06-06,22.55
Louisiana,LA,"6,4",2022-06-13,29.1
Louisiana,LA,"6,4",2022-06-20,31.74
Louisiana,LA,"6,4",2022-06-27,39.01
Louisiana,LA,"6,4",2022-07-04,42.92
Louisiana,LA,"6,4",2022-07-11,45.57
Louisiana,LA,"6,4",2022-07-18,57.51
Louisiana,LA,"6,4",2022-07-25,52.43
Louisiana,LA,"6,4",2022-08-01,42.2
Louisiana,LA,"6,4",2022-08-08,33.79
Louisiana,LA,"6,4",2022-08-15,33.46
Louisiana,LA,"6,4",2022-08-22,31.42
Louisiana,LA,"6,4",2022-08-29,38.98
Louisiana,LA,"6,4",2022-09-05,39.69
Louisiana,LA,"6,4",2022-09-12,20.23
Louisiana,LA,"6,4",2022-09-19,15.5
Louisiana,LA,"6,4",2022-09-26,10.69
Louisiana,LA,"6,4",2022-10-03,8.01
Louisiana,LA,"6,4",2022-10-10,6.2
Louisiana,LA,"6,4",2022-10-17,6.02
Louisiana,LA,"6,4",2022-10-24,3.56
Louisiana,LA,"6,4",2022-10-31,4.82
Louisiana,LA,"6,4",2022-11-07,5.98
Louisiana,LA,"6,4",2022-11-14,7.13
Louisiana,LA,"6,4",2022-11-21,5.76
Louisiana,LA,"6,4",2022-11-28,8.81
Louisiana,LA,"6,4",2022-12-05,8.15
Louisiana,LA,"6,4",2022-12-12,13.68
Louisiana,LA,"6,4",2022-12-19,14.52
Louisiana,LA,"6,4",2022-12-26,12.42
Louisiana,LA,"6,4",2023-01-02,19.69
Louisiana,LA,"6,4",2023-01-09,21.79
Louisiana,LA,"6,4",2023-01-16,21.05
Louisiana,LA,"6,4",2023-01-23,15.99
Louisiana,LA,"6,4",2023-01-30,15.42
Louisiana,LA,"6,4",2023-02-06,17.59
Louisiana,LA,"6,4",2023-02-13,21.42
Louisiana,LA,"6,4",2023-02-20,15.82
Louisiana,LA,"6,4",2023-02-27,16.83
Louisiana,LA,"6,4",2023-03-06,14.03
Louisiana,LA,"6,4",2023-03-13,9.65
Louisiana,LA,"6,4",2023-03-20,8.29
Maine,ME,"0,10",2020-03-16,0.18
Maine,ME,"0,10",2020-03-23,0.96
Maine,ME,"0,10",2020-03-30,1.79
Maine,ME,"0,10",2020-04-06,2.38
Maine,ME,"0,10",2020-04-13,2.11
Maine,ME,"0,10",2020-04-20,1.88
Maine,ME,"0,10",2020-04-27,1.57
Maine,ME,"0,10",2020-05-04,1.93
Maine,ME,"0,10",2020-05-11,2.73
Maine,ME,"0,10",2020-05-18,2.67
Maine,ME,"0,10",2020-05-25,3.84
Maine,ME,"0,10",2020-06-01,2.92
Maine,ME,"0,10",2020-06-08,2.54
Maine,ME,"0,10",2020-06-15,2.36
Maine,ME,"0,10",2020-06-22,1.71
Maine,ME,"0,10",2020-06-29,2.64
Maine,ME,"0,10",2020-07-06,2.17
Maine,ME,"0,10",2020-07-13,1.43
Maine,ME,"0,10",2020-07-20,1.63
Maine,ME,"0,10",2020-07-27,1.29
Maine,ME,"0,10",2020-08-03,1.47
Maine,ME,"0,10",2020-08-10,0.84
Maine,ME,"0,10",2020-08-17,1.57
Maine,ME,"0,10",2020-08-24,1.69
Maine,ME,"0,10",2020-08-31,1.81
Maine,ME,"0,10",2020-09-07,1.86
Maine,ME,"0,10",2020-09-14,2.15
Maine,ME,"0,10",2020-09-21,2.16
Maine,ME,"0,10",2020-09-28,2.06
Maine,ME,"0,10",2020-10-05,2.6
Maine,ME,"0,10",2020-10-12,2.2
Maine,ME,"0,10",2020-10-19,2.23
Maine,ME,"0,10",2020-10-26,3.1
Maine,ME,"0,10",2020-11-02,5.79
Maine,ME,"0,10",2020-11-09,11.57
Maine,ME,"0,10",2020-11-16,13.06
Maine,ME,"0,10",2020-11-23,15.17
Maine,ME,"0,10",2020-11-30,12.89
Maine,ME,"0,10",2020-12-07,21.45
Maine,ME,"0,10",2020-12-14,27.36
Maine,ME,"0,10",2020-12-21,31.2
Maine,ME,"0,10",2020-12-28,32.24
Maine,ME,"0,10",2021-01-04,38.78
Maine,ME,"0,10",2021-01-11,38.72
Maine,ME,"0,10",2021-01-18,45.33
Maine,ME,"0,10",2021-01-25,33.69
Maine,ME,"0,10",2021-02-01,26.54
Maine,ME,"0,10",2021-02-08,19.94
Maine,ME,"0,10",2021-02-15,13.37
Maine,ME,"0,10",2021-02-22,9.75
Maine,ME,"0,10",2021-03-01,12.41
Maine,ME,"0,10",2021-03-08,12.37
Maine,ME,"0,10",2021-03-15,13.53
Maine,ME,"0,10",2021-03-22,15.34
Maine,ME,"0,10",2021-03-29,14.75
Maine,ME,"0,10",2021-04-05,20.79
Maine,ME,"0,10",2021-04-12,24.12
Maine,ME,"0,10",2021-04-19,34.95
Maine,ME,"0,10",2021-04-26,26.14
Maine,ME,"0,10",2021-05-03,22.18
Maine,ME,"0,10",2021-05-10,22.49
Maine,ME,"0,10",2021-05-17,18.13
Maine,ME,"0,10",2021-05-24,12.3
Maine,ME,"0,10",2021-05-31,7.53
Maine,ME,"0,10",2021-06-07,5.12
Maine,ME,"0,10",2021-06-14,3.62
Maine,ME,"0,10",2021-06-21,2.56
Maine,ME,"0,10",2021-06-28,1.54
Maine,ME,"0,10",2021-07-05,1.51
Maine,ME,"0,10",2021-07-12,1.28
Maine,ME,"0,10",2021-07-19,2.71
Maine,ME,"0,10",2021-07-26,4.57
Maine,ME,"0,10",2021-08-02,5.94
Maine,ME,"0,10",2021-08-09,8.96
Maine,ME,"0,10",2021-08-16,14.68
Maine,ME,"0,10",2021-08-23,12.09
Maine,ME,"0,10",2021-08-30,18.3
Maine,ME,"0,10",2021-09-06,25.01
Maine,ME,"0,10",2021-09-13,25.94
Maine,ME,"0,10",2021-09-20,31.62
Maine,ME,"0,10",2021-09-27,34.86
Maine,ME,"0,10",2021-10-04,45.48
Maine,ME,"0,10",2021-10-11,36.91
Maine,ME,"0,10",2021-10-18,35.9
Maine,ME,"0,10",2021-10-25,40.23
Maine,ME,"0,10",2021-11-01,34.99
Maine,ME,"0,10",2021-11-08,37.33
Maine,ME,"0,10",2021-11-15,35.85
Maine,ME,"0,10",2021-11-22,43.85
Maine,ME,"0,10",2021-11-29,30.7
Maine,ME,"0,10",2021-12-06,38.26
Maine,ME,"0,10",2021-12-13,73.11
Maine,ME,"0,10",2021-12-20,59.55
Maine,ME,"0,10",2021-12-27,50.11
Maine,ME,"0,10",2022-01-03,52.67
Maine,ME,"0,10",2022-01-10,61.75
Maine,ME,"0,10",2022-01-17,79.5
Maine,ME,"0,10",2022-01-24,56.19
Maine,ME,"0,10",2022-01-31,77.87
Maine,ME,"0,10",2022-02-07,72.11
Maine,ME,"0,10",2022-02-14,71.07
Maine,ME,"0,10",2022-02-21,60.85
Maine,ME,"0,10",2022-02-28,78.14
Maine,ME,"0,10",2022-03-07,48.89
Maine,ME,"0,10",2022-03-14,16.72
Maine,ME,"0,10",2022-03-21,14.91
Maine,ME,"0,10",2022-03-28,12.15
Maine,ME,"0,10",2022-04-04,15.08
Maine,ME,"0,10",2022-04-11,15.51
Maine,ME,"0,10",2022-04-18,25.18
Maine,ME,"0,10",2022-04-25,20.69
Maine,ME,"0,10",2022-05-02,31.72
Maine,ME,"0,10",2022-05-09,55.93
Maine,ME,"0,10",2022-05-16,46.73
Maine,ME,"0,10",2022-05-23,43.62
Maine,ME,"0,10",2022-05-30,37.35
Maine,ME,"0,10",2022-06-06,19.07
Maine,ME,"0,10",2022-06-13,18.48
Maine,ME,"0,10",2022-06-20,17.03
Maine,ME,"0,10",2022-06-27,12.06
Maine,ME,"0,10",2022-07-04,15.82
Maine,ME,"0,10",2022-07-11,13.44
Maine,ME,"0,10",2022-07-18,16.23
Maine,ME,"0,10",2022-07-25,14.64
Maine,ME,"0,10",2022-08-01,18.21
Maine,ME,"0,10",2022-08-08,15.54
Maine,ME,"0,10",2022-08-15,15.54
Maine,ME,"0,10",2022-08-22,15.75
Maine,ME,"0,10",2022-08-29,18.1
Maine,ME,"0,10",2022-09-05,15.99
Maine,ME,"0,10",2022-09-12,13.5
Maine,ME,"0,10",2022-09-19,17.92
Maine,ME,"0,10",2022-09-26,17.81
Maine,ME,"0,10",2022-10-03,19.24
Maine,ME,"0,10",2022-10-10,20.52
Maine,ME,"0,10",2022-10-17,19.76
Maine,ME,"0,10",2022-10-24,23.75
Maine,ME,"0,10",2022-10-31,15.73
Maine,ME,"0,10",2022-11-07,14.08
Maine,ME,"0,10",2022-11-14,11.83
Maine,ME,"0,10",2022-11-21,7.94
Maine,ME,"0,10",2022-11-28,7.65
Maine,ME,"0,10",2022-12-05,10.07
Maine,ME,"0,10",2022-12-12,12.83
Maine,ME,"0,10",2022-12-19,15.23
Maine,ME,"0,10",2022-12-26,11.8
Maine,ME,"0,10",2023-01-02,11.13
Maine,ME,"0,10",2023-01-09,13.71
Maine,ME,"0,10",2023-01-16,13.77
Maine,ME,"0,10",2023-01-23,12.5
Maine,ME,"0,10",2023-01-30,11.52
Maine,ME,"0,10",2023-02-06,12.09
Maine,ME,"0,10",2023-02-13,13.28
Maine,ME,"0,10",2023-02-20,11.95
Maine,ME,"0,10",2023-02-27,10.1
Maine,ME,"0,10",2023-03-06,17.98
Maine,ME,"0,10",2023-03-13,14.56
Maine,ME,"0,10",2023-03-20,10.34
Maryland,MD,"4,8",2020-03-09,0.01
Maryland,MD,"4,8",2020-03-16,0.08
Maryland,MD,"4,8",2020-03-23,0.59
Maryland,MD,"4,8",2020-03-30,2.66
Maryland,MD,"4,8",2020-04-06,6.21
Maryland,MD,"4,8",2020-04-13,11.56
Maryland,MD,"4,8",2020-04-20,11.38
Maryland,MD,"4,8",2020-04-27,13.76
Maryland,MD,"4,8",2020-05-04,16.39
Maryland,MD,"4,8",2020-05-11,16.48
Maryland,MD,"4,8",2020-05-18,15.12
Maryland,MD,"4,8",2020-05-25,18.6
Maryland,MD,"4,8",2020-06-01,14.84
Maryland,MD,"4,8",2020-06-08,11.79
Maryland,MD,"4,8",2020-06-15,8.58
Maryland,MD,"4,8",2020-06-22,6.02
Maryland,MD,"4,8",2020-06-29,6.23
Maryland,MD,"4,8",2020-07-06,6.29
Maryland,MD,"4,8",2020-07-13,8.57
Maryland,MD,"4,8",2020-07-20,12.11
Maryland,MD,"4,8",2020-07-27,14.61
Maryland,MD,"4,8",2020-08-03,14.81
Maryland,MD,"4,8",2020-08-10,12.09
Maryland,MD,"4,8",2020-08-17,10.53
Maryland,MD,"4,8",2020-08-24,9.2
Maryland,MD,"4,8",2020-08-31,8.45
Maryland,MD,"4,8",2020-09-07,10.95
Maryland,MD,"4,8",2020-09-14,8.91
Maryland,MD,"4,8",2020-09-21,9.27
Maryland,MD,"4,8",2020-09-28,7.8
Maryland,MD,"4,8",2020-10-05,9.23
Maryland,MD,"4,8",2020-10-12,9.64
Maryland,MD,"4,8",2020-10-19,10.13
Maryland,MD,"4,8",2020-10-26,11.08
Maryland,MD,"4,8",2020-11-02,14.52
Maryland,MD,"4,8",2020-11-09,19.72
Maryland,MD,"4,8",2020-11-16,28.87
Maryland,MD,"4,8",2020-11-23,38.04
Maryland,MD,"4,8",2020-11-30,34.43
Maryland,MD,"4,8",2020-12-07,44.75
Maryland,MD,"4,8",2020-12-14,46.24
Maryland,MD,"4,8",2020-12-21,38.11
Maryland,MD,"4,8",2020-12-28,38.04
Maryland,MD,"4,8",2021-01-04,43.78
Maryland,MD,"4,8",2021-01-11,51.76
Maryland,MD,"4,8",2021-01-18,43.82
Maryland,MD,"4,8",2021-01-25,35.29
Maryland,MD,"4,8",2021-02-01,29.44
Maryland,MD,"4,8",2021-02-08,21.08
Maryland,MD,"4,8",2021-02-15,16.9
Maryland,MD,"4,8",2021-02-22,12.44
Maryland,MD,"4,8",2021-03-01,13.55
Maryland,MD,"4,8",2021-03-08,12.6
Maryland,MD,"4,8",2021-03-15,14.23
Maryland,MD,"4,8",2021-03-22,15.71
Maryland,MD,"4,8",2021-03-29,19.78
Maryland,MD,"4,8",2021-04-05,21.54
Maryland,MD,"4,8",2021-04-12,22.51
Maryland,MD,"4,8",2021-04-19,21.14
Maryland,MD,"4,8",2021-04-26,16.91
Maryland,MD,"4,8",2021-05-03,13.47
Maryland,MD,"4,8",2021-05-10,9.19
Maryland,MD,"4,8",2021-05-17,6.65
Maryland,MD,"4,8",2021-05-24,5.44
Maryland,MD,"4,8",2021-05-31,3.3
Maryland,MD,"4,8",2021-06-07,1.81
Maryland,MD,"4,8",2021-06-14,1.59
Maryland,MD,"4,8",2021-06-21,1.07
Maryland,MD,"4,8",2021-06-28,0.95
Maryland,MD,"4,8",2021-07-05,1.07
Maryland,MD,"4,8",2021-07-12,1.49
Maryland,MD,"4,8",2021-07-19,2.53
Maryland,MD,"4,8",2021-07-26,4.42
Maryland,MD,"4,8",2021-08-02,7.89
Maryland,MD,"4,8",2021-08-09,11.85
Maryland,MD,"4,8",2021-08-16,14.57
Maryland,MD,"4,8",2021-08-23,16.96
Maryland,MD,"4,8",2021-08-30,18.98
Maryland,MD,"4,8",2021-09-06,19.23
Maryland,MD,"4,8",2021-09-13,17.93
Maryland,MD,"4,8",2021-09-20,20.3
Maryland,MD,"4,8",2021-09-27,20.15
Maryland,MD,"4,8",2021-10-04,20.24
Maryland,MD,"4,8",2021-10-11,18.19
Maryland,MD,"4,8",2021-10-18,14.74
Maryland,MD,"4,8",2021-10-25,12.59
Maryland,MD,"4,8",2021-11-01,12.11
Maryland,MD,"4,8",2021-11-08,11.62
Maryland,MD,"4,8",2021-11-15,13.48
Maryland,MD,"4,8",2021-11-22,15.38
Maryland,MD,"4,8",2021-11-29,14.29
Maryland,MD,"4,8",2021-12-06,22.16
Maryland,MD,"4,8",2021-12-13,22.16
Maryland,MD,"4,8",2021-12-20,22.16
Maryland,MD,"4,8",2021-12-27,112.41
Maryland,MD,"4,8",2022-01-03,195.33
Maryland,MD,"4,8",2022-01-10,210.72
Maryland,MD,"4,8",2022-01-17,155
Maryland,MD,"4,8",2022-01-24,75.87
Maryland,MD,"4,8",2022-01-31,40.1
Maryland,MD,"4,8",2022-02-07,23.75
Maryland,MD,"4,8",2022-02-14,12.77
Maryland,MD,"4,8",2022-02-21,12.16
Maryland,MD,"4,8",2022-02-28,8.57
Maryland,MD,"4,8",2022-03-07,5.87
Maryland,MD,"4,8",2022-03-14,4.78
Maryland,MD,"4,8",2022-03-21,5.04
Maryland,MD,"4,8",2022-03-28,4.77
Maryland,MD,"4,8",2022-04-04,5.82
Maryland,MD,"4,8",2022-04-11,8.45
Maryland,MD,"4,8",2022-04-18,7.99
Maryland,MD,"4,8",2022-04-25,13.17
Maryland,MD,"4,8",2022-05-02,16.19
Maryland,MD,"4,8",2022-05-09,20.91
Maryland,MD,"4,8",2022-05-16,30.54
Maryland,MD,"4,8",2022-05-23,37
Maryland,MD,"4,8",2022-05-30,36.4
Maryland,MD,"4,8",2022-06-06,27.34
Maryland,MD,"4,8",2022-06-13,26.01
Maryland,MD,"4,8",2022-06-20,23.64
Maryland,MD,"4,8",2022-06-27,17.08
Maryland,MD,"4,8",2022-07-04,24.17
Maryland,MD,"4,8",2022-07-11,18.27
Maryland,MD,"4,8",2022-07-18,26.52
Maryland,MD,"4,8",2022-07-25,26.46
Maryland,MD,"4,8",2022-08-01,27.01
Maryland,MD,"4,8",2022-08-08,25.41
Maryland,MD,"4,8",2022-08-15,25.8
Maryland,MD,"4,8",2022-08-22,20.69
Maryland,MD,"4,8",2022-08-29,18.83
Maryland,MD,"4,8",2022-09-05,17.7
Maryland,MD,"4,8",2022-09-12,12.49
Maryland,MD,"4,8",2022-09-19,15.67
Maryland,MD,"4,8",2022-09-26,14.21
Maryland,MD,"4,8",2022-10-03,12.08
Maryland,MD,"4,8",2022-10-10,10.95
Maryland,MD,"4,8",2022-10-17,8.16
Maryland,MD,"4,8",2022-10-24,10.3
Maryland,MD,"4,8",2022-10-31,10.88
Maryland,MD,"4,8",2022-11-07,11.55
Maryland,MD,"4,8",2022-11-14,9.11
Maryland,MD,"4,8",2022-11-21,11.36
Maryland,MD,"4,8",2022-11-28,6.61
Maryland,MD,"4,8",2022-12-05,16.42
Maryland,MD,"4,8",2022-12-12,15.03
Maryland,MD,"4,8",2022-12-19,16.51
Maryland,MD,"4,8",2022-12-26,17.89
Maryland,MD,"4,8",2023-01-02,16.16
Maryland,MD,"4,8",2023-01-09,14.76
Maryland,MD,"4,8",2023-01-16,17.48
Maryland,MD,"4,8",2023-01-23,9.89
Maryland,MD,"4,8",2023-01-30,13.28
Maryland,MD,"4,8",2023-02-06,10.57
Maryland,MD,"4,8",2023-02-13,10.38
Maryland,MD,"4,8",2023-02-20,9.48
Maryland,MD,"4,8",2023-02-27,6.33
Maryland,MD,"4,8",2023-03-06,6.83
Maryland,MD,"4,8",2023-03-13,5.88
Maryland,MD,"4,8",2023-03-20,5.18
Massachusetts,MA,"2,10",2020-03-02,0
Massachusetts,MA,"2,10",2020-03-09,0.08
Massachusetts,MA,"2,10",2020-03-16,0.32
Massachusetts,MA,"2,10",2020-03-23,1.2
Massachusetts,MA,"2,10",2020-03-30,10.31
Massachusetts,MA,"2,10",2020-04-06,16.76
Massachusetts,MA,"2,10",2020-04-13,27.01
Massachusetts,MA,"2,10",2020-04-20,26.48
Massachusetts,MA,"2,10",2020-04-27,34.86
Massachusetts,MA,"2,10",2020-05-04,26.17
Massachusetts,MA,"2,10",2020-05-11,19.43
Massachusetts,MA,"2,10",2020-05-18,17.8
Massachusetts,MA,"2,10",2020-05-25,12.89
Massachusetts,MA,"2,10",2020-06-01,8.89
Massachusetts,MA,"2,10",2020-06-08,5.85
Massachusetts,MA,"2,10",2020-06-15,4.28
Massachusetts,MA,"2,10",2020-06-22,3.15
Massachusetts,MA,"2,10",2020-06-29,3.23
Massachusetts,MA,"2,10",2020-07-06,2.84
Massachusetts,MA,"2,10",2020-07-13,3.5
Massachusetts,MA,"2,10",2020-07-20,4.07
Massachusetts,MA,"2,10",2020-07-27,4.43
Massachusetts,MA,"2,10",2020-08-03,5.66
Massachusetts,MA,"2,10",2020-08-10,5.51
Massachusetts,MA,"2,10",2020-08-17,5.24
Massachusetts,MA,"2,10",2020-08-24,4.52
Massachusetts,MA,"2,10",2020-08-31,5.2
Massachusetts,MA,"2,10",2020-09-07,4.81
Massachusetts,MA,"2,10",2020-09-14,4.74
Massachusetts,MA,"2,10",2020-09-21,5.63
Massachusetts,MA,"2,10",2020-09-28,6.79
Massachusetts,MA,"2,10",2020-10-05,9.1
Massachusetts,MA,"2,10",2020-10-12,8.71
Massachusetts,MA,"2,10",2020-10-19,10
Massachusetts,MA,"2,10",2020-10-26,15.11
Massachusetts,MA,"2,10",2020-11-02,18.18
Massachusetts,MA,"2,10",2020-11-09,25.24
Massachusetts,MA,"2,10",2020-11-16,36.71
Massachusetts,MA,"2,10",2020-11-23,37.69
Massachusetts,MA,"2,10",2020-11-30,36.29
Massachusetts,MA,"2,10",2020-12-07,68.8
Massachusetts,MA,"2,10",2020-12-14,72.35
Massachusetts,MA,"2,10",2020-12-21,68.69
Massachusetts,MA,"2,10",2020-12-28,61.27
Massachusetts,MA,"2,10",2021-01-04,73.89
Massachusetts,MA,"2,10",2021-01-11,92.15
Massachusetts,MA,"2,10",2021-01-18,75.44
Massachusetts,MA,"2,10",2021-01-25,62.69
Massachusetts,MA,"2,10",2021-02-01,47.12
Massachusetts,MA,"2,10",2021-02-08,39.13
Massachusetts,MA,"2,10",2021-02-15,29.11
Massachusetts,MA,"2,10",2021-02-22,23.21
Massachusetts,MA,"2,10",2021-03-01,24.87
Massachusetts,MA,"2,10",2021-03-08,20.31
Massachusetts,MA,"2,10",2021-03-15,23.05
Massachusetts,MA,"2,10",2021-03-22,25.72
Massachusetts,MA,"2,10",2021-03-29,31.42
Massachusetts,MA,"2,10",2021-04-05,31.48
Massachusetts,MA,"2,10",2021-04-12,30.84
Massachusetts,MA,"2,10",2021-04-19,26.68
Massachusetts,MA,"2,10",2021-04-26,20.09
Massachusetts,MA,"2,10",2021-05-03,16.73
Massachusetts,MA,"2,10",2021-05-10,12.72
Massachusetts,MA,"2,10",2021-05-17,9.26
Massachusetts,MA,"2,10",2021-05-24,6.28
Massachusetts,MA,"2,10",2021-05-31,3.74
Massachusetts,MA,"2,10",2021-06-07,2.27
Massachusetts,MA,"2,10",2021-06-14,1.53
Massachusetts,MA,"2,10",2021-06-21,1.06
Massachusetts,MA,"2,10",2021-06-28,0.76
Massachusetts,MA,"2,10",2021-07-05,0.95
Massachusetts,MA,"2,10",2021-07-12,1.49
Massachusetts,MA,"2,10",2021-07-19,3.89
Massachusetts,MA,"2,10",2021-07-26,7.08
Massachusetts,MA,"2,10",2021-08-02,11.26
Massachusetts,MA,"2,10",2021-08-09,14.84
Massachusetts,MA,"2,10",2021-08-16,17.68
Massachusetts,MA,"2,10",2021-08-23,19.84
Massachusetts,MA,"2,10",2021-08-30,22.68
Massachusetts,MA,"2,10",2021-09-06,24.43
Massachusetts,MA,"2,10",2021-09-13,23.97
Massachusetts,MA,"2,10",2021-09-20,27.85
Massachusetts,MA,"2,10",2021-09-27,24.12
Massachusetts,MA,"2,10",2021-10-04,20.25
Massachusetts,MA,"2,10",2021-10-11,20.49
Massachusetts,MA,"2,10",2021-10-18,18.6
Massachusetts,MA,"2,10",2021-10-25,20.19
Massachusetts,MA,"2,10",2021-11-01,19.04
Massachusetts,MA,"2,10",2021-11-08,21.92
Massachusetts,MA,"2,10",2021-11-15,27.61
Massachusetts,MA,"2,10",2021-11-22,38.86
Massachusetts,MA,"2,10",2021-11-29,36.52
Massachusetts,MA,"2,10",2021-12-06,66.26
Massachusetts,MA,"2,10",2021-12-13,70.05
Massachusetts,MA,"2,10",2021-12-20,79.63
Massachusetts,MA,"2,10",2021-12-27,102.86
Massachusetts,MA,"2,10",2022-01-03,216.37
Massachusetts,MA,"2,10",2022-01-10,354.3
Massachusetts,MA,"2,10",2022-01-17,303.34
Massachusetts,MA,"2,10",2022-01-24,198.38
Massachusetts,MA,"2,10",2022-01-31,100.68
Massachusetts,MA,"2,10",2022-02-07,53.75
Massachusetts,MA,"2,10",2022-02-14,31.71
Massachusetts,MA,"2,10",2022-02-21,26.01
Massachusetts,MA,"2,10",2022-02-28,14.63
Massachusetts,MA,"2,10",2022-03-07,13.11
Massachusetts,MA,"2,10",2022-03-14,10.52
Massachusetts,MA,"2,10",2022-03-21,10.42
Massachusetts,MA,"2,10",2022-03-28,14.68
Massachusetts,MA,"2,10",2022-04-04,17.94
Massachusetts,MA,"2,10",2022-04-11,22.2
Massachusetts,MA,"2,10",2022-04-18,29.99
Massachusetts,MA,"2,10",2022-04-25,28.45
Massachusetts,MA,"2,10",2022-05-02,41.19
Massachusetts,MA,"2,10",2022-05-09,52.36
Massachusetts,MA,"2,10",2022-05-16,66.23
Massachusetts,MA,"2,10",2022-05-23,57.17
Massachusetts,MA,"2,10",2022-05-30,47.23
Massachusetts,MA,"2,10",2022-06-06,31.86
Massachusetts,MA,"2,10",2022-06-13,27.9
Massachusetts,MA,"2,10",2022-06-20,23.94
Massachusetts,MA,"2,10",2022-06-27,19.93
Massachusetts,MA,"2,10",2022-07-04,22.34
Massachusetts,MA,"2,10",2022-07-11,20.53
Massachusetts,MA,"2,10",2022-07-18,20.59
Massachusetts,MA,"2,10",2022-07-25,23.89
Massachusetts,MA,"2,10",2022-08-01,22.95
Massachusetts,MA,"2,10",2022-08-08,21.94
Massachusetts,MA,"2,10",2022-08-15,20.48
Massachusetts,MA,"2,10",2022-08-22,18.8
Massachusetts,MA,"2,10",2022-08-29,18.23
Massachusetts,MA,"2,10",2022-09-05,18.12
Massachusetts,MA,"2,10",2022-09-12,15.21
Massachusetts,MA,"2,10",2022-09-19,18.66
Massachusetts,MA,"2,10",2022-09-26,21.28
Massachusetts,MA,"2,10",2022-10-03,21.43
Massachusetts,MA,"2,10",2022-10-10,20.61
Massachusetts,MA,"2,10",2022-10-17,18.58
Massachusetts,MA,"2,10",2022-10-24,17.36
Massachusetts,MA,"2,10",2022-10-31,17.44
Massachusetts,MA,"2,10",2022-11-07,12.85
Massachusetts,MA,"2,10",2022-11-14,13.26
Massachusetts,MA,"2,10",2022-11-21,10.81
Massachusetts,MA,"2,10",2022-11-28,11.7
Massachusetts,MA,"2,10",2022-12-05,10.57
Massachusetts,MA,"2,10",2022-12-12,18.02
Massachusetts,MA,"2,10",2022-12-19,20.43
Massachusetts,MA,"2,10",2022-12-26,22.52
Massachusetts,MA,"2,10",2023-01-02,20.56
Massachusetts,MA,"2,10",2023-01-09,24.77
Massachusetts,MA,"2,10",2023-01-16,23.2
Massachusetts,MA,"2,10",2023-01-23,17.41
Massachusetts,MA,"2,10",2023-01-30,14.83
Massachusetts,MA,"2,10",2023-02-06,12.99
Massachusetts,MA,"2,10",2023-02-13,13.19
Massachusetts,MA,"2,10",2023-02-20,11.35
Massachusetts,MA,"2,10",2023-02-27,10.53
Massachusetts,MA,"2,10",2023-03-06,8.48
Massachusetts,MA,"2,10",2023-03-13,7
Massachusetts,MA,"2,10",2023-03-20,6.78
Michigan,MI,"2,7",2020-03-16,0.08
Michigan,MI,"2,7",2020-03-23,1.82
Michigan,MI,"2,7",2020-03-30,7.42
Michigan,MI,"2,7",2020-04-06,15.19
Michigan,MI,"2,7",2020-04-13,11.96
Michigan,MI,"2,7",2020-04-20,9.21
Michigan,MI,"2,7",2020-04-27,9.34
Michigan,MI,"2,7",2020-05-04,7.92
Michigan,MI,"2,7",2020-05-11,5.05
Michigan,MI,"2,7",2020-05-18,6.19
Michigan,MI,"2,7",2020-05-25,4.24
Michigan,MI,"2,7",2020-06-01,3.92
Michigan,MI,"2,7",2020-06-08,3.51
Michigan,MI,"2,7",2020-06-15,1.99
Michigan,MI,"2,7",2020-06-22,2.63
Michigan,MI,"2,7",2020-06-29,3.16
Michigan,MI,"2,7",2020-07-06,4.36
Michigan,MI,"2,7",2020-07-13,5.65
Michigan,MI,"2,7",2020-07-20,7.34
Michigan,MI,"2,7",2020-07-27,6.93
Michigan,MI,"2,7",2020-08-03,7.4
Michigan,MI,"2,7",2020-08-10,7.11
Michigan,MI,"2,7",2020-08-17,7.72
Michigan,MI,"2,7",2020-08-24,7.07
Michigan,MI,"2,7",2020-08-31,7.65
Michigan,MI,"2,7",2020-09-07,7.47
Michigan,MI,"2,7",2020-09-14,8.42
Michigan,MI,"2,7",2020-09-21,7.69
Michigan,MI,"2,7",2020-09-28,8.76
Michigan,MI,"2,7",2020-10-05,9.98
Michigan,MI,"2,7",2020-10-12,12.2
Michigan,MI,"2,7",2020-10-19,18.27
Michigan,MI,"2,7",2020-10-26,22.27
Michigan,MI,"2,7",2020-11-02,35.06
Michigan,MI,"2,7",2020-11-09,48.64
Michigan,MI,"2,7",2020-11-16,72.1
Michigan,MI,"2,7",2020-11-23,73.93
Michigan,MI,"2,7",2020-11-30,68.49
Michigan,MI,"2,7",2020-12-07,67.74
Michigan,MI,"2,7",2020-12-14,51.89
Michigan,MI,"2,7",2020-12-21,40.41
Michigan,MI,"2,7",2020-12-28,26.89
Michigan,MI,"2,7",2021-01-04,32
Michigan,MI,"2,7",2021-01-11,34.44
Michigan,MI,"2,7",2021-01-18,28.12
Michigan,MI,"2,7",2021-01-25,20.85
Michigan,MI,"2,7",2021-02-01,18.23
Michigan,MI,"2,7",2021-02-08,16.04
Michigan,MI,"2,7",2021-02-15,11.09
Michigan,MI,"2,7",2021-02-22,10.89
Michigan,MI,"2,7",2021-03-01,13.45
Michigan,MI,"2,7",2021-03-08,15.54
Michigan,MI,"2,7",2021-03-15,21.92
Michigan,MI,"2,7",2021-03-22,33.01
Michigan,MI,"2,7",2021-03-29,51.15
Michigan,MI,"2,7",2021-04-05,67.23
Michigan,MI,"2,7",2021-04-12,72.82
Michigan,MI,"2,7",2021-04-19,73.95
Michigan,MI,"2,7",2021-04-26,51.35
Michigan,MI,"2,7",2021-05-03,38.35
Michigan,MI,"2,7",2021-05-10,27.51
Michigan,MI,"2,7",2021-05-17,19.95
Michigan,MI,"2,7",2021-05-24,12.75
Michigan,MI,"2,7",2021-05-31,6.13
Michigan,MI,"2,7",2021-06-07,4.92
Michigan,MI,"2,7",2021-06-14,3.14
Michigan,MI,"2,7",2021-06-21,1.62
Michigan,MI,"2,7",2021-06-28,1.57
Michigan,MI,"2,7",2021-07-05,1.3
Michigan,MI,"2,7",2021-07-12,1.99
Michigan,MI,"2,7",2021-07-19,2.43
Michigan,MI,"2,7",2021-07-26,4.2
Michigan,MI,"2,7",2021-08-02,6.84
Michigan,MI,"2,7",2021-08-09,14.82
Michigan,MI,"2,7",2021-08-16,15.37
Michigan,MI,"2,7",2021-08-23,17.75
Michigan,MI,"2,7",2021-08-30,21.87
Michigan,MI,"2,7",2021-09-06,23.15
Michigan,MI,"2,7",2021-09-13,29.97
Michigan,MI,"2,7",2021-09-20,32.37
Michigan,MI,"2,7",2021-09-27,33.56
Michigan,MI,"2,7",2021-10-04,39.77
Michigan,MI,"2,7",2021-10-11,42.19
Michigan,MI,"2,7",2021-10-18,43.12
Michigan,MI,"2,7",2021-10-25,37.89
Michigan,MI,"2,7",2021-11-01,42.71
Michigan,MI,"2,7",2021-11-08,48.87
Michigan,MI,"2,7",2021-11-15,71.83
Michigan,MI,"2,7",2021-11-22,81.63
Michigan,MI,"2,7",2021-11-29,68.31
Michigan,MI,"2,7",2021-12-06,85.77
Michigan,MI,"2,7",2021-12-13,71.57
Michigan,MI,"2,7",2021-12-20,62.93
Michigan,MI,"2,7",2021-12-27,73.01
Michigan,MI,"2,7",2022-01-03,134.24
Michigan,MI,"2,7",2022-01-10,184.02
Michigan,MI,"2,7",2022-01-17,183.07
Michigan,MI,"2,7",2022-01-24,184.12
Michigan,MI,"2,7",2022-01-31,128.8
Michigan,MI,"2,7",2022-02-07,68.21
Michigan,MI,"2,7",2022-02-14,35.86
Michigan,MI,"2,7",2022-02-21,20.46
Michigan,MI,"2,7",2022-02-28,21.58
Michigan,MI,"2,7",2022-03-07,10.39
Michigan,MI,"2,7",2022-03-14,8.03
Michigan,MI,"2,7",2022-03-21,8.56
Michigan,MI,"2,7",2022-03-28,7.69
Michigan,MI,"2,7",2022-04-04,6.87
Michigan,MI,"2,7",2022-04-11,7.16
Michigan,MI,"2,7",2022-04-18,16.86
Michigan,MI,"2,7",2022-04-25,20.35
Michigan,MI,"2,7",2022-05-02,20.72
Michigan,MI,"2,7",2022-05-09,27.1
Michigan,MI,"2,7",2022-05-16,39.63
Michigan,MI,"2,7",2022-05-23,41.87
Michigan,MI,"2,7",2022-05-30,37.15
Michigan,MI,"2,7",2022-06-06,27.94
Michigan,MI,"2,7",2022-06-13,26.4
Michigan,MI,"2,7",2022-06-20,22.28
Michigan,MI,"2,7",2022-06-27,24.59
Michigan,MI,"2,7",2022-07-04,20.53
Michigan,MI,"2,7",2022-07-11,18.74
Michigan,MI,"2,7",2022-07-18,23.86
Michigan,MI,"2,7",2022-07-25,23.52
Michigan,MI,"2,7",2022-08-01,28.11
Michigan,MI,"2,7",2022-08-08,28.86
Michigan,MI,"2,7",2022-08-15,23.08
Michigan,MI,"2,7",2022-08-22,33.14
Michigan,MI,"2,7",2022-08-29,27.77
Michigan,MI,"2,7",2022-09-05,27.4
Michigan,MI,"2,7",2022-09-12,22.68
Michigan,MI,"2,7",2022-09-19,26.28
Michigan,MI,"2,7",2022-09-26,24.18
Michigan,MI,"2,7",2022-10-03,21
Michigan,MI,"2,7",2022-10-10,18.42
Michigan,MI,"2,7",2022-10-17,17.95
Michigan,MI,"2,7",2022-10-24,17.76
Michigan,MI,"2,7",2022-10-31,13.54
Michigan,MI,"2,7",2022-11-07,22.61
Michigan,MI,"2,7",2022-11-14,14.29
Michigan,MI,"2,7",2022-11-21,18.4
Michigan,MI,"2,7",2022-11-28,25.36
Michigan,MI,"2,7",2022-12-05,12.63
Michigan,MI,"2,7",2022-12-12,4.28
Michigan,MI,"2,7",2022-12-19,18.58
Michigan,MI,"2,7",2022-12-26,20.44
Michigan,MI,"2,7",2023-01-02,15.45
Michigan,MI,"2,7",2023-01-09,13.9
Michigan,MI,"2,7",2023-01-16,14.12
Michigan,MI,"2,7",2023-01-23,13.71
Michigan,MI,"2,7",2023-01-30,9.38
Michigan,MI,"2,7",2023-02-06,8.6
Michigan,MI,"2,7",2023-02-13,8.28
Michigan,MI,"2,7",2023-02-20,9.81
Michigan,MI,"2,7",2023-02-27,9.35
Michigan,MI,"2,7",2023-03-06,10.71
Michigan,MI,"2,7",2023-03-13,9.84
Michigan,MI,"2,7",2023-03-20,10.63
Minnesota,MN,"2,4",2020-03-09,0.01
Minnesota,MN,"2,4",2020-03-16,0.12
Minnesota,MN,"2,4",2020-03-23,0.46
Minnesota,MN,"2,4",2020-03-30,0.86
Minnesota,MN,"2,4",2020-04-06,1.04
Minnesota,MN,"2,4",2020-04-13,1.68
Minnesota,MN,"2,4",2020-04-20,2.08
Minnesota,MN,"2,4",2020-04-27,3.41
Minnesota,MN,"2,4",2020-05-04,8.66
Minnesota,MN,"2,4",2020-05-11,11.56
Minnesota,MN,"2,4",2020-05-18,11.59
Minnesota,MN,"2,4",2020-05-25,12.54
Minnesota,MN,"2,4",2020-06-01,9.86
Minnesota,MN,"2,4",2020-06-08,7.64
Minnesota,MN,"2,4",2020-06-15,6.3
Minnesota,MN,"2,4",2020-06-22,6.42
Minnesota,MN,"2,4",2020-06-29,6.68
Minnesota,MN,"2,4",2020-07-06,6.86
Minnesota,MN,"2,4",2020-07-13,10.65
Minnesota,MN,"2,4",2020-07-20,10.99
Minnesota,MN,"2,4",2020-07-27,11.9
Minnesota,MN,"2,4",2020-08-03,12.05
Minnesota,MN,"2,4",2020-08-10,12.56
Minnesota,MN,"2,4",2020-08-17,10.65
Minnesota,MN,"2,4",2020-08-24,11.61
Minnesota,MN,"2,4",2020-08-31,14.11
Minnesota,MN,"2,4",2020-09-07,13.59
Minnesota,MN,"2,4",2020-09-14,9.43
Minnesota,MN,"2,4",2020-09-21,15.18
Minnesota,MN,"2,4",2020-09-28,16.96
Minnesota,MN,"2,4",2020-10-05,18.14
Minnesota,MN,"2,4",2020-10-12,21.89
Minnesota,MN,"2,4",2020-10-19,27.86
Minnesota,MN,"2,4",2020-10-26,27.69
Minnesota,MN,"2,4",2020-11-02,46.23
Minnesota,MN,"2,4",2020-11-09,78.95
Minnesota,MN,"2,4",2020-11-16,117.11
Minnesota,MN,"2,4",2020-11-23,115.21
Minnesota,MN,"2,4",2020-11-30,107.06
Minnesota,MN,"2,4",2020-12-07,94.71
Minnesota,MN,"2,4",2020-12-14,65.07
Minnesota,MN,"2,4",2020-12-21,44.25
Minnesota,MN,"2,4",2020-12-28,27.43
Minnesota,MN,"2,4",2021-01-04,34.32
Minnesota,MN,"2,4",2021-01-11,35.14
Minnesota,MN,"2,4",2021-01-18,24.82
Minnesota,MN,"2,4",2021-01-25,21.36
Minnesota,MN,"2,4",2021-02-01,17.09
Minnesota,MN,"2,4",2021-02-08,15.59
Minnesota,MN,"2,4",2021-02-15,13.9
Minnesota,MN,"2,4",2021-02-22,13.73
Minnesota,MN,"2,4",2021-03-01,14.28
Minnesota,MN,"2,4",2021-03-08,13.31
Minnesota,MN,"2,4",2021-03-15,16.67
Minnesota,MN,"2,4",2021-03-22,20.66
Minnesota,MN,"2,4",2021-03-29,25.94
Minnesota,MN,"2,4",2021-04-05,27.97
Minnesota,MN,"2,4",2021-04-12,41.53
Minnesota,MN,"2,4",2021-04-19,34.5
Minnesota,MN,"2,4",2021-04-26,29.83
Minnesota,MN,"2,4",2021-05-03,27.65
Minnesota,MN,"2,4",2021-05-10,21.81
Minnesota,MN,"2,4",2021-05-17,15.36
Minnesota,MN,"2,4",2021-05-24,10.68
Minnesota,MN,"2,4",2021-05-31,6.63
Minnesota,MN,"2,4",2021-06-07,3.32
Minnesota,MN,"2,4",2021-06-14,2.52
Minnesota,MN,"2,4",2021-06-21,1.85
Minnesota,MN,"2,4",2021-06-28,1.55
Minnesota,MN,"2,4",2021-07-05,1.57
Minnesota,MN,"2,4",2021-07-12,1.62
Minnesota,MN,"2,4",2021-07-19,3.29
Minnesota,MN,"2,4",2021-07-26,5.13
Minnesota,MN,"2,4",2021-08-02,8.9
Minnesota,MN,"2,4",2021-08-09,14.14
Minnesota,MN,"2,4",2021-08-16,18.76
Minnesota,MN,"2,4",2021-08-23,22.57
Minnesota,MN,"2,4",2021-08-30,27.54
Minnesota,MN,"2,4",2021-09-06,28.44
Minnesota,MN,"2,4",2021-09-13,24.4
Minnesota,MN,"2,4",2021-09-20,37.73
Minnesota,MN,"2,4",2021-09-27,40.27
Minnesota,MN,"2,4",2021-10-04,46.54
Minnesota,MN,"2,4",2021-10-11,51.99
Minnesota,MN,"2,4",2021-10-18,49.19
Minnesota,MN,"2,4",2021-10-25,37.93
Minnesota,MN,"2,4",2021-11-01,41.98
Minnesota,MN,"2,4",2021-11-08,53.84
Minnesota,MN,"2,4",2021-11-15,70.03
Minnesota,MN,"2,4",2021-11-22,73.54
Minnesota,MN,"2,4",2021-11-29,60.34
Minnesota,MN,"2,4",2021-12-06,84.32
Minnesota,MN,"2,4",2021-12-13,69.41
Minnesota,MN,"2,4",2021-12-20,56.33
Minnesota,MN,"2,4",2021-12-27,44.85
Minnesota,MN,"2,4",2022-01-03,72.52
Minnesota,MN,"2,4",2022-01-10,116.63
Minnesota,MN,"2,4",2022-01-17,187.91
Minnesota,MN,"2,4",2022-01-24,161.71
Minnesota,MN,"2,4",2022-01-31,233.85
Minnesota,MN,"2,4",2022-02-07,109.25
Minnesota,MN,"2,4",2022-02-14,70.56
Minnesota,MN,"2,4",2022-02-21,41.22
Minnesota,MN,"2,4",2022-02-28,15.82
Minnesota,MN,"2,4",2022-03-07,12.99
Minnesota,MN,"2,4",2022-03-14,9.27
Minnesota,MN,"2,4",2022-03-21,6.83
Minnesota,MN,"2,4",2022-03-28,6.87
Minnesota,MN,"2,4",2022-04-04,7.17
Minnesota,MN,"2,4",2022-04-11,8.49
Minnesota,MN,"2,4",2022-04-18,11.85
Minnesota,MN,"2,4",2022-04-25,16.37
Minnesota,MN,"2,4",2022-05-02,23.48
Minnesota,MN,"2,4",2022-05-09,31.28
Minnesota,MN,"2,4",2022-05-16,38.05
Minnesota,MN,"2,4",2022-05-23,33.92
Minnesota,MN,"2,4",2022-05-30,30.72
Minnesota,MN,"2,4",2022-06-06,22.86
Minnesota,MN,"2,4",2022-06-13,27.42
Minnesota,MN,"2,4",2022-06-20,25.76
Minnesota,MN,"2,4",2022-06-27,19.33
Minnesota,MN,"2,4",2022-07-04,31.48
Minnesota,MN,"2,4",2022-07-11,18.45
Minnesota,MN,"2,4",2022-07-18,24.12
Minnesota,MN,"2,4",2022-07-25,24.06
Minnesota,MN,"2,4",2022-08-01,25.47
Minnesota,MN,"2,4",2022-08-08,26.45
Minnesota,MN,"2,4",2022-08-15,25.94
Minnesota,MN,"2,4",2022-08-22,25.2
Minnesota,MN,"2,4",2022-08-29,24.38
Minnesota,MN,"2,4",2022-09-05,21.26
Minnesota,MN,"2,4",2022-09-12,16.31
Minnesota,MN,"2,4",2022-09-19,16.08
Minnesota,MN,"2,4",2022-09-26,16.92
Minnesota,MN,"2,4",2022-10-03,15.5
Minnesota,MN,"2,4",2022-10-10,15.12
Minnesota,MN,"2,4",2022-10-17,13.64
Minnesota,MN,"2,4",2022-10-24,12.07
Minnesota,MN,"2,4",2022-10-31,13
Minnesota,MN,"2,4",2022-11-07,12.76
Minnesota,MN,"2,4",2022-11-14,13.17
Minnesota,MN,"2,4",2022-11-21,12.96
Minnesota,MN,"2,4",2022-11-28,15.93
Minnesota,MN,"2,4",2022-12-05,11.57
Minnesota,MN,"2,4",2022-12-12,16.11
Minnesota,MN,"2,4",2022-12-19,14.55
Minnesota,MN,"2,4",2022-12-26,14.89
Minnesota,MN,"2,4",2023-01-02,14.49
Minnesota,MN,"2,4",2023-01-09,11.95
Minnesota,MN,"2,4",2023-01-16,8.85
Minnesota,MN,"2,4",2023-01-23,6.7
Minnesota,MN,"2,4",2023-01-30,13.53
Minnesota,MN,"2,4",2023-02-06,10.91
Minnesota,MN,"2,4",2023-02-13,11.38
Minnesota,MN,"2,4",2023-02-20,12.58
Minnesota,MN,"2,4",2023-02-27,8.25
Minnesota,MN,"2,4",2023-03-06,13.04
Minnesota,MN,"2,4",2023-03-13,9.12
Minnesota,MN,"2,4",2023-03-20,7.05
Mississippi,MS,"6,5",2020-03-16,0.06
Mississippi,MS,"6,5",2020-03-23,1.14
Mississippi,MS,"6,5",2020-03-30,2.88
Mississippi,MS,"6,5",2020-04-06,4.27
Mississippi,MS,"6,5",2020-04-13,5.78
Mississippi,MS,"6,5",2020-04-20,7.54
Mississippi,MS,"6,5",2020-04-27,7.59
Mississippi,MS,"6,5",2020-05-04,8.56
Mississippi,MS,"6,5",2020-05-11,8.63
Mississippi,MS,"6,5",2020-05-18,8.44
Mississippi,MS,"6,5",2020-05-25,9.72
Mississippi,MS,"6,5",2020-06-01,11.01
Mississippi,MS,"6,5",2020-06-08,9.68
Mississippi,MS,"6,5",2020-06-15,12.14
Mississippi,MS,"6,5",2020-06-22,11.94
Mississippi,MS,"6,5",2020-06-29,20.55
Mississippi,MS,"6,5",2020-07-06,22.51
Mississippi,MS,"6,5",2020-07-13,26.03
Mississippi,MS,"6,5",2020-07-20,34.6
Mississippi,MS,"6,5",2020-07-27,43.53
Mississippi,MS,"6,5",2020-08-03,39.21
Mississippi,MS,"6,5",2020-08-10,31.32
Mississippi,MS,"6,5",2020-08-17,22.86
Mississippi,MS,"6,5",2020-08-24,28.77
Mississippi,MS,"6,5",2020-08-31,21.82
Mississippi,MS,"6,5",2020-09-07,20.06
Mississippi,MS,"6,5",2020-09-14,13.86
Mississippi,MS,"6,5",2020-09-21,16.98
Mississippi,MS,"6,5",2020-09-28,16.77
Mississippi,MS,"6,5",2020-10-05,17.54
Mississippi,MS,"6,5",2020-10-12,21.72
Mississippi,MS,"6,5",2020-10-19,25.75
Mississippi,MS,"6,5",2020-10-26,24.82
Mississippi,MS,"6,5",2020-11-02,24.49
Mississippi,MS,"6,5",2020-11-09,30.43
Mississippi,MS,"6,5",2020-11-16,36.93
Mississippi,MS,"6,5",2020-11-23,43.11
Mississippi,MS,"6,5",2020-11-30,45.08
Mississippi,MS,"6,5",2020-12-07,62.04
Mississippi,MS,"6,5",2020-12-14,71.53
Mississippi,MS,"6,5",2020-12-21,69.14
Mississippi,MS,"6,5",2020-12-28,60.43
Mississippi,MS,"6,5",2021-01-04,74.82
Mississippi,MS,"6,5",2021-01-11,79.83
Mississippi,MS,"6,5",2021-01-18,65.39
Mississippi,MS,"6,5",2021-01-25,53.83
Mississippi,MS,"6,5",2021-02-01,50.69
Mississippi,MS,"6,5",2021-02-08,31.71
Mississippi,MS,"6,5",2021-02-15,27.2
Mississippi,MS,"6,5",2021-02-22,13.89
Mississippi,MS,"6,5",2021-03-01,19.78
Mississippi,MS,"6,5",2021-03-08,12.75
Mississippi,MS,"6,5",2021-03-15,15.5
Mississippi,MS,"6,5",2021-03-22,9.84
Mississippi,MS,"6,5",2021-03-29,8.46
Mississippi,MS,"6,5",2021-04-05,7.02
Mississippi,MS,"6,5",2021-04-12,6.53
Mississippi,MS,"6,5",2021-04-19,8.18
Mississippi,MS,"6,5",2021-04-26,8.47
Mississippi,MS,"6,5",2021-05-03,6.78
Mississippi,MS,"6,5",2021-05-10,6.12
Mississippi,MS,"6,5",2021-05-17,6.48
Mississippi,MS,"6,5",2021-05-24,5.36
Mississippi,MS,"6,5",2021-05-31,4.6
Mississippi,MS,"6,5",2021-06-07,3.88
Mississippi,MS,"6,5",2021-06-14,4.13
Mississippi,MS,"6,5",2021-06-21,3.48
Mississippi,MS,"6,5",2021-06-28,4.95
Mississippi,MS,"6,5",2021-07-05,6.48
Mississippi,MS,"6,5",2021-07-12,8.96
Mississippi,MS,"6,5",2021-07-19,20.53
Mississippi,MS,"6,5",2021-07-26,36.76
Mississippi,MS,"6,5",2021-08-02,56.2
Mississippi,MS,"6,5",2021-08-09,79.51
Mississippi,MS,"6,5",2021-08-16,114.84
Mississippi,MS,"6,5",2021-08-23,117.66
Mississippi,MS,"6,5",2021-08-30,106.14
Mississippi,MS,"6,5",2021-09-06,81.76
Mississippi,MS,"6,5",2021-09-13,54.87
Mississippi,MS,"6,5",2021-09-20,57.72
Mississippi,MS,"6,5",2021-09-27,41.16
Mississippi,MS,"6,5",2021-10-04,29.29
Mississippi,MS,"6,5",2021-10-11,21.77
Mississippi,MS,"6,5",2021-10-18,15.59
Mississippi,MS,"6,5",2021-10-25,14.84
Mississippi,MS,"6,5",2021-11-01,15.16
Mississippi,MS,"6,5",2021-11-08,11.06
Mississippi,MS,"6,5",2021-11-15,10.36
Mississippi,MS,"6,5",2021-11-22,12.77
Mississippi,MS,"6,5",2021-11-29,8.1
Mississippi,MS,"6,5",2021-12-06,13.75
Mississippi,MS,"6,5",2021-12-13,16.15
Mississippi,MS,"6,5",2021-12-20,19.38
Mississippi,MS,"6,5",2021-12-27,41.62
Mississippi,MS,"6,5",2022-01-03,137.77
Mississippi,MS,"6,5",2022-01-10,200.49
Mississippi,MS,"6,5",2022-01-17,230.79
Mississippi,MS,"6,5",2022-01-24,199.81
Mississippi,MS,"6,5",2022-01-31,159.96
Mississippi,MS,"6,5",2022-02-07,196.99
Mississippi,MS,"6,5",2022-02-14,62.3
Mississippi,MS,"6,5",2022-02-21,42.29
Mississippi,MS,"6,5",2022-02-28,14.82
Mississippi,MS,"6,5",2022-03-07,9.01
Mississippi,MS,"6,5",2022-03-14,5.44
Mississippi,MS,"6,5",2022-03-21,3.29
Mississippi,MS,"6,5",2022-03-28,2.83
Mississippi,MS,"6,5",2022-04-04,4.51
Mississippi,MS,"6,5",2022-04-11,5.29
Mississippi,MS,"6,5",2022-04-18,2.26
Mississippi,MS,"6,5",2022-04-25,2.36
Mississippi,MS,"6,5",2022-05-02,3.64
Mississippi,MS,"6,5",2022-05-09,8.09
Mississippi,MS,"6,5",2022-05-16,13.8
Mississippi,MS,"6,5",2022-05-23,12.28
Mississippi,MS,"6,5",2022-05-30,13.03
Mississippi,MS,"6,5",2022-06-06,16.78
Mississippi,MS,"6,5",2022-06-13,22.75
Mississippi,MS,"6,5",2022-06-20,27.26
Mississippi,MS,"6,5",2022-06-27,34.97
Mississippi,MS,"6,5",2022-07-04,40.17
Mississippi,MS,"6,5",2022-07-11,40.75
Mississippi,MS,"6,5",2022-07-18,50.24
Mississippi,MS,"6,5",2022-07-25,48.55
Mississippi,MS,"6,5",2022-08-01,39.93
Mississippi,MS,"6,5",2022-08-08,39.73
Mississippi,MS,"6,5",2022-08-15,41.81
Mississippi,MS,"6,5",2022-08-22,41.27
Mississippi,MS,"6,5",2022-08-29,41.3
Mississippi,MS,"6,5",2022-09-05,39.09
Mississippi,MS,"6,5",2022-09-12,27.96
Mississippi,MS,"6,5",2022-09-19,17.37
Mississippi,MS,"6,5",2022-09-26,14.89
Mississippi,MS,"6,5",2022-10-03,8.97
Mississippi,MS,"6,5",2022-10-10,7.75
Mississippi,MS,"6,5",2022-10-17,6.52
Mississippi,MS,"6,5",2022-10-24,4.26
Mississippi,MS,"6,5",2022-10-31,5.88
Mississippi,MS,"6,5",2022-11-07,6.41
Mississippi,MS,"6,5",2022-11-14,6.57
Mississippi,MS,"6,5",2022-11-21,6.24
Mississippi,MS,"6,5",2022-11-28,3.55
Mississippi,MS,"6,5",2022-12-05,7.7
Mississippi,MS,"6,5",2022-12-12,16.22
Mississippi,MS,"6,5",2022-12-19,15.62
Mississippi,MS,"6,5",2022-12-26,18.53
Mississippi,MS,"6,5",2023-01-02,20.37
Mississippi,MS,"6,5",2023-01-09,27.73
Mississippi,MS,"6,5",2023-01-16,27.73
Mississippi,MS,"6,5",2023-01-23,23.19
Mississippi,MS,"6,5",2023-01-30,16.39
Mississippi,MS,"6,5",2023-02-06,18.62
Mississippi,MS,"6,5",2023-02-13,15.5
Mississippi,MS,"6,5",2023-02-20,15.1
Mississippi,MS,"6,5",2023-02-27,11.96
Mississippi,MS,"6,5",2023-03-06,10.45
Mississippi,MS,"6,5",2023-03-13,7.08
Mississippi,MS,"6,5",2023-03-20,5.81
Missouri,MO,"4,4",2020-03-09,0
Missouri,MO,"4,4",2020-03-16,0.01
Missouri,MO,"4,4",2020-03-23,0.41
Missouri,MO,"4,4",2020-03-30,2.02
Missouri,MO,"4,4",2020-04-06,3.89
Missouri,MO,"4,4",2020-04-13,3.88
Missouri,MO,"4,4",2020-04-20,3.3
Missouri,MO,"4,4",2020-04-27,3.17
Missouri,MO,"4,4",2020-05-04,3.74
Missouri,MO,"4,4",2020-05-11,2.91
Missouri,MO,"4,4",2020-05-18,2.79
Missouri,MO,"4,4",2020-05-25,2.49
Missouri,MO,"4,4",2020-06-01,2.86
Missouri,MO,"4,4",2020-06-08,3.81
Missouri,MO,"4,4",2020-06-15,3.61
Missouri,MO,"4,4",2020-06-22,4.7
Missouri,MO,"4,4",2020-06-29,7.02
Missouri,MO,"4,4",2020-07-06,7.22
Missouri,MO,"4,4",2020-07-13,11.48
Missouri,MO,"4,4",2020-07-20,14.58
Missouri,MO,"4,4",2020-07-27,20.41
Missouri,MO,"4,4",2020-08-03,20.63
Missouri,MO,"4,4",2020-08-10,16.77
Missouri,MO,"4,4",2020-08-17,20.96
Missouri,MO,"4,4",2020-08-24,17.15
Missouri,MO,"4,4",2020-08-31,21.12
Missouri,MO,"4,4",2020-09-07,22.04
Missouri,MO,"4,4",2020-09-14,23.89
Missouri,MO,"4,4",2020-09-21,25.04
Missouri,MO,"4,4",2020-09-28,25.79
Missouri,MO,"4,4",2020-10-05,23.12
Missouri,MO,"4,4",2020-10-12,28.31
Missouri,MO,"4,4",2020-10-19,34.42
Missouri,MO,"4,4",2020-10-26,31.39
Missouri,MO,"4,4",2020-11-02,42.37
Missouri,MO,"4,4",2020-11-09,60.37
Missouri,MO,"4,4",2020-11-16,79.3
Missouri,MO,"4,4",2020-11-23,75.34
Missouri,MO,"4,4",2020-11-30,62.09
Missouri,MO,"4,4",2020-12-07,63.46
Missouri,MO,"4,4",2020-12-14,58.81
Missouri,MO,"4,4",2020-12-21,53.54
Missouri,MO,"4,4",2020-12-28,38.83
Missouri,MO,"4,4",2021-01-04,52.49
Missouri,MO,"4,4",2021-01-11,69.24
Missouri,MO,"4,4",2021-01-18,34.71
Missouri,MO,"4,4",2021-01-25,35.99
Missouri,MO,"4,4",2021-02-01,26.44
Missouri,MO,"4,4",2021-02-08,21.3
Missouri,MO,"4,4",2021-02-15,12.79
Missouri,MO,"4,4",2021-02-22,12.06
Missouri,MO,"4,4",2021-03-01,9.67
Missouri,MO,"4,4",2021-03-08,8.15
Missouri,MO,"4,4",2021-03-15,9.76
Missouri,MO,"4,4",2021-03-22,9.66
Missouri,MO,"4,4",2021-03-29,11.43
Missouri,MO,"4,4",2021-04-05,9.28
Missouri,MO,"4,4",2021-04-12,10.29
Missouri,MO,"4,4",2021-04-19,10.32
Missouri,MO,"4,4",2021-04-26,10.51
Missouri,MO,"4,4",2021-05-03,11.77
Missouri,MO,"4,4",2021-05-10,8.12
Missouri,MO,"4,4",2021-05-17,6.48
Missouri,MO,"4,4",2021-05-24,25.25
Missouri,MO,"4,4",2021-05-31,7.14
Missouri,MO,"4,4",2021-06-07,6.58
Missouri,MO,"4,4",2021-06-14,9.23
Missouri,MO,"4,4",2021-06-21,10.71
Missouri,MO,"4,4",2021-06-28,13.28
Missouri,MO,"4,4",2021-07-05,15.64
Missouri,MO,"4,4",2021-07-12,22.37
Missouri,MO,"4,4",2021-07-19,34.26
Missouri,MO,"4,4",2021-07-26,39.79
Missouri,MO,"4,4",2021-08-02,43.28
Missouri,MO,"4,4",2021-08-09,46.54
Missouri,MO,"4,4",2021-08-16,45.41
Missouri,MO,"4,4",2021-08-23,40.81
Missouri,MO,"4,4",2021-08-30,39.12
Missouri,MO,"4,4",2021-09-06,35.39
Missouri,MO,"4,4",2021-09-13,38.01
Missouri,MO,"4,4",2021-09-20,33.25
Missouri,MO,"4,4",2021-09-27,29
Missouri,MO,"4,4",2021-10-04,25.66
Missouri,MO,"4,4",2021-10-11,20.93
Missouri,MO,"4,4",2021-10-18,17.61
Missouri,MO,"4,4",2021-10-25,16.16
Missouri,MO,"4,4",2021-11-01,15.87
Missouri,MO,"4,4",2021-11-08,18.52
Missouri,MO,"4,4",2021-11-15,22.84
Missouri,MO,"4,4",2021-11-22,23.3
Missouri,MO,"4,4",2021-11-29,29.29
Missouri,MO,"4,4",2021-12-06,45.25
Missouri,MO,"4,4",2021-12-13,43.48
Missouri,MO,"4,4",2021-12-20,49.03
Missouri,MO,"4,4",2021-12-27,53
Missouri,MO,"4,4",2022-01-03,111.39
Missouri,MO,"4,4",2022-01-10,174.54
Missouri,MO,"4,4",2022-01-17,160.72
Missouri,MO,"4,4",2022-01-24,227.59
Missouri,MO,"4,4",2022-01-31,127.07
Missouri,MO,"4,4",2022-02-07,68.06
Missouri,MO,"4,4",2022-02-14,51.43
Missouri,MO,"4,4",2022-02-21,17.29
Missouri,MO,"4,4",2022-02-28,20.26
Missouri,MO,"4,4",2022-03-07,9.52
Missouri,MO,"4,4",2022-03-14,8.91
Missouri,MO,"4,4",2022-03-21,6.54
Missouri,MO,"4,4",2022-03-28,7.47
Missouri,MO,"4,4",2022-04-04,5.72
Missouri,MO,"4,4",2022-04-11,3.04
Missouri,MO,"4,4",2022-04-18,2.48
Missouri,MO,"4,4",2022-04-25,3.64
Missouri,MO,"4,4",2022-05-02,6.99
Missouri,MO,"4,4",2022-05-09,13.73
Missouri,MO,"4,4",2022-05-16,15.47
Missouri,MO,"4,4",2022-05-23,18.04
Missouri,MO,"4,4",2022-05-30,21
Missouri,MO,"4,4",2022-06-06,19.5
Missouri,MO,"4,4",2022-06-13,25.8
Missouri,MO,"4,4",2022-06-20,22.61
Missouri,MO,"4,4",2022-06-27,31.55
Missouri,MO,"4,4",2022-07-04,27.41
Missouri,MO,"4,4",2022-07-11,26.98
Missouri,MO,"4,4",2022-07-18,34.63
Missouri,MO,"4,4",2022-07-25,33.79
Missouri,MO,"4,4",2022-08-01,31.96
Missouri,MO,"4,4",2022-08-08,22.92
Missouri,MO,"4,4",2022-08-15,21.17
Missouri,MO,"4,4",2022-08-22,23.41
Missouri,MO,"4,4",2022-08-29,22.46
Missouri,MO,"4,4",2022-09-05,22.66
Missouri,MO,"4,4",2022-09-12,23.11
Missouri,MO,"4,4",2022-09-19,20.9
Missouri,MO,"4,4",2022-09-26,18.27
Missouri,MO,"4,4",2022-10-03,13.25
Missouri,MO,"4,4",2022-10-10,10.98
Missouri,MO,"4,4",2022-10-17,9.92
Missouri,MO,"4,4",2022-10-24,11.77
Missouri,MO,"4,4",2022-10-31,4.27
Missouri,MO,"4,4",2022-11-07,13.63
Missouri,MO,"4,4",2022-11-14,11.5
Missouri,MO,"4,4",2022-11-21,11.71
Missouri,MO,"4,4",2022-11-28,9.29
Missouri,MO,"4,4",2022-12-05,12.45
Missouri,MO,"4,4",2022-12-12,18.52
Missouri,MO,"4,4",2022-12-19,16.2
Missouri,MO,"4,4",2022-12-26,19.94
Missouri,MO,"4,4",2023-01-02,16.76
Missouri,MO,"4,4",2023-01-09,11.43
Missouri,MO,"4,4",2023-01-16,12.45
Missouri,MO,"4,4",2023-01-23,11.88
Missouri,MO,"4,4",2023-01-30,9.51
Missouri,MO,"4,4",2023-02-06,8.82
Missouri,MO,"4,4",2023-02-13,10.22
Missouri,MO,"4,4",2023-02-20,9.72
Missouri,MO,"4,4",2023-02-27,9.85
Missouri,MO,"4,4",2023-03-06,8.61
Missouri,MO,"4,4",2023-03-13,8.75
Missouri,MO,"4,4",2023-03-20,7.06
Montana,MT,"2,2",2020-03-16,0.11
Montana,MT,"2,2",2020-03-23,0.49
Montana,MT,"2,2",2020-03-30,1.76
Montana,MT,"2,2",2020-04-06,1.9
Montana,MT,"2,2",2020-04-13,1
Montana,MT,"2,2",2020-04-20,0.61
Montana,MT,"2,2",2020-04-27,0.19
Montana,MT,"2,2",2020-05-04,0.09
Montana,MT,"2,2",2020-05-11,0.04
Montana,MT,"2,2",2020-05-18,0.15
Montana,MT,"2,2",2020-05-25,0.2
Montana,MT,"2,2",2020-06-01,0.34
Montana,MT,"2,2",2020-06-08,0.39
Montana,MT,"2,2",2020-06-15,0.82
Montana,MT,"2,2",2020-06-22,1.67
Montana,MT,"2,2",2020-06-29,2.47
Montana,MT,"2,2",2020-07-06,4.41
Montana,MT,"2,2",2020-07-13,8.81
Montana,MT,"2,2",2020-07-20,9.78
Montana,MT,"2,2",2020-07-27,10.24
Montana,MT,"2,2",2020-08-03,11.27
Montana,MT,"2,2",2020-08-10,10.47
Montana,MT,"2,2",2020-08-17,10.4
Montana,MT,"2,2",2020-08-24,9.36
Montana,MT,"2,2",2020-08-31,12.43
Montana,MT,"2,2",2020-09-07,12.03
Montana,MT,"2,2",2020-09-14,11.01
Montana,MT,"2,2",2020-09-21,17.98
Montana,MT,"2,2",2020-09-28,27.12
Montana,MT,"2,2",2020-10-05,34.61
Montana,MT,"2,2",2020-10-12,54.51
Montana,MT,"2,2",2020-10-19,57.45
Montana,MT,"2,2",2020-10-26,67.86
Montana,MT,"2,2",2020-11-02,76.68
Montana,MT,"2,2",2020-11-09,77.54
Montana,MT,"2,2",2020-11-16,106.7
Montana,MT,"2,2",2020-11-23,111.3
Montana,MT,"2,2",2020-11-30,77.9
Montana,MT,"2,2",2020-12-07,85.48
Montana,MT,"2,2",2020-12-14,62.89
Montana,MT,"2,2",2020-12-21,54.8
Montana,MT,"2,2",2020-12-28,35.07
Montana,MT,"2,2",2021-01-04,35.73
Montana,MT,"2,2",2021-01-11,53.52
Montana,MT,"2,2",2021-01-18,37.79
Montana,MT,"2,2",2021-01-25,31.02
Montana,MT,"2,2",2021-02-01,29.95
Montana,MT,"2,2",2021-02-08,24.69
Montana,MT,"2,2",2021-02-15,21.15
Montana,MT,"2,2",2021-02-22,18.1
Montana,MT,"2,2",2021-03-01,15.85
Montana,MT,"2,2",2021-03-08,13.07
Montana,MT,"2,2",2021-03-15,12.86
Montana,MT,"2,2",2021-03-22,13.07
Montana,MT,"2,2",2021-03-29,14.25
Montana,MT,"2,2",2021-04-05,13.1
Montana,MT,"2,2",2021-04-12,14.53
Montana,MT,"2,2",2021-04-19,12.76
Montana,MT,"2,2",2021-04-26,12.19
Montana,MT,"2,2",2021-05-03,13.13
Montana,MT,"2,2",2021-05-10,11.25
Montana,MT,"2,2",2021-05-17,10.35
Montana,MT,"2,2",2021-05-24,6.74
Montana,MT,"2,2",2021-05-31,8.01
Montana,MT,"2,2",2021-06-07,7.49
Montana,MT,"2,2",2021-06-14,6.3
Montana,MT,"2,2",2021-06-21,5
Montana,MT,"2,2",2021-06-28,4.69
Montana,MT,"2,2",2021-07-05,4.61
Montana,MT,"2,2",2021-07-12,4.23
Montana,MT,"2,2",2021-07-19,5.59
Montana,MT,"2,2",2021-07-26,8.89
Montana,MT,"2,2",2021-08-02,16.44
Montana,MT,"2,2",2021-08-09,21.87
Montana,MT,"2,2",2021-08-16,27.45
Montana,MT,"2,2",2021-08-23,35.27
Montana,MT,"2,2",2021-08-30,45.14
Montana,MT,"2,2",2021-09-06,51.82
Montana,MT,"2,2",2021-09-13,51.01
Montana,MT,"2,2",2021-09-20,85.81
Montana,MT,"2,2",2021-09-27,79.62
Montana,MT,"2,2",2021-10-04,82.93
Montana,MT,"2,2",2021-10-11,89.45
Montana,MT,"2,2",2021-10-18,68.02
Montana,MT,"2,2",2021-10-25,80.85
Montana,MT,"2,2",2021-11-01,66.85
Montana,MT,"2,2",2021-11-08,58.5
Montana,MT,"2,2",2021-11-15,51.21
Montana,MT,"2,2",2021-11-22,44.5
Montana,MT,"2,2",2021-11-29,25.7
Montana,MT,"2,2",2021-12-06,28.99
Montana,MT,"2,2",2021-12-13,17.59
Montana,MT,"2,2",2021-12-20,13.59
Montana,MT,"2,2",2021-12-27,15.06
Montana,MT,"2,2",2022-01-03,33.54
Montana,MT,"2,2",2022-01-10,85.68
Montana,MT,"2,2",2022-01-17,125.64
Montana,MT,"2,2",2022-01-24,142.3
Montana,MT,"2,2",2022-01-31,202.22
Montana,MT,"2,2",2022-02-07,129.4
Montana,MT,"2,2",2022-02-14,77.77
Montana,MT,"2,2",2022-02-21,67.05
Montana,MT,"2,2",2022-02-28,43.41
Montana,MT,"2,2",2022-03-07,61.1
Montana,MT,"2,2",2022-03-14,7.79
Montana,MT,"2,2",2022-03-21,5.47
Montana,MT,"2,2",2022-03-28,3.65
Montana,MT,"2,2",2022-04-04,3.01
Montana,MT,"2,2",2022-04-11,3.22
Montana,MT,"2,2",2022-04-18,3.77
Montana,MT,"2,2",2022-04-25,4.91
Montana,MT,"2,2",2022-05-02,7.54
Montana,MT,"2,2",2022-05-09,6.51
Montana,MT,"2,2",2022-05-16,8.59
Montana,MT,"2,2",2022-05-23,14.9
Montana,MT,"2,2",2022-05-30,17.2
Montana,MT,"2,2",2022-06-06,15.28
Montana,MT,"2,2",2022-06-13,25.3
Montana,MT,"2,2",2022-06-20,27.61
Montana,MT,"2,2",2022-06-27,22.12
Montana,MT,"2,2",2022-07-04,28.2
Montana,MT,"2,2",2022-07-11,21.22
Montana,MT,"2,2",2022-07-18,36.12
Montana,MT,"2,2",2022-07-25,30.56
Montana,MT,"2,2",2022-08-01,29.69
Montana,MT,"2,2",2022-08-08,28.14
Montana,MT,"2,2",2022-08-15,24.89
Montana,MT,"2,2",2022-08-22,24.43
Montana,MT,"2,2",2022-08-29,22.92
Montana,MT,"2,2",2022-09-05,18.67
Montana,MT,"2,2",2022-09-12,10.92
Montana,MT,"2,2",2022-09-19,17.64
Montana,MT,"2,2",2022-09-26,19.1
Montana,MT,"2,2",2022-10-03,16.94
Montana,MT,"2,2",2022-10-10,14.5
Montana,MT,"2,2",2022-10-17,10.58
Montana,MT,"2,2",2022-10-24,12.59
Montana,MT,"2,2",2022-10-31,9.93
Montana,MT,"2,2",2022-11-07,11.58
Montana,MT,"2,2",2022-11-14,11.05
Montana,MT,"2,2",2022-11-21,11.72
Montana,MT,"2,2",2022-11-28,13.09
Montana,MT,"2,2",2022-12-05,12.39
Montana,MT,"2,2",2022-12-12,15
Montana,MT,"2,2",2022-12-19,14.88
Montana,MT,"2,2",2022-12-26,13.89
Montana,MT,"2,2",2023-01-02,10.8
Montana,MT,"2,2",2023-01-09,9.04
Montana,MT,"2,2",2023-01-16,10.29
Montana,MT,"2,2",2023-01-23,5.42
Montana,MT,"2,2",2023-01-30,6.98
Montana,MT,"2,2",2023-02-06,8.43
Montana,MT,"2,2",2023-02-13,10.83
Montana,MT,"2,2",2023-02-20,9.25
Montana,MT,"2,2",2023-02-27,8.94
Montana,MT,"2,2",2023-03-06,9.04
Montana,MT,"2,2",2023-03-13,7.85
Montana,MT,"2,2",2023-03-20,8.7
Nebraska,NE,"4,3",2020-03-02,0.02
Nebraska,NE,"4,3",2020-03-09,0.01
Nebraska,NE,"4,3",2020-03-16,0.11
Nebraska,NE,"4,3",2020-03-23,0.3
Nebraska,NE,"4,3",2020-03-30,0.83
Nebraska,NE,"4,3",2020-04-06,1.87
Nebraska,NE,"4,3",2020-04-13,3.19
Nebraska,NE,"4,3",2020-04-20,5.73
Nebraska,NE,"4,3",2020-04-27,13.6
Nebraska,NE,"4,3",2020-05-04,19.47
Nebraska,NE,"4,3",2020-05-11,18.11
Nebraska,NE,"4,3",2020-05-18,15.14
Nebraska,NE,"4,3",2020-05-25,12.77
Nebraska,NE,"4,3",2020-06-01,14.7
Nebraska,NE,"4,3",2020-06-08,10.39
Nebraska,NE,"4,3",2020-06-15,8.18
Nebraska,NE,"4,3",2020-06-22,8.1
Nebraska,NE,"4,3",2020-06-29,8.18
Nebraska,NE,"4,3",2020-07-06,7.3
Nebraska,NE,"4,3",2020-07-13,10.28
Nebraska,NE,"4,3",2020-07-20,10.36
Nebraska,NE,"4,3",2020-07-27,15.15
Nebraska,NE,"4,3",2020-08-03,15.19
Nebraska,NE,"4,3",2020-08-10,12.85
Nebraska,NE,"4,3",2020-08-17,13.79
Nebraska,NE,"4,3",2020-08-24,10.96
Nebraska,NE,"4,3",2020-08-31,16.54
Nebraska,NE,"4,3",2020-09-07,12.47
Nebraska,NE,"4,3",2020-09-14,19.7
Nebraska,NE,"4,3",2020-09-21,20.28
Nebraska,NE,"4,3",2020-09-28,23.56
Nebraska,NE,"4,3",2020-10-05,27.18
Nebraska,NE,"4,3",2020-10-12,33.82
Nebraska,NE,"4,3",2020-10-19,44.15
Nebraska,NE,"4,3",2020-10-26,43.39
Nebraska,NE,"4,3",2020-11-02,60.65
Nebraska,NE,"4,3",2020-11-09,93.39
Nebraska,NE,"4,3",2020-11-16,119.31
Nebraska,NE,"4,3",2020-11-23,108.76
Nebraska,NE,"4,3",2020-11-30,93.12
Nebraska,NE,"4,3",2020-12-07,95.08
Nebraska,NE,"4,3",2020-12-14,62.06
Nebraska,NE,"4,3",2020-12-21,57.58
Nebraska,NE,"4,3",2020-12-28,42.72
Nebraska,NE,"4,3",2021-01-04,50.77
Nebraska,NE,"4,3",2021-01-11,50.79
Nebraska,NE,"4,3",2021-01-18,41.16
Nebraska,NE,"4,3",2021-01-25,41.52
Nebraska,NE,"4,3",2021-02-01,24.09
Nebraska,NE,"4,3",2021-02-08,21.01
Nebraska,NE,"4,3",2021-02-15,20.71
Nebraska,NE,"4,3",2021-02-22,13.72
Nebraska,NE,"4,3",2021-03-01,14.3
Nebraska,NE,"4,3",2021-03-08,14.7
Nebraska,NE,"4,3",2021-03-15,13.99
Nebraska,NE,"4,3",2021-03-22,12.44
Nebraska,NE,"4,3",2021-03-29,15.32
Nebraska,NE,"4,3",2021-04-05,22.93
Nebraska,NE,"4,3",2021-04-12,17.67
Nebraska,NE,"4,3",2021-04-19,16.71
Nebraska,NE,"4,3",2021-04-26,16.39
Nebraska,NE,"4,3",2021-05-03,10.29
Nebraska,NE,"4,3",2021-05-10,9.42
Nebraska,NE,"4,3",2021-05-17,7.47
Nebraska,NE,"4,3",2021-05-24,4
Nebraska,NE,"4,3",2021-05-31,2.71
Nebraska,NE,"4,3",2021-06-07,2.39
Nebraska,NE,"4,3",2021-06-14,1.6
Nebraska,NE,"4,3",2021-06-21,1.56
Nebraska,NE,"4,3",2021-06-28,1.65
Nebraska,NE,"4,3",2021-07-05,1.84
Nebraska,NE,"4,3",2021-07-12,3.34
Nebraska,NE,"4,3",2021-07-19,5.88
Nebraska,NE,"4,3",2021-07-26,7.84
Nebraska,NE,"4,3",2021-08-02,13.05
Nebraska,NE,"4,3",2021-08-09,17.55
Nebraska,NE,"4,3",2021-08-16,22.51
Nebraska,NE,"4,3",2021-08-23,28.69
Nebraska,NE,"4,3",2021-08-30,35.54
Nebraska,NE,"4,3",2021-09-06,43.29
Nebraska,NE,"4,3",2021-09-13,35.51
Nebraska,NE,"4,3",2021-09-20,40
Nebraska,NE,"4,3",2021-09-27,33.81
Nebraska,NE,"4,3",2021-10-04,33.96
Nebraska,NE,"4,3",2021-10-11,33.16
Nebraska,NE,"4,3",2021-10-18,29.14
Nebraska,NE,"4,3",2021-10-25,29.68
Nebraska,NE,"4,3",2021-11-01,32.85
Nebraska,NE,"4,3",2021-11-08,40.69
Nebraska,NE,"4,3",2021-11-15,47.41
Nebraska,NE,"4,3",2021-11-22,44.36
Nebraska,NE,"4,3",2021-11-29,38.13
Nebraska,NE,"4,3",2021-12-06,56.34
Nebraska,NE,"4,3",2021-12-13,47.74
Nebraska,NE,"4,3",2021-12-20,39.74
Nebraska,NE,"4,3",2021-12-27,40.07
Nebraska,NE,"4,3",2022-01-03,62.56
Nebraska,NE,"4,3",2022-01-10,142.15
Nebraska,NE,"4,3",2022-01-17,209.63
Nebraska,NE,"4,3",2022-01-24,217.09
Nebraska,NE,"4,3",2022-01-31,132.21
Nebraska,NE,"4,3",2022-02-07,60.03
Nebraska,NE,"4,3",2022-02-14,26.73
Nebraska,NE,"4,3",2022-02-21,13.49
Nebraska,NE,"4,3",2022-02-28,7.15
Nebraska,NE,"4,3",2022-03-07,5.47
Nebraska,NE,"4,3",2022-03-14,3.48
Nebraska,NE,"4,3",2022-03-21,2.13
Nebraska,NE,"4,3",2022-03-28,5.13
Nebraska,NE,"4,3",2022-04-04,5.03
Nebraska,NE,"4,3",2022-04-11,2.66
Nebraska,NE,"4,3",2022-04-18,3.27
Nebraska,NE,"4,3",2022-04-25,5.77
Nebraska,NE,"4,3",2022-05-02,5.6
Nebraska,NE,"4,3",2022-05-09,7.22
Nebraska,NE,"4,3",2022-05-16,9.69
Nebraska,NE,"4,3",2022-05-23,13.15
Nebraska,NE,"4,3",2022-05-30,14.57
Nebraska,NE,"4,3",2022-06-06,17.38
Nebraska,NE,"4,3",2022-06-13,20.94
Nebraska,NE,"4,3",2022-06-20,19.8
Nebraska,NE,"4,3",2022-06-27,22.66
Nebraska,NE,"4,3",2022-07-04,25.66
Nebraska,NE,"4,3",2022-07-11,26.11
Nebraska,NE,"4,3",2022-07-18,29.76
Nebraska,NE,"4,3",2022-07-25,26.58
Nebraska,NE,"4,3",2022-08-01,30.43
Nebraska,NE,"4,3",2022-08-08,27.52
Nebraska,NE,"4,3",2022-08-15,21.47
Nebraska,NE,"4,3",2022-08-22,19.79
Nebraska,NE,"4,3",2022-08-29,20.81
Nebraska,NE,"4,3",2022-09-05,21.68
Nebraska,NE,"4,3",2022-09-12,15.66
Nebraska,NE,"4,3",2022-09-19,13.09
Nebraska,NE,"4,3",2022-09-26,10.52
Nebraska,NE,"4,3",2022-10-03,9.04
Nebraska,NE,"4,3",2022-10-10,7.59
Nebraska,NE,"4,3",2022-10-17,7.75
Nebraska,NE,"4,3",2022-10-24,9.23
Nebraska,NE,"4,3",2022-10-31,0.94
Nebraska,NE,"4,3",2022-11-07,9.73
Nebraska,NE,"4,3",2022-11-14,15.75
Nebraska,NE,"4,3",2022-11-21,15.14
Nebraska,NE,"4,3",2022-11-28,15.74
Nebraska,NE,"4,3",2022-12-05,18.03
Nebraska,NE,"4,3",2022-12-12,25.37
Nebraska,NE,"4,3",2022-12-19,27.49
Nebraska,NE,"4,3",2022-12-26,22.68
Nebraska,NE,"4,3",2023-01-02,12.51
Nebraska,NE,"4,3",2023-01-09,7.97
Nebraska,NE,"4,3",2023-01-16,10.38
Nebraska,NE,"4,3",2023-01-23,5.2
Nebraska,NE,"4,3",2023-01-30,5.93
Nebraska,NE,"4,3",2023-02-06,6.79
Nebraska,NE,"4,3",2023-02-13,8.5
Nebraska,NE,"4,3",2023-02-20,9.86
Nebraska,NE,"4,3",2023-02-27,7.77
Nebraska,NE,"4,3",2023-03-06,11.47
Nebraska,NE,"4,3",2023-03-13,11.26
Nebraska,NE,"4,3",2023-03-20,11.11
Nevada,NV,"3,1",2020-03-09,0.02
Nevada,NV,"3,1",2020-03-16,0.17
Nevada,NV,"3,1",2020-03-23,1.02
Nevada,NV,"3,1",2020-03-30,3.61
Nevada,NV,"3,1",2020-04-06,4.3
Nevada,NV,"3,1",2020-04-13,4.94
Nevada,NV,"3,1",2020-04-20,3.68
Nevada,NV,"3,1",2020-04-27,4.07
Nevada,NV,"3,1",2020-05-04,4.26
Nevada,NV,"3,1",2020-05-11,2.43
Nevada,NV,"3,1",2020-05-18,4.21
Nevada,NV,"3,1",2020-05-25,4.17
Nevada,NV,"3,1",2020-06-01,3.44
Nevada,NV,"3,1",2020-06-08,5.17
Nevada,NV,"3,1",2020-06-15,6.96
Nevada,NV,"3,1",2020-06-22,10.48
Nevada,NV,"3,1",2020-06-29,20.39
Nevada,NV,"3,1",2020-07-06,23
Nevada,NV,"3,1",2020-07-13,26.28
Nevada,NV,"3,1",2020-07-20,38.07
Nevada,NV,"3,1",2020-07-27,32.81
Nevada,NV,"3,1",2020-08-03,34.12
Nevada,NV,"3,1",2020-08-10,26.84
Nevada,NV,"3,1",2020-08-17,23.19
Nevada,NV,"3,1",2020-08-24,18.79
Nevada,NV,"3,1",2020-08-31,15.05
Nevada,NV,"3,1",2020-09-07,12.66
Nevada,NV,"3,1",2020-09-14,8.54
Nevada,NV,"3,1",2020-09-21,10.34
Nevada,NV,"3,1",2020-09-28,14.81
Nevada,NV,"3,1",2020-10-05,14.99
Nevada,NV,"3,1",2020-10-12,18.04
Nevada,NV,"3,1",2020-10-19,21.08
Nevada,NV,"3,1",2020-10-26,24.82
Nevada,NV,"3,1",2020-11-02,27.42
Nevada,NV,"3,1",2020-11-09,42.11
Nevada,NV,"3,1",2020-11-16,51.57
Nevada,NV,"3,1",2020-11-23,66
Nevada,NV,"3,1",2020-11-30,74.46
Nevada,NV,"3,1",2020-12-07,85.49
Nevada,NV,"3,1",2020-12-14,86.48
Nevada,NV,"3,1",2020-12-21,76.02
Nevada,NV,"3,1",2020-12-28,57.78
Nevada,NV,"3,1",2021-01-04,68.04
Nevada,NV,"3,1",2021-01-11,79.53
Nevada,NV,"3,1",2021-01-18,57.49
Nevada,NV,"3,1",2021-01-25,42.39
Nevada,NV,"3,1",2021-02-01,33.5
Nevada,NV,"3,1",2021-02-08,25.28
Nevada,NV,"3,1",2021-02-15,18.95
Nevada,NV,"3,1",2021-02-22,11.29
Nevada,NV,"3,1",2021-03-01,13.21
Nevada,NV,"3,1",2021-03-08,11.18
Nevada,NV,"3,1",2021-03-15,14.19
Nevada,NV,"3,1",2021-03-22,8.55
Nevada,NV,"3,1",2021-03-29,8.96
Nevada,NV,"3,1",2021-04-05,9.6
Nevada,NV,"3,1",2021-04-12,11.16
Nevada,NV,"3,1",2021-04-19,12.01
Nevada,NV,"3,1",2021-04-26,12.74
Nevada,NV,"3,1",2021-05-03,11.87
Nevada,NV,"3,1",2021-05-10,11.79
Nevada,NV,"3,1",2021-05-17,10.67
Nevada,NV,"3,1",2021-05-24,7.77
Nevada,NV,"3,1",2021-05-31,6.47
Nevada,NV,"3,1",2021-06-07,7.37
Nevada,NV,"3,1",2021-06-14,7.24
Nevada,NV,"3,1",2021-06-21,8.98
Nevada,NV,"3,1",2021-06-28,13.98
Nevada,NV,"3,1",2021-07-05,14.61
Nevada,NV,"3,1",2021-07-12,16.17
Nevada,NV,"3,1",2021-07-19,25.13
Nevada,NV,"3,1",2021-07-26,29.13
Nevada,NV,"3,1",2021-08-02,34.73
Nevada,NV,"3,1",2021-08-09,35.49
Nevada,NV,"3,1",2021-08-16,32.77
Nevada,NV,"3,1",2021-08-23,37.65
Nevada,NV,"3,1",2021-08-30,35.21
Nevada,NV,"3,1",2021-09-06,37.27
Nevada,NV,"3,1",2021-09-13,33.3
Nevada,NV,"3,1",2021-09-20,34.63
Nevada,NV,"3,1",2021-09-27,28.57
Nevada,NV,"3,1",2021-10-04,26.54
Nevada,NV,"3,1",2021-10-11,22.2
Nevada,NV,"3,1",2021-10-18,20.07
Nevada,NV,"3,1",2021-10-25,22.04
Nevada,NV,"3,1",2021-11-01,20.07
Nevada,NV,"3,1",2021-11-08,25.69
Nevada,NV,"3,1",2021-11-15,21.23
Nevada,NV,"3,1",2021-11-22,22.19
Nevada,NV,"3,1",2021-11-29,15.5
Nevada,NV,"3,1",2021-12-06,23.24
Nevada,NV,"3,1",2021-12-13,23.23
Nevada,NV,"3,1",2021-12-20,26.15
Nevada,NV,"3,1",2021-12-27,37
Nevada,NV,"3,1",2022-01-03,97.24
Nevada,NV,"3,1",2022-01-10,150.73
Nevada,NV,"3,1",2022-01-17,203.5
Nevada,NV,"3,1",2022-01-24,186.92
Nevada,NV,"3,1",2022-01-31,123.16
Nevada,NV,"3,1",2022-02-07,51.69
Nevada,NV,"3,1",2022-02-14,33.13
Nevada,NV,"3,1",2022-02-21,18.66
Nevada,NV,"3,1",2022-02-28,20.85
Nevada,NV,"3,1",2022-03-07,9.74
Nevada,NV,"3,1",2022-03-14,12.56
Nevada,NV,"3,1",2022-03-21,2.5
Nevada,NV,"3,1",2022-03-28,5.36
Nevada,NV,"3,1",2022-04-04,5.11
Nevada,NV,"3,1",2022-04-11,5.32
Nevada,NV,"3,1",2022-04-18,5.82
Nevada,NV,"3,1",2022-04-25,6.78
Nevada,NV,"3,1",2022-05-02,9.66
Nevada,NV,"3,1",2022-05-09,12.44
Nevada,NV,"3,1",2022-05-16,15.63
Nevada,NV,"3,1",2022-05-23,23.31
Nevada,NV,"3,1",2022-05-30,29.02
Nevada,NV,"3,1",2022-06-06,33.08
Nevada,NV,"3,1",2022-06-13,39.88
Nevada,NV,"3,1",2022-06-20,40.44
Nevada,NV,"3,1",2022-06-27,35.18
Nevada,NV,"3,1",2022-07-04,38.21
Nevada,NV,"3,1",2022-07-11,29.92
Nevada,NV,"3,1",2022-07-18,40.31
Nevada,NV,"3,1",2022-07-25,31.39
Nevada,NV,"3,1",2022-08-01,12.68
Nevada,NV,"3,1",2022-08-08,16.91
Nevada,NV,"3,1",2022-08-15,14.54
Nevada,NV,"3,1",2022-08-22,11.72
Nevada,NV,"3,1",2022-08-29,11.67
Nevada,NV,"3,1",2022-09-05,10.25
Nevada,NV,"3,1",2022-09-12,5.98
Nevada,NV,"3,1",2022-09-19,8.58
Nevada,NV,"3,1",2022-09-26,5.68
Nevada,NV,"3,1",2022-10-03,4.06
Nevada,NV,"3,1",2022-10-10,5.76
Nevada,NV,"3,1",2022-10-17,5.98
Nevada,NV,"3,1",2022-10-24,4.66
Nevada,NV,"3,1",2022-10-31,8.95
Nevada,NV,"3,1",2022-11-07,9.13
Nevada,NV,"3,1",2022-11-14,12.85
Nevada,NV,"3,1",2022-11-21,9.57
Nevada,NV,"3,1",2022-11-28,8.96
Nevada,NV,"3,1",2022-12-05,11.29
Nevada,NV,"3,1",2022-12-12,19.59
Nevada,NV,"3,1",2022-12-19,13.98
Nevada,NV,"3,1",2022-12-26,11.47
Nevada,NV,"3,1",2023-01-02,9.28
Nevada,NV,"3,1",2023-01-09,9.28
Nevada,NV,"3,1",2023-01-16,9.55
Nevada,NV,"3,1",2023-01-23,5.86
Nevada,NV,"3,1",2023-01-30,6.58
Nevada,NV,"3,1",2023-02-06,5.16
Nevada,NV,"3,1",2023-02-13,5.82
Nevada,NV,"3,1",2023-02-20,5.89
Nevada,NV,"3,1",2023-02-27,5.13
Nevada,NV,"3,1",2023-03-06,4.79
Nevada,NV,"3,1",2023-03-13,5.39
Nevada,NV,"3,1",2023-03-20,7.31
New Hampshire,NH,"1,10",2020-03-02,0.01
New Hampshire,NH,"1,10",2020-03-09,0.04
New Hampshire,NH,"1,10",2020-03-16,0.11
New Hampshire,NH,"1,10",2020-03-23,0.88
New Hampshire,NH,"1,10",2020-03-30,2.24
New Hampshire,NH,"1,10",2020-04-06,4.21
New Hampshire,NH,"1,10",2020-04-13,3.2
New Hampshire,NH,"1,10",2020-04-20,4.49
New Hampshire,NH,"1,10",2020-04-27,5.16
New Hampshire,NH,"1,10",2020-05-04,6.83
New Hampshire,NH,"1,10",2020-05-11,6.01
New Hampshire,NH,"1,10",2020-05-18,5.17
New Hampshire,NH,"1,10",2020-05-25,5.73
New Hampshire,NH,"1,10",2020-06-01,5.13
New Hampshire,NH,"1,10",2020-06-08,4.14
New Hampshire,NH,"1,10",2020-06-15,2.79
New Hampshire,NH,"1,10",2020-06-22,2.24
New Hampshire,NH,"1,10",2020-06-29,2.12
New Hampshire,NH,"1,10",2020-07-06,1.62
New Hampshire,NH,"1,10",2020-07-13,1.62
New Hampshire,NH,"1,10",2020-07-20,1.9
New Hampshire,NH,"1,10",2020-07-27,2.02
New Hampshire,NH,"1,10",2020-08-03,2.3
New Hampshire,NH,"1,10",2020-08-10,1.89
New Hampshire,NH,"1,10",2020-08-17,1.72
New Hampshire,NH,"1,10",2020-08-24,1.37
New Hampshire,NH,"1,10",2020-08-31,1.48
New Hampshire,NH,"1,10",2020-09-07,2.11
New Hampshire,NH,"1,10",2020-09-14,2.5
New Hampshire,NH,"1,10",2020-09-21,2.5
New Hampshire,NH,"1,10",2020-09-28,2.69
New Hampshire,NH,"1,10",2020-10-05,3.06
New Hampshire,NH,"1,10",2020-10-12,5.55
New Hampshire,NH,"1,10",2020-10-19,5.65
New Hampshire,NH,"1,10",2020-10-26,6.84
New Hampshire,NH,"1,10",2020-11-02,9.7
New Hampshire,NH,"1,10",2020-11-09,14.49
New Hampshire,NH,"1,10",2020-11-16,24.48
New Hampshire,NH,"1,10",2020-11-23,31.66
New Hampshire,NH,"1,10",2020-11-30,31.01
New Hampshire,NH,"1,10",2020-12-07,50.66
New Hampshire,NH,"1,10",2020-12-14,63.66
New Hampshire,NH,"1,10",2020-12-21,57.92
New Hampshire,NH,"1,10",2020-12-28,44.99
New Hampshire,NH,"1,10",2021-01-04,59.45
New Hampshire,NH,"1,10",2021-01-11,52.31
New Hampshire,NH,"1,10",2021-01-18,58.38
New Hampshire,NH,"1,10",2021-01-25,51.52
New Hampshire,NH,"1,10",2021-02-01,34.57
New Hampshire,NH,"1,10",2021-02-08,25.65
New Hampshire,NH,"1,10",2021-02-15,26.46
New Hampshire,NH,"1,10",2021-02-22,22.38
New Hampshire,NH,"1,10",2021-03-01,20.2
New Hampshire,NH,"1,10",2021-03-08,15.47
New Hampshire,NH,"1,10",2021-03-15,18.42
New Hampshire,NH,"1,10",2021-03-22,20.35
New Hampshire,NH,"1,10",2021-03-29,27.21
New Hampshire,NH,"1,10",2021-04-05,29.26
New Hampshire,NH,"1,10",2021-04-12,32.61
New Hampshire,NH,"1,10",2021-04-19,26.83
New Hampshire,NH,"1,10",2021-04-26,22.61
New Hampshire,NH,"1,10",2021-05-03,16.51
New Hampshire,NH,"1,10",2021-05-10,13.61
New Hampshire,NH,"1,10",2021-05-17,10.22
New Hampshire,NH,"1,10",2021-05-24,6.04
New Hampshire,NH,"1,10",2021-05-31,4.44
New Hampshire,NH,"1,10",2021-06-07,1.98
New Hampshire,NH,"1,10",2021-06-14,2.12
New Hampshire,NH,"1,10",2021-06-21,1.95
New Hampshire,NH,"1,10",2021-06-28,1.32
New Hampshire,NH,"1,10",2021-07-05,1.6
New Hampshire,NH,"1,10",2021-07-12,1.58
New Hampshire,NH,"1,10",2021-07-19,2.06
New Hampshire,NH,"1,10",2021-07-26,3.36
New Hampshire,NH,"1,10",2021-08-02,7.35
New Hampshire,NH,"1,10",2021-08-09,11.88
New Hampshire,NH,"1,10",2021-08-16,14.13
New Hampshire,NH,"1,10",2021-08-23,19.33
New Hampshire,NH,"1,10",2021-08-30,22.82
New Hampshire,NH,"1,10",2021-09-06,22.99
New Hampshire,NH,"1,10",2021-09-13,26.57
New Hampshire,NH,"1,10",2021-09-20,32.31
New Hampshire,NH,"1,10",2021-09-27,34.72
New Hampshire,NH,"1,10",2021-10-04,35.18
New Hampshire,NH,"1,10",2021-10-11,38.76
New Hampshire,NH,"1,10",2021-10-18,41.19
New Hampshire,NH,"1,10",2021-10-25,29.19
New Hampshire,NH,"1,10",2021-11-01,29.19
New Hampshire,NH,"1,10",2021-11-08,47.72
New Hampshire,NH,"1,10",2021-11-15,57.96
New Hampshire,NH,"1,10",2021-11-22,74.6
New Hampshire,NH,"1,10",2021-11-29,66.75
New Hampshire,NH,"1,10",2021-12-06,93.84
New Hampshire,NH,"1,10",2021-12-13,93.3
New Hampshire,NH,"1,10",2021-12-20,90.13
New Hampshire,NH,"1,10",2021-12-27,81.87
New Hampshire,NH,"1,10",2022-01-03,97.49
New Hampshire,NH,"1,10",2022-01-10,208.55
New Hampshire,NH,"1,10",2022-01-17,224.06
New Hampshire,NH,"1,10",2022-01-24,215.06
New Hampshire,NH,"1,10",2022-01-31,123.09
New Hampshire,NH,"1,10",2022-02-07,76.95
New Hampshire,NH,"1,10",2022-02-14,72.4
New Hampshire,NH,"1,10",2022-02-21,57.85
New Hampshire,NH,"1,10",2022-02-28,34.31
New Hampshire,NH,"1,10",2022-03-07,13.54
New Hampshire,NH,"1,10",2022-03-14,9.04
New Hampshire,NH,"1,10",2022-03-21,8.37
New Hampshire,NH,"1,10",2022-03-28,9.17
New Hampshire,NH,"1,10",2022-04-04,8.71
New Hampshire,NH,"1,10",2022-04-11,14.24
New Hampshire,NH,"1,10",2022-04-18,19.21
New Hampshire,NH,"1,10",2022-04-25,23.67
New Hampshire,NH,"1,10",2022-05-02,28.35
New Hampshire,NH,"1,10",2022-05-09,35.61
New Hampshire,NH,"1,10",2022-05-16,43.52
New Hampshire,NH,"1,10",2022-05-23,40.3
New Hampshire,NH,"1,10",2022-05-30,35
New Hampshire,NH,"1,10",2022-06-06,21.95
New Hampshire,NH,"1,10",2022-06-13,15.51
New Hampshire,NH,"1,10",2022-06-20,13.47
New Hampshire,NH,"1,10",2022-06-27,14.5
New Hampshire,NH,"1,10",2022-07-04,16.14
New Hampshire,NH,"1,10",2022-07-11,14.78
New Hampshire,NH,"1,10",2022-07-18,15.57
New Hampshire,NH,"1,10",2022-07-25,13.62
New Hampshire,NH,"1,10",2022-08-01,16.17
New Hampshire,NH,"1,10",2022-08-08,14.47
New Hampshire,NH,"1,10",2022-08-15,13.94
New Hampshire,NH,"1,10",2022-08-22,14.16
New Hampshire,NH,"1,10",2022-08-29,12.12
New Hampshire,NH,"1,10",2022-09-05,14.05
New Hampshire,NH,"1,10",2022-09-12,12.3
New Hampshire,NH,"1,10",2022-09-19,17.21
New Hampshire,NH,"1,10",2022-09-26,15.5
New Hampshire,NH,"1,10",2022-10-03,14.25
New Hampshire,NH,"1,10",2022-10-10,16.56
New Hampshire,NH,"1,10",2022-10-17,17.64
New Hampshire,NH,"1,10",2022-10-24,16.85
New Hampshire,NH,"1,10",2022-10-31,13.43
New Hampshire,NH,"1,10",2022-11-07,13.12
New Hampshire,NH,"1,10",2022-11-14,9.98
New Hampshire,NH,"1,10",2022-11-21,8.65
New Hampshire,NH,"1,10",2022-11-28,8.23
New Hampshire,NH,"1,10",2022-12-05,12.92
New Hampshire,NH,"1,10",2022-12-12,12.99
New Hampshire,NH,"1,10",2022-12-19,16.9
New Hampshire,NH,"1,10",2022-12-26,16.65
New Hampshire,NH,"1,10",2023-01-02,14.98
New Hampshire,NH,"1,10",2023-01-09,17.55
New Hampshire,NH,"1,10",2023-01-16,16.35
New Hampshire,NH,"1,10",2023-01-23,11.44
New Hampshire,NH,"1,10",2023-01-30,10.43
New Hampshire,NH,"1,10",2023-02-06,9.97
New Hampshire,NH,"1,10",2023-02-13,11.73
New Hampshire,NH,"1,10",2023-02-20,9.87
New Hampshire,NH,"1,10",2023-02-27,10.06
New Hampshire,NH,"1,10",2023-03-06,6.96
New Hampshire,NH,"1,10",2023-03-13,8.21
New Hampshire,NH,"1,10",2023-03-20,6.01
New Jersey,NJ,"3,8",2020-03-09,0.02
New Jersey,NJ,"3,8",2020-03-16,0.27
New Jersey,NJ,"3,8",2020-03-23,4.29
New Jersey,NJ,"3,8",2020-03-30,22.18
New Jersey,NJ,"3,8",2020-04-06,39.33
New Jersey,NJ,"3,8",2020-04-13,37.79
New Jersey,NJ,"3,8",2020-04-20,38.96
New Jersey,NJ,"3,8",2020-04-27,36
New Jersey,NJ,"3,8",2020-05-04,27.47
New Jersey,NJ,"3,8",2020-05-11,18.78
New Jersey,NJ,"3,8",2020-05-18,13.02
New Jersey,NJ,"3,8",2020-05-25,11.34
New Jersey,NJ,"3,8",2020-06-01,9.37
New Jersey,NJ,"3,8",2020-06-08,5.76
New Jersey,NJ,"3,8",2020-06-15,4.19
New Jersey,NJ,"3,8",2020-06-22,3.72
New Jersey,NJ,"3,8",2020-06-29,2.94
New Jersey,NJ,"3,8",2020-07-06,3.77
New Jersey,NJ,"3,8",2020-07-13,3.22
New Jersey,NJ,"3,8",2020-07-20,2.77
New Jersey,NJ,"3,8",2020-07-27,4.5
New Jersey,NJ,"3,8",2020-08-03,4.43
New Jersey,NJ,"3,8",2020-08-10,3.85
New Jersey,NJ,"3,8",2020-08-17,4.38
New Jersey,NJ,"3,8",2020-08-24,3.12
New Jersey,NJ,"3,8",2020-08-31,3.53
New Jersey,NJ,"3,8",2020-09-07,3.91
New Jersey,NJ,"3,8",2020-09-14,4.16
New Jersey,NJ,"3,8",2020-09-21,5.13
New Jersey,NJ,"3,8",2020-09-28,6.36
New Jersey,NJ,"3,8",2020-10-05,7.4
New Jersey,NJ,"3,8",2020-10-12,8.66
New Jersey,NJ,"3,8",2020-10-19,11.43
New Jersey,NJ,"3,8",2020-10-26,13.64
New Jersey,NJ,"3,8",2020-11-02,18.2
New Jersey,NJ,"3,8",2020-11-09,25.19
New Jersey,NJ,"3,8",2020-11-16,39.95
New Jersey,NJ,"3,8",2020-11-23,45.2
New Jersey,NJ,"3,8",2020-11-30,44.6
New Jersey,NJ,"3,8",2020-12-07,55.14
New Jersey,NJ,"3,8",2020-12-14,54.52
New Jersey,NJ,"3,8",2020-12-21,48.82
New Jersey,NJ,"3,8",2020-12-28,45.42
New Jersey,NJ,"3,8",2021-01-04,49.69
New Jersey,NJ,"3,8",2021-01-11,72.39
New Jersey,NJ,"3,8",2021-01-18,65.8
New Jersey,NJ,"3,8",2021-01-25,57.7
New Jersey,NJ,"3,8",2021-02-01,53.71
New Jersey,NJ,"3,8",2021-02-08,39.21
New Jersey,NJ,"3,8",2021-02-15,36.52
New Jersey,NJ,"3,8",2021-02-22,34.86
New Jersey,NJ,"3,8",2021-03-01,37.61
New Jersey,NJ,"3,8",2021-03-08,36.06
New Jersey,NJ,"3,8",2021-03-15,41.7
New Jersey,NJ,"3,8",2021-03-22,45.34
New Jersey,NJ,"3,8",2021-03-29,50.24
New Jersey,NJ,"3,8",2021-04-05,47.86
New Jersey,NJ,"3,8",2021-04-12,41.72
New Jersey,NJ,"3,8",2021-04-19,40.32
New Jersey,NJ,"3,8",2021-04-26,30.62
New Jersey,NJ,"3,8",2021-05-03,19.47
New Jersey,NJ,"3,8",2021-05-10,8.86
New Jersey,NJ,"3,8",2021-05-17,4.92
New Jersey,NJ,"3,8",2021-05-24,4.96
New Jersey,NJ,"3,8",2021-05-31,3.45
New Jersey,NJ,"3,8",2021-06-07,2.86
New Jersey,NJ,"3,8",2021-06-14,2.71
New Jersey,NJ,"3,8",2021-06-21,2.46
New Jersey,NJ,"3,8",2021-06-28,2.66
New Jersey,NJ,"3,8",2021-07-05,2.15
New Jersey,NJ,"3,8",2021-07-12,3.18
New Jersey,NJ,"3,8",2021-07-19,4.76
New Jersey,NJ,"3,8",2021-07-26,8.03
New Jersey,NJ,"3,8",2021-08-02,11.14
New Jersey,NJ,"3,8",2021-08-09,14.35
New Jersey,NJ,"3,8",2021-08-16,19.55
New Jersey,NJ,"3,8",2021-08-23,22.02
New Jersey,NJ,"3,8",2021-08-30,22.37
New Jersey,NJ,"3,8",2021-09-06,23.48
New Jersey,NJ,"3,8",2021-09-13,23.5
New Jersey,NJ,"3,8",2021-09-20,25.41
New Jersey,NJ,"3,8",2021-09-27,21.72
New Jersey,NJ,"3,8",2021-10-04,20.14
New Jersey,NJ,"3,8",2021-10-11,18.74
New Jersey,NJ,"3,8",2021-10-18,15.32
New Jersey,NJ,"3,8",2021-10-25,13.49
New Jersey,NJ,"3,8",2021-11-01,14.96
New Jersey,NJ,"3,8",2021-11-08,13.8
New Jersey,NJ,"3,8",2021-11-15,18.41
New Jersey,NJ,"3,8",2021-11-22,22.1
New Jersey,NJ,"3,8",2021-11-29,25.64
New Jersey,NJ,"3,8",2021-12-06,42.24
New Jersey,NJ,"3,8",2021-12-13,49.87
New Jersey,NJ,"3,8",2021-12-20,74.13
New Jersey,NJ,"3,8",2021-12-27,162.18
New Jersey,NJ,"3,8",2022-01-03,307.5
New Jersey,NJ,"3,8",2022-01-10,356.88
New Jersey,NJ,"3,8",2022-01-17,220.1
New Jersey,NJ,"3,8",2022-01-24,110.91
New Jersey,NJ,"3,8",2022-01-31,63.24
New Jersey,NJ,"3,8",2022-02-07,32.65
New Jersey,NJ,"3,8",2022-02-14,22.73
New Jersey,NJ,"3,8",2022-02-21,20.16
New Jersey,NJ,"3,8",2022-02-28,13.98
New Jersey,NJ,"3,8",2022-03-07,12.74
New Jersey,NJ,"3,8",2022-03-14,10.28
New Jersey,NJ,"3,8",2022-03-21,9.28
New Jersey,NJ,"3,8",2022-03-28,11.55
New Jersey,NJ,"3,8",2022-04-04,13.96
New Jersey,NJ,"3,8",2022-04-11,19.56
New Jersey,NJ,"3,8",2022-04-18,22.79
New Jersey,NJ,"3,8",2022-04-25,24.55
New Jersey,NJ,"3,8",2022-05-02,33.41
New Jersey,NJ,"3,8",2022-05-09,38.73
New Jersey,NJ,"3,8",2022-05-16,55.39
New Jersey,NJ,"3,8",2022-05-23,54.7
New Jersey,NJ,"3,8",2022-05-30,52.5
New Jersey,NJ,"3,8",2022-06-06,40.58
New Jersey,NJ,"3,8",2022-06-13,33.95
New Jersey,NJ,"3,8",2022-06-20,31.02
New Jersey,NJ,"3,8",2022-06-27,32.6
New Jersey,NJ,"3,8",2022-07-04,35.95
New Jersey,NJ,"3,8",2022-07-11,35.75
New Jersey,NJ,"3,8",2022-07-18,40.8
New Jersey,NJ,"3,8",2022-07-25,42.3
New Jersey,NJ,"3,8",2022-08-01,40.04
New Jersey,NJ,"3,8",2022-08-08,35.44
New Jersey,NJ,"3,8",2022-08-15,30.87
New Jersey,NJ,"3,8",2022-08-22,26.2
New Jersey,NJ,"3,8",2022-08-29,27.76
New Jersey,NJ,"3,8",2022-09-05,18.85
New Jersey,NJ,"3,8",2022-09-12,20.31
New Jersey,NJ,"3,8",2022-09-19,24.84
New Jersey,NJ,"3,8",2022-09-26,27.07
New Jersey,NJ,"3,8",2022-10-03,25.16
New Jersey,NJ,"3,8",2022-10-10,21.72
New Jersey,NJ,"3,8",2022-10-17,19.7
New Jersey,NJ,"3,8",2022-10-24,18.87
New Jersey,NJ,"3,8",2022-10-31,22.67
New Jersey,NJ,"3,8",2022-11-07,19.68
New Jersey,NJ,"3,8",2022-11-14,16.96
New Jersey,NJ,"3,8",2022-11-21,18.96
New Jersey,NJ,"3,8",2022-11-28,17.55
New Jersey,NJ,"3,8",2022-12-05,25.95
New Jersey,NJ,"3,8",2022-12-12,28.34
New Jersey,NJ,"3,8",2022-12-19,30.03
New Jersey,NJ,"3,8",2022-12-26,31.96
New Jersey,NJ,"3,8",2023-01-02,29.11
New Jersey,NJ,"3,8",2023-01-09,34.68
New Jersey,NJ,"3,8",2023-01-16,29.87
New Jersey,NJ,"3,8",2023-01-23,21.87
New Jersey,NJ,"3,8",2023-01-30,24.73
New Jersey,NJ,"3,8",2023-02-06,18.8
New Jersey,NJ,"3,8",2023-02-13,18.69
New Jersey,NJ,"3,8",2023-02-20,17.9
New Jersey,NJ,"3,8",2023-02-27,10.25
New Jersey,NJ,"3,8",2023-03-06,8.62
New Jersey,NJ,"3,8",2023-03-13,7.33
New Jersey,NJ,"3,8",2023-03-20,6.84
New Mexico,NM,"5,2",2020-03-16,0.14
New Mexico,NM,"5,2",2020-03-23,0.42
New Mexico,NM,"5,2",2020-03-30,1.36
New Mexico,NM,"5,2",2020-04-06,2.75
New Mexico,NM,"5,2",2020-04-13,4.49
New Mexico,NM,"5,2",2020-04-20,4.26
New Mexico,NM,"5,2",2020-04-27,5.82
New Mexico,NM,"5,2",2020-05-04,8.21
New Mexico,NM,"5,2",2020-05-11,7.08
New Mexico,NM,"5,2",2020-05-18,7
New Mexico,NM,"5,2",2020-05-25,6.34
New Mexico,NM,"5,2",2020-06-01,5.27
New Mexico,NM,"5,2",2020-06-08,8.6
New Mexico,NM,"5,2",2020-06-15,5.33
New Mexico,NM,"5,2",2020-06-22,5.78
New Mexico,NM,"5,2",2020-06-29,8.78
New Mexico,NM,"5,2",2020-07-06,10.39
New Mexico,NM,"5,2",2020-07-13,12.15
New Mexico,NM,"5,2",2020-07-20,13.11
New Mexico,NM,"5,2",2020-07-27,15.58
New Mexico,NM,"5,2",2020-08-03,11.09
New Mexico,NM,"5,2",2020-08-10,8.95
New Mexico,NM,"5,2",2020-08-17,7.19
New Mexico,NM,"5,2",2020-08-24,6.6
New Mexico,NM,"5,2",2020-08-31,6.02
New Mexico,NM,"5,2",2020-09-07,5.4
New Mexico,NM,"5,2",2020-09-14,4.76
New Mexico,NM,"5,2",2020-09-21,5.73
New Mexico,NM,"5,2",2020-09-28,8.87
New Mexico,NM,"5,2",2020-10-05,11.22
New Mexico,NM,"5,2",2020-10-12,18.6
New Mexico,NM,"5,2",2020-10-19,26.84
New Mexico,NM,"5,2",2020-10-26,36
New Mexico,NM,"5,2",2020-11-02,37.59
New Mexico,NM,"5,2",2020-11-09,55.76
New Mexico,NM,"5,2",2020-11-16,62.44
New Mexico,NM,"5,2",2020-11-23,127.36
New Mexico,NM,"5,2",2020-11-30,88.21
New Mexico,NM,"5,2",2020-12-07,87.56
New Mexico,NM,"5,2",2020-12-14,77.34
New Mexico,NM,"5,2",2020-12-21,64.78
New Mexico,NM,"5,2",2020-12-28,53.49
New Mexico,NM,"5,2",2021-01-04,58.97
New Mexico,NM,"5,2",2021-01-11,66.58
New Mexico,NM,"5,2",2021-01-18,48.89
New Mexico,NM,"5,2",2021-01-25,37.02
New Mexico,NM,"5,2",2021-02-01,33.07
New Mexico,NM,"5,2",2021-02-08,22.6
New Mexico,NM,"5,2",2021-02-15,19.72
New Mexico,NM,"5,2",2021-02-22,15.41
New Mexico,NM,"5,2",2021-03-01,15.49
New Mexico,NM,"5,2",2021-03-08,11.88
New Mexico,NM,"5,2",2021-03-15,9.87
New Mexico,NM,"5,2",2021-03-22,9.57
New Mexico,NM,"5,2",2021-03-29,9.11
New Mexico,NM,"5,2",2021-04-05,9.3
New Mexico,NM,"5,2",2021-04-12,9.48
New Mexico,NM,"5,2",2021-04-19,10.16
New Mexico,NM,"5,2",2021-04-26,9.31
New Mexico,NM,"5,2",2021-05-03,10.41
New Mexico,NM,"5,2",2021-05-10,10.42
New Mexico,NM,"5,2",2021-05-17,8.75
New Mexico,NM,"5,2",2021-05-24,7.05
New Mexico,NM,"5,2",2021-05-31,6.49
New Mexico,NM,"5,2",2021-06-07,4.13
New Mexico,NM,"5,2",2021-06-14,3.99
New Mexico,NM,"5,2",2021-06-21,4.7
New Mexico,NM,"5,2",2021-06-28,3.25
New Mexico,NM,"5,2",2021-07-05,2.9
New Mexico,NM,"5,2",2021-07-12,3.99
New Mexico,NM,"5,2",2021-07-19,6.92
New Mexico,NM,"5,2",2021-07-26,10.57
New Mexico,NM,"5,2",2021-08-02,16.17
New Mexico,NM,"5,2",2021-08-09,24.57
New Mexico,NM,"5,2",2021-08-16,35.71
New Mexico,NM,"5,2",2021-08-23,38.52
New Mexico,NM,"5,2",2021-08-30,39.45
New Mexico,NM,"5,2",2021-09-06,40.07
New Mexico,NM,"5,2",2021-09-13,29.92
New Mexico,NM,"5,2",2021-09-20,31.11
New Mexico,NM,"5,2",2021-09-27,30.97
New Mexico,NM,"5,2",2021-10-04,32.72
New Mexico,NM,"5,2",2021-10-11,34.94
New Mexico,NM,"5,2",2021-10-18,31.9
New Mexico,NM,"5,2",2021-10-25,38.02
New Mexico,NM,"5,2",2021-11-01,45.12
New Mexico,NM,"5,2",2021-11-08,56.21
New Mexico,NM,"5,2",2021-11-15,65.96
New Mexico,NM,"5,2",2021-11-22,66.85
New Mexico,NM,"5,2",2021-11-29,51.51
New Mexico,NM,"5,2",2021-12-06,76.11
New Mexico,NM,"5,2",2021-12-13,54.01
New Mexico,NM,"5,2",2021-12-20,52.16
New Mexico,NM,"5,2",2021-12-27,39.3
New Mexico,NM,"5,2",2022-01-03,80.51
New Mexico,NM,"5,2",2022-01-10,142.28
New Mexico,NM,"5,2",2022-01-17,203.2
New Mexico,NM,"5,2",2022-01-24,255.99
New Mexico,NM,"5,2",2022-01-31,187.16
New Mexico,NM,"5,2",2022-02-07,97.3
New Mexico,NM,"5,2",2022-02-14,63.05
New Mexico,NM,"5,2",2022-02-21,35.7
New Mexico,NM,"5,2",2022-02-28,17.52
New Mexico,NM,"5,2",2022-03-07,17.44
New Mexico,NM,"5,2",2022-03-14,10.63
New Mexico,NM,"5,2",2022-03-21,6.78
New Mexico,NM,"5,2",2022-03-28,6.66
New Mexico,NM,"5,2",2022-04-04,6.43
New Mexico,NM,"5,2",2022-04-11,5.4
New Mexico,NM,"5,2",2022-04-18,6.99
New Mexico,NM,"5,2",2022-04-25,7.79
New Mexico,NM,"5,2",2022-05-02,9.71
New Mexico,NM,"5,2",2022-05-09,12.17
New Mexico,NM,"5,2",2022-05-16,17.15
New Mexico,NM,"5,2",2022-05-23,24.6
New Mexico,NM,"5,2",2022-05-30,30.87
New Mexico,NM,"5,2",2022-06-06,33.69
New Mexico,NM,"5,2",2022-06-13,43.74
New Mexico,NM,"5,2",2022-06-20,45.97
New Mexico,NM,"5,2",2022-06-27,44.42
New Mexico,NM,"5,2",2022-07-04,43.73
New Mexico,NM,"5,2",2022-07-11,41.31
New Mexico,NM,"5,2",2022-07-18,45.33
New Mexico,NM,"5,2",2022-07-25,45.77
New Mexico,NM,"5,2",2022-08-01,43.02
New Mexico,NM,"5,2",2022-08-08,36.58
New Mexico,NM,"5,2",2022-08-15,30.9
New Mexico,NM,"5,2",2022-08-22,26.4
New Mexico,NM,"5,2",2022-08-29,24.76
New Mexico,NM,"5,2",2022-09-05,20.04
New Mexico,NM,"5,2",2022-09-12,12.03
New Mexico,NM,"5,2",2022-09-19,9.92
New Mexico,NM,"5,2",2022-09-26,10.52
New Mexico,NM,"5,2",2022-10-03,10.69
New Mexico,NM,"5,2",2022-10-10,11.06
New Mexico,NM,"5,2",2022-10-17,12.43
New Mexico,NM,"5,2",2022-10-24,15.84
New Mexico,NM,"5,2",2022-10-31,20.47
New Mexico,NM,"5,2",2022-11-07,25.51
New Mexico,NM,"5,2",2022-11-14,30.12
New Mexico,NM,"5,2",2022-11-21,33.04
New Mexico,NM,"5,2",2022-11-28,24.25
New Mexico,NM,"5,2",2022-12-05,32.41
New Mexico,NM,"5,2",2022-12-12,25.28
New Mexico,NM,"5,2",2022-12-19,16.58
New Mexico,NM,"5,2",2022-12-26,14.55
New Mexico,NM,"5,2",2023-01-02,13.05
New Mexico,NM,"5,2",2023-01-09,10.79
New Mexico,NM,"5,2",2023-01-16,10.74
New Mexico,NM,"5,2",2023-01-23,6.5
New Mexico,NM,"5,2",2023-01-30,7.12
New Mexico,NM,"5,2",2023-02-06,7.04
New Mexico,NM,"5,2",2023-02-13,6.12
New Mexico,NM,"5,2",2023-02-20,7.23
New Mexico,NM,"5,2",2023-02-27,7.64
New Mexico,NM,"5,2",2023-03-06,8.12
New Mexico,NM,"5,2",2023-03-13,8.32
New Mexico,NM,"5,2",2023-03-20,8.69
New York,NY,"2,8",2020-03-02,0
New York,NY,"2,8",2020-03-09,0.09
New York,NY,"2,8",2020-03-16,0.59
New York,NY,"2,8",2020-03-23,14.65
New York,NY,"2,8",2020-03-30,34.22
New York,NY,"2,8",2020-04-06,48.38
New York,NY,"2,8",2020-04-13,47.43
New York,NY,"2,8",2020-04-20,39.39
New York,NY,"2,8",2020-04-27,33.33
New York,NY,"2,8",2020-05-04,20.1
New York,NY,"2,8",2020-05-11,13.15
New York,NY,"2,8",2020-05-18,10.29
New York,NY,"2,8",2020-05-25,8.33
New York,NY,"2,8",2020-06-01,6.53
New York,NY,"2,8",2020-06-08,5.19
New York,NY,"2,8",2020-06-15,3.77
New York,NY,"2,8",2020-06-22,3.33
New York,NY,"2,8",2020-06-29,3.25
New York,NY,"2,8",2020-07-06,3.42
New York,NY,"2,8",2020-07-13,3.4
New York,NY,"2,8",2020-07-20,3.72
New York,NY,"2,8",2020-07-27,3.69
New York,NY,"2,8",2020-08-03,3.3
New York,NY,"2,8",2020-08-10,3.3
New York,NY,"2,8",2020-08-17,3.37
New York,NY,"2,8",2020-08-24,3.11
New York,NY,"2,8",2020-08-31,3.39
New York,NY,"2,8",2020-09-07,3.87
New York,NY,"2,8",2020-09-14,3.6
New York,NY,"2,8",2020-09-21,4.06
New York,NY,"2,8",2020-09-28,4.4
New York,NY,"2,8",2020-10-05,6.66
New York,NY,"2,8",2020-10-12,7.2
New York,NY,"2,8",2020-10-19,7.32
New York,NY,"2,8",2020-10-26,8.36
New York,NY,"2,8",2020-11-02,10.81
New York,NY,"2,8",2020-11-09,15.29
New York,NY,"2,8",2020-11-16,23.14
New York,NY,"2,8",2020-11-23,28.22
New York,NY,"2,8",2020-11-30,33.68
New York,NY,"2,8",2020-12-07,48.65
New York,NY,"2,8",2020-12-14,52.01
New York,NY,"2,8",2020-12-21,52.17
New York,NY,"2,8",2020-12-28,57.17
New York,NY,"2,8",2021-01-04,71
New York,NY,"2,8",2021-01-11,84.18
New York,NY,"2,8",2021-01-18,77.99
New York,NY,"2,8",2021-01-25,67.34
New York,NY,"2,8",2021-02-01,59.61
New York,NY,"2,8",2021-02-08,44.32
New York,NY,"2,8",2021-02-15,42.01
New York,NY,"2,8",2021-02-22,37.86
New York,NY,"2,8",2021-03-01,38.43
New York,NY,"2,8",2021-03-08,36.56
New York,NY,"2,8",2021-03-15,35.54
New York,NY,"2,8",2021-03-22,28.78
New York,NY,"2,8",2021-03-29,51.57
New York,NY,"2,8",2021-04-05,38.7
New York,NY,"2,8",2021-04-12,36.5
New York,NY,"2,8",2021-04-19,30.47
New York,NY,"2,8",2021-04-26,22.23
New York,NY,"2,8",2021-05-03,16.99
New York,NY,"2,8",2021-05-10,12.33
New York,NY,"2,8",2021-05-17,9.37
New York,NY,"2,8",2021-05-24,6.95
New York,NY,"2,8",2021-05-31,4.51
New York,NY,"2,8",2021-06-07,2.93
New York,NY,"2,8",2021-06-14,2.42
New York,NY,"2,8",2021-06-21,1.79
New York,NY,"2,8",2021-06-28,1.68
New York,NY,"2,8",2021-07-05,1.73
New York,NY,"2,8",2021-07-12,3.1
New York,NY,"2,8",2021-07-19,4.74
New York,NY,"2,8",2021-07-26,8.03
New York,NY,"2,8",2021-08-02,12.22
New York,NY,"2,8",2021-08-09,16.86
New York,NY,"2,8",2021-08-16,23.04
New York,NY,"2,8",2021-08-23,23.22
New York,NY,"2,8",2021-08-30,24.34
New York,NY,"2,8",2021-09-06,24.08
New York,NY,"2,8",2021-09-13,24.42
New York,NY,"2,8",2021-09-20,26.77
New York,NY,"2,8",2021-09-27,25.3
New York,NY,"2,8",2021-10-04,25.01
New York,NY,"2,8",2021-10-11,25.8
New York,NY,"2,8",2021-10-18,22.9
New York,NY,"2,8",2021-10-25,19.66
New York,NY,"2,8",2021-11-01,19.96
New York,NY,"2,8",2021-11-08,21.84
New York,NY,"2,8",2021-11-15,28.37
New York,NY,"2,8",2021-11-22,34.13
New York,NY,"2,8",2021-11-29,31.95
New York,NY,"2,8",2021-12-06,48.13
New York,NY,"2,8",2021-12-13,52.14
New York,NY,"2,8",2021-12-20,86.96
New York,NY,"2,8",2021-12-27,174.75
New York,NY,"2,8",2022-01-03,340.11
New York,NY,"2,8",2022-01-10,379.44
New York,NY,"2,8",2022-01-17,249.41
New York,NY,"2,8",2022-01-24,120.77
New York,NY,"2,8",2022-01-31,66.6
New York,NY,"2,8",2022-02-07,36.72
New York,NY,"2,8",2022-02-14,24.39
New York,NY,"2,8",2022-02-21,15.78
New York,NY,"2,8",2022-02-28,10.47
New York,NY,"2,8",2022-03-07,9.38
New York,NY,"2,8",2022-03-14,8.42
New York,NY,"2,8",2022-03-21,11.32
New York,NY,"2,8",2022-03-28,15
New York,NY,"2,8",2022-04-04,18.32
New York,NY,"2,8",2022-04-11,25
New York,NY,"2,8",2022-04-18,30.37
New York,NY,"2,8",2022-04-25,33.2
New York,NY,"2,8",2022-05-02,38.37
New York,NY,"2,8",2022-05-09,48.63
New York,NY,"2,8",2022-05-16,50.86
New York,NY,"2,8",2022-05-23,49.55
New York,NY,"2,8",2022-05-30,44.75
New York,NY,"2,8",2022-06-06,32.14
New York,NY,"2,8",2022-06-13,29.41
New York,NY,"2,8",2022-06-20,19.06
New York,NY,"2,8",2022-06-27,34.54
New York,NY,"2,8",2022-07-04,23.1
New York,NY,"2,8",2022-07-11,41.84
New York,NY,"2,8",2022-07-18,39.64
New York,NY,"2,8",2022-07-25,37.66
New York,NY,"2,8",2022-08-01,34.83
New York,NY,"2,8",2022-08-08,31.62
New York,NY,"2,8",2022-08-15,26.62
New York,NY,"2,8",2022-08-22,27.12
New York,NY,"2,8",2022-08-29,23.04
New York,NY,"2,8",2022-09-05,16.54
New York,NY,"2,8",2022-09-12,23.97
New York,NY,"2,8",2022-09-19,23.52
New York,NY,"2,8",2022-09-26,25.29
New York,NY,"2,8",2022-10-03,23.37
New York,NY,"2,8",2022-10-10,17.22
New York,NY,"2,8",2022-10-17,26.38
New York,NY,"2,8",2022-10-24,21.02
New York,NY,"2,8",2022-10-31,22.85
New York,NY,"2,8",2022-11-07,23.18
New York,NY,"2,8",2022-11-14,21.81
New York,NY,"2,8",2022-11-21,21.48
New York,NY,"2,8",2022-11-28,18.93
New York,NY,"2,8",2022-12-05,34.62
New York,NY,"2,8",2022-12-12,32.92
New York,NY,"2,8",2022-12-19,33.68
New York,NY,"2,8",2022-12-26,25.19
New York,NY,"2,8",2023-01-02,28.06
New York,NY,"2,8",2023-01-09,37.04
New York,NY,"2,8",2023-01-16,17.98
New York,NY,"2,8",2023-01-23,26.64
New York,NY,"2,8",2023-01-30,18.6
New York,NY,"2,8",2023-02-06,16
New York,NY,"2,8",2023-02-13,13.13
New York,NY,"2,8",2023-02-20,10.48
New York,NY,"2,8",2023-02-27,12.02
New York,NY,"2,8",2023-03-06,8.04
New York,NY,"2,8",2023-03-13,6.56
New York,NY,"2,8",2023-03-20,4.95
North Carolina,NC,"5,6",2020-03-09,0.01
North Carolina,NC,"5,6",2020-03-16,0.04
North Carolina,NC,"5,6",2020-03-23,0.37
North Carolina,NC,"5,6",2020-03-30,1.36
North Carolina,NC,"5,6",2020-04-06,2.13
North Carolina,NC,"5,6",2020-04-13,2.61
North Carolina,NC,"5,6",2020-04-20,2.69
North Carolina,NC,"5,6",2020-04-27,3.09
North Carolina,NC,"5,6",2020-05-04,3.86
North Carolina,NC,"5,6",2020-05-11,4.36
North Carolina,NC,"5,6",2020-05-18,5.52
North Carolina,NC,"5,6",2020-05-25,6.64
North Carolina,NC,"5,6",2020-06-01,7.32
North Carolina,NC,"5,6",2020-06-08,9.82
North Carolina,NC,"5,6",2020-06-15,11.82
North Carolina,NC,"5,6",2020-06-22,11.69
North Carolina,NC,"5,6",2020-06-29,13.42
North Carolina,NC,"5,6",2020-07-06,15.31
North Carolina,NC,"5,6",2020-07-13,17.33
North Carolina,NC,"5,6",2020-07-20,18.42
North Carolina,NC,"5,6",2020-07-27,18.3
North Carolina,NC,"5,6",2020-08-03,16.53
North Carolina,NC,"5,6",2020-08-10,13.97
North Carolina,NC,"5,6",2020-08-17,12.17
North Carolina,NC,"5,6",2020-08-24,14.96
North Carolina,NC,"5,6",2020-08-31,15.07
North Carolina,NC,"5,6",2020-09-07,13.92
North Carolina,NC,"5,6",2020-09-14,11.22
North Carolina,NC,"5,6",2020-09-21,11.78
North Carolina,NC,"5,6",2020-09-28,12.39
North Carolina,NC,"5,6",2020-10-05,15.73
North Carolina,NC,"5,6",2020-10-12,17.73
North Carolina,NC,"5,6",2020-10-19,19.74
North Carolina,NC,"5,6",2020-10-26,19.9
North Carolina,NC,"5,6",2020-11-02,22.23
North Carolina,NC,"5,6",2020-11-09,22.65
North Carolina,NC,"5,6",2020-11-16,27.53
North Carolina,NC,"5,6",2020-11-23,33.18
North Carolina,NC,"5,6",2020-11-30,34.46
North Carolina,NC,"5,6",2020-12-07,47.44
North Carolina,NC,"5,6",2020-12-14,57.11
North Carolina,NC,"5,6",2020-12-21,58.29
North Carolina,NC,"5,6",2020-12-28,51.05
North Carolina,NC,"5,6",2021-01-04,68.14
North Carolina,NC,"5,6",2021-01-11,80.81
North Carolina,NC,"5,6",2021-01-18,69.83
North Carolina,NC,"5,6",2021-01-25,67.62
North Carolina,NC,"5,6",2021-02-01,53.4
North Carolina,NC,"5,6",2021-02-08,42.26
North Carolina,NC,"5,6",2021-02-15,35.16
North Carolina,NC,"5,6",2021-02-22,27.78
North Carolina,NC,"5,6",2021-03-01,22.88
North Carolina,NC,"5,6",2021-03-08,17.82
North Carolina,NC,"5,6",2021-03-15,15.03
North Carolina,NC,"5,6",2021-03-22,16.76
North Carolina,NC,"5,6",2021-03-29,17.33
North Carolina,NC,"5,6",2021-04-05,15.88
North Carolina,NC,"5,6",2021-04-12,16.99
North Carolina,NC,"5,6",2021-04-19,19.35
North Carolina,NC,"5,6",2021-04-26,17.17
North Carolina,NC,"5,6",2021-05-03,16.17
North Carolina,NC,"5,6",2021-05-10,13.34
North Carolina,NC,"5,6",2021-05-17,10.72
North Carolina,NC,"5,6",2021-05-24,8.36
North Carolina,NC,"5,6",2021-05-31,6.41
North Carolina,NC,"5,6",2021-06-07,5.68
North Carolina,NC,"5,6",2021-06-14,4.05
North Carolina,NC,"5,6",2021-06-21,2.74
North Carolina,NC,"5,6",2021-06-28,3.4
North Carolina,NC,"5,6",2021-07-05,2.91
North Carolina,NC,"5,6",2021-07-12,5.16
North Carolina,NC,"5,6",2021-07-19,9.12
North Carolina,NC,"5,6",2021-07-26,15.24
North Carolina,NC,"5,6",2021-08-02,25.92
North Carolina,NC,"5,6",2021-08-09,40.79
North Carolina,NC,"5,6",2021-08-16,48.33
North Carolina,NC,"5,6",2021-08-23,53.92
North Carolina,NC,"5,6",2021-08-30,64.98
North Carolina,NC,"5,6",2021-09-06,57.01
North Carolina,NC,"5,6",2021-09-13,69.81
North Carolina,NC,"5,6",2021-09-20,59.05
North Carolina,NC,"5,6",2021-09-27,49.11
North Carolina,NC,"5,6",2021-10-04,39
North Carolina,NC,"5,6",2021-10-11,32.18
North Carolina,NC,"5,6",2021-10-18,26.01
North Carolina,NC,"5,6",2021-10-25,20.94
North Carolina,NC,"5,6",2021-11-01,18.01
North Carolina,NC,"5,6",2021-11-08,14.63
North Carolina,NC,"5,6",2021-11-15,17.61
North Carolina,NC,"5,6",2021-11-22,19.48
North Carolina,NC,"5,6",2021-11-29,16.11
North Carolina,NC,"5,6",2021-12-06,28.57
North Carolina,NC,"5,6",2021-12-13,30.03
North Carolina,NC,"5,6",2021-12-20,33.07
North Carolina,NC,"5,6",2021-12-27,36.21
North Carolina,NC,"5,6",2022-01-03,99.27
North Carolina,NC,"5,6",2022-01-10,209.6
North Carolina,NC,"5,6",2022-01-17,256.32
North Carolina,NC,"5,6",2022-01-24,302.11
North Carolina,NC,"5,6",2022-01-31,183.95
North Carolina,NC,"5,6",2022-02-07,99.8
North Carolina,NC,"5,6",2022-02-14,63.58
North Carolina,NC,"5,6",2022-02-21,39.9
North Carolina,NC,"5,6",2022-02-28,28.31
North Carolina,NC,"5,6",2022-03-07,17.21
North Carolina,NC,"5,6",2022-03-14,12.97
North Carolina,NC,"5,6",2022-03-21,10.46
North Carolina,NC,"5,6",2022-03-28,9.98
North Carolina,NC,"5,6",2022-04-04,7.81
North Carolina,NC,"5,6",2022-04-11,2.23
North Carolina,NC,"5,6",2022-04-18,7.2
North Carolina,NC,"5,6",2022-04-25,11.7
North Carolina,NC,"5,6",2022-05-02,16.19
North Carolina,NC,"5,6",2022-05-09,19.09
North Carolina,NC,"5,6",2022-05-16,24.87
North Carolina,NC,"5,6",2022-05-23,32.85
North Carolina,NC,"5,6",2022-05-30,39.31
North Carolina,NC,"5,6",2022-06-06,24.76
North Carolina,NC,"5,6",2022-06-13,36.04
North Carolina,NC,"5,6",2022-06-20,33.12
North Carolina,NC,"5,6",2022-06-27,18.57
North Carolina,NC,"5,6",2022-07-04,28.48
North Carolina,NC,"5,6",2022-07-11,26.91
North Carolina,NC,"5,6",2022-07-18,35.82
North Carolina,NC,"5,6",2022-07-25,40.6
North Carolina,NC,"5,6",2022-08-01,32.67
North Carolina,NC,"5,6",2022-08-08,45.29
North Carolina,NC,"5,6",2022-08-15,27.06
North Carolina,NC,"5,6",2022-08-22,37.24
North Carolina,NC,"5,6",2022-08-29,32.63
North Carolina,NC,"5,6",2022-09-05,29.83
North Carolina,NC,"5,6",2022-09-12,27.9
North Carolina,NC,"5,6",2022-09-19,28.86
North Carolina,NC,"5,6",2022-09-26,27.63
North Carolina,NC,"5,6",2022-10-03,21.92
North Carolina,NC,"5,6",2022-10-10,16.31
North Carolina,NC,"5,6",2022-10-17,13.65
North Carolina,NC,"5,6",2022-10-24,13.65
North Carolina,NC,"5,6",2022-10-31,11.29
North Carolina,NC,"5,6",2022-11-07,11.9
North Carolina,NC,"5,6",2022-11-14,12.76
North Carolina,NC,"5,6",2022-11-21,9.26
North Carolina,NC,"5,6",2022-11-28,8.4
North Carolina,NC,"5,6",2022-12-05,9.32
North Carolina,NC,"5,6",2022-12-12,15.81
North Carolina,NC,"5,6",2022-12-19,17.97
North Carolina,NC,"5,6",2022-12-26,22.71
North Carolina,NC,"5,6",2023-01-02,22.71
North Carolina,NC,"5,6",2023-01-09,29.27
North Carolina,NC,"5,6",2023-01-16,30.82
North Carolina,NC,"5,6",2023-01-23,21.44
North Carolina,NC,"5,6",2023-01-30,19.59
North Carolina,NC,"5,6",2023-02-06,18.04
North Carolina,NC,"5,6",2023-02-13,16.99
North Carolina,NC,"5,6",2023-02-20,15.96
North Carolina,NC,"5,6",2023-02-27,13.11
North Carolina,NC,"5,6",2023-03-06,10.39
North Carolina,NC,"5,6",2023-03-13,7.38
North Carolina,NC,"5,6",2023-03-20,6.37
North Dakota,ND,"2,3",2020-03-16,0.02
North Dakota,ND,"2,3",2020-03-23,0.34
North Dakota,ND,"2,3",2020-03-30,1.44
North Dakota,ND,"2,3",2020-04-06,2.17
North Dakota,ND,"2,3",2020-04-13,1.99
North Dakota,ND,"2,3",2020-04-20,5.55
North Dakota,ND,"2,3",2020-04-27,5.91
North Dakota,ND,"2,3",2020-05-04,5.31
North Dakota,ND,"2,3",2020-05-11,5.49
North Dakota,ND,"2,3",2020-05-18,7.74
North Dakota,ND,"2,3",2020-05-25,9.86
North Dakota,ND,"2,3",2020-06-01,4.59
North Dakota,ND,"2,3",2020-06-08,4.78
North Dakota,ND,"2,3",2020-06-15,4.14
North Dakota,ND,"2,3",2020-06-22,4.03
North Dakota,ND,"2,3",2020-06-29,4.63
North Dakota,ND,"2,3",2020-07-06,5.81
North Dakota,ND,"2,3",2020-07-13,11.02
North Dakota,ND,"2,3",2020-07-20,12.82
North Dakota,ND,"2,3",2020-07-27,16.12
North Dakota,ND,"2,3",2020-08-03,14.98
North Dakota,ND,"2,3",2020-08-10,17.4
North Dakota,ND,"2,3",2020-08-17,17.51
North Dakota,ND,"2,3",2020-08-24,25.36
North Dakota,ND,"2,3",2020-08-31,34.04
North Dakota,ND,"2,3",2020-09-07,37.21
North Dakota,ND,"2,3",2020-09-14,38.04
North Dakota,ND,"2,3",2020-09-21,45.23
North Dakota,ND,"2,3",2020-09-28,51.35
North Dakota,ND,"2,3",2020-10-05,53.97
North Dakota,ND,"2,3",2020-10-12,72.68
North Dakota,ND,"2,3",2020-10-19,91.86
North Dakota,ND,"2,3",2020-10-26,105.05
North Dakota,ND,"2,3",2020-11-02,145.73
North Dakota,ND,"2,3",2020-11-09,177.02
North Dakota,ND,"2,3",2020-11-16,176.74
North Dakota,ND,"2,3",2020-11-23,159.57
North Dakota,ND,"2,3",2020-11-30,109.76
North Dakota,ND,"2,3",2020-12-07,76.67
North Dakota,ND,"2,3",2020-12-14,51.48
North Dakota,ND,"2,3",2020-12-21,38.5
North Dakota,ND,"2,3",2020-12-28,26.96
North Dakota,ND,"2,3",2021-01-04,31.53
North Dakota,ND,"2,3",2021-01-11,29.83
North Dakota,ND,"2,3",2021-01-18,20.96
North Dakota,ND,"2,3",2021-01-25,17.68
North Dakota,ND,"2,3",2021-02-01,15.17
North Dakota,ND,"2,3",2021-02-08,9.41
North Dakota,ND,"2,3",2021-02-15,9.34
North Dakota,ND,"2,3",2021-02-22,12.54
North Dakota,ND,"2,3",2021-03-01,10.12
North Dakota,ND,"2,3",2021-03-08,10.63
North Dakota,ND,"2,3",2021-03-15,10.93
North Dakota,ND,"2,3",2021-03-22,13.12
North Dakota,ND,"2,3",2021-03-29,17.6
North Dakota,ND,"2,3",2021-04-05,20.13
North Dakota,ND,"2,3",2021-04-12,20.51
North Dakota,ND,"2,3",2021-04-19,18.69
North Dakota,ND,"2,3",2021-04-26,18.82
North Dakota,ND,"2,3",2021-05-03,17.88
North Dakota,ND,"2,3",2021-05-10,14.28
North Dakota,ND,"2,3",2021-05-17,11.42
North Dakota,ND,"2,3",2021-05-24,9.34
North Dakota,ND,"2,3",2021-05-31,5.85
North Dakota,ND,"2,3",2021-06-07,5.08
North Dakota,ND,"2,3",2021-06-14,4.22
North Dakota,ND,"2,3",2021-06-21,2.46
North Dakota,ND,"2,3",2021-06-28,1.78
North Dakota,ND,"2,3",2021-07-05,1.48
North Dakota,ND,"2,3",2021-07-12,2.12
North Dakota,ND,"2,3",2021-07-19,3.02
North Dakota,ND,"2,3",2021-07-26,4.61
North Dakota,ND,"2,3",2021-08-02,8.14
North Dakota,ND,"2,3",2021-08-09,12.43
North Dakota,ND,"2,3",2021-08-16,19.53
North Dakota,ND,"2,3",2021-08-23,28.33
North Dakota,ND,"2,3",2021-08-30,38.67
North Dakota,ND,"2,3",2021-09-06,50.9
North Dakota,ND,"2,3",2021-09-13,57.06
North Dakota,ND,"2,3",2021-09-20,61.52
North Dakota,ND,"2,3",2021-09-27,68.87
North Dakota,ND,"2,3",2021-10-04,81.96
North Dakota,ND,"2,3",2021-10-11,77.22
North Dakota,ND,"2,3",2021-10-18,65.65
North Dakota,ND,"2,3",2021-10-25,62.26
North Dakota,ND,"2,3",2021-11-01,66.53
North Dakota,ND,"2,3",2021-11-08,64.66
North Dakota,ND,"2,3",2021-11-15,62.61
North Dakota,ND,"2,3",2021-11-22,63.14
North Dakota,ND,"2,3",2021-11-29,51.5
North Dakota,ND,"2,3",2021-12-06,62.97
North Dakota,ND,"2,3",2021-12-13,46.15
North Dakota,ND,"2,3",2021-12-20,42.67
North Dakota,ND,"2,3",2021-12-27,37.53
North Dakota,ND,"2,3",2022-01-03,66.64
North Dakota,ND,"2,3",2022-01-10,148.34
North Dakota,ND,"2,3",2022-01-17,249.06
North Dakota,ND,"2,3",2022-01-24,290.51
North Dakota,ND,"2,3",2022-01-31,207.99
North Dakota,ND,"2,3",2022-02-07,133.12
North Dakota,ND,"2,3",2022-02-14,77.42
North Dakota,ND,"2,3",2022-02-21,36.69
North Dakota,ND,"2,3",2022-02-28,20.58
North Dakota,ND,"2,3",2022-03-07,13.7
North Dakota,ND,"2,3",2022-03-14,8.36
North Dakota,ND,"2,3",2022-03-21,5.94
North Dakota,ND,"2,3",2022-03-28,4.37
North Dakota,ND,"2,3",2022-04-04,3.52
North Dakota,ND,"2,3",2022-04-11,4.63
North Dakota,ND,"2,3",2022-04-18,5.12
North Dakota,ND,"2,3",2022-04-25,6.19
North Dakota,ND,"2,3",2022-05-02,7.76
North Dakota,ND,"2,3",2022-05-09,11.47
North Dakota,ND,"2,3",2022-05-16,13.55
North Dakota,ND,"2,3",2022-05-23,16.55
North Dakota,ND,"2,3",2022-05-30,17.49
North Dakota,ND,"2,3",2022-06-06,22.46
North Dakota,ND,"2,3",2022-06-13,20.02
North Dakota,ND,"2,3",2022-06-20,23.47
North Dakota,ND,"2,3",2022-06-27,21.84
North Dakota,ND,"2,3",2022-07-04,25.46
North Dakota,ND,"2,3",2022-07-11,29.19
North Dakota,ND,"2,3",2022-07-18,33.76
North Dakota,ND,"2,3",2022-07-25,33.72
North Dakota,ND,"2,3",2022-08-01,34.77
North Dakota,ND,"2,3",2022-08-08,36.35
North Dakota,ND,"2,3",2022-08-15,33.27
North Dakota,ND,"2,3",2022-08-22,28.29
North Dakota,ND,"2,3",2022-08-29,20.68
North Dakota,ND,"2,3",2022-09-05,26.09
North Dakota,ND,"2,3",2022-09-12,18.05
North Dakota,ND,"2,3",2022-09-19,19.01
North Dakota,ND,"2,3",2022-09-26,19.12
North Dakota,ND,"2,3",2022-10-03,18.73
North Dakota,ND,"2,3",2022-10-10,18.41
North Dakota,ND,"2,3",2022-10-17,14.94
North Dakota,ND,"2,3",2022-10-24,15.52
North Dakota,ND,"2,3",2022-10-31,16.85
North Dakota,ND,"2,3",2022-11-07,18.13
North Dakota,ND,"2,3",2022-11-14,17.28
North Dakota,ND,"2,3",2022-11-21,15.17
North Dakota,ND,"2,3",2022-11-28,14.32
North Dakota,ND,"2,3",2022-12-05,20.47
North Dakota,ND,"2,3",2022-12-12,19.36
North Dakota,ND,"2,3",2022-12-19,17.45
North Dakota,ND,"2,3",2022-12-26,13.37
North Dakota,ND,"2,3",2023-01-02,10.12
North Dakota,ND,"2,3",2023-01-09,9.54
North Dakota,ND,"2,3",2023-01-16,11.47
North Dakota,ND,"2,3",2023-01-23,8.74
North Dakota,ND,"2,3",2023-01-30,14.43
North Dakota,ND,"2,3",2023-02-06,15.75
North Dakota,ND,"2,3",2023-02-13,15.88
North Dakota,ND,"2,3",2023-02-20,14.12
North Dakota,ND,"2,3",2023-02-27,16.25
North Dakota,ND,"2,3",2023-03-06,13.18
North Dakota,ND,"2,3",2023-03-13,12.07
North Dakota,ND,"2,3",2023-03-20,9.6
Ohio,OH,"3,6",2020-03-09,0
Ohio,OH,"3,6",2020-03-16,0.06
Ohio,OH,"3,6",2020-03-23,0.48
Ohio,OH,"3,6",2020-03-30,1.82
Ohio,OH,"3,6",2020-04-06,3.08
Ohio,OH,"3,6",2020-04-13,3.09
Ohio,OH,"3,6",2020-04-20,7.26
Ohio,OH,"3,6",2020-04-27,4.16
Ohio,OH,"3,6",2020-05-04,5.07
Ohio,OH,"3,6",2020-05-11,5.27
Ohio,OH,"3,6",2020-05-18,4.49
Ohio,OH,"3,6",2020-05-25,4.92
Ohio,OH,"3,6",2020-06-01,4.29
Ohio,OH,"3,6",2020-06-08,3.49
Ohio,OH,"3,6",2020-06-15,3.35
Ohio,OH,"3,6",2020-06-22,4.84
Ohio,OH,"3,6",2020-06-29,6.73
Ohio,OH,"3,6",2020-07-06,8.44
Ohio,OH,"3,6",2020-07-13,10.87
Ohio,OH,"3,6",2020-07-20,11.38
Ohio,OH,"3,6",2020-07-27,11.01
Ohio,OH,"3,6",2020-08-03,10.74
Ohio,OH,"3,6",2020-08-10,9.49
Ohio,OH,"3,6",2020-08-17,8.96
Ohio,OH,"3,6",2020-08-24,8.05
Ohio,OH,"3,6",2020-08-31,9.17
Ohio,OH,"3,6",2020-09-07,10
Ohio,OH,"3,6",2020-09-14,8.74
Ohio,OH,"3,6",2020-09-21,8.17
Ohio,OH,"3,6",2020-09-28,8.11
Ohio,OH,"3,6",2020-10-05,9.98
Ohio,OH,"3,6",2020-10-12,12.48
Ohio,OH,"3,6",2020-10-19,16.43
Ohio,OH,"3,6",2020-10-26,20.3
Ohio,OH,"3,6",2020-11-02,26.49
Ohio,OH,"3,6",2020-11-09,40.41
Ohio,OH,"3,6",2020-11-16,61.58
Ohio,OH,"3,6",2020-11-23,70.81
Ohio,OH,"3,6",2020-11-30,70.59
Ohio,OH,"3,6",2020-12-07,77.28
Ohio,OH,"3,6",2020-12-14,85.38
Ohio,OH,"3,6",2020-12-21,71.8
Ohio,OH,"3,6",2020-12-28,55.84
Ohio,OH,"3,6",2021-01-04,64.01
Ohio,OH,"3,6",2021-01-11,70.31
Ohio,OH,"3,6",2021-01-18,56.35
Ohio,OH,"3,6",2021-01-25,45.94
Ohio,OH,"3,6",2021-02-01,37.18
Ohio,OH,"3,6",2021-02-08,28.19
Ohio,OH,"3,6",2021-02-15,23.37
Ohio,OH,"3,6",2021-02-22,17.25
Ohio,OH,"3,6",2021-03-01,16.49
Ohio,OH,"3,6",2021-03-08,13.26
Ohio,OH,"3,6",2021-03-15,12.97
Ohio,OH,"3,6",2021-03-22,13.27
Ohio,OH,"3,6",2021-03-29,14.57
Ohio,OH,"3,6",2021-04-05,16.88
Ohio,OH,"3,6",2021-04-12,17.67
Ohio,OH,"3,6",2021-04-19,16.4
Ohio,OH,"3,6",2021-04-26,13.32
Ohio,OH,"3,6",2021-05-03,12.58
Ohio,OH,"3,6",2021-05-10,10.17
Ohio,OH,"3,6",2021-05-17,8.92
Ohio,OH,"3,6",2021-05-24,7.63
Ohio,OH,"3,6",2021-05-31,5.66
Ohio,OH,"3,6",2021-06-07,3.17
Ohio,OH,"3,6",2021-06-14,2.84
Ohio,OH,"3,6",2021-06-21,2.2
Ohio,OH,"3,6",2021-06-28,2.23
Ohio,OH,"3,6",2021-07-05,2.02
Ohio,OH,"3,6",2021-07-12,2.43
Ohio,OH,"3,6",2021-07-19,4.01
Ohio,OH,"3,6",2021-07-26,5.96
Ohio,OH,"3,6",2021-08-02,10.24
Ohio,OH,"3,6",2021-08-09,15.36
Ohio,OH,"3,6",2021-08-16,21.97
Ohio,OH,"3,6",2021-08-23,27.12
Ohio,OH,"3,6",2021-08-30,38.16
Ohio,OH,"3,6",2021-09-06,51.52
Ohio,OH,"3,6",2021-09-13,57.5
Ohio,OH,"3,6",2021-09-20,58.55
Ohio,OH,"3,6",2021-09-27,50.83
Ohio,OH,"3,6",2021-10-04,49.2
Ohio,OH,"3,6",2021-10-11,44.38
Ohio,OH,"3,6",2021-10-18,35.71
Ohio,OH,"3,6",2021-10-25,30.17
Ohio,OH,"3,6",2021-11-01,28.87
Ohio,OH,"3,6",2021-11-08,33.65
Ohio,OH,"3,6",2021-11-15,40.45
Ohio,OH,"3,6",2021-11-22,47.45
Ohio,OH,"3,6",2021-11-29,44.28
Ohio,OH,"3,6",2021-12-06,64.1
Ohio,OH,"3,6",2021-12-13,62.46
Ohio,OH,"3,6",2021-12-20,81.23
Ohio,OH,"3,6",2021-12-27,103.61
Ohio,OH,"3,6",2022-01-03,162.13
Ohio,OH,"3,6",2022-01-10,164.51
Ohio,OH,"3,6",2022-01-17,240
Ohio,OH,"3,6",2022-01-24,137.25
Ohio,OH,"3,6",2022-01-31,78.77
Ohio,OH,"3,6",2022-02-07,39.49
Ohio,OH,"3,6",2022-02-14,25.58
Ohio,OH,"3,6",2022-02-21,14.7
Ohio,OH,"3,6",2022-02-28,10.1
Ohio,OH,"3,6",2022-03-07,7.32
Ohio,OH,"3,6",2022-03-14,5.3
Ohio,OH,"3,6",2022-03-21,4.41
Ohio,OH,"3,6",2022-03-28,4.48
Ohio,OH,"3,6",2022-04-04,3.79
Ohio,OH,"3,6",2022-04-11,4.68
Ohio,OH,"3,6",2022-04-18,5.88
Ohio,OH,"3,6",2022-04-25,8.42
Ohio,OH,"3,6",2022-05-02,10.67
Ohio,OH,"3,6",2022-05-09,13.46
Ohio,OH,"3,6",2022-05-16,19.52
Ohio,OH,"3,6",2022-05-23,23.88
Ohio,OH,"3,6",2022-05-30,23.89
Ohio,OH,"3,6",2022-06-06,21.42
Ohio,OH,"3,6",2022-06-13,22.3
Ohio,OH,"3,6",2022-06-20,19.76
Ohio,OH,"3,6",2022-06-27,19.75
Ohio,OH,"3,6",2022-07-04,21.05
Ohio,OH,"3,6",2022-07-11,23.02
Ohio,OH,"3,6",2022-07-18,29.9
Ohio,OH,"3,6",2022-07-25,32.52
Ohio,OH,"3,6",2022-08-01,36.51
Ohio,OH,"3,6",2022-08-08,33.96
Ohio,OH,"3,6",2022-08-15,31.8
Ohio,OH,"3,6",2022-08-22,29.41
Ohio,OH,"3,6",2022-08-29,28.64
Ohio,OH,"3,6",2022-09-05,30.9
Ohio,OH,"3,6",2022-09-12,26.56
Ohio,OH,"3,6",2022-09-19,25.12
Ohio,OH,"3,6",2022-09-26,17.77
Ohio,OH,"3,6",2022-10-03,14.79
Ohio,OH,"3,6",2022-10-10,12.22
Ohio,OH,"3,6",2022-10-17,10.43
Ohio,OH,"3,6",2022-10-24,13.56
Ohio,OH,"3,6",2022-10-31,14.25
Ohio,OH,"3,6",2022-11-07,14.99
Ohio,OH,"3,6",2022-11-14,13.28
Ohio,OH,"3,6",2022-11-21,12.43
Ohio,OH,"3,6",2022-11-28,12.89
Ohio,OH,"3,6",2022-12-05,17.21
Ohio,OH,"3,6",2022-12-12,19.63
Ohio,OH,"3,6",2022-12-19,20.43
Ohio,OH,"3,6",2022-12-26,21.87
Ohio,OH,"3,6",2023-01-02,15.95
Ohio,OH,"3,6",2023-01-09,16.98
Ohio,OH,"3,6",2023-01-16,12.45
Ohio,OH,"3,6",2023-01-23,9.73
Ohio,OH,"3,6",2023-01-30,9.97
Ohio,OH,"3,6",2023-02-06,10.09
Ohio,OH,"3,6",2023-02-13,10.8
Ohio,OH,"3,6",2023-02-20,11
Ohio,OH,"3,6",2023-02-27,11.17
Ohio,OH,"3,6",2023-03-06,11.4
Ohio,OH,"3,6",2023-03-13,10.18
Ohio,OH,"3,6",2023-03-20,9.27
Oklahoma,OK,"6,3",2020-03-09,0
Oklahoma,OK,"6,3",2020-03-16,0.02
Oklahoma,OK,"6,3",2020-03-23,0.26
Oklahoma,OK,"6,3",2020-03-30,1.44
Oklahoma,OK,"6,3",2020-04-06,3.05
Oklahoma,OK,"6,3",2020-04-13,2.68
Oklahoma,OK,"6,3",2020-04-20,2.21
Oklahoma,OK,"6,3",2020-04-27,2.17
Oklahoma,OK,"6,3",2020-05-04,2.76
Oklahoma,OK,"6,3",2020-05-11,2.05
Oklahoma,OK,"6,3",2020-05-18,2.83
Oklahoma,OK,"6,3",2020-05-25,2.5
Oklahoma,OK,"6,3",2020-06-01,1.74
Oklahoma,OK,"6,3",2020-06-08,2.29
Oklahoma,OK,"6,3",2020-06-15,4.37
Oklahoma,OK,"6,3",2020-06-22,8.36
Oklahoma,OK,"6,3",2020-06-29,8.81
Oklahoma,OK,"6,3",2020-07-06,11.52
Oklahoma,OK,"6,3",2020-07-13,15.82
Oklahoma,OK,"6,3",2020-07-20,16.92
Oklahoma,OK,"6,3",2020-07-27,25.62
Oklahoma,OK,"6,3",2020-08-03,21.87
Oklahoma,OK,"6,3",2020-08-10,19.41
Oklahoma,OK,"6,3",2020-08-17,17.15
Oklahoma,OK,"6,3",2020-08-24,17.37
Oklahoma,OK,"6,3",2020-08-31,18.81
Oklahoma,OK,"6,3",2020-09-07,19.81
Oklahoma,OK,"6,3",2020-09-14,21.67
Oklahoma,OK,"6,3",2020-09-21,27.74
Oklahoma,OK,"6,3",2020-09-28,26.3
Oklahoma,OK,"6,3",2020-10-05,24.51
Oklahoma,OK,"6,3",2020-10-12,29.61
Oklahoma,OK,"6,3",2020-10-19,28.48
Oklahoma,OK,"6,3",2020-10-26,33.67
Oklahoma,OK,"6,3",2020-11-02,28.15
Oklahoma,OK,"6,3",2020-11-09,47.87
Oklahoma,OK,"6,3",2020-11-16,66.44
Oklahoma,OK,"6,3",2020-11-23,75.88
Oklahoma,OK,"6,3",2020-11-30,71.74
Oklahoma,OK,"6,3",2020-12-07,74.53
Oklahoma,OK,"6,3",2020-12-14,77.18
Oklahoma,OK,"6,3",2020-12-21,85.44
Oklahoma,OK,"6,3",2020-12-28,69.15
Oklahoma,OK,"6,3",2021-01-04,87.31
Oklahoma,OK,"6,3",2021-01-11,102.81
Oklahoma,OK,"6,3",2021-01-18,77.87
Oklahoma,OK,"6,3",2021-01-25,65.12
Oklahoma,OK,"6,3",2021-02-01,57.82
Oklahoma,OK,"6,3",2021-02-08,51
Oklahoma,OK,"6,3",2021-02-15,33.5
Oklahoma,OK,"6,3",2021-02-22,20.15
Oklahoma,OK,"6,3",2021-03-01,18.18
Oklahoma,OK,"6,3",2021-03-08,15.43
Oklahoma,OK,"6,3",2021-03-15,13.11
Oklahoma,OK,"6,3",2021-03-22,9.59
Oklahoma,OK,"6,3",2021-03-29,8.68
Oklahoma,OK,"6,3",2021-04-05,7.83
Oklahoma,OK,"6,3",2021-04-12,13.54
Oklahoma,OK,"6,3",2021-04-19,6.78
Oklahoma,OK,"6,3",2021-04-26,5.88
Oklahoma,OK,"6,3",2021-05-03,5.75
Oklahoma,OK,"6,3",2021-05-10,5.21
Oklahoma,OK,"6,3",2021-05-17,3.48
Oklahoma,OK,"6,3",2021-05-24,3.65
Oklahoma,OK,"6,3",2021-05-31,3.19
Oklahoma,OK,"6,3",2021-06-07,2.59
Oklahoma,OK,"6,3",2021-06-14,3.59
Oklahoma,OK,"6,3",2021-06-21,3.98
Oklahoma,OK,"6,3",2021-06-28,5.43
Oklahoma,OK,"6,3",2021-07-05,5.68
Oklahoma,OK,"6,3",2021-07-12,8.62
Oklahoma,OK,"6,3",2021-07-19,17.47
Oklahoma,OK,"6,3",2021-07-26,29.29
Oklahoma,OK,"6,3",2021-08-02,41.11
Oklahoma,OK,"6,3",2021-08-09,50.83
Oklahoma,OK,"6,3",2021-08-16,55.92
Oklahoma,OK,"6,3",2021-08-23,53.41
Oklahoma,OK,"6,3",2021-08-30,70.92
Oklahoma,OK,"6,3",2021-09-06,66.57
Oklahoma,OK,"6,3",2021-09-13,60.25
Oklahoma,OK,"6,3",2021-09-20,48.31
Oklahoma,OK,"6,3",2021-09-27,42.11
Oklahoma,OK,"6,3",2021-10-04,33.64
Oklahoma,OK,"6,3",2021-10-11,31.1
Oklahoma,OK,"6,3",2021-10-18,28.07
Oklahoma,OK,"6,3",2021-10-25,15.44
Oklahoma,OK,"6,3",2021-11-01,20.33
Oklahoma,OK,"6,3",2021-11-08,16.79
Oklahoma,OK,"6,3",2021-11-15,19.89
Oklahoma,OK,"6,3",2021-11-22,20.86
Oklahoma,OK,"6,3",2021-11-29,17.15
Oklahoma,OK,"6,3",2021-12-06,31.47
Oklahoma,OK,"6,3",2021-12-13,32.35
Oklahoma,OK,"6,3",2021-12-20,19.92
Oklahoma,OK,"6,3",2021-12-27,30.16
Oklahoma,OK,"6,3",2022-01-03,69.54
Oklahoma,OK,"6,3",2022-01-10,172.57
Oklahoma,OK,"6,3",2022-01-17,268.94
Oklahoma,OK,"6,3",2022-01-24,270.48
Oklahoma,OK,"6,3",2022-01-31,226.91
Oklahoma,OK,"6,3",2022-02-07,75.34
Oklahoma,OK,"6,3",2022-02-14,40.96
Oklahoma,OK,"6,3",2022-02-21,28.52
Oklahoma,OK,"6,3",2022-02-28,21
Oklahoma,OK,"6,3",2022-03-07,17.99
Oklahoma,OK,"6,3",2022-03-14,11.52
Oklahoma,OK,"6,3",2022-03-21,12.01
Oklahoma,OK,"6,3",2022-03-28,7.14
Oklahoma,OK,"6,3",2022-04-04,6.93
Oklahoma,OK,"6,3",2022-04-11,6.12
Oklahoma,OK,"6,3",2022-04-18,5.76
Oklahoma,OK,"6,3",2022-04-25,6.09
Oklahoma,OK,"6,3",2022-05-02,5.66
Oklahoma,OK,"6,3",2022-05-09,5.97
Oklahoma,OK,"6,3",2022-05-16,8.05
Oklahoma,OK,"6,3",2022-05-23,8.48
Oklahoma,OK,"6,3",2022-05-30,9.49
Oklahoma,OK,"6,3",2022-06-06,12.83
Oklahoma,OK,"6,3",2022-06-13,17.11
Oklahoma,OK,"6,3",2022-06-20,18.1
Oklahoma,OK,"6,3",2022-06-27,25.11
Oklahoma,OK,"6,3",2022-07-04,29.54
Oklahoma,OK,"6,3",2022-07-11,30.92
Oklahoma,OK,"6,3",2022-07-18,36.11
Oklahoma,OK,"6,3",2022-07-25,43.61
Oklahoma,OK,"6,3",2022-08-01,43.59
Oklahoma,OK,"6,3",2022-08-08,45.08
Oklahoma,OK,"6,3",2022-08-15,36.59
Oklahoma,OK,"6,3",2022-08-22,33.07
Oklahoma,OK,"6,3",2022-08-29,37.3
Oklahoma,OK,"6,3",2022-09-05,38.45
Oklahoma,OK,"6,3",2022-09-12,24.46
Oklahoma,OK,"6,3",2022-09-19,22.77
Oklahoma,OK,"6,3",2022-09-26,16.1
Oklahoma,OK,"6,3",2022-10-03,12.3
Oklahoma,OK,"6,3",2022-10-10,9.12
Oklahoma,OK,"6,3",2022-10-17,9.85
Oklahoma,OK,"6,3",2022-10-24,13.95
Oklahoma,OK,"6,3",2022-10-31,7.85
Oklahoma,OK,"6,3",2022-11-07,10.45
Oklahoma,OK,"6,3",2022-11-14,12.09
Oklahoma,OK,"6,3",2022-11-21,11.79
Oklahoma,OK,"6,3",2022-11-28,7.2
Oklahoma,OK,"6,3",2022-12-05,17.41
Oklahoma,OK,"6,3",2022-12-12,22.4
Oklahoma,OK,"6,3",2022-12-19,20.14
Oklahoma,OK,"6,3",2022-12-26,22.89
Oklahoma,OK,"6,3",2023-01-02,21.27
Oklahoma,OK,"6,3",2023-01-09,20.43
Oklahoma,OK,"6,3",2023-01-16,20.35
Oklahoma,OK,"6,3",2023-01-23,16.16
Oklahoma,OK,"6,3",2023-01-30,16.94
Oklahoma,OK,"6,3",2023-02-06,16.01
Oklahoma,OK,"6,3",2023-02-13,12.22
Oklahoma,OK,"6,3",2023-02-20,11.76
Oklahoma,OK,"6,3",2023-02-27,10.47
Oklahoma,OK,"6,3",2023-03-06,10.57
Oklahoma,OK,"6,3",2023-03-13,12.82
Oklahoma,OK,"6,3",2023-03-20,10.34
Oregon,OR,"3,0",2020-03-02,0.01
Oregon,OR,"3,0",2020-03-09,0.04
Oregon,OR,"3,0",2020-03-16,0.1
Oregon,OR,"3,0",2020-03-23,0.49
Oregon,OR,"3,0",2020-03-30,1.41
Oregon,OR,"3,0",2020-04-06,1.78
Oregon,OR,"3,0",2020-04-13,1.53
Oregon,OR,"3,0",2020-04-20,1.26
Oregon,OR,"3,0",2020-04-27,1.35
Oregon,OR,"3,0",2020-05-04,1.37
Oregon,OR,"3,0",2020-05-11,1.78
Oregon,OR,"3,0",2020-05-18,1.36
Oregon,OR,"3,0",2020-05-25,0.89
Oregon,OR,"3,0",2020-06-01,1.2
Oregon,OR,"3,0",2020-06-08,2.11
Oregon,OR,"3,0",2020-06-15,3.06
Oregon,OR,"3,0",2020-06-22,4.35
Oregon,OR,"3,0",2020-06-29,4.72
Oregon,OR,"3,0",2020-07-06,6.45
Oregon,OR,"3,0",2020-07-13,7.11
Oregon,OR,"3,0",2020-07-20,8.12
Oregon,OR,"3,0",2020-07-27,7.5
Oregon,OR,"3,0",2020-08-03,7.7
Oregon,OR,"3,0",2020-08-10,7.09
Oregon,OR,"3,0",2020-08-17,6.68
Oregon,OR,"3,0",2020-08-24,5.8
Oregon,OR,"3,0",2020-08-31,5.25
Oregon,OR,"3,0",2020-09-07,4.97
Oregon,OR,"3,0",2020-09-14,4.39
Oregon,OR,"3,0",2020-09-21,5.12
Oregon,OR,"3,0",2020-09-28,6.76
Oregon,OR,"3,0",2020-10-05,6.98
Oregon,OR,"3,0",2020-10-12,8.18
Oregon,OR,"3,0",2020-10-19,7.88
Oregon,OR,"3,0",2020-10-26,8.99
Oregon,OR,"3,0",2020-11-02,11.94
Oregon,OR,"3,0",2020-11-09,17.53
Oregon,OR,"3,0",2020-11-16,21.99
Oregon,OR,"3,0",2020-11-23,29.43
Oregon,OR,"3,0",2020-11-30,30.89
Oregon,OR,"3,0",2020-12-07,35.05
Oregon,OR,"3,0",2020-12-14,31.29
Oregon,OR,"3,0",2020-12-21,29.93
Oregon,OR,"3,0",2020-12-28,21.76
Oregon,OR,"3,0",2021-01-04,27.67
Oregon,OR,"3,0",2021-01-11,27.55
Oregon,OR,"3,0",2021-01-18,24.54
Oregon,OR,"3,0",2021-01-25,16.04
Oregon,OR,"3,0",2021-02-01,16.21
Oregon,OR,"3,0",2021-02-08,13.7
Oregon,OR,"3,0",2021-02-15,10.31
Oregon,OR,"3,0",2021-02-22,9.06
Oregon,OR,"3,0",2021-03-01,9.26
Oregon,OR,"3,0",2021-03-08,5.89
Oregon,OR,"3,0",2021-03-15,7.66
Oregon,OR,"3,0",2021-03-22,6.53
Oregon,OR,"3,0",2021-03-29,8.32
Oregon,OR,"3,0",2021-04-05,10.04
Oregon,OR,"3,0",2021-04-12,12.59
Oregon,OR,"3,0",2021-04-19,16.06
Oregon,OR,"3,0",2021-04-26,19.42
Oregon,OR,"3,0",2021-05-03,18.66
Oregon,OR,"3,0",2021-05-10,16.64
Oregon,OR,"3,0",2021-05-17,14.11
Oregon,OR,"3,0",2021-05-24,10.3
Oregon,OR,"3,0",2021-05-31,8.52
Oregon,OR,"3,0",2021-06-07,6.27
Oregon,OR,"3,0",2021-06-14,5.9
Oregon,OR,"3,0",2021-06-21,5.76
Oregon,OR,"3,0",2021-06-28,4.93
Oregon,OR,"3,0",2021-07-05,4.06
Oregon,OR,"3,0",2021-07-12,4.06
Oregon,OR,"3,0",2021-07-19,6.64
Oregon,OR,"3,0",2021-07-26,10.49
Oregon,OR,"3,0",2021-08-02,18.26
Oregon,OR,"3,0",2021-08-09,28.13
Oregon,OR,"3,0",2021-08-16,43.15
Oregon,OR,"3,0",2021-08-23,50.13
Oregon,OR,"3,0",2021-08-30,55.05
Oregon,OR,"3,0",2021-09-06,52.4
Oregon,OR,"3,0",2021-09-13,41.8
Oregon,OR,"3,0",2021-09-20,39.48
Oregon,OR,"3,0",2021-09-27,38.65
Oregon,OR,"3,0",2021-10-04,35.23
Oregon,OR,"3,0",2021-10-11,30.56
Oregon,OR,"3,0",2021-10-18,27.21
Oregon,OR,"3,0",2021-10-25,26.1
Oregon,OR,"3,0",2021-11-01,26.68
Oregon,OR,"3,0",2021-11-08,22.5
Oregon,OR,"3,0",2021-11-15,19.77
Oregon,OR,"3,0",2021-11-22,19.3
Oregon,OR,"3,0",2021-11-29,14.48
Oregon,OR,"3,0",2021-12-06,21.8
Oregon,OR,"3,0",2021-12-13,17.15
Oregon,OR,"3,0",2021-12-20,18.93
Oregon,OR,"3,0",2021-12-27,23.67
Oregon,OR,"3,0",2022-01-03,56.87
Oregon,OR,"3,0",2022-01-10,160.11
Oregon,OR,"3,0",2022-01-17,181.85
Oregon,OR,"3,0",2022-01-24,182.28
Oregon,OR,"3,0",2022-01-31,147.7
Oregon,OR,"3,0",2022-02-07,96.1
Oregon,OR,"3,0",2022-02-14,57.55
Oregon,OR,"3,0",2022-02-21,38.79
Oregon,OR,"3,0",2022-02-28,18.91
Oregon,OR,"3,0",2022-03-07,13.03
Oregon,OR,"3,0",2022-03-14,7.4
Oregon,OR,"3,0",2022-03-21,5.99
Oregon,OR,"3,0",2022-03-28,4.75
Oregon,OR,"3,0",2022-04-04,6.73
Oregon,OR,"3,0",2022-04-11,8.1
Oregon,OR,"3,0",2022-04-18,12.15
Oregon,OR,"3,0",2022-04-25,18
Oregon,OR,"3,0",2022-05-02,23.45
Oregon,OR,"3,0",2022-05-09,30.64
Oregon,OR,"3,0",2022-05-16,31.83
Oregon,OR,"3,0",2022-05-23,39.95
Oregon,OR,"3,0",2022-05-30,37.54
Oregon,OR,"3,0",2022-06-06,32.3
Oregon,OR,"3,0",2022-06-13,35.92
Oregon,OR,"3,0",2022-06-20,34.39
Oregon,OR,"3,0",2022-06-27,34.85
Oregon,OR,"3,0",2022-07-04,36.9
Oregon,OR,"3,0",2022-07-11,32.12
Oregon,OR,"3,0",2022-07-18,33.03
Oregon,OR,"3,0",2022-07-25,30.41
Oregon,OR,"3,0",2022-08-01,25.81
Oregon,OR,"3,0",2022-08-08,26.36
Oregon,OR,"3,0",2022-08-15,20.42
Oregon,OR,"3,0",2022-08-22,18.71
Oregon,OR,"3,0",2022-08-29,15.28
Oregon,OR,"3,0",2022-09-05,14.33
Oregon,OR,"3,0",2022-09-12,11.63
Oregon,OR,"3,0",2022-09-19,13.44
Oregon,OR,"3,0",2022-09-26,15.39
Oregon,OR,"3,0",2022-10-03,14.46
Oregon,OR,"3,0",2022-10-10,14.35
Oregon,OR,"3,0",2022-10-17,11.2
Oregon,OR,"3,0",2022-10-24,12.07
Oregon,OR,"3,0",2022-10-31,7.81
Oregon,OR,"3,0",2022-11-07,8.48
Oregon,OR,"3,0",2022-11-14,10.55
Oregon,OR,"3,0",2022-11-21,11.36
Oregon,OR,"3,0",2022-11-28,12.04
Oregon,OR,"3,0",2022-12-05,13.26
Oregon,OR,"3,0",2022-12-12,15.22
Oregon,OR,"3,0",2022-12-19,13.48
Oregon,OR,"3,0",2022-12-26,12.24
Oregon,OR,"3,0",2023-01-02,8.75
Oregon,OR,"3,0",2023-01-09,9.54
Oregon,OR,"3,0",2023-01-16,8.47
Oregon,OR,"3,0",2023-01-23,7.13
Oregon,OR,"3,0",2023-01-30,7.36
Oregon,OR,"3,0",2023-02-06,8.68
Oregon,OR,"3,0",2023-02-13,8.85
Oregon,OR,"3,0",2023-02-20,9.12
Oregon,OR,"3,0",2023-02-27,8.88
Oregon,OR,"3,0",2023-03-06,7.21
Oregon,OR,"3,0",2023-03-13,6.92
Oregon,OR,"3,0",2023-03-20,5.83
Pennsylvania,PA,"3,7",2020-03-09,0.01
Pennsylvania,PA,"3,7",2020-03-16,0.08
Pennsylvania,PA,"3,7",2020-03-23,0.63
Pennsylvania,PA,"3,7",2020-03-30,3.92
Pennsylvania,PA,"3,7",2020-04-06,9.95
Pennsylvania,PA,"3,7",2020-04-13,12.52
Pennsylvania,PA,"3,7",2020-04-20,10.84
Pennsylvania,PA,"3,7",2020-04-27,10.85
Pennsylvania,PA,"3,7",2020-05-04,10.34
Pennsylvania,PA,"3,7",2020-05-11,8.44
Pennsylvania,PA,"3,7",2020-05-18,6.83
Pennsylvania,PA,"3,7",2020-05-25,6.34
Pennsylvania,PA,"3,7",2020-06-01,4.89
Pennsylvania,PA,"3,7",2020-06-08,4.13
Pennsylvania,PA,"3,7",2020-06-15,3.63
Pennsylvania,PA,"3,7",2020-06-22,3.32
Pennsylvania,PA,"3,7",2020-06-29,4.34
Pennsylvania,PA,"3,7",2020-07-06,5.17
Pennsylvania,PA,"3,7",2020-07-13,5.79
Pennsylvania,PA,"3,7",2020-07-20,6.83
Pennsylvania,PA,"3,7",2020-07-27,7.25
Pennsylvania,PA,"3,7",2020-08-03,6.63
Pennsylvania,PA,"3,7",2020-08-10,5.95
Pennsylvania,PA,"3,7",2020-08-17,6.04
Pennsylvania,PA,"3,7",2020-08-24,5.09
Pennsylvania,PA,"3,7",2020-08-31,5.13
Pennsylvania,PA,"3,7",2020-09-07,6.49
Pennsylvania,PA,"3,7",2020-09-14,6.01
Pennsylvania,PA,"3,7",2020-09-21,6.34
Pennsylvania,PA,"3,7",2020-09-28,6.6
Pennsylvania,PA,"3,7",2020-10-05,8.35
Pennsylvania,PA,"3,7",2020-10-12,9.73
Pennsylvania,PA,"3,7",2020-10-19,11.83
Pennsylvania,PA,"3,7",2020-10-26,14.29
Pennsylvania,PA,"3,7",2020-11-02,17.85
Pennsylvania,PA,"3,7",2020-11-09,25.09
Pennsylvania,PA,"3,7",2020-11-16,39.65
Pennsylvania,PA,"3,7",2020-11-23,50.21
Pennsylvania,PA,"3,7",2020-11-30,52.14
Pennsylvania,PA,"3,7",2020-12-07,73.02
Pennsylvania,PA,"3,7",2020-12-14,81.47
Pennsylvania,PA,"3,7",2020-12-21,71.41
Pennsylvania,PA,"3,7",2020-12-28,55.81
Pennsylvania,PA,"3,7",2021-01-04,57.29
Pennsylvania,PA,"3,7",2021-01-11,68.29
Pennsylvania,PA,"3,7",2021-01-18,49.68
Pennsylvania,PA,"3,7",2021-01-25,41.48
Pennsylvania,PA,"3,7",2021-02-01,42.68
Pennsylvania,PA,"3,7",2021-02-08,29.87
Pennsylvania,PA,"3,7",2021-02-15,25.18
Pennsylvania,PA,"3,7",2021-02-22,20.96
Pennsylvania,PA,"3,7",2021-03-01,20.4
Pennsylvania,PA,"3,7",2021-03-08,19
Pennsylvania,PA,"3,7",2021-03-15,19.46
Pennsylvania,PA,"3,7",2021-03-22,23.27
Pennsylvania,PA,"3,7",2021-03-29,30.09
Pennsylvania,PA,"3,7",2021-04-05,33.55
Pennsylvania,PA,"3,7",2021-04-12,33.87
Pennsylvania,PA,"3,7",2021-04-19,37.35
Pennsylvania,PA,"3,7",2021-04-26,29.85
Pennsylvania,PA,"3,7",2021-05-03,24.92
Pennsylvania,PA,"3,7",2021-05-10,17.96
Pennsylvania,PA,"3,7",2021-05-17,13.76
Pennsylvania,PA,"3,7",2021-05-24,10.48
Pennsylvania,PA,"3,7",2021-05-31,6.01
Pennsylvania,PA,"3,7",2021-06-07,4.39
Pennsylvania,PA,"3,7",2021-06-14,2.97
Pennsylvania,PA,"3,7",2021-06-21,1.97
Pennsylvania,PA,"3,7",2021-06-28,1.31
Pennsylvania,PA,"3,7",2021-07-05,1.34
Pennsylvania,PA,"3,7",2021-07-12,1.56
Pennsylvania,PA,"3,7",2021-07-19,2.75
Pennsylvania,PA,"3,7",2021-07-26,4.44
Pennsylvania,PA,"3,7",2021-08-02,7.71
Pennsylvania,PA,"3,7",2021-08-09,11.7
Pennsylvania,PA,"3,7",2021-08-16,15.58
Pennsylvania,PA,"3,7",2021-08-23,19.69
Pennsylvania,PA,"3,7",2021-08-30,25.42
Pennsylvania,PA,"3,7",2021-09-06,27.97
Pennsylvania,PA,"3,7",2021-09-13,31.84
Pennsylvania,PA,"3,7",2021-09-20,35.95
Pennsylvania,PA,"3,7",2021-09-27,35.84
Pennsylvania,PA,"3,7",2021-10-04,38.3
Pennsylvania,PA,"3,7",2021-10-11,36.68
Pennsylvania,PA,"3,7",2021-10-18,34.7
Pennsylvania,PA,"3,7",2021-10-25,30.56
Pennsylvania,PA,"3,7",2021-11-01,29.73
Pennsylvania,PA,"3,7",2021-11-08,31.37
Pennsylvania,PA,"3,7",2021-11-15,38.1
Pennsylvania,PA,"3,7",2021-11-22,48.53
Pennsylvania,PA,"3,7",2021-11-29,43.95
Pennsylvania,PA,"3,7",2021-12-06,57.99
Pennsylvania,PA,"3,7",2021-12-13,66.98
Pennsylvania,PA,"3,7",2021-12-20,57.33
Pennsylvania,PA,"3,7",2021-12-27,79.29
Pennsylvania,PA,"3,7",2022-01-03,151.15
Pennsylvania,PA,"3,7",2022-01-10,216.56
Pennsylvania,PA,"3,7",2022-01-17,200.17
Pennsylvania,PA,"3,7",2022-01-24,119.81
Pennsylvania,PA,"3,7",2022-01-31,88.88
Pennsylvania,PA,"3,7",2022-02-07,51.79
Pennsylvania,PA,"3,7",2022-02-14,34.77
Pennsylvania,PA,"3,7",2022-02-21,21.58
Pennsylvania,PA,"3,7",2022-02-28,12.97
Pennsylvania,PA,"3,7",2022-03-07,7.75
Pennsylvania,PA,"3,7",2022-03-14,6.37
Pennsylvania,PA,"3,7",2022-03-21,5.7
Pennsylvania,PA,"3,7",2022-03-28,4.63
Pennsylvania,PA,"3,7",2022-04-04,4.87
Pennsylvania,PA,"3,7",2022-04-11,6.76
Pennsylvania,PA,"3,7",2022-04-18,10
Pennsylvania,PA,"3,7",2022-04-25,11.76
Pennsylvania,PA,"3,7",2022-05-02,15.5
Pennsylvania,PA,"3,7",2022-05-09,7.41
Pennsylvania,PA,"3,7",2022-05-16,24.86
Pennsylvania,PA,"3,7",2022-05-23,32.44
Pennsylvania,PA,"3,7",2022-05-30,34.44
Pennsylvania,PA,"3,7",2022-06-06,27.33
Pennsylvania,PA,"3,7",2022-06-13,21.7
Pennsylvania,PA,"3,7",2022-06-20,22.63
Pennsylvania,PA,"3,7",2022-06-27,14.11
Pennsylvania,PA,"3,7",2022-07-04,18.45
Pennsylvania,PA,"3,7",2022-07-11,13.33
Pennsylvania,PA,"3,7",2022-07-18,22.19
Pennsylvania,PA,"3,7",2022-07-25,22.91
Pennsylvania,PA,"3,7",2022-08-01,27.56
Pennsylvania,PA,"3,7",2022-08-08,24.75
Pennsylvania,PA,"3,7",2022-08-15,25.12
Pennsylvania,PA,"3,7",2022-08-22,17.2
Pennsylvania,PA,"3,7",2022-08-29,22.5
Pennsylvania,PA,"3,7",2022-09-05,12.49
Pennsylvania,PA,"3,7",2022-09-12,18.6
Pennsylvania,PA,"3,7",2022-09-19,21.53
Pennsylvania,PA,"3,7",2022-09-26,19.54
Pennsylvania,PA,"3,7",2022-10-03,16.21
Pennsylvania,PA,"3,7",2022-10-10,14.23
Pennsylvania,PA,"3,7",2022-10-17,14.7
Pennsylvania,PA,"3,7",2022-10-24,13.72
Pennsylvania,PA,"3,7",2022-10-31,13.78
Pennsylvania,PA,"3,7",2022-11-07,14.62
Pennsylvania,PA,"3,7",2022-11-14,13.42
Pennsylvania,PA,"3,7",2022-11-21,11.15
Pennsylvania,PA,"3,7",2022-11-28,11.25
Pennsylvania,PA,"3,7",2022-12-05,12.34
Pennsylvania,PA,"3,7",2022-12-12,15.48
Pennsylvania,PA,"3,7",2022-12-19,15.56
Pennsylvania,PA,"3,7",2022-12-26,16.17
Pennsylvania,PA,"3,7",2023-01-02,14.39
Pennsylvania,PA,"3,7",2023-01-09,18.33
Pennsylvania,PA,"3,7",2023-01-16,16.26
Pennsylvania,PA,"3,7",2023-01-23,12.52
Pennsylvania,PA,"3,7",2023-01-30,12.1
Pennsylvania,PA,"3,7",2023-02-06,11.46
Pennsylvania,PA,"3,7",2023-02-13,7.73
Pennsylvania,PA,"3,7",2023-02-20,12.17
Pennsylvania,PA,"3,7",2023-02-27,11.63
Pennsylvania,PA,"3,7",2023-03-06,9.41
Pennsylvania,PA,"3,7",2023-03-13,7.86
Pennsylvania,PA,"3,7",2023-03-20,6.79
Rhode Island,RI,"2,9",2020-03-02,0.03
Rhode Island,RI,"2,9",2020-03-09,0.04
Rhode Island,RI,"2,9",2020-03-16,0.17
Rhode Island,RI,"2,9",2020-03-23,1.15
Rhode Island,RI,"2,9",2020-03-30,4.07
Rhode Island,RI,"2,9",2020-04-06,9.09
Rhode Island,RI,"2,9",2020-04-13,25.54
Rhode Island,RI,"2,9",2020-04-20,28.51
Rhode Island,RI,"2,9",2020-04-27,35.3
Rhode Island,RI,"2,9",2020-05-04,26.22
Rhode Island,RI,"2,9",2020-05-11,24.25
Rhode Island,RI,"2,9",2020-05-18,18.14
Rhode Island,RI,"2,9",2020-05-25,18.76
Rhode Island,RI,"2,9",2020-06-01,10.93
Rhode Island,RI,"2,9",2020-06-08,8.78
Rhode Island,RI,"2,9",2020-06-15,6.08
Rhode Island,RI,"2,9",2020-06-22,4.94
Rhode Island,RI,"2,9",2020-06-29,4.11
Rhode Island,RI,"2,9",2020-07-06,4.45
Rhode Island,RI,"2,9",2020-07-13,4.68
Rhode Island,RI,"2,9",2020-07-20,5.62
Rhode Island,RI,"2,9",2020-07-27,8.24
Rhode Island,RI,"2,9",2020-08-03,9.86
Rhode Island,RI,"2,9",2020-08-10,9.28
Rhode Island,RI,"2,9",2020-08-17,8.6
Rhode Island,RI,"2,9",2020-08-24,9.84
Rhode Island,RI,"2,9",2020-08-31,8.72
Rhode Island,RI,"2,9",2020-09-07,7.55
Rhode Island,RI,"2,9",2020-09-14,8.37
Rhode Island,RI,"2,9",2020-09-21,10.82
Rhode Island,RI,"2,9",2020-09-28,9.8
Rhode Island,RI,"2,9",2020-10-05,13.42
Rhode Island,RI,"2,9",2020-10-12,16.42
Rhode Island,RI,"2,9",2020-10-19,19.38
Rhode Island,RI,"2,9",2020-10-26,36.1
Rhode Island,RI,"2,9",2020-11-02,41.75
Rhode Island,RI,"2,9",2020-11-09,52.44
Rhode Island,RI,"2,9",2020-11-16,79.75
Rhode Island,RI,"2,9",2020-11-23,89.68
Rhode Island,RI,"2,9",2020-11-30,82.93
Rhode Island,RI,"2,9",2020-12-07,122.65
Rhode Island,RI,"2,9",2020-12-14,111.29
Rhode Island,RI,"2,9",2020-12-21,83.07
Rhode Island,RI,"2,9",2020-12-28,72.43
Rhode Island,RI,"2,9",2021-01-04,95.83
Rhode Island,RI,"2,9",2021-01-11,106.52
Rhode Island,RI,"2,9",2021-01-18,92.09
Rhode Island,RI,"2,9",2021-01-25,69.01
Rhode Island,RI,"2,9",2021-02-01,56.66
Rhode Island,RI,"2,9",2021-02-08,42.45
Rhode Island,RI,"2,9",2021-02-15,36.18
Rhode Island,RI,"2,9",2021-02-22,29.57
Rhode Island,RI,"2,9",2021-03-01,35.17
Rhode Island,RI,"2,9",2021-03-08,32.27
Rhode Island,RI,"2,9",2021-03-15,33.79
Rhode Island,RI,"2,9",2021-03-22,34.41
Rhode Island,RI,"2,9",2021-03-29,32.09
Rhode Island,RI,"2,9",2021-04-05,37.14
Rhode Island,RI,"2,9",2021-04-12,38.32
Rhode Island,RI,"2,9",2021-04-19,36.52
Rhode Island,RI,"2,9",2021-04-26,26.89
Rhode Island,RI,"2,9",2021-05-03,23.05
Rhode Island,RI,"2,9",2021-05-10,17.25
Rhode Island,RI,"2,9",2021-05-17,11.45
Rhode Island,RI,"2,9",2021-05-24,10.68
Rhode Island,RI,"2,9",2021-05-31,6.54
Rhode Island,RI,"2,9",2021-06-07,3.12
Rhode Island,RI,"2,9",2021-06-14,2.68
Rhode Island,RI,"2,9",2021-06-21,2.1
Rhode Island,RI,"2,9",2021-06-28,1.86
Rhode Island,RI,"2,9",2021-07-05,1.74
Rhode Island,RI,"2,9",2021-07-12,2.05
Rhode Island,RI,"2,9",2021-07-19,3.83
Rhode Island,RI,"2,9",2021-07-26,8.01
Rhode Island,RI,"2,9",2021-08-02,14.74
Rhode Island,RI,"2,9",2021-08-09,20.04
Rhode Island,RI,"2,9",2021-08-16,23.2
Rhode Island,RI,"2,9",2021-08-23,27.59
Rhode Island,RI,"2,9",2021-08-30,26.92
Rhode Island,RI,"2,9",2021-09-06,27.52
Rhode Island,RI,"2,9",2021-09-13,28.97
Rhode Island,RI,"2,9",2021-09-20,34.24
Rhode Island,RI,"2,9",2021-09-27,28.33
Rhode Island,RI,"2,9",2021-10-04,25.7
Rhode Island,RI,"2,9",2021-10-11,24.96
Rhode Island,RI,"2,9",2021-10-18,23.43
Rhode Island,RI,"2,9",2021-10-25,19
Rhode Island,RI,"2,9",2021-11-01,20.25
Rhode Island,RI,"2,9",2021-11-08,25.24
Rhode Island,RI,"2,9",2021-11-15,32.16
Rhode Island,RI,"2,9",2021-11-22,44.65
Rhode Island,RI,"2,9",2021-11-29,46.44
Rhode Island,RI,"2,9",2021-12-06,80.56
Rhode Island,RI,"2,9",2021-12-13,91.15
Rhode Island,RI,"2,9",2021-12-20,121.46
Rhode Island,RI,"2,9",2021-12-27,130.43
Rhode Island,RI,"2,9",2022-01-03,187.01
Rhode Island,RI,"2,9",2022-01-10,418.22
Rhode Island,RI,"2,9",2022-01-17,456.73
Rhode Island,RI,"2,9",2022-01-24,259.74
Rhode Island,RI,"2,9",2022-01-31,145.88
Rhode Island,RI,"2,9",2022-02-07,77.14
Rhode Island,RI,"2,9",2022-02-14,44.43
Rhode Island,RI,"2,9",2022-02-21,24.58
Rhode Island,RI,"2,9",2022-02-28,17.64
Rhode Island,RI,"2,9",2022-03-07,16.33
Rhode Island,RI,"2,9",2022-03-14,14.47
Rhode Island,RI,"2,9",2022-03-21,17
Rhode Island,RI,"2,9",2022-03-28,15.16
Rhode Island,RI,"2,9",2022-04-04,18.96
Rhode Island,RI,"2,9",2022-04-11,29.45
Rhode Island,RI,"2,9",2022-04-18,34.47
Rhode Island,RI,"2,9",2022-04-25,33.63
Rhode Island,RI,"2,9",2022-05-02,48.98
Rhode Island,RI,"2,9",2022-05-09,63.52
Rhode Island,RI,"2,9",2022-05-16,75.96
Rhode Island,RI,"2,9",2022-05-23,72.51
Rhode Island,RI,"2,9",2022-05-30,56.53
Rhode Island,RI,"2,9",2022-06-06,39.03
Rhode Island,RI,"2,9",2022-06-13,31.66
Rhode Island,RI,"2,9",2022-06-20,28.35
Rhode Island,RI,"2,9",2022-06-27,24.65
Rhode Island,RI,"2,9",2022-07-04,26.22
Rhode Island,RI,"2,9",2022-07-11,20.93
Rhode Island,RI,"2,9",2022-07-18,25.53
Rhode Island,RI,"2,9",2022-07-25,25.11
Rhode Island,RI,"2,9",2022-08-01,26.57
Rhode Island,RI,"2,9",2022-08-08,28.02
Rhode Island,RI,"2,9",2022-08-15,14.56
Rhode Island,RI,"2,9",2022-08-22,22.55
Rhode Island,RI,"2,9",2022-08-29,23.02
Rhode Island,RI,"2,9",2022-09-05,26.93
Rhode Island,RI,"2,9",2022-09-12,20.77
Rhode Island,RI,"2,9",2022-09-19,21.09
Rhode Island,RI,"2,9",2022-09-26,24.6
Rhode Island,RI,"2,9",2022-10-03,25.59
Rhode Island,RI,"2,9",2022-10-10,24.02
Rhode Island,RI,"2,9",2022-10-17,22.01
Rhode Island,RI,"2,9",2022-10-24,23.76
Rhode Island,RI,"2,9",2022-10-31,18.96
Rhode Island,RI,"2,9",2022-11-07,17.61
Rhode Island,RI,"2,9",2022-11-14,17.6
Rhode Island,RI,"2,9",2022-11-21,15.17
Rhode Island,RI,"2,9",2022-11-28,16.35
Rhode Island,RI,"2,9",2022-12-05,12.6
Rhode Island,RI,"2,9",2022-12-12,24.29
Rhode Island,RI,"2,9",2022-12-19,25.88
Rhode Island,RI,"2,9",2022-12-26,26.34
Rhode Island,RI,"2,9",2023-01-02,26.34
Rhode Island,RI,"2,9",2023-01-09,30.75
Rhode Island,RI,"2,9",2023-01-16,31.73
Rhode Island,RI,"2,9",2023-01-23,26.94
Rhode Island,RI,"2,9",2023-01-30,22.3
Rhode Island,RI,"2,9",2023-02-06,21.98
Rhode Island,RI,"2,9",2023-02-13,17.81
Rhode Island,RI,"2,9",2023-02-20,14.75
Rhode Island,RI,"2,9",2023-02-27,13.49
Rhode Island,RI,"2,9",2023-03-06,10.64
Rhode Island,RI,"2,9",2023-03-13,8.79
Rhode Island,RI,"2,9",2023-03-20,7.67
South Carolina,SC,"5,7",2020-03-09,0.02
South Carolina,SC,"5,7",2020-03-16,0.07
South Carolina,SC,"5,7",2020-03-23,0.74
South Carolina,SC,"5,7",2020-03-30,1.74
South Carolina,SC,"5,7",2020-04-06,3.63
South Carolina,SC,"5,7",2020-04-13,3.35
South Carolina,SC,"5,7",2020-04-20,2.77
South Carolina,SC,"5,7",2020-04-27,3.26
South Carolina,SC,"5,7",2020-05-04,3.17
South Carolina,SC,"5,7",2020-05-11,2.87
South Carolina,SC,"5,7",2020-05-18,3.19
South Carolina,SC,"5,7",2020-05-25,3.43
South Carolina,SC,"5,7",2020-06-01,5.47
South Carolina,SC,"5,7",2020-06-08,7.36
South Carolina,SC,"5,7",2020-06-15,12.71
South Carolina,SC,"5,7",2020-06-22,17.54
South Carolina,SC,"5,7",2020-06-29,24.81
South Carolina,SC,"5,7",2020-07-06,32.56
South Carolina,SC,"5,7",2020-07-13,32.71
South Carolina,SC,"5,7",2020-07-20,36.84
South Carolina,SC,"5,7",2020-07-27,30.44
South Carolina,SC,"5,7",2020-08-03,29.23
South Carolina,SC,"5,7",2020-08-10,22.77
South Carolina,SC,"5,7",2020-08-17,16.08
South Carolina,SC,"5,7",2020-08-24,15.53
South Carolina,SC,"5,7",2020-08-31,17.87
South Carolina,SC,"5,7",2020-09-07,18.35
South Carolina,SC,"5,7",2020-09-14,19.62
South Carolina,SC,"5,7",2020-09-21,15.11
South Carolina,SC,"5,7",2020-09-28,16.88
South Carolina,SC,"5,7",2020-10-05,15.83
South Carolina,SC,"5,7",2020-10-12,16.36
South Carolina,SC,"5,7",2020-10-19,18.18
South Carolina,SC,"5,7",2020-10-26,19.12
South Carolina,SC,"5,7",2020-11-02,20.58
South Carolina,SC,"5,7",2020-11-09,20.74
South Carolina,SC,"5,7",2020-11-16,28.37
South Carolina,SC,"5,7",2020-11-23,30.34
South Carolina,SC,"5,7",2020-11-30,27.57
South Carolina,SC,"5,7",2020-12-07,47.63
South Carolina,SC,"5,7",2020-12-14,55.84
South Carolina,SC,"5,7",2020-12-21,58.15
South Carolina,SC,"5,7",2020-12-28,61.92
South Carolina,SC,"5,7",2021-01-04,76.09
South Carolina,SC,"5,7",2021-01-11,89.29
South Carolina,SC,"5,7",2021-01-18,93.81
South Carolina,SC,"5,7",2021-01-25,83.11
South Carolina,SC,"5,7",2021-02-01,67.98
South Carolina,SC,"5,7",2021-02-08,62.39
South Carolina,SC,"5,7",2021-02-15,57.2
South Carolina,SC,"5,7",2021-02-22,45.98
South Carolina,SC,"5,7",2021-03-01,34.37
South Carolina,SC,"5,7",2021-03-08,24.25
South Carolina,SC,"5,7",2021-03-15,20.73
South Carolina,SC,"5,7",2021-03-22,22.24
South Carolina,SC,"5,7",2021-03-29,21.82
South Carolina,SC,"5,7",2021-04-05,17.76
South Carolina,SC,"5,7",2021-04-12,19.31
South Carolina,SC,"5,7",2021-04-19,18.33
South Carolina,SC,"5,7",2021-04-26,15.21
South Carolina,SC,"5,7",2021-05-03,14.65
South Carolina,SC,"5,7",2021-05-10,11.48
South Carolina,SC,"5,7",2021-05-17,11.12
South Carolina,SC,"5,7",2021-05-24,6.73
South Carolina,SC,"5,7",2021-05-31,5.26
South Carolina,SC,"5,7",2021-06-07,2.67
South Carolina,SC,"5,7",2021-06-14,2.71
South Carolina,SC,"5,7",2021-06-21,1.52
South Carolina,SC,"5,7",2021-06-28,2.4
South Carolina,SC,"5,7",2021-07-05,3.73
South Carolina,SC,"5,7",2021-07-12,5.73
South Carolina,SC,"5,7",2021-07-19,10.03
South Carolina,SC,"5,7",2021-07-26,18.97
South Carolina,SC,"5,7",2021-08-02,37.37
South Carolina,SC,"5,7",2021-08-09,54.59
South Carolina,SC,"5,7",2021-08-16,65.84
South Carolina,SC,"5,7",2021-08-23,78.07
South Carolina,SC,"5,7",2021-08-30,97.66
South Carolina,SC,"5,7",2021-09-06,107.42
South Carolina,SC,"5,7",2021-09-13,91.36
South Carolina,SC,"5,7",2021-09-20,77.5
South Carolina,SC,"5,7",2021-09-27,55.29
South Carolina,SC,"5,7",2021-10-04,47.52
South Carolina,SC,"5,7",2021-10-11,32.45
South Carolina,SC,"5,7",2021-10-18,23.65
South Carolina,SC,"5,7",2021-10-25,16.9
South Carolina,SC,"5,7",2021-11-01,16.25
South Carolina,SC,"5,7",2021-11-08,13.35
South Carolina,SC,"5,7",2021-11-15,12.61
South Carolina,SC,"5,7",2021-11-22,14.18
South Carolina,SC,"5,7",2021-11-29,10.77
South Carolina,SC,"5,7",2021-12-06,19.77
South Carolina,SC,"5,7",2021-12-13,20.11
South Carolina,SC,"5,7",2021-12-20,22
South Carolina,SC,"5,7",2021-12-27,26.9
South Carolina,SC,"5,7",2022-01-03,74.64
South Carolina,SC,"5,7",2022-01-10,230.94
South Carolina,SC,"5,7",2022-01-17,290.98
South Carolina,SC,"5,7",2022-01-24,312.38
South Carolina,SC,"5,7",2022-01-31,231.73
South Carolina,SC,"5,7",2022-02-07,101.33
South Carolina,SC,"5,7",2022-02-14,58.29
South Carolina,SC,"5,7",2022-02-21,45.08
South Carolina,SC,"5,7",2022-02-28,22.37
South Carolina,SC,"5,7",2022-03-07,7.46
South Carolina,SC,"5,7",2022-03-14,6.33
South Carolina,SC,"5,7",2022-03-21,5.05
South Carolina,SC,"5,7",2022-03-28,3.82
South Carolina,SC,"5,7",2022-04-04,2.84
South Carolina,SC,"5,7",2022-04-11,4.35
South Carolina,SC,"5,7",2022-04-18,2.47
South Carolina,SC,"5,7",2022-04-25,4.15
South Carolina,SC,"5,7",2022-05-02,4.7
South Carolina,SC,"5,7",2022-05-09,7.29
South Carolina,SC,"5,7",2022-05-16,10.44
South Carolina,SC,"5,7",2022-05-23,14.4
South Carolina,SC,"5,7",2022-05-30,22.29
South Carolina,SC,"5,7",2022-06-06,22.35
South Carolina,SC,"5,7",2022-06-13,25.89
South Carolina,SC,"5,7",2022-06-20,28.71
South Carolina,SC,"5,7",2022-06-27,29.47
South Carolina,SC,"5,7",2022-07-04,30.56
South Carolina,SC,"5,7",2022-07-11,33.34
South Carolina,SC,"5,7",2022-07-18,37.71
South Carolina,SC,"5,7",2022-07-25,38.62
South Carolina,SC,"5,7",2022-08-01,49.01
South Carolina,SC,"5,7",2022-08-08,34.43
South Carolina,SC,"5,7",2022-08-15,44.31
South Carolina,SC,"5,7",2022-08-22,37.85
South Carolina,SC,"5,7",2022-08-29,28.5
South Carolina,SC,"5,7",2022-09-05,36.79
South Carolina,SC,"5,7",2022-09-12,32.43
South Carolina,SC,"5,7",2022-09-19,31.17
South Carolina,SC,"5,7",2022-09-26,18.57
South Carolina,SC,"5,7",2022-10-03,12.86
South Carolina,SC,"5,7",2022-10-10,11.67
South Carolina,SC,"5,7",2022-10-17,8.75
South Carolina,SC,"5,7",2022-10-24,8.78
South Carolina,SC,"5,7",2022-10-31,8.58
South Carolina,SC,"5,7",2022-11-07,9.62
South Carolina,SC,"5,7",2022-11-14,11.58
South Carolina,SC,"5,7",2022-11-21,8.2
South Carolina,SC,"5,7",2022-11-28,8.5
South Carolina,SC,"5,7",2022-12-05,8.4
South Carolina,SC,"5,7",2022-12-12,18.83
South Carolina,SC,"5,7",2022-12-19,17.98
South Carolina,SC,"5,7",2022-12-26,23.75
South Carolina,SC,"5,7",2023-01-02,27.34
South Carolina,SC,"5,7",2023-01-09,25.71
South Carolina,SC,"5,7",2023-01-16,30.35
South Carolina,SC,"5,7",2023-01-23,19.5
South Carolina,SC,"5,7",2023-01-30,20.93
South Carolina,SC,"5,7",2023-02-06,16.48
South Carolina,SC,"5,7",2023-02-13,15.5
South Carolina,SC,"5,7",2023-02-20,13.5
South Carolina,SC,"5,7",2023-02-27,10.21
South Carolina,SC,"5,7",2023-03-06,14.31
South Carolina,SC,"5,7",2023-03-13,7.87
South Carolina,SC,"5,7",2023-03-20,5.27
South Dakota,SD,"3,3",2020-03-16,0.16
South Dakota,SD,"3,3",2020-03-23,0.29
South Dakota,SD,"3,3",2020-03-30,1.16
South Dakota,SD,"3,3",2020-04-06,3.04
South Dakota,SD,"3,3",2020-04-13,9.35
South Dakota,SD,"3,3",2020-04-20,13.21
South Dakota,SD,"3,3",2020-04-27,9.06
South Dakota,SD,"3,3",2020-05-04,6.8
South Dakota,SD,"3,3",2020-05-11,15.29
South Dakota,SD,"3,3",2020-05-18,6.67
South Dakota,SD,"3,3",2020-05-25,9.03
South Dakota,SD,"3,3",2020-06-01,7.23
South Dakota,SD,"3,3",2020-06-08,7.06
South Dakota,SD,"3,3",2020-06-15,7.38
South Dakota,SD,"3,3",2020-06-22,6.43
South Dakota,SD,"3,3",2020-06-29,6.3
South Dakota,SD,"3,3",2020-07-06,6.28
South Dakota,SD,"3,3",2020-07-13,6.77
South Dakota,SD,"3,3",2020-07-20,6.77
South Dakota,SD,"3,3",2020-07-27,8.09
South Dakota,SD,"3,3",2020-08-03,9.3
South Dakota,SD,"3,3",2020-08-10,10.38
South Dakota,SD,"3,3",2020-08-17,11.26
South Dakota,SD,"3,3",2020-08-24,17.2
South Dakota,SD,"3,3",2020-08-31,33.65
South Dakota,SD,"3,3",2020-09-07,28.92
South Dakota,SD,"3,3",2020-09-14,24.24
South Dakota,SD,"3,3",2020-09-21,33.39
South Dakota,SD,"3,3",2020-09-28,46.33
South Dakota,SD,"3,3",2020-10-05,46.18
South Dakota,SD,"3,3",2020-10-12,69.87
South Dakota,SD,"3,3",2020-10-19,79.3
South Dakota,SD,"3,3",2020-10-26,95.36
South Dakota,SD,"3,3",2020-11-02,130.95
South Dakota,SD,"3,3",2020-11-09,136.63
South Dakota,SD,"3,3",2020-11-16,160.95
South Dakota,SD,"3,3",2020-11-23,122.24
South Dakota,SD,"3,3",2020-11-30,106.84
South Dakota,SD,"3,3",2020-12-07,97.47
South Dakota,SD,"3,3",2020-12-14,78.38
South Dakota,SD,"3,3",2020-12-21,60.07
South Dakota,SD,"3,3",2020-12-28,41.73
South Dakota,SD,"3,3",2021-01-04,48.2
South Dakota,SD,"3,3",2021-01-11,46.12
South Dakota,SD,"3,3",2021-01-18,34.88
South Dakota,SD,"3,3",2021-01-25,24.56
South Dakota,SD,"3,3",2021-02-01,18.33
South Dakota,SD,"3,3",2021-02-08,15.63
South Dakota,SD,"3,3",2021-02-15,17.65
South Dakota,SD,"3,3",2021-02-22,15.47
South Dakota,SD,"3,3",2021-03-01,18.34
South Dakota,SD,"3,3",2021-03-08,18.18
South Dakota,SD,"3,3",2021-03-15,17
South Dakota,SD,"3,3",2021-03-22,21.36
South Dakota,SD,"3,3",2021-03-29,22.03
South Dakota,SD,"3,3",2021-04-05,19.07
South Dakota,SD,"3,3",2021-04-12,22.2
South Dakota,SD,"3,3",2021-04-19,20.94
South Dakota,SD,"3,3",2021-04-26,14.39
South Dakota,SD,"3,3",2021-05-03,10.74
South Dakota,SD,"3,3",2021-05-10,9.12
South Dakota,SD,"3,3",2021-05-17,6.07
South Dakota,SD,"3,3",2021-05-24,4.13
South Dakota,SD,"3,3",2021-05-31,4.02
South Dakota,SD,"3,3",2021-06-07,1.32
South Dakota,SD,"3,3",2021-06-14,1.19
South Dakota,SD,"3,3",2021-06-21,0.78
South Dakota,SD,"3,3",2021-06-28,1.63
South Dakota,SD,"3,3",2021-07-05,1.45
South Dakota,SD,"3,3",2021-07-12,1.7
South Dakota,SD,"3,3",2021-07-19,1.76
South Dakota,SD,"3,3",2021-07-26,3.2
South Dakota,SD,"3,3",2021-08-02,4.33
South Dakota,SD,"3,3",2021-08-09,6.07
South Dakota,SD,"3,3",2021-08-16,12.56
South Dakota,SD,"3,3",2021-08-23,27.47
South Dakota,SD,"3,3",2021-08-30,42.2
South Dakota,SD,"3,3",2021-09-06,49.72
South Dakota,SD,"3,3",2021-09-13,38.94
South Dakota,SD,"3,3",2021-09-20,50.09
South Dakota,SD,"3,3",2021-09-27,44.91
South Dakota,SD,"3,3",2021-10-04,42.89
South Dakota,SD,"3,3",2021-10-11,37.88
South Dakota,SD,"3,3",2021-10-18,28.6
South Dakota,SD,"3,3",2021-10-25,36.38
South Dakota,SD,"3,3",2021-11-01,36.85
South Dakota,SD,"3,3",2021-11-08,40.55
South Dakota,SD,"3,3",2021-11-15,43.47
South Dakota,SD,"3,3",2021-11-22,43.63
South Dakota,SD,"3,3",2021-11-29,33.54
South Dakota,SD,"3,3",2021-12-06,62.91
South Dakota,SD,"3,3",2021-12-13,45.54
South Dakota,SD,"3,3",2021-12-20,39.37
South Dakota,SD,"3,3",2021-12-27,34.96
South Dakota,SD,"3,3",2022-01-03,61.31
South Dakota,SD,"3,3",2022-01-10,179.42
South Dakota,SD,"3,3",2022-01-17,221.65
South Dakota,SD,"3,3",2022-01-24,174.15
South Dakota,SD,"3,3",2022-01-31,127.09
South Dakota,SD,"3,3",2022-02-07,71.39
South Dakota,SD,"3,3",2022-02-14,35.11
South Dakota,SD,"3,3",2022-02-21,25.19
South Dakota,SD,"3,3",2022-02-28,10.41
South Dakota,SD,"3,3",2022-03-07,7.57
South Dakota,SD,"3,3",2022-03-14,4.8
South Dakota,SD,"3,3",2022-03-21,3.92
South Dakota,SD,"3,3",2022-03-28,3.31
South Dakota,SD,"3,3",2022-04-04,2.49
South Dakota,SD,"3,3",2022-04-11,2.21
South Dakota,SD,"3,3",2022-04-18,2
South Dakota,SD,"3,3",2022-04-25,2.66
South Dakota,SD,"3,3",2022-05-02,4.47
South Dakota,SD,"3,3",2022-05-09,6.02
South Dakota,SD,"3,3",2022-05-16,7.27
South Dakota,SD,"3,3",2022-05-23,7.67
South Dakota,SD,"3,3",2022-05-30,9.59
South Dakota,SD,"3,3",2022-06-06,10.54
South Dakota,SD,"3,3",2022-06-13,15.65
South Dakota,SD,"3,3",2022-06-20,15.7
South Dakota,SD,"3,3",2022-06-27,15.68
South Dakota,SD,"3,3",2022-07-04,20.25
South Dakota,SD,"3,3",2022-07-11,19.09
South Dakota,SD,"3,3",2022-07-18,25.34
South Dakota,SD,"3,3",2022-07-25,24.45
South Dakota,SD,"3,3",2022-08-01,24.19
South Dakota,SD,"3,3",2022-08-08,25.42
South Dakota,SD,"3,3",2022-08-15,22.16
South Dakota,SD,"3,3",2022-08-22,23.22
South Dakota,SD,"3,3",2022-08-29,25.6
South Dakota,SD,"3,3",2022-09-05,20.86
South Dakota,SD,"3,3",2022-09-12,15.55
South Dakota,SD,"3,3",2022-09-19,18.94
South Dakota,SD,"3,3",2022-09-26,15.44
South Dakota,SD,"3,3",2022-10-03,11.82
South Dakota,SD,"3,3",2022-10-10,13.6
South Dakota,SD,"3,3",2022-10-17,10.08
South Dakota,SD,"3,3",2022-10-24,10.19
South Dakota,SD,"3,3",2022-10-31,11.61
South Dakota,SD,"3,3",2022-11-07,13.44
South Dakota,SD,"3,3",2022-11-14,14.07
South Dakota,SD,"3,3",2022-11-21,15.39
South Dakota,SD,"3,3",2022-11-28,13.66
South Dakota,SD,"3,3",2022-12-05,17.89
South Dakota,SD,"3,3",2022-12-12,17.59
South Dakota,SD,"3,3",2022-12-19,14.9
South Dakota,SD,"3,3",2022-12-26,10.08
South Dakota,SD,"3,3",2023-01-02,6.83
South Dakota,SD,"3,3",2023-01-09,8.25
South Dakota,SD,"3,3",2023-01-16,8.45
South Dakota,SD,"3,3",2023-01-23,7.49
South Dakota,SD,"3,3",2023-01-30,9.29
South Dakota,SD,"3,3",2023-02-06,12.06
South Dakota,SD,"3,3",2023-02-13,16.08
South Dakota,SD,"3,3",2023-02-20,15.87
South Dakota,SD,"3,3",2023-02-27,16.08
South Dakota,SD,"3,3",2023-03-06,13.53
South Dakota,SD,"3,3",2023-03-13,10.35
South Dakota,SD,"3,3",2023-03-20,12.14
Tennessee,TN,"5,5",2020-03-09,0.01
Tennessee,TN,"5,5",2020-03-16,0.1
Tennessee,TN,"5,5",2020-03-23,0.98
Tennessee,TN,"5,5",2020-03-30,2.51
Tennessee,TN,"5,5",2020-04-06,4.25
Tennessee,TN,"5,5",2020-04-13,3.62
Tennessee,TN,"5,5",2020-04-20,3.16
Tennessee,TN,"5,5",2020-04-27,5.74
Tennessee,TN,"5,5",2020-05-04,7.41
Tennessee,TN,"5,5",2020-05-11,4.48
Tennessee,TN,"5,5",2020-05-18,4.9
Tennessee,TN,"5,5",2020-05-25,5.79
Tennessee,TN,"5,5",2020-06-01,5.67
Tennessee,TN,"5,5",2020-06-08,8.32
Tennessee,TN,"5,5",2020-06-15,7.8
Tennessee,TN,"5,5",2020-06-22,9.02
Tennessee,TN,"5,5",2020-06-29,12.83
Tennessee,TN,"5,5",2020-07-06,21.17
Tennessee,TN,"5,5",2020-07-13,25.32
Tennessee,TN,"5,5",2020-07-20,29.97
Tennessee,TN,"5,5",2020-07-27,33.31
Tennessee,TN,"5,5",2020-08-03,29.35
Tennessee,TN,"5,5",2020-08-10,27.33
Tennessee,TN,"5,5",2020-08-17,22.54
Tennessee,TN,"5,5",2020-08-24,20.78
Tennessee,TN,"5,5",2020-08-31,21.67
Tennessee,TN,"5,5",2020-09-07,21.96
Tennessee,TN,"5,5",2020-09-14,18.76
Tennessee,TN,"5,5",2020-09-21,21.39
Tennessee,TN,"5,5",2020-09-28,19.38
Tennessee,TN,"5,5",2020-10-05,20.11
Tennessee,TN,"5,5",2020-10-12,28.54
Tennessee,TN,"5,5",2020-10-19,29.33
Tennessee,TN,"5,5",2020-10-26,36.59
Tennessee,TN,"5,5",2020-11-02,30.36
Tennessee,TN,"5,5",2020-11-09,47.01
Tennessee,TN,"5,5",2020-11-16,62.68
Tennessee,TN,"5,5",2020-11-23,52.14
Tennessee,TN,"5,5",2020-11-30,60.19
Tennessee,TN,"5,5",2020-12-07,68.85
Tennessee,TN,"5,5",2020-12-14,111.19
Tennessee,TN,"5,5",2020-12-21,131.1
Tennessee,TN,"5,5",2020-12-28,78.76
Tennessee,TN,"5,5",2021-01-04,92.89
Tennessee,TN,"5,5",2021-01-11,100.78
Tennessee,TN,"5,5",2021-01-18,61.79
Tennessee,TN,"5,5",2021-01-25,43.97
Tennessee,TN,"5,5",2021-02-01,40.8
Tennessee,TN,"5,5",2021-02-08,33.5
Tennessee,TN,"5,5",2021-02-15,28.65
Tennessee,TN,"5,5",2021-02-22,16.04
Tennessee,TN,"5,5",2021-03-01,18.98
Tennessee,TN,"5,5",2021-03-08,17.39
Tennessee,TN,"5,5",2021-03-15,17.92
Tennessee,TN,"5,5",2021-03-22,17.77
Tennessee,TN,"5,5",2021-03-29,16.37
Tennessee,TN,"5,5",2021-04-05,16.61
Tennessee,TN,"5,5",2021-04-12,15.37
Tennessee,TN,"5,5",2021-04-19,17.21
Tennessee,TN,"5,5",2021-04-26,14.62
Tennessee,TN,"5,5",2021-05-03,12.99
Tennessee,TN,"5,5",2021-05-10,9.83
Tennessee,TN,"5,5",2021-05-17,8.68
Tennessee,TN,"5,5",2021-05-24,6.05
Tennessee,TN,"5,5",2021-05-31,3.23
Tennessee,TN,"5,5",2021-06-07,3.62
Tennessee,TN,"5,5",2021-06-14,1.77
Tennessee,TN,"5,5",2021-06-21,1.56
Tennessee,TN,"5,5",2021-06-28,1.36
Tennessee,TN,"5,5",2021-07-05,1.83
Tennessee,TN,"5,5",2021-07-12,5.32
Tennessee,TN,"5,5",2021-07-19,9.22
Tennessee,TN,"5,5",2021-07-26,18.16
Tennessee,TN,"5,5",2021-08-02,32.24
Tennessee,TN,"5,5",2021-08-09,46.65
Tennessee,TN,"5,5",2021-08-16,63.31
Tennessee,TN,"5,5",2021-08-23,86.81
Tennessee,TN,"5,5",2021-08-30,89.72
Tennessee,TN,"5,5",2021-09-06,93.89
Tennessee,TN,"5,5",2021-09-13,125.19
Tennessee,TN,"5,5",2021-09-20,73.52
Tennessee,TN,"5,5",2021-09-27,54.72
Tennessee,TN,"5,5",2021-10-04,42.24
Tennessee,TN,"5,5",2021-10-11,32.28
Tennessee,TN,"5,5",2021-10-18,25.08
Tennessee,TN,"5,5",2021-10-25,19.91
Tennessee,TN,"5,5",2021-11-01,16.06
Tennessee,TN,"5,5",2021-11-08,13.66
Tennessee,TN,"5,5",2021-11-15,15.45
Tennessee,TN,"5,5",2021-11-22,19.17
Tennessee,TN,"5,5",2021-11-29,15.2
Tennessee,TN,"5,5",2021-12-06,27.03
Tennessee,TN,"5,5",2021-12-13,25.84
Tennessee,TN,"5,5",2021-12-20,29.42
Tennessee,TN,"5,5",2021-12-27,55.79
Tennessee,TN,"5,5",2022-01-03,143.47
Tennessee,TN,"5,5",2022-01-10,163.89
Tennessee,TN,"5,5",2022-01-17,205.5
Tennessee,TN,"5,5",2022-01-24,241.55
Tennessee,TN,"5,5",2022-01-31,227.11
Tennessee,TN,"5,5",2022-02-07,162.4
Tennessee,TN,"5,5",2022-02-14,78.89
Tennessee,TN,"5,5",2022-02-21,50.76
Tennessee,TN,"5,5",2022-02-28,27.16
Tennessee,TN,"5,5",2022-03-07,16.64
Tennessee,TN,"5,5",2022-03-14,7.6
Tennessee,TN,"5,5",2022-03-21,4.53
Tennessee,TN,"5,5",2022-03-28,3.67
Tennessee,TN,"5,5",2022-04-04,3.22
Tennessee,TN,"5,5",2022-04-11,3.63
Tennessee,TN,"5,5",2022-04-18,4.13
Tennessee,TN,"5,5",2022-04-25,5.05
Tennessee,TN,"5,5",2022-05-02,6.91
Tennessee,TN,"5,5",2022-05-09,8.46
Tennessee,TN,"5,5",2022-05-16,11.98
Tennessee,TN,"5,5",2022-05-23,16.67
Tennessee,TN,"5,5",2022-05-30,20.48
Tennessee,TN,"5,5",2022-06-06,22.26
Tennessee,TN,"5,5",2022-06-13,25.79
Tennessee,TN,"5,5",2022-06-20,25.4
Tennessee,TN,"5,5",2022-06-27,29.86
Tennessee,TN,"5,5",2022-07-04,33.74
Tennessee,TN,"5,5",2022-07-11,26.83
Tennessee,TN,"5,5",2022-07-18,41.55
Tennessee,TN,"5,5",2022-07-25,39.68
Tennessee,TN,"5,5",2022-08-01,38.85
Tennessee,TN,"5,5",2022-08-08,35.97
Tennessee,TN,"5,5",2022-08-15,35.22
Tennessee,TN,"5,5",2022-08-22,38.66
Tennessee,TN,"5,5",2022-08-29,48.4
Tennessee,TN,"5,5",2022-09-05,37.06
Tennessee,TN,"5,5",2022-09-12,20.11
Tennessee,TN,"5,5",2022-09-19,18.79
Tennessee,TN,"5,5",2022-09-26,14.77
Tennessee,TN,"5,5",2022-10-03,12.81
Tennessee,TN,"5,5",2022-10-10,11.08
Tennessee,TN,"5,5",2022-10-17,8.96
Tennessee,TN,"5,5",2022-10-24,8.51
Tennessee,TN,"5,5",2022-10-31,11.05
Tennessee,TN,"5,5",2022-11-07,14.42
Tennessee,TN,"5,5",2022-11-14,14.65
Tennessee,TN,"5,5",2022-11-21,13.28
Tennessee,TN,"5,5",2022-11-28,11.21
Tennessee,TN,"5,5",2022-12-05,10.48
Tennessee,TN,"5,5",2022-12-12,20.16
Tennessee,TN,"5,5",2022-12-19,19.02
Tennessee,TN,"5,5",2022-12-26,21.31
Tennessee,TN,"5,5",2023-01-02,19.82
Tennessee,TN,"5,5",2023-01-09,23.55
Tennessee,TN,"5,5",2023-01-16,24.94
Tennessee,TN,"5,5",2023-01-23,40.82
Tennessee,TN,"5,5",2023-01-30,50.88
Tennessee,TN,"5,5",2023-02-06,18
Tennessee,TN,"5,5",2023-02-13,20.97
Tennessee,TN,"5,5",2023-02-20,17.61
Tennessee,TN,"5,5",2023-02-27,15.63
Tennessee,TN,"5,5",2023-03-06,12.95
Tennessee,TN,"5,5",2023-03-13,10.44
Tennessee,TN,"5,5",2023-03-20,7.99
Texas,TX,"7,3",2020-03-02,0
Texas,TX,"7,3",2020-03-09,0
Texas,TX,"7,3",2020-03-16,0.03
Texas,TX,"7,3",2020-03-23,0.32
Texas,TX,"7,3",2020-03-30,1.15
Texas,TX,"7,3",2020-04-06,2.51
Texas,TX,"7,3",2020-04-13,3.12
Texas,TX,"7,3",2020-04-20,2.73
Texas,TX,"7,3",2020-04-27,2.92
Texas,TX,"7,3",2020-05-04,3.53
Texas,TX,"7,3",2020-05-11,3.87
Texas,TX,"7,3",2020-05-18,4.34
Texas,TX,"7,3",2020-05-25,3.3
Texas,TX,"7,3",2020-06-01,4.73
Texas,TX,"7,3",2020-06-08,5.54
Texas,TX,"7,3",2020-06-15,7.09
Texas,TX,"7,3",2020-06-22,13.76
Texas,TX,"7,3",2020-06-29,19.27
Texas,TX,"7,3",2020-07-06,24.93
Texas,TX,"7,3",2020-07-13,31.72
Texas,TX,"7,3",2020-07-20,35.44
Texas,TX,"7,3",2020-07-27,27.9
Texas,TX,"7,3",2020-08-03,30.17
Texas,TX,"7,3",2020-08-10,26.43
Texas,TX,"7,3",2020-08-17,25.56
Texas,TX,"7,3",2020-08-24,19
Texas,TX,"7,3",2020-08-31,16.11
Texas,TX,"7,3",2020-09-07,12.76
Texas,TX,"7,3",2020-09-14,13.96
Texas,TX,"7,3",2020-09-21,16.02
Texas,TX,"7,3",2020-09-28,14.26
Texas,TX,"7,3",2020-10-05,16.19
Texas,TX,"7,3",2020-10-12,14.91
Texas,TX,"7,3",2020-10-19,18.36
Texas,TX,"7,3",2020-10-26,21.26
Texas,TX,"7,3",2020-11-02,23.91
Texas,TX,"7,3",2020-11-09,29.95
Texas,TX,"7,3",2020-11-16,37.06
Texas,TX,"7,3",2020-11-23,40.43
Texas,TX,"7,3",2020-11-30,38.48
Texas,TX,"7,3",2020-12-07,48.84
Texas,TX,"7,3",2020-12-14,43.81
Texas,TX,"7,3",2020-12-21,56.84
Texas,TX,"7,3",2020-12-28,50.12
Texas,TX,"7,3",2021-01-04,59.61
Texas,TX,"7,3",2021-01-11,78.01
Texas,TX,"7,3",2021-01-18,72.31
Texas,TX,"7,3",2021-01-25,64.87
Texas,TX,"7,3",2021-02-01,61.64
Texas,TX,"7,3",2021-02-08,44.86
Texas,TX,"7,3",2021-02-15,32.47
Texas,TX,"7,3",2021-02-22,17.54
Texas,TX,"7,3",2021-03-01,26.45
Texas,TX,"7,3",2021-03-08,18.79
Texas,TX,"7,3",2021-03-15,15.9
Texas,TX,"7,3",2021-03-22,12.72
Texas,TX,"7,3",2021-03-29,12.8
Texas,TX,"7,3",2021-04-05,10.22
Texas,TX,"7,3",2021-04-12,12.45
Texas,TX,"7,3",2021-04-19,11.17
Texas,TX,"7,3",2021-04-26,11.28
Texas,TX,"7,3",2021-05-03,11.07
Texas,TX,"7,3",2021-05-10,7.79
Texas,TX,"7,3",2021-05-17,6.84
Texas,TX,"7,3",2021-05-24,6.46
Texas,TX,"7,3",2021-05-31,4.2
Texas,TX,"7,3",2021-06-07,5.19
Texas,TX,"7,3",2021-06-14,3.84
Texas,TX,"7,3",2021-06-21,3.91
Texas,TX,"7,3",2021-06-28,4.4
Texas,TX,"7,3",2021-07-05,4.87
Texas,TX,"7,3",2021-07-12,6.81
Texas,TX,"7,3",2021-07-19,12.18
Texas,TX,"7,3",2021-07-26,19.07
Texas,TX,"7,3",2021-08-02,33.28
Texas,TX,"7,3",2021-08-09,40.85
Texas,TX,"7,3",2021-08-16,51.1
Texas,TX,"7,3",2021-08-23,59.16
Texas,TX,"7,3",2021-08-30,56.81
Texas,TX,"7,3",2021-09-06,58.47
Texas,TX,"7,3",2021-09-13,65.21
Texas,TX,"7,3",2021-09-20,51.95
Texas,TX,"7,3",2021-09-27,40.85
Texas,TX,"7,3",2021-10-04,31.09
Texas,TX,"7,3",2021-10-11,24.94
Texas,TX,"7,3",2021-10-18,20.22
Texas,TX,"7,3",2021-10-25,15.06
Texas,TX,"7,3",2021-11-01,13.18
Texas,TX,"7,3",2021-11-08,10.62
Texas,TX,"7,3",2021-11-15,11.78
Texas,TX,"7,3",2021-11-22,11.72
Texas,TX,"7,3",2021-11-29,11.15
Texas,TX,"7,3",2021-12-06,12.74
Texas,TX,"7,3",2021-12-13,13.32
Texas,TX,"7,3",2021-12-20,23.2
Texas,TX,"7,3",2021-12-27,43.47
Texas,TX,"7,3",2022-01-03,109.94
Texas,TX,"7,3",2022-01-10,166.8
Texas,TX,"7,3",2022-01-17,236.06
Texas,TX,"7,3",2022-01-24,188.56
Texas,TX,"7,3",2022-01-31,121.29
Texas,TX,"7,3",2022-02-07,81.82
Texas,TX,"7,3",2022-02-14,43.58
Texas,TX,"7,3",2022-02-21,27.05
Texas,TX,"7,3",2022-02-28,17.58
Texas,TX,"7,3",2022-03-07,10.54
Texas,TX,"7,3",2022-03-14,14.64
Texas,TX,"7,3",2022-03-21,9.73
Texas,TX,"7,3",2022-03-28,16.66
Texas,TX,"7,3",2022-04-04,10.02
Texas,TX,"7,3",2022-04-11,8.67
Texas,TX,"7,3",2022-04-18,7.28
Texas,TX,"7,3",2022-04-25,8.46
Texas,TX,"7,3",2022-05-02,8.5
Texas,TX,"7,3",2022-05-09,9.54
Texas,TX,"7,3",2022-05-16,11.53
Texas,TX,"7,3",2022-05-23,15.12
Texas,TX,"7,3",2022-05-30,15.89
Texas,TX,"7,3",2022-06-06,19.75
Texas,TX,"7,3",2022-06-13,23.53
Texas,TX,"7,3",2022-06-20,19.83
Texas,TX,"7,3",2022-06-27,37.88
Texas,TX,"7,3",2022-07-04,23.31
Texas,TX,"7,3",2022-07-11,52.05
Texas,TX,"7,3",2022-07-18,42.84
Texas,TX,"7,3",2022-07-25,41.08
Texas,TX,"7,3",2022-08-01,37.94
Texas,TX,"7,3",2022-08-08,36.07
Texas,TX,"7,3",2022-08-15,32.66
Texas,TX,"7,3",2022-08-22,27.65
Texas,TX,"7,3",2022-08-29,25.48
Texas,TX,"7,3",2022-09-05,19.31
Texas,TX,"7,3",2022-09-12,28.43
Texas,TX,"7,3",2022-09-19,16.18
Texas,TX,"7,3",2022-09-26,10.74
Texas,TX,"7,3",2022-10-03,8.7
Texas,TX,"7,3",2022-10-10,7.03
Texas,TX,"7,3",2022-10-17,6.52
Texas,TX,"7,3",2022-10-24,5.2
Texas,TX,"7,3",2022-10-31,5.8
Texas,TX,"7,3",2022-11-07,5.71
Texas,TX,"7,3",2022-11-14,6.31
Texas,TX,"7,3",2022-11-21,6.47
Texas,TX,"7,3",2022-11-28,7.25
Texas,TX,"7,3",2022-12-05,5.5
Texas,TX,"7,3",2022-12-12,14.82
Texas,TX,"7,3",2022-12-19,14.78
Texas,TX,"7,3",2022-12-26,15.45
Texas,TX,"7,3",2023-01-02,16.15
Texas,TX,"7,3",2023-01-09,19.84
Texas,TX,"7,3",2023-01-16,17.74
Texas,TX,"7,3",2023-01-23,10.73
Texas,TX,"7,3",2023-01-30,12.78
Texas,TX,"7,3",2023-02-06,11.1
Texas,TX,"7,3",2023-02-13,9.95
Texas,TX,"7,3",2023-02-20,8.9
Texas,TX,"7,3",2023-02-27,7.87
Texas,TX,"7,3",2023-03-06,10.38
Texas,TX,"7,3",2023-03-13,6.1
Texas,TX,"7,3",2023-03-20,6.1
Utah,UT,"4,1",2020-03-02,0
Utah,UT,"4,1",2020-03-09,0.01
Utah,UT,"4,1",2020-03-16,0.12
Utah,UT,"4,1",2020-03-23,0.97
Utah,UT,"4,1",2020-03-30,2.45
Utah,UT,"4,1",2020-04-06,3.81
Utah,UT,"4,1",2020-04-13,3.15
Utah,UT,"4,1",2020-04-20,3.77
Utah,UT,"4,1",2020-04-27,4.56
Utah,UT,"4,1",2020-05-04,4.86
Utah,UT,"4,1",2020-05-11,4.63
Utah,UT,"4,1",2020-05-18,4.55
Utah,UT,"4,1",2020-05-25,5.07
Utah,UT,"4,1",2020-06-01,6.71
Utah,UT,"4,1",2020-06-08,10.48
Utah,UT,"4,1",2020-06-15,10.6
Utah,UT,"4,1",2020-06-22,14.61
Utah,UT,"4,1",2020-06-29,16.86
Utah,UT,"4,1",2020-07-06,17.09
Utah,UT,"4,1",2020-07-13,20.63
Utah,UT,"4,1",2020-07-20,18.91
Utah,UT,"4,1",2020-07-27,17.44
Utah,UT,"4,1",2020-08-03,13.96
Utah,UT,"4,1",2020-08-10,12.99
Utah,UT,"4,1",2020-08-17,10.91
Utah,UT,"4,1",2020-08-24,11.21
Utah,UT,"4,1",2020-08-31,12.1
Utah,UT,"4,1",2020-09-07,12.86
Utah,UT,"4,1",2020-09-14,15.15
Utah,UT,"4,1",2020-09-21,26.53
Utah,UT,"4,1",2020-09-28,31.36
Utah,UT,"4,1",2020-10-05,32.49
Utah,UT,"4,1",2020-10-12,36.3
Utah,UT,"4,1",2020-10-19,38.74
Utah,UT,"4,1",2020-10-26,46.84
Utah,UT,"4,1",2020-11-02,52.06
Utah,UT,"4,1",2020-11-09,76.2
Utah,UT,"4,1",2020-11-16,93.18
Utah,UT,"4,1",2020-11-23,105.34
Utah,UT,"4,1",2020-11-30,72.74
Utah,UT,"4,1",2020-12-07,97.56
Utah,UT,"4,1",2020-12-14,81.25
Utah,UT,"4,1",2020-12-21,75.36
Utah,UT,"4,1",2020-12-28,61.52
Utah,UT,"4,1",2021-01-04,84.86
Utah,UT,"4,1",2021-01-11,97.45
Utah,UT,"4,1",2021-01-18,77.61
Utah,UT,"4,1",2021-01-25,55.03
Utah,UT,"4,1",2021-02-01,44.3
Utah,UT,"4,1",2021-02-08,35.26
Utah,UT,"4,1",2021-02-15,29.82
Utah,UT,"4,1",2021-02-22,23.68
Utah,UT,"4,1",2021-03-01,19.69
Utah,UT,"4,1",2021-03-08,16.12
Utah,UT,"4,1",2021-03-15,15.56
Utah,UT,"4,1",2021-03-22,14.21
Utah,UT,"4,1",2021-03-29,13.23
Utah,UT,"4,1",2021-04-05,12.29
Utah,UT,"4,1",2021-04-12,12.37
Utah,UT,"4,1",2021-04-19,11.89
Utah,UT,"4,1",2021-04-26,12.13
Utah,UT,"4,1",2021-05-03,11.43
Utah,UT,"4,1",2021-05-10,10.33
Utah,UT,"4,1",2021-05-17,9.69
Utah,UT,"4,1",2021-05-24,8.45
Utah,UT,"4,1",2021-05-31,6.88
Utah,UT,"4,1",2021-06-07,7.33
Utah,UT,"4,1",2021-06-14,8.52
Utah,UT,"4,1",2021-06-21,9.1
Utah,UT,"4,1",2021-06-28,10.85
Utah,UT,"4,1",2021-07-05,12.45
Utah,UT,"4,1",2021-07-12,12.8
Utah,UT,"4,1",2021-07-19,18.09
Utah,UT,"4,1",2021-07-26,20.12
Utah,UT,"4,1",2021-08-02,26.85
Utah,UT,"4,1",2021-08-09,25.79
Utah,UT,"4,1",2021-08-16,28.89
Utah,UT,"4,1",2021-08-23,33.72
Utah,UT,"4,1",2021-08-30,39.36
Utah,UT,"4,1",2021-09-06,42.59
Utah,UT,"4,1",2021-09-13,46.06
Utah,UT,"4,1",2021-09-20,45.4
Utah,UT,"4,1",2021-09-27,42.34
Utah,UT,"4,1",2021-10-04,42.96
Utah,UT,"4,1",2021-10-11,44.48
Utah,UT,"4,1",2021-10-18,37.42
Utah,UT,"4,1",2021-10-25,46.12
Utah,UT,"4,1",2021-11-01,46.95
Utah,UT,"4,1",2021-11-08,51.31
Utah,UT,"4,1",2021-11-15,50.98
Utah,UT,"4,1",2021-11-22,47.92
Utah,UT,"4,1",2021-11-29,35
Utah,UT,"4,1",2021-12-06,48.15
Utah,UT,"4,1",2021-12-13,35.4
Utah,UT,"4,1",2021-12-20,30.54
Utah,UT,"4,1",2021-12-27,36.18
Utah,UT,"4,1",2022-01-03,104.44
Utah,UT,"4,1",2022-01-10,242.54
Utah,UT,"4,1",2022-01-17,304.39
Utah,UT,"4,1",2022-01-24,304.52
Utah,UT,"4,1",2022-01-31,167.39
Utah,UT,"4,1",2022-02-07,81.34
Utah,UT,"4,1",2022-02-14,45.73
Utah,UT,"4,1",2022-02-21,32.65
Utah,UT,"4,1",2022-02-28,14.45
Utah,UT,"4,1",2022-03-07,8.65
Utah,UT,"4,1",2022-03-14,4.85
Utah,UT,"4,1",2022-03-21,4.08
Utah,UT,"4,1",2022-03-28,3.54
Utah,UT,"4,1",2022-04-04,3.38
Utah,UT,"4,1",2022-04-11,3.11
Utah,UT,"4,1",2022-04-18,3.3
Utah,UT,"4,1",2022-04-25,5.34
Utah,UT,"4,1",2022-05-02,7.55
Utah,UT,"4,1",2022-05-09,14.38
Utah,UT,"4,1",2022-05-16,15.08
Utah,UT,"4,1",2022-05-23,20.07
Utah,UT,"4,1",2022-05-30,25.02
Utah,UT,"4,1",2022-06-06,25.52
Utah,UT,"4,1",2022-06-13,33.43
Utah,UT,"4,1",2022-06-20,29.07
Utah,UT,"4,1",2022-06-27,30.2
Utah,UT,"4,1",2022-07-04,32.96
Utah,UT,"4,1",2022-07-11,30.63
Utah,UT,"4,1",2022-07-18,34.74
Utah,UT,"4,1",2022-07-25,30.64
Utah,UT,"4,1",2022-08-01,26.14
Utah,UT,"4,1",2022-08-08,22.98
Utah,UT,"4,1",2022-08-15,20.91
Utah,UT,"4,1",2022-08-22,15.78
Utah,UT,"4,1",2022-08-29,14.01
Utah,UT,"4,1",2022-09-05,13.14
Utah,UT,"4,1",2022-09-12,10.57
Utah,UT,"4,1",2022-09-19,11.1
Utah,UT,"4,1",2022-09-26,8.56
Utah,UT,"4,1",2022-10-03,8.39
Utah,UT,"4,1",2022-10-10,7.71
Utah,UT,"4,1",2022-10-17,6.71
Utah,UT,"4,1",2022-10-24,6.65
Utah,UT,"4,1",2022-10-31,8.52
Utah,UT,"4,1",2022-11-07,10.74
Utah,UT,"4,1",2022-11-14,15.07
Utah,UT,"4,1",2022-11-21,12.44
Utah,UT,"4,1",2022-11-28,18.83
Utah,UT,"4,1",2022-12-05,19.59
Utah,UT,"4,1",2022-12-12,18.19
Utah,UT,"4,1",2022-12-19,14.5
Utah,UT,"4,1",2022-12-26,12.84
Utah,UT,"4,1",2023-01-02,10.02
Utah,UT,"4,1",2023-01-09,9.9
Utah,UT,"4,1",2023-01-16,8.71
Utah,UT,"4,1",2023-01-23,4.75
Utah,UT,"4,1",2023-01-30,5.71
Utah,UT,"4,1",2023-02-06,5.57
Utah,UT,"4,1",2023-02-13,6.09
Utah,UT,"4,1",2023-02-20,6.9
Utah,UT,"4,1",2023-02-27,7.32
Utah,UT,"4,1",2023-03-06,7.6
Utah,UT,"4,1",2023-03-13,6.67
Utah,UT,"4,1",2023-03-20,5.86
Vermont,VT,"1,9",2020-03-09,0.02
Vermont,VT,"1,9",2020-03-16,0.2
Vermont,VT,"1,9",2020-03-23,1.44
Vermont,VT,"1,9",2020-03-30,4.14
Vermont,VT,"1,9",2020-04-06,6.57
Vermont,VT,"1,9",2020-04-13,4.69
Vermont,VT,"1,9",2020-04-20,1.56
Vermont,VT,"1,9",2020-04-27,0.89
Vermont,VT,"1,9",2020-05-04,1.08
Vermont,VT,"1,9",2020-05-11,0.66
Vermont,VT,"1,9",2020-05-18,0.32
Vermont,VT,"1,9",2020-05-25,0.44
Vermont,VT,"1,9",2020-06-01,0.48
Vermont,VT,"1,9",2020-06-08,2.11
Vermont,VT,"1,9",2020-06-15,1.26
Vermont,VT,"1,9",2020-06-22,0.76
Vermont,VT,"1,9",2020-06-29,1.03
Vermont,VT,"1,9",2020-07-06,0.98
Vermont,VT,"1,9",2020-07-13,1.14
Vermont,VT,"1,9",2020-07-20,1.35
Vermont,VT,"1,9",2020-07-27,0.96
Vermont,VT,"1,9",2020-08-03,0.57
Vermont,VT,"1,9",2020-08-10,0.8
Vermont,VT,"1,9",2020-08-17,1.49
Vermont,VT,"1,9",2020-08-24,0.89
Vermont,VT,"1,9",2020-08-31,1.33
Vermont,VT,"1,9",2020-09-07,0.62
Vermont,VT,"1,9",2020-09-14,1.03
Vermont,VT,"1,9",2020-09-21,0.53
Vermont,VT,"1,9",2020-09-28,0.6
Vermont,VT,"1,9",2020-10-05,1.65
Vermont,VT,"1,9",2020-10-12,1.35
Vermont,VT,"1,9",2020-10-19,1.6
Vermont,VT,"1,9",2020-10-26,3.14
Vermont,VT,"1,9",2020-11-02,3.11
Vermont,VT,"1,9",2020-11-09,4.49
Vermont,VT,"1,9",2020-11-16,13.58
Vermont,VT,"1,9",2020-11-23,16.16
Vermont,VT,"1,9",2020-11-30,10.49
Vermont,VT,"1,9",2020-12-07,17.35
Vermont,VT,"1,9",2020-12-14,17.79
Vermont,VT,"1,9",2020-12-21,15.5
Vermont,VT,"1,9",2020-12-28,13.42
Vermont,VT,"1,9",2021-01-04,17.24
Vermont,VT,"1,9",2021-01-11,27.59
Vermont,VT,"1,9",2021-01-18,26.15
Vermont,VT,"1,9",2021-01-25,21.63
Vermont,VT,"1,9",2021-02-01,21.02
Vermont,VT,"1,9",2021-02-08,22.05
Vermont,VT,"1,9",2021-02-15,18.68
Vermont,VT,"1,9",2021-02-22,17.08
Vermont,VT,"1,9",2021-03-01,15.48
Vermont,VT,"1,9",2021-03-08,20.95
Vermont,VT,"1,9",2021-03-15,18.16
Vermont,VT,"1,9",2021-03-22,19.39
Vermont,VT,"1,9",2021-03-29,26.63
Vermont,VT,"1,9",2021-04-05,28.96
Vermont,VT,"1,9",2021-04-12,23.44
Vermont,VT,"1,9",2021-04-19,18.8
Vermont,VT,"1,9",2021-04-26,11.56
Vermont,VT,"1,9",2021-05-03,12.39
Vermont,VT,"1,9",2021-05-10,8.77
Vermont,VT,"1,9",2021-05-17,8.49
Vermont,VT,"1,9",2021-05-24,4.92
Vermont,VT,"1,9",2021-05-31,2.13
Vermont,VT,"1,9",2021-06-07,1.42
Vermont,VT,"1,9",2021-06-14,1.12
Vermont,VT,"1,9",2021-06-21,0.85
Vermont,VT,"1,9",2021-06-28,0.78
Vermont,VT,"1,9",2021-07-05,0.62
Vermont,VT,"1,9",2021-07-12,1.12
Vermont,VT,"1,9",2021-07-19,2.06
Vermont,VT,"1,9",2021-07-26,3.87
Vermont,VT,"1,9",2021-08-02,6.64
Vermont,VT,"1,9",2021-08-09,12.2
Vermont,VT,"1,9",2021-08-16,16.48
Vermont,VT,"1,9",2021-08-23,17.5
Vermont,VT,"1,9",2021-08-30,20.88
Vermont,VT,"1,9",2021-09-06,24.75
Vermont,VT,"1,9",2021-09-13,26.08
Vermont,VT,"1,9",2021-09-20,34.34
Vermont,VT,"1,9",2021-09-27,33.59
Vermont,VT,"1,9",2021-10-04,27.02
Vermont,VT,"1,9",2021-10-11,33.91
Vermont,VT,"1,9",2021-10-18,37.25
Vermont,VT,"1,9",2021-10-25,33.49
Vermont,VT,"1,9",2021-11-01,31.09
Vermont,VT,"1,9",2021-11-08,50.53
Vermont,VT,"1,9",2021-11-15,56.71
Vermont,VT,"1,9",2021-11-22,59.18
Vermont,VT,"1,9",2021-11-29,50.18
Vermont,VT,"1,9",2021-12-06,76.24
Vermont,VT,"1,9",2021-12-13,67.61
Vermont,VT,"1,9",2021-12-20,65.27
Vermont,VT,"1,9",2021-12-27,64.1
Vermont,VT,"1,9",2022-01-03,125.71
Vermont,VT,"1,9",2022-01-10,195.93
Vermont,VT,"1,9",2022-01-17,320.4
Vermont,VT,"1,9",2022-01-24,179.95
Vermont,VT,"1,9",2022-01-31,110.37
Vermont,VT,"1,9",2022-02-07,68.82
Vermont,VT,"1,9",2022-02-14,49.29
Vermont,VT,"1,9",2022-02-21,39.15
Vermont,VT,"1,9",2022-02-28,27
Vermont,VT,"1,9",2022-03-07,23.88
Vermont,VT,"1,9",2022-03-14,18.29
Vermont,VT,"1,9",2022-03-21,23.49
Vermont,VT,"1,9",2022-03-28,21.18
Vermont,VT,"1,9",2022-04-04,22.96
Vermont,VT,"1,9",2022-04-11,31.14
Vermont,VT,"1,9",2022-04-18,41.94
Vermont,VT,"1,9",2022-04-25,45.54
Vermont,VT,"1,9",2022-05-02,49.96
Vermont,VT,"1,9",2022-05-09,55.27
Vermont,VT,"1,9",2022-05-16,53
Vermont,VT,"1,9",2022-05-23,54.88
Vermont,VT,"1,9",2022-05-30,32.17
Vermont,VT,"1,9",2022-06-06,32.3
Vermont,VT,"1,9",2022-06-13,22.73
Vermont,VT,"1,9",2022-06-20,17.08
Vermont,VT,"1,9",2022-06-27,14.08
Vermont,VT,"1,9",2022-07-04,14.61
Vermont,VT,"1,9",2022-07-11,10.92
Vermont,VT,"1,9",2022-07-18,12.59
Vermont,VT,"1,9",2022-07-25,13.03
Vermont,VT,"1,9",2022-08-01,8.81
Vermont,VT,"1,9",2022-08-08,11.36
Vermont,VT,"1,9",2022-08-15,14.51
Vermont,VT,"1,9",2022-08-22,10.23
Vermont,VT,"1,9",2022-08-29,12.43
Vermont,VT,"1,9",2022-09-05,12.34
Vermont,VT,"1,9",2022-09-12,9.89
Vermont,VT,"1,9",2022-09-19,12.41
Vermont,VT,"1,9",2022-09-26,12.77
Vermont,VT,"1,9",2022-10-03,13.81
Vermont,VT,"1,9",2022-10-10,12.14
Vermont,VT,"1,9",2022-10-17,14.19
Vermont,VT,"1,9",2022-10-24,15.18
Vermont,VT,"1,9",2022-10-31,12.57
Vermont,VT,"1,9",2022-11-07,11.77
Vermont,VT,"1,9",2022-11-14,9.82
Vermont,VT,"1,9",2022-11-21,6.98
Vermont,VT,"1,9",2022-11-28,6.85
Vermont,VT,"1,9",2022-12-05,7.67
Vermont,VT,"1,9",2022-12-12,10.17
Vermont,VT,"1,9",2022-12-19,9.98
Vermont,VT,"1,9",2022-12-26,8.56
Vermont,VT,"1,9",2023-01-02,8.29
Vermont,VT,"1,9",2023-01-09,10.12
Vermont,VT,"1,9",2023-01-16,10.6
Vermont,VT,"1,9",2023-01-23,8.91
Vermont,VT,"1,9",2023-01-30,11.52
Vermont,VT,"1,9",2023-02-06,10.94
Vermont,VT,"1,9",2023-02-13,7.26
Vermont,VT,"1,9",2023-02-20,11.26
Vermont,VT,"1,9",2023-02-27,10.26
Vermont,VT,"1,9",2023-03-06,7.94
Vermont,VT,"1,9",2023-03-13,7.92
Vermont,VT,"1,9",2023-03-20,6.67
Virginia,VA,"4,7",2020-03-09,0.01
Virginia,VA,"4,7",2020-03-16,0.08
Virginia,VA,"4,7",2020-03-23,0.34
Virginia,VA,"4,7",2020-03-30,1.28
Virginia,VA,"4,7",2020-04-06,3.11
Virginia,VA,"4,7",2020-04-13,4.8
Virginia,VA,"4,7",2020-04-20,5.43
Virginia,VA,"4,7",2020-04-27,7.61
Virginia,VA,"4,7",2020-05-04,9.98
Virginia,VA,"4,7",2020-05-11,9.33
Virginia,VA,"4,7",2020-05-18,10.16
Virginia,VA,"4,7",2020-05-25,11.02
Virginia,VA,"4,7",2020-06-01,12.84
Virginia,VA,"4,7",2020-06-08,9.8
Virginia,VA,"4,7",2020-06-15,6.08
Virginia,VA,"4,7",2020-06-22,5.99
Virginia,VA,"4,7",2020-06-29,6.23
Virginia,VA,"4,7",2020-07-06,6.55
Virginia,VA,"4,7",2020-07-13,9.27
Virginia,VA,"4,7",2020-07-20,11.27
Virginia,VA,"4,7",2020-07-27,12.88
Virginia,VA,"4,7",2020-08-03,11.77
Virginia,VA,"4,7",2020-08-10,12.79
Virginia,VA,"4,7",2020-08-17,11.17
Virginia,VA,"4,7",2020-08-24,10.39
Virginia,VA,"4,7",2020-08-31,11.66
Virginia,VA,"4,7",2020-09-07,11.68
Virginia,VA,"4,7",2020-09-14,11.72
Virginia,VA,"4,7",2020-09-21,10.99
Virginia,VA,"4,7",2020-09-28,9.13
Virginia,VA,"4,7",2020-10-05,9.98
Virginia,VA,"4,7",2020-10-12,11.74
Virginia,VA,"4,7",2020-10-19,12.15
Virginia,VA,"4,7",2020-10-26,12.46
Virginia,VA,"4,7",2020-11-02,15.3
Virginia,VA,"4,7",2020-11-09,16.84
Virginia,VA,"4,7",2020-11-16,18.68
Virginia,VA,"4,7",2020-11-23,27.45
Virginia,VA,"4,7",2020-11-30,28.11
Virginia,VA,"4,7",2020-12-07,35.21
Virginia,VA,"4,7",2020-12-14,43.98
Virginia,VA,"4,7",2020-12-21,43.08
Virginia,VA,"4,7",2020-12-28,42.32
Virginia,VA,"4,7",2021-01-04,52.49
Virginia,VA,"4,7",2021-01-11,60
Virginia,VA,"4,7",2021-01-18,72.24
Virginia,VA,"4,7",2021-01-25,53.67
Virginia,VA,"4,7",2021-02-01,48.57
Virginia,VA,"4,7",2021-02-08,38.8
Virginia,VA,"4,7",2021-02-15,34.67
Virginia,VA,"4,7",2021-02-22,22.98
Virginia,VA,"4,7",2021-03-01,19.92
Virginia,VA,"4,7",2021-03-08,15.76
Virginia,VA,"4,7",2021-03-15,15.52
Virginia,VA,"4,7",2021-03-22,16.91
Virginia,VA,"4,7",2021-03-29,17.64
Virginia,VA,"4,7",2021-04-05,16.17
Virginia,VA,"4,7",2021-04-12,17.89
Virginia,VA,"4,7",2021-04-19,17.15
Virginia,VA,"4,7",2021-04-26,13.08
Virginia,VA,"4,7",2021-05-03,11.71
Virginia,VA,"4,7",2021-05-10,8.47
Virginia,VA,"4,7",2021-05-17,5.82
Virginia,VA,"4,7",2021-05-24,4.42
Virginia,VA,"4,7",2021-05-31,4.07
Virginia,VA,"4,7",2021-06-07,2.16
Virginia,VA,"4,7",2021-06-14,1.64
Virginia,VA,"4,7",2021-06-21,1.6
Virginia,VA,"4,7",2021-06-28,1.93
Virginia,VA,"4,7",2021-07-05,2.14
Virginia,VA,"4,7",2021-07-12,2.78
Virginia,VA,"4,7",2021-07-19,4.4
Virginia,VA,"4,7",2021-07-26,7.86
Virginia,VA,"4,7",2021-08-02,12.98
Virginia,VA,"4,7",2021-08-09,19.05
Virginia,VA,"4,7",2021-08-16,24.11
Virginia,VA,"4,7",2021-08-23,29.18
Virginia,VA,"4,7",2021-08-30,36.47
Virginia,VA,"4,7",2021-09-06,40.1
Virginia,VA,"4,7",2021-09-13,40.45
Virginia,VA,"4,7",2021-09-20,41.94
Virginia,VA,"4,7",2021-09-27,36.34
Virginia,VA,"4,7",2021-10-04,32.2
Virginia,VA,"4,7",2021-10-11,27.64
Virginia,VA,"4,7",2021-10-18,23.89
Virginia,VA,"4,7",2021-10-25,18.11
Virginia,VA,"4,7",2021-11-01,15.56
Virginia,VA,"4,7",2021-11-08,14.94
Virginia,VA,"4,7",2021-11-15,15.29
Virginia,VA,"4,7",2021-11-22,19.26
Virginia,VA,"4,7",2021-11-29,16.13
Virginia,VA,"4,7",2021-12-06,26.52
Virginia,VA,"4,7",2021-12-13,29.52
Virginia,VA,"4,7",2021-12-20,38.5
Virginia,VA,"4,7",2021-12-27,73.89
Virginia,VA,"4,7",2022-01-03,155.41
Virginia,VA,"4,7",2022-01-10,197.55
Virginia,VA,"4,7",2022-01-17,198.19
Virginia,VA,"4,7",2022-01-24,140.82
Virginia,VA,"4,7",2022-01-31,107.71
Virginia,VA,"4,7",2022-02-07,64.6
Virginia,VA,"4,7",2022-02-14,44.32
Virginia,VA,"4,7",2022-02-21,29.95
Virginia,VA,"4,7",2022-02-28,18.94
Virginia,VA,"4,7",2022-03-07,13.79
Virginia,VA,"4,7",2022-03-14,11.24
Virginia,VA,"4,7",2022-03-21,11.03
Virginia,VA,"4,7",2022-03-28,8.26
Virginia,VA,"4,7",2022-04-04,8.37
Virginia,VA,"4,7",2022-04-11,11.37
Virginia,VA,"4,7",2022-04-18,12.84
Virginia,VA,"4,7",2022-04-25,14.53
Virginia,VA,"4,7",2022-05-02,18.54
Virginia,VA,"4,7",2022-05-09,26.53
Virginia,VA,"4,7",2022-05-16,32.22
Virginia,VA,"4,7",2022-05-23,38.75
Virginia,VA,"4,7",2022-05-30,36.59
Virginia,VA,"4,7",2022-06-06,33.5
Virginia,VA,"4,7",2022-06-13,31.6
Virginia,VA,"4,7",2022-06-20,28.66
Virginia,VA,"4,7",2022-06-27,29.8
Virginia,VA,"4,7",2022-07-04,33
Virginia,VA,"4,7",2022-07-11,32.71
Virginia,VA,"4,7",2022-07-18,34.71
Virginia,VA,"4,7",2022-07-25,36.43
Virginia,VA,"4,7",2022-08-01,34.78
Virginia,VA,"4,7",2022-08-08,32.83
Virginia,VA,"4,7",2022-08-15,30.33
Virginia,VA,"4,7",2022-08-22,28.87
Virginia,VA,"4,7",2022-08-29,29.32
Virginia,VA,"4,7",2022-09-05,27.06
Virginia,VA,"4,7",2022-09-12,20.37
Virginia,VA,"4,7",2022-09-19,18.44
Virginia,VA,"4,7",2022-09-26,15.54
Virginia,VA,"4,7",2022-10-03,13.23
Virginia,VA,"4,7",2022-10-10,13.67
Virginia,VA,"4,7",2022-10-17,12
Virginia,VA,"4,7",2022-10-24,11.64
Virginia,VA,"4,7",2022-10-31,12.96
Virginia,VA,"4,7",2022-11-07,12.22
Virginia,VA,"4,7",2022-11-14,10.38
Virginia,VA,"4,7",2022-11-21,10.01
Virginia,VA,"4,7",2022-11-28,10.49
Virginia,VA,"4,7",2022-12-05,17.29
Virginia,VA,"4,7",2022-12-12,18.47
Virginia,VA,"4,7",2022-12-19,21.74
Virginia,VA,"4,7",2022-12-26,25.52
Virginia,VA,"4,7",2023-01-02,27.3
Virginia,VA,"4,7",2023-01-09,26.43
Virginia,VA,"4,7",2023-01-16,19.41
Virginia,VA,"4,7",2023-01-23,16.93
Virginia,VA,"4,7",2023-01-30,16.8
Virginia,VA,"4,7",2023-02-06,13.89
Virginia,VA,"4,7",2023-02-13,12.68
Virginia,VA,"4,7",2023-02-20,10.43
Virginia,VA,"4,7",2023-02-27,8.54
Virginia,VA,"4,7",2023-03-06,8.27
Virginia,VA,"4,7",2023-03-13,5.17
Virginia,VA,"4,7",2023-03-20,4.44
Washington,WA,"2,0",2020-03-02,0.03
Washington,WA,"2,0",2020-03-09,0.29
Washington,WA,"2,0",2020-03-16,1.15
Washington,WA,"2,0",2020-03-23,2.45
Washington,WA,"2,0",2020-03-30,5.78
Washington,WA,"2,0",2020-04-06,6.01
Washington,WA,"2,0",2020-04-13,4.06
Washington,WA,"2,0",2020-04-20,3.43
Washington,WA,"2,0",2020-04-27,3.19
Washington,WA,"2,0",2020-05-04,3.92
Washington,WA,"2,0",2020-05-11,3.99
Washington,WA,"2,0",2020-05-18,2.97
Washington,WA,"2,0",2020-05-25,2.83
Washington,WA,"2,0",2020-06-01,3.77
Washington,WA,"2,0",2020-06-08,4.35
Washington,WA,"2,0",2020-06-15,3.72
Washington,WA,"2,0",2020-06-22,5.38
Washington,WA,"2,0",2020-06-29,6.74
Washington,WA,"2,0",2020-07-06,8.41
Washington,WA,"2,0",2020-07-13,9.42
Washington,WA,"2,0",2020-07-20,12.03
Washington,WA,"2,0",2020-07-27,10.5
Washington,WA,"2,0",2020-08-03,10.25
Washington,WA,"2,0",2020-08-10,9.78
Washington,WA,"2,0",2020-08-17,8.04
Washington,WA,"2,0",2020-08-24,7.1
Washington,WA,"2,0",2020-08-31,6.43
Washington,WA,"2,0",2020-09-07,5.19
Washington,WA,"2,0",2020-09-14,6.33
Washington,WA,"2,0",2020-09-21,5.52
Washington,WA,"2,0",2020-09-28,7.12
Washington,WA,"2,0",2020-10-05,6.76
Washington,WA,"2,0",2020-10-12,7.62
Washington,WA,"2,0",2020-10-19,9.49
Washington,WA,"2,0",2020-10-26,9.51
Washington,WA,"2,0",2020-11-02,12
Washington,WA,"2,0",2020-11-09,18.33
Washington,WA,"2,0",2020-11-16,26.34
Washington,WA,"2,0",2020-11-23,31.39
Washington,WA,"2,0",2020-11-30,31.59
Washington,WA,"2,0",2020-12-07,36.19
Washington,WA,"2,0",2020-12-14,39.16
Washington,WA,"2,0",2020-12-21,34.33
Washington,WA,"2,0",2020-12-28,24.21
Washington,WA,"2,0",2021-01-04,33.36
Washington,WA,"2,0",2021-01-11,37.04
Washington,WA,"2,0",2021-01-18,23.77
Washington,WA,"2,0",2021-01-25,23.92
Washington,WA,"2,0",2021-02-01,21.04
Washington,WA,"2,0",2021-02-08,16.74
Washington,WA,"2,0",2021-02-15,8.78
Washington,WA,"2,0",2021-02-22,13.14
Washington,WA,"2,0",2021-03-01,10.16
Washington,WA,"2,0",2021-03-08,8.93
Washington,WA,"2,0",2021-03-15,9.12
Washington,WA,"2,0",2021-03-22,10.1
Washington,WA,"2,0",2021-03-29,11.82
Washington,WA,"2,0",2021-04-05,14.26
Washington,WA,"2,0",2021-04-12,14.86
Washington,WA,"2,0",2021-04-19,15.55
Washington,WA,"2,0",2021-04-26,19.67
Washington,WA,"2,0",2021-05-03,18.43
Washington,WA,"2,0",2021-05-10,15.99
Washington,WA,"2,0",2021-05-17,14.45
Washington,WA,"2,0",2021-05-24,11.38
Washington,WA,"2,0",2021-05-31,11.36
Washington,WA,"2,0",2021-06-07,9.87
Washington,WA,"2,0",2021-06-14,7.53
Washington,WA,"2,0",2021-06-21,5.72
Washington,WA,"2,0",2021-06-28,5.87
Washington,WA,"2,0",2021-07-05,4.7
Washington,WA,"2,0",2021-07-12,5.57
Washington,WA,"2,0",2021-07-19,8.46
Washington,WA,"2,0",2021-07-26,13.73
Washington,WA,"2,0",2021-08-02,12.76
Washington,WA,"2,0",2021-08-09,35.67
Washington,WA,"2,0",2021-08-16,37.26
Washington,WA,"2,0",2021-08-23,41.23
Washington,WA,"2,0",2021-08-30,43.56
Washington,WA,"2,0",2021-09-06,30.91
Washington,WA,"2,0",2021-09-13,58.89
Washington,WA,"2,0",2021-09-20,39.98
Washington,WA,"2,0",2021-09-27,39.22
Washington,WA,"2,0",2021-10-04,35.38
Washington,WA,"2,0",2021-10-11,30.13
Washington,WA,"2,0",2021-10-18,24.43
Washington,WA,"2,0",2021-10-25,35.53
Washington,WA,"2,0",2021-11-01,27.06
Washington,WA,"2,0",2021-11-08,23.48
Washington,WA,"2,0",2021-11-15,21.72
Washington,WA,"2,0",2021-11-22,22
Washington,WA,"2,0",2021-11-29,13.1
Washington,WA,"2,0",2021-12-06,21.04
Washington,WA,"2,0",2021-12-13,18.2
Washington,WA,"2,0",2021-12-20,22.24
Washington,WA,"2,0",2021-12-27,52.68
Washington,WA,"2,0",2022-01-03,88.57
Washington,WA,"2,0",2022-01-10,184.13
Washington,WA,"2,0",2022-01-17,208.2
Washington,WA,"2,0",2022-01-24,261.64
Washington,WA,"2,0",2022-01-31,244.19
Washington,WA,"2,0",2022-02-07,84.35
Washington,WA,"2,0",2022-02-14,55.16
Washington,WA,"2,0",2022-02-21,34.2
Washington,WA,"2,0",2022-02-28,18.22
Washington,WA,"2,0",2022-03-07,15.56
Washington,WA,"2,0",2022-03-14,15.42
Washington,WA,"2,0",2022-03-21,11.92
Washington,WA,"2,0",2022-03-28,11.97
Washington,WA,"2,0",2022-04-04,10.11
Washington,WA,"2,0",2022-04-11,11.17
Washington,WA,"2,0",2022-04-18,17.27
Washington,WA,"2,0",2022-04-25,21.86
Washington,WA,"2,0",2022-05-02,38.06
Washington,WA,"2,0",2022-05-09,33.2
Washington,WA,"2,0",2022-05-16,35.22
Washington,WA,"2,0",2022-05-23,40.2
Washington,WA,"2,0",2022-05-30,40.02
Washington,WA,"2,0",2022-06-06,34.74
Washington,WA,"2,0",2022-06-13,31
Washington,WA,"2,0",2022-06-20,22.82
Washington,WA,"2,0",2022-06-27,47.76
Washington,WA,"2,0",2022-07-04,36.7
Washington,WA,"2,0",2022-07-11,33.45
Washington,WA,"2,0",2022-07-18,31.94
Washington,WA,"2,0",2022-07-25,31.1
Washington,WA,"2,0",2022-08-01,27.77
Washington,WA,"2,0",2022-08-08,18.47
Washington,WA,"2,0",2022-08-15,26.28
Washington,WA,"2,0",2022-08-22,17.5
Washington,WA,"2,0",2022-08-29,16.93
Washington,WA,"2,0",2022-09-05,15.13
Washington,WA,"2,0",2022-09-12,11.63
Washington,WA,"2,0",2022-09-19,14.08
Washington,WA,"2,0",2022-09-26,14.18
Washington,WA,"2,0",2022-10-03,14.22
Washington,WA,"2,0",2022-10-10,10.83
Washington,WA,"2,0",2022-10-17,8.36
Washington,WA,"2,0",2022-10-24,9.06
Washington,WA,"2,0",2022-10-31,8.36
Washington,WA,"2,0",2022-11-07,1.55
Washington,WA,"2,0",2022-11-14,8.64
Washington,WA,"2,0",2022-11-21,8.11
Washington,WA,"2,0",2022-11-28,11.16
Washington,WA,"2,0",2022-12-05,10.63
Washington,WA,"2,0",2022-12-12,21.29
Washington,WA,"2,0",2022-12-19,12.67
Washington,WA,"2,0",2022-12-26,11.84
Washington,WA,"2,0",2023-01-02,9.83
Washington,WA,"2,0",2023-01-09,10.37
Washington,WA,"2,0",2023-01-16,10.5
Washington,WA,"2,0",2023-01-23,8.64
Washington,WA,"2,0",2023-01-30,9
Washington,WA,"2,0",2023-02-06,9.15
Washington,WA,"2,0",2023-02-13,10.4
Washington,WA,"2,0",2023-02-20,9.21
Washington,WA,"2,0",2023-02-27,7.92
Washington,WA,"2,0",2023-03-06,8.43
Washington,WA,"2,0",2023-03-13,8.43
Washington,WA,"2,0",2023-03-20,7.54
West Virginia,WV,"4,6",2020-03-23,0.13
West Virginia,WV,"4,6",2020-03-30,0.9
West Virginia,WV,"4,6",2020-04-06,1.61
West Virginia,WV,"4,6",2020-04-13,2.32
West Virginia,WV,"4,6",2020-04-20,2.15
West Virginia,WV,"4,6",2020-04-27,1.36
West Virginia,WV,"4,6",2020-05-04,1.17
West Virginia,WV,"4,6",2020-05-11,1.16
West Virginia,WV,"4,6",2020-05-18,1.05
West Virginia,WV,"4,6",2020-05-25,2.23
West Virginia,WV,"4,6",2020-06-01,1.96
West Virginia,WV,"4,6",2020-06-08,1.06
West Virginia,WV,"4,6",2020-06-15,1.28
West Virginia,WV,"4,6",2020-06-22,1.98
West Virginia,WV,"4,6",2020-06-29,2.38
West Virginia,WV,"4,6",2020-07-06,4.57
West Virginia,WV,"4,6",2020-07-13,6.94
West Virginia,WV,"4,6",2020-07-20,6.61
West Virginia,WV,"4,6",2020-07-27,7.27
West Virginia,WV,"4,6",2020-08-03,7.33
West Virginia,WV,"4,6",2020-08-10,6.23
West Virginia,WV,"4,6",2020-08-17,7
West Virginia,WV,"4,6",2020-08-24,5.42
West Virginia,WV,"4,6",2020-08-31,7.48
West Virginia,WV,"4,6",2020-09-07,10.56
West Virginia,WV,"4,6",2020-09-14,9.92
West Virginia,WV,"4,6",2020-09-21,10.77
West Virginia,WV,"4,6",2020-09-28,10.69
West Virginia,WV,"4,6",2020-10-05,9.8
West Virginia,WV,"4,6",2020-10-12,12.27
West Virginia,WV,"4,6",2020-10-19,16.04
West Virginia,WV,"4,6",2020-10-26,15.38
West Virginia,WV,"4,6",2020-11-02,24.01
West Virginia,WV,"4,6",2020-11-09,28.46
West Virginia,WV,"4,6",2020-11-16,45.08
West Virginia,WV,"4,6",2020-11-23,53.04
West Virginia,WV,"4,6",2020-11-30,53.63
West Virginia,WV,"4,6",2020-12-07,66.05
West Virginia,WV,"4,6",2020-12-14,65.89
West Virginia,WV,"4,6",2020-12-21,71.29
West Virginia,WV,"4,6",2020-12-28,64.56
West Virginia,WV,"4,6",2021-01-04,83.3
West Virginia,WV,"4,6",2021-01-11,82.87
West Virginia,WV,"4,6",2021-01-18,60
West Virginia,WV,"4,6",2021-01-25,48.07
West Virginia,WV,"4,6",2021-02-01,44.53
West Virginia,WV,"4,6",2021-02-08,29.34
West Virginia,WV,"4,6",2021-02-15,22.18
West Virginia,WV,"4,6",2021-02-22,15.66
West Virginia,WV,"4,6",2021-03-01,17.49
West Virginia,WV,"4,6",2021-03-08,12.59
West Virginia,WV,"4,6",2021-03-15,16.35
West Virginia,WV,"4,6",2021-03-22,19.32
West Virginia,WV,"4,6",2021-03-29,23.03
West Virginia,WV,"4,6",2021-04-05,21.86
West Virginia,WV,"4,6",2021-04-12,21.75
West Virginia,WV,"4,6",2021-04-19,21.4
West Virginia,WV,"4,6",2021-04-26,20.12
West Virginia,WV,"4,6",2021-05-03,20.22
West Virginia,WV,"4,6",2021-05-10,19.21
West Virginia,WV,"4,6",2021-05-17,16.15
West Virginia,WV,"4,6",2021-05-24,13.64
West Virginia,WV,"4,6",2021-05-31,12.37
West Virginia,WV,"4,6",2021-06-07,6.99
West Virginia,WV,"4,6",2021-06-14,4.81
West Virginia,WV,"4,6",2021-06-21,4.28
West Virginia,WV,"4,6",2021-06-28,2.97
West Virginia,WV,"4,6",2021-07-05,2.75
West Virginia,WV,"4,6",2021-07-12,2.66
West Virginia,WV,"4,6",2021-07-19,4.4
West Virginia,WV,"4,6",2021-07-26,7.42
West Virginia,WV,"4,6",2021-08-02,12.54
West Virginia,WV,"4,6",2021-08-09,20.07
West Virginia,WV,"4,6",2021-08-16,26.15
West Virginia,WV,"4,6",2021-08-23,52.13
West Virginia,WV,"4,6",2021-08-30,68.88
West Virginia,WV,"4,6",2021-09-06,84.81
West Virginia,WV,"4,6",2021-09-13,98.89
West Virginia,WV,"4,6",2021-09-20,101.47
West Virginia,WV,"4,6",2021-09-27,91.91
West Virginia,WV,"4,6",2021-10-04,76.36
West Virginia,WV,"4,6",2021-10-11,66.57
West Virginia,WV,"4,6",2021-10-18,57.7
West Virginia,WV,"4,6",2021-10-25,49.94
West Virginia,WV,"4,6",2021-11-01,44.89
West Virginia,WV,"4,6",2021-11-08,44.22
West Virginia,WV,"4,6",2021-11-15,39.72
West Virginia,WV,"4,6",2021-11-22,47.53
West Virginia,WV,"4,6",2021-11-29,35.79
West Virginia,WV,"4,6",2021-12-06,58.47
West Virginia,WV,"4,6",2021-12-13,54.64
West Virginia,WV,"4,6",2021-12-20,58.72
West Virginia,WV,"4,6",2021-12-27,55.11
West Virginia,WV,"4,6",2022-01-03,118.3
West Virginia,WV,"4,6",2022-01-10,182.89
West Virginia,WV,"4,6",2022-01-17,243.28
West Virginia,WV,"4,6",2022-01-24,250.91
West Virginia,WV,"4,6",2022-01-31,195.34
West Virginia,WV,"4,6",2022-02-07,142.36
West Virginia,WV,"4,6",2022-02-14,98.26
West Virginia,WV,"4,6",2022-02-21,63.5
West Virginia,WV,"4,6",2022-02-28,41.36
West Virginia,WV,"4,6",2022-03-07,25.91
West Virginia,WV,"4,6",2022-03-14,17.36
West Virginia,WV,"4,6",2022-03-21,9.64
West Virginia,WV,"4,6",2022-03-28,5.67
West Virginia,WV,"4,6",2022-04-04,4.59
West Virginia,WV,"4,6",2022-04-11,4.04
West Virginia,WV,"4,6",2022-04-18,5.19
West Virginia,WV,"4,6",2022-04-25,8.25
West Virginia,WV,"4,6",2022-05-02,12.08
West Virginia,WV,"4,6",2022-05-09,16.45
West Virginia,WV,"4,6",2022-05-16,24.12
West Virginia,WV,"4,6",2022-05-23,36.26
West Virginia,WV,"4,6",2022-05-30,37.48
West Virginia,WV,"4,6",2022-06-06,32.41
West Virginia,WV,"4,6",2022-06-13,28.74
West Virginia,WV,"4,6",2022-06-20,28.24
West Virginia,WV,"4,6",2022-06-27,28.03
West Virginia,WV,"4,6",2022-07-04,31.49
West Virginia,WV,"4,6",2022-07-11,34.7
West Virginia,WV,"4,6",2022-07-18,43.68
West Virginia,WV,"4,6",2022-07-25,48.61
West Virginia,WV,"4,6",2022-08-01,50.71
West Virginia,WV,"4,6",2022-08-08,47.93
West Virginia,WV,"4,6",2022-08-15,47.33
West Virginia,WV,"4,6",2022-08-22,43.06
West Virginia,WV,"4,6",2022-08-29,47.61
West Virginia,WV,"4,6",2022-09-05,49.71
West Virginia,WV,"4,6",2022-09-12,42.14
West Virginia,WV,"4,6",2022-09-19,31.43
West Virginia,WV,"4,6",2022-09-26,22.93
West Virginia,WV,"4,6",2022-10-03,16.76
West Virginia,WV,"4,6",2022-10-10,15.17
West Virginia,WV,"4,6",2022-10-17,12.98
West Virginia,WV,"4,6",2022-10-24,12.8
West Virginia,WV,"4,6",2022-10-31,13.63
West Virginia,WV,"4,6",2022-11-07,14.67
West Virginia,WV,"4,6",2022-11-14,11.27
West Virginia,WV,"4,6",2022-11-21,10.78
West Virginia,WV,"4,6",2022-11-28,10.52
West Virginia,WV,"4,6",2022-12-05,15.08
West Virginia,WV,"4,6",2022-12-12,15.07
West Virginia,WV,"4,6",2022-12-19,19.38
West Virginia,WV,"4,6",2022-12-26,21.69
West Virginia,WV,"4,6",2023-01-02,21.67
West Virginia,WV,"4,6",2023-01-09,21.62
West Virginia,WV,"4,6",2023-01-16,17.12
West Virginia,WV,"4,6",2023-01-23,13.88
West Virginia,WV,"4,6",2023-01-30,14.94
West Virginia,WV,"4,6",2023-02-06,13.53
West Virginia,WV,"4,6",2023-02-13,14.19
West Virginia,WV,"4,6",2023-02-20,17.11
West Virginia,WV,"4,6",2023-02-27,13.5
West Virginia,WV,"4,6",2023-03-06,13.6
West Virginia,WV,"4,6",2023-03-13,11.27
West Virginia,WV,"4,6",2023-03-20,11.26
Wisconsin,WI,"2,6",2020-03-02,0
Wisconsin,WI,"2,6",2020-03-09,0
Wisconsin,WI,"2,6",2020-03-16,0.11
Wisconsin,WI,"2,6",2020-03-23,0.91
Wisconsin,WI,"2,6",2020-03-30,2.09
Wisconsin,WI,"2,6",2020-04-06,2.87
Wisconsin,WI,"2,6",2020-04-13,2.42
Wisconsin,WI,"2,6",2020-04-20,2.79
Wisconsin,WI,"2,6",2020-04-27,3.93
Wisconsin,WI,"2,6",2020-05-04,5.39
Wisconsin,WI,"2,6",2020-05-11,5.44
Wisconsin,WI,"2,6",2020-05-18,5.72
Wisconsin,WI,"2,6",2020-05-25,7.23
Wisconsin,WI,"2,6",2020-06-01,7.28
Wisconsin,WI,"2,6",2020-06-08,6.47
Wisconsin,WI,"2,6",2020-06-15,4.74
Wisconsin,WI,"2,6",2020-06-22,5.69
Wisconsin,WI,"2,6",2020-06-29,7.98
Wisconsin,WI,"2,6",2020-07-06,10.34
Wisconsin,WI,"2,6",2020-07-13,12.97
Wisconsin,WI,"2,6",2020-07-20,15.09
Wisconsin,WI,"2,6",2020-07-27,16.12
Wisconsin,WI,"2,6",2020-08-03,15.08
Wisconsin,WI,"2,6",2020-08-10,14.61
Wisconsin,WI,"2,6",2020-08-17,13.17
Wisconsin,WI,"2,6",2020-08-24,12.17
Wisconsin,WI,"2,6",2020-08-31,12.21
Wisconsin,WI,"2,6",2020-09-07,15.33
Wisconsin,WI,"2,6",2020-09-14,21.06
Wisconsin,WI,"2,6",2020-09-21,32.12
Wisconsin,WI,"2,6",2020-09-28,38.43
Wisconsin,WI,"2,6",2020-10-05,42.84
Wisconsin,WI,"2,6",2020-10-12,46.31
Wisconsin,WI,"2,6",2020-10-19,55.26
Wisconsin,WI,"2,6",2020-10-26,71
Wisconsin,WI,"2,6",2020-11-02,80.62
Wisconsin,WI,"2,6",2020-11-09,101.75
Wisconsin,WI,"2,6",2020-11-16,118.25
Wisconsin,WI,"2,6",2020-11-23,110.54
Wisconsin,WI,"2,6",2020-11-30,78.6
Wisconsin,WI,"2,6",2020-12-07,77.74
Wisconsin,WI,"2,6",2020-12-14,68.38
Wisconsin,WI,"2,6",2020-12-21,56.6
Wisconsin,WI,"2,6",2020-12-28,38.73
Wisconsin,WI,"2,6",2021-01-04,43.51
Wisconsin,WI,"2,6",2021-01-11,59.06
Wisconsin,WI,"2,6",2021-01-18,42.67
Wisconsin,WI,"2,6",2021-01-25,32.24
Wisconsin,WI,"2,6",2021-02-01,25.63
Wisconsin,WI,"2,6",2021-02-08,20.78
Wisconsin,WI,"2,6",2021-02-15,15.33
Wisconsin,WI,"2,6",2021-02-22,12.45
Wisconsin,WI,"2,6",2021-03-01,12.24
Wisconsin,WI,"2,6",2021-03-08,10.16
Wisconsin,WI,"2,6",2021-03-15,9.93
Wisconsin,WI,"2,6",2021-03-22,10.07
Wisconsin,WI,"2,6",2021-03-29,11.45
Wisconsin,WI,"2,6",2021-04-05,12.52
Wisconsin,WI,"2,6",2021-04-12,15.73
Wisconsin,WI,"2,6",2021-04-19,14.68
Wisconsin,WI,"2,6",2021-04-26,12.23
Wisconsin,WI,"2,6",2021-05-03,12.6
Wisconsin,WI,"2,6",2021-05-10,10.63
Wisconsin,WI,"2,6",2021-05-17,8.35
Wisconsin,WI,"2,6",2021-05-24,6.83
Wisconsin,WI,"2,6",2021-05-31,4.49
Wisconsin,WI,"2,6",2021-06-07,2.53
Wisconsin,WI,"2,6",2021-06-14,2.03
Wisconsin,WI,"2,6",2021-06-21,1.33
Wisconsin,WI,"2,6",2021-06-28,1.42
Wisconsin,WI,"2,6",2021-07-05,1.49
Wisconsin,WI,"2,6",2021-07-12,2.31
Wisconsin,WI,"2,6",2021-07-19,3.19
Wisconsin,WI,"2,6",2021-07-26,6.82
Wisconsin,WI,"2,6",2021-08-02,15.27
Wisconsin,WI,"2,6",2021-08-09,20.85
Wisconsin,WI,"2,6",2021-08-16,23.37
Wisconsin,WI,"2,6",2021-08-23,26
Wisconsin,WI,"2,6",2021-08-30,33.01
Wisconsin,WI,"2,6",2021-09-06,35.11
Wisconsin,WI,"2,6",2021-09-13,29.98
Wisconsin,WI,"2,6",2021-09-20,53.65
Wisconsin,WI,"2,6",2021-09-27,50.79
Wisconsin,WI,"2,6",2021-10-04,49.7
Wisconsin,WI,"2,6",2021-10-11,49.14
Wisconsin,WI,"2,6",2021-10-18,42.4
Wisconsin,WI,"2,6",2021-10-25,34.3
Wisconsin,WI,"2,6",2021-11-01,37.29
Wisconsin,WI,"2,6",2021-11-08,44.1
Wisconsin,WI,"2,6",2021-11-15,56.57
Wisconsin,WI,"2,6",2021-11-22,61.55
Wisconsin,WI,"2,6",2021-11-29,52.8
Wisconsin,WI,"2,6",2021-12-06,71.88
Wisconsin,WI,"2,6",2021-12-13,67.9
Wisconsin,WI,"2,6",2021-12-20,68.81
Wisconsin,WI,"2,6",2021-12-27,67.35
Wisconsin,WI,"2,6",2022-01-03,106.09
Wisconsin,WI,"2,6",2022-01-10,213.73
Wisconsin,WI,"2,6",2022-01-17,395.84
Wisconsin,WI,"2,6",2022-01-24,219.87
Wisconsin,WI,"2,6",2022-01-31,113.39
Wisconsin,WI,"2,6",2022-02-07,64.09
Wisconsin,WI,"2,6",2022-02-14,37.04
Wisconsin,WI,"2,6",2022-02-21,22.45
Wisconsin,WI,"2,6",2022-02-28,12.75
Wisconsin,WI,"2,6",2022-03-07,9.2
Wisconsin,WI,"2,6",2022-03-14,6.47
Wisconsin,WI,"2,6",2022-03-21,6.8
Wisconsin,WI,"2,6",2022-03-28,6.3
Wisconsin,WI,"2,6",2022-04-04,7.51
Wisconsin,WI,"2,6",2022-04-11,8.23
Wisconsin,WI,"2,6",2022-04-18,12.3
Wisconsin,WI,"2,6",2022-04-25,18.92
Wisconsin,WI,"2,6",2022-05-02,23.63
Wisconsin,WI,"2,6",2022-05-09,33.92
Wisconsin,WI,"2,6",2022-05-16,41.3
Wisconsin,WI,"2,6",2022-05-23,36.8
Wisconsin,WI,"2,6",2022-05-30,36.12
Wisconsin,WI,"2,6",2022-06-06,33.06
Wisconsin,WI,"2,6",2022-06-13,29.1
Wisconsin,WI,"2,6",2022-06-20,26.27
Wisconsin,WI,"2,6",2022-06-27,26.61
Wisconsin,WI,"2,6",2022-07-04,25.72
Wisconsin,WI,"2,6",2022-07-11,23.82
Wisconsin,WI,"2,6",2022-07-18,30.5
Wisconsin,WI,"2,6",2022-07-25,33.88
Wisconsin,WI,"2,6",2022-08-01,34.04
Wisconsin,WI,"2,6",2022-08-08,31.45
Wisconsin,WI,"2,6",2022-08-15,29.19
Wisconsin,WI,"2,6",2022-08-22,28.78
Wisconsin,WI,"2,6",2022-08-29,25.65
Wisconsin,WI,"2,6",2022-09-05,22.9
Wisconsin,WI,"2,6",2022-09-12,18.34
Wisconsin,WI,"2,6",2022-09-19,21.19
Wisconsin,WI,"2,6",2022-09-26,19.85
Wisconsin,WI,"2,6",2022-10-03,16.33
Wisconsin,WI,"2,6",2022-10-10,17.45
Wisconsin,WI,"2,6",2022-10-17,17.38
Wisconsin,WI,"2,6",2022-10-24,17.62
Wisconsin,WI,"2,6",2022-10-31,18.31
Wisconsin,WI,"2,6",2022-11-07,17.5
Wisconsin,WI,"2,6",2022-11-14,16.41
Wisconsin,WI,"2,6",2022-11-21,14.71
Wisconsin,WI,"2,6",2022-11-28,15.04
Wisconsin,WI,"2,6",2022-12-05,19.39
Wisconsin,WI,"2,6",2022-12-12,20.3
Wisconsin,WI,"2,6",2022-12-19,21.56
Wisconsin,WI,"2,6",2022-12-26,19.85
Wisconsin,WI,"2,6",2023-01-02,15.71
Wisconsin,WI,"2,6",2023-01-09,15.59
Wisconsin,WI,"2,6",2023-01-16,13.42
Wisconsin,WI,"2,6",2023-01-23,10.72
Wisconsin,WI,"2,6",2023-01-30,10.39
Wisconsin,WI,"2,6",2023-02-06,10.5
Wisconsin,WI,"2,6",2023-02-13,10.78
Wisconsin,WI,"2,6",2023-02-20,10.86
Wisconsin,WI,"2,6",2023-02-27,10.44
Wisconsin,WI,"2,6",2023-03-06,11.05
Wisconsin,WI,"2,6",2023-03-13,10
Wisconsin,WI,"2,6",2023-03-20,9.36
Wyoming,WY,"3,2",2020-03-16,0.25
Wyoming,WY,"3,2",2020-03-23,0.44
Wyoming,WY,"3,2",2020-03-30,1.68
Wyoming,WY,"3,2",2020-04-06,2.89
Wyoming,WY,"3,2",2020-04-13,2.47
Wyoming,WY,"3,2",2020-04-20,1.31
Wyoming,WY,"3,2",2020-04-27,2.32
Wyoming,WY,"3,2",2020-05-04,1.88
Wyoming,WY,"3,2",2020-05-11,1.8
Wyoming,WY,"3,2",2020-05-18,2.39
Wyoming,WY,"3,2",2020-05-25,1.9
Wyoming,WY,"3,2",2020-06-01,1.65
Wyoming,WY,"3,2",2020-06-08,1.23
Wyoming,WY,"3,2",2020-06-15,2.94
Wyoming,WY,"3,2",2020-06-22,3.73
Wyoming,WY,"3,2",2020-06-29,5.43
Wyoming,WY,"3,2",2020-07-06,5.55
Wyoming,WY,"3,2",2020-07-13,5.63
Wyoming,WY,"3,2",2020-07-20,7.01
Wyoming,WY,"3,2",2020-07-27,8.22
Wyoming,WY,"3,2",2020-08-03,8.1
Wyoming,WY,"3,2",2020-08-10,5.97
Wyoming,WY,"3,2",2020-08-17,7.13
Wyoming,WY,"3,2",2020-08-24,6.71
Wyoming,WY,"3,2",2020-08-31,5.9
Wyoming,WY,"3,2",2020-09-07,5.23
Wyoming,WY,"3,2",2020-09-14,7.78
Wyoming,WY,"3,2",2020-09-21,13.63
Wyoming,WY,"3,2",2020-09-28,19.99
Wyoming,WY,"3,2",2020-10-05,21.6
Wyoming,WY,"3,2",2020-10-12,28.95
Wyoming,WY,"3,2",2020-10-19,37.25
Wyoming,WY,"3,2",2020-10-26,53.46
Wyoming,WY,"3,2",2020-11-02,66.4
Wyoming,WY,"3,2",2020-11-09,94.86
Wyoming,WY,"3,2",2020-11-16,127.93
Wyoming,WY,"3,2",2020-11-23,153.97
Wyoming,WY,"3,2",2020-11-30,95.62
Wyoming,WY,"3,2",2020-12-07,90.83
Wyoming,WY,"3,2",2020-12-14,68.87
Wyoming,WY,"3,2",2020-12-21,57.83
Wyoming,WY,"3,2",2020-12-28,39.15
Wyoming,WY,"3,2",2021-01-04,38.09
Wyoming,WY,"3,2",2021-01-11,53.02
Wyoming,WY,"3,2",2021-01-18,57.09
Wyoming,WY,"3,2",2021-01-25,33.42
Wyoming,WY,"3,2",2021-02-01,24.56
Wyoming,WY,"3,2",2021-02-08,17.94
Wyoming,WY,"3,2",2021-02-15,12.56
Wyoming,WY,"3,2",2021-02-22,16.5
Wyoming,WY,"3,2",2021-03-01,14.09
Wyoming,WY,"3,2",2021-03-08,10.66
Wyoming,WY,"3,2",2021-03-15,10.47
Wyoming,WY,"3,2",2021-03-22,9.95
Wyoming,WY,"3,2",2021-03-29,11.35
Wyoming,WY,"3,2",2021-04-05,8.37
Wyoming,WY,"3,2",2021-04-12,11.33
Wyoming,WY,"3,2",2021-04-19,9.63
Wyoming,WY,"3,2",2021-04-26,10.86
Wyoming,WY,"3,2",2021-05-03,11.65
Wyoming,WY,"3,2",2021-05-10,11.7
Wyoming,WY,"3,2",2021-05-17,11.3
Wyoming,WY,"3,2",2021-05-24,14.19
Wyoming,WY,"3,2",2021-05-31,11.95
Wyoming,WY,"3,2",2021-06-07,10.87
Wyoming,WY,"3,2",2021-06-14,11.4
Wyoming,WY,"3,2",2021-06-21,9.75
Wyoming,WY,"3,2",2021-06-28,11.58
Wyoming,WY,"3,2",2021-07-05,12.19
Wyoming,WY,"3,2",2021-07-12,11.97
Wyoming,WY,"3,2",2021-07-19,14.09
Wyoming,WY,"3,2",2021-07-26,18.32
Wyoming,WY,"3,2",2021-08-02,25.08
Wyoming,WY,"3,2",2021-08-09,38.48
Wyoming,WY,"3,2",2021-08-16,47.34
Wyoming,WY,"3,2",2021-08-23,64.62
Wyoming,WY,"3,2",2021-08-30,78.84
Wyoming,WY,"3,2",2021-09-06,92.29
Wyoming,WY,"3,2",2021-09-13,79.81
Wyoming,WY,"3,2",2021-09-20,90.69
Wyoming,WY,"3,2",2021-09-27,84.81
Wyoming,WY,"3,2",2021-10-04,75.14
Wyoming,WY,"3,2",2021-10-11,77.95
Wyoming,WY,"3,2",2021-10-18,74.74
Wyoming,WY,"3,2",2021-10-25,72.03
Wyoming,WY,"3,2",2021-11-01,62.67
Wyoming,WY,"3,2",2021-11-08,58.45
Wyoming,WY,"3,2",2021-11-15,52.16
Wyoming,WY,"3,2",2021-11-22,41.94
Wyoming,WY,"3,2",2021-11-29,25.23
Wyoming,WY,"3,2",2021-12-06,33.94
Wyoming,WY,"3,2",2021-12-13,21.67
Wyoming,WY,"3,2",2021-12-20,16.91
Wyoming,WY,"3,2",2021-12-27,21.28
Wyoming,WY,"3,2",2022-01-03,49.84
Wyoming,WY,"3,2",2022-01-10,120.36
Wyoming,WY,"3,2",2022-01-17,163.18
Wyoming,WY,"3,2",2022-01-24,197.06
Wyoming,WY,"3,2",2022-01-31,213.07
Wyoming,WY,"3,2",2022-02-07,104.09
Wyoming,WY,"3,2",2022-02-14,58.57
Wyoming,WY,"3,2",2022-02-21,37.05
Wyoming,WY,"3,2",2022-02-28,17.61
Wyoming,WY,"3,2",2022-03-07,9.65
Wyoming,WY,"3,2",2022-03-14,7.85
Wyoming,WY,"3,2",2022-03-21,4.02
Wyoming,WY,"3,2",2022-03-28,3.68
Wyoming,WY,"3,2",2022-04-04,2.74
Wyoming,WY,"3,2",2022-04-11,2.81
Wyoming,WY,"3,2",2022-04-18,2.81
Wyoming,WY,"3,2",2022-04-25,2.32
Wyoming,WY,"3,2",2022-05-02,3.9
Wyoming,WY,"3,2",2022-05-09,4.81
Wyoming,WY,"3,2",2022-05-16,7.06
Wyoming,WY,"3,2",2022-05-23,9.33
Wyoming,WY,"3,2",2022-05-30,11.16
Wyoming,WY,"3,2",2022-06-06,15.08
Wyoming,WY,"3,2",2022-06-13,30.48
Wyoming,WY,"3,2",2022-06-20,60.55
Wyoming,WY,"3,2",2022-06-27,29.13
Wyoming,WY,"3,2",2022-07-04,27.55
Wyoming,WY,"3,2",2022-07-11,28.71
Wyoming,WY,"3,2",2022-07-18,43.62
Wyoming,WY,"3,2",2022-07-25,31.89
Wyoming,WY,"3,2",2022-08-01,33.4
Wyoming,WY,"3,2",2022-08-08,31.87
Wyoming,WY,"3,2",2022-08-15,28.41
Wyoming,WY,"3,2",2022-08-22,25.03
Wyoming,WY,"3,2",2022-08-29,17.92
Wyoming,WY,"3,2",2022-09-05,15.18
Wyoming,WY,"3,2",2022-09-12,11.4
Wyoming,WY,"3,2",2022-09-19,11.26
Wyoming,WY,"3,2",2022-09-26,12.59
Wyoming,WY,"3,2",2022-10-03,11.65
Wyoming,WY,"3,2",2022-10-10,10.79
Wyoming,WY,"3,2",2022-10-17,11.6
Wyoming,WY,"3,2",2022-10-24,9.8
Wyoming,WY,"3,2",2022-10-31,10.17
Wyoming,WY,"3,2",2022-11-07,10.42
Wyoming,WY,"3,2",2022-11-14,12.34
Wyoming,WY,"3,2",2022-11-21,11.65
Wyoming,WY,"3,2",2022-11-28,14.51
Wyoming,WY,"3,2",2022-12-05,12.32
Wyoming,WY,"3,2",2022-12-12,19.01
Wyoming,WY,"3,2",2022-12-19,12.42
Wyoming,WY,"3,2",2022-12-26,9.45
Wyoming,WY,"3,2",2023-01-02,6.57
Wyoming,WY,"3,2",2023-01-09,7.5
Wyoming,WY,"3,2",2023-01-16,5.78
Wyoming,WY,"3,2",2023-01-23,4.96
Wyoming,WY,"3,2",2023-01-30,4.64
Wyoming,WY,"3,2",2023-02-06,4.64
Wyoming,WY,"3,2",2023-02-13,14.33
Wyoming,WY,"3,2",2023-02-20,6.27
Wyoming,WY,"3,2",2023-02-27,7.68
Wyoming,WY,"3,2",2023-03-06,8.47
Wyoming,WY,"3,2",2023-03-13,5.58
Wyoming,WY,"3,2",2023-03-20,6.29
