State,Label,Order,Year,Rate,Status
Alaska,Alaska,0,1928,,not reported
Alaska,Alaska,0,1929,,not reported
Alaska,Alaska,0,1930,,not reported
Alaska,Alaska,0,1931,,not reported
Alaska,Alaska,0,1932,,not reported
Alaska,Alaska,0,1933,,not reported
Alaska,Alaska,0,1934,,not reported
Alaska,Alaska,0,1935,,not reported
Alaska,Alaska,0,1936,,not reported
Alaska,Alaska,0,1937,,not reported
Alaska,Alaska,0,1938,,not reported
Alaska,Alaska,0,1939,,not reported
Alaska,Alaska,0,1940,,not reported
Alaska,Alaska,0,1941,,not reported
Alaska,Alaska,0,1942,,not reported
Alaska,Alaska,0,1943,,not reported
Alaska,Alaska,0,1944,,not reported
Alaska,Alaska,0,1945,,not reported
Alaska,Alaska,0,1946,,not reported
Alaska,Alaska,0,1947,,not reported
Alaska,Alaska,0,1948,,not reported
Alaska,Alaska,0,1949,,not reported
Alaska,Alaska,0,1950,,not reported
Alaska,Alaska,0,1951,,not reported
Alaska,Alaska,0,1952,,not reported
Alaska,Alaska,0,1953,,not reported
Alaska,Alaska,0,1954,691.63,reported
Alaska,Alaska,0,1955,241.89,reported
Alaska,Alaska,0,1956,1120.98,reported
Alaska,Alaska,0,1957,414.72,reported
Alaska,Alaska,0,1958,562.05,reported
Alaska,Alaska,0,1959,816.52,reported
Alaska,Alaska,0,1960,635.81,reported
Alaska,Alaska,0,1961,421.01,reported
Alaska,Alaska,0,1962,571.54,reported
Alaska,Alaska,0,1963,722.27,reported
Alaska,Alaska,0,1964,439.92,reported
Alaska,Alaska,0,1965,79.34,reported
Alaska,Alaska,0,1966,236.53,reported
Alaska,Alaska,0,1967,53.24,reported
Alaska,Alaska,0,1968,3.86,reported
Alaska,Alaska,0,1969,6.76,reported
Alaska,Alaska,0,1970,33.6,reported
Alaska,Alaska,0,1971,19.42,reported
Alaska,Alaska,0,1972,3.93,reported
Alaska,Alaska,0,1973,1.47,reported
Alaska,Alaska,0,1974,0.27,reported
Alaska,Alaska,0,1975,,not reported
Alaska,Alaska,0,1976,2.73,reported
Alaska,Alaska,0,1977,15.07,reported
Alaska,Alaska,0,1978,0.5,reported
Alaska,Alaska,0,1979,4.48,reported
Alaska,Alaska,0,1980,1.43,reported
Alaska,Alaska,0,1981,,not reported
Alaska,Alaska,0,1982,0.2,reported
Alaska,Alaska,0,1983,,not reported
Alaska,Alaska,0,1984,,not reported
Alaska,Alaska,0,1985,,not reported
Alaska,Alaska,0,1986,,not reported
Alaska,Alaska,0,1987,,not reported
Alaska,Alaska,0,1988,0.18,reported
Alaska,Alaska,0,1989,0,reported
Alaska,Alaska,0,1990,4.88,reported
Alaska,Alaska,0,1991,0.18,reported
Alaska,Alaska,0,1992,0.68,reported
Alaska,Alaska,0,1993,,not reported
Alaska,Alaska,0,1994,2.65,reported
Alaska,Alaska,0,1995,,not reported
Alaska,Alaska,0,1996,11.17,reported
Alaska,Alaska,0,1997,0.16,reported
Alaska,Alaska,0,1998,2.58,reported
Alaska,Alaska,0,1999,,not reported
Alaska,Alaska,0,2000,0.16,reported
Alaska,Alaska,0,2001,,not reported
Alaska,Alaska,0,2002,,not reported
Alaska,Alaska,0,2003,,absent
Alaska,Alaska,0,2004,0,reported
Alaska,Alaska,0,2005,0,reported
Alaska,Alaska,0,2006,0,reported
Alaska,Alaska,0,2007,0,reported
Alaska,Alaska,0,2008,0,reported
Alaska,Alaska,0,2009,0,reported
Alaska,Alaska,0,2010,0,reported
Alaska,Alaska,0,2011,0,reported
Alaska,Alaska,0,2012,0,reported
Alabama,Ala.,1,1928,334.96,reported
Alabama,Ala.,1,1929,111.91,reported
Alabama,Ala.,1,1930,157.01,reported
Alabama,Ala.,1,1931,337.26,reported
Alabama,Ala.,1,1932,10.18,reported
Alabama,Ala.,1,1933,65.2,reported
Alabama,Ala.,1,1934,590.28,reported
Alabama,Ala.,1,1935,265.32,reported
Alabama,Ala.,1,1936,20.78,reported
Alabama,Ala.,1,1937,22.45,reported
Alabama,Ala.,1,1938,496.43,reported
Alabama,Ala.,1,1939,182.66,reported
Alabama,Ala.,1,1940,115.11,reported
Alabama,Ala.,1,1941,297.5,reported
Alabama,Ala.,1,1942,126.16,reported
Alabama,Ala.,1,1943,130.82,reported
Alabama,Ala.,1,1944,252.84,reported
Alabama,Ala.,1,1945,27.32,reported
Alabama,Ala.,1,1946,126.76,reported
Alabama,Ala.,1,1947,127.26,reported
Alabama,Ala.,1,1948,69.08,reported
Alabama,Ala.,1,1949,368.87,reported
Alabama,Ala.,1,1950,50.88,reported
Alabama,Ala.,1,1951,103.24,reported
Alabama,Ala.,1,1952,351.73,reported
Alabama,Ala.,1,1953,93.97,reported
Alabama,Ala.,1,1954,280.39,reported
Alabama,Ala.,1,1955,69.67,reported
Alabama,Ala.,1,1956,231.75,reported
Alabama,Ala.,1,1957,299.77,reported
Alabama,Ala.,1,1958,242.3,reported
Alabama,Ala.,1,1959,108.21,reported
Alabama,Ala.,1,1960,63.38,reported
Alabama,Ala.,1,1961,78.05,reported
Alabama,Ala.,1,1962,71.59,reported
Alabama,Ala.,1,1963,34.69,reported
Alabama,Ala.,1,1964,533.67,reported
Alabama,Ala.,1,1965,68.14,reported
Alabama,Ala.,1,1966,52.34,reported
Alabama,Ala.,1,1967,38.92,reported
Alabama,Ala.,1,1968,4.61,reported
Alabama,Ala.,1,1969,0.35,reported
Alabama,Ala.,1,1970,13.93,reported
Alabama,Ala.,1,1971,55.24,reported
Alabama,Ala.,1,1972,3.99,reported
Alabama,Ala.,1,1973,0.41,reported
Alabama,Ala.,1,1974,0.57,reported
Alabama,Ala.,1,1975,0.13,reported
Alabama,Ala.,1,1976,,not reported
Alabama,Ala.,1,1977,2.06,reported
Alabama,Ala.,1,1978,3.41,reported
Alabama,Ala.,1,1979,3.31,reported
Alabama,Ala.,1,1980,0.56,reported
Alabama,Ala.,1,1981,0,reported
Alabama,Ala.,1,1982,0.05,reported
Alabama,Ala.,1,1983,0.03,reported
Alabama,Ala.,1,1984,0,reported
Alabama,Ala.,1,1985,,not reported
Alabama,Ala.,1,1986,0.02,reported
Alabama,Ala.,1,1987,0.1,reported
Alabama,Ala.,1,1988,0.02,reported
Alabama,Ala.,1,1989,1.51,reported
Alabama,Ala.,1,1990,0.69,reported
Alabama,Ala.,1,1991,0.02,reported
Alabama,Ala.,1,1992,,not reported
Alabama,Ala.,1,1993,0.02,reported
Alabama,Ala.,1,1994,,not reported
Alabama,Ala.,1,1995,,not reported
Alabama,Ala.,1,1996,,not reported
Alabama,Ala.,1,1997,0.14,reported
Alabama,Ala.,1,1998,0,reported
Alabama,Ala.,1,1999,,not reported
Alabama,Ala.,1,2000,,not reported
Alabama,Ala.,1,2001,,not reported
Alabama,Ala.,1,2002,0.16,reported
Alabama,Ala.,1,2003,0,reported
Alabama,Ala.,1,2004,0,reported
Alabama,Ala.,1,2005,0,reported
Alabama,Ala.,1,2006,0,reported
Alabama,Ala.,1,2007,0,reported
Alabama,Ala.,1,2008,0,reported
Alabama,Ala.,1,2009,0,reported
Alabama,Ala.,1,2010,0,reported
Alabama,Ala.,1,2011,0,reported
Alabama,Ala.,1,2012,0,reported
Arkansas,Ark.,2,1928,481.81,reported
Arkansas,Ark.,2,1929,67.22,reported
Arkansas,Ark.,2,1930,53.47,reported
Arkansas,Ark.,2,1931,45.94,reported
Arkansas,Ark.,2,1932,5.39,reported
Arkansas,Ark.,2,1933,293.31,reported
Arkansas,Ark.,2,1934,384.56,reported
Arkansas,Ark.,2,1935,80.32,reported
Arkansas,Ark.,2,1936,5.66,reported
Arkansas,Ark.,2,1937,16.92,reported
Arkansas,Ark.,2,1938,356.72,reported
Arkansas,Ark.,2,1939,123.54,reported
Arkansas,Ark.,2,1940,72.02,reported
Arkansas,Ark.,2,1941,273.9,reported
Arkansas,Ark.,2,1942,232.73,reported
Arkansas,Ark.,2,1943,162.59,reported
Arkansas,Ark.,2,1944,207.47,reported
Arkansas,Ark.,2,1945,69.52,reported
Arkansas,Ark.,2,1946,168.45,reported
Arkansas,Ark.,2,1947,130.64,reported
Arkansas,Ark.,2,1948,208.33,reported
Arkansas,Ark.,2,1949,667.73,reported
Arkansas,Ark.,2,1950,91.14,reported
Arkansas,Ark.,2,1951,401.1,reported
Arkansas,Ark.,2,1952,188.55,reported
Arkansas,Ark.,2,1953,727.39,reported
Arkansas,Ark.,2,1954,151.04,reported
Arkansas,Ark.,2,1955,173.57,reported
Arkansas,Ark.,2,1956,506.87,reported
Arkansas,Ark.,2,1957,78.36,reported
Arkansas,Ark.,2,1958,173.93,reported
Arkansas,Ark.,2,1959,46.47,reported
Arkansas,Ark.,2,1960,89.21,reported
Arkansas,Ark.,2,1961,93.24,reported
Arkansas,Ark.,2,1962,77.6,reported
Arkansas,Ark.,2,1963,77.49,reported
Arkansas,Ark.,2,1964,58.3,reported
Arkansas,Ark.,2,1965,63.09,reported
Arkansas,Ark.,2,1966,72.51,reported
Arkansas,Ark.,2,1967,66.75,reported
Arkansas,Ark.,2,1968,0.16,reported
Arkansas,Ark.,2,1969,1.52,reported
Arkansas,Ark.,2,1970,1.67,reported
Arkansas,Ark.,2,1971,21.9,reported
Arkansas,Ark.,2,1972,0.63,reported
Arkansas,Ark.,2,1973,3.66,reported
Arkansas,Ark.,2,1974,0.65,reported
Arkansas,Ark.,2,1975,0.09,reported
Arkansas,Ark.,2,1976,0.91,reported
Arkansas,Ark.,2,1977,2.05,reported
Arkansas,Ark.,2,1978,0.97,reported
Arkansas,Ark.,2,1979,0.48,reported
Arkansas,Ark.,2,1980,0.78,reported
Arkansas,Ark.,2,1981,0.61,reported
Arkansas,Ark.,2,1982,,not reported
Arkansas,Ark.,2,1983,0.04,reported
Arkansas,Ark.,2,1984,0.39,reported
Arkansas,Ark.,2,1985,,not reported
Arkansas,Ark.,2,1986,12.21,reported
Arkansas,Ark.,2,1987,,not reported
Arkansas,Ark.,2,1988,,not reported
Arkansas,Ark.,2,1989,0.21,reported
Arkansas,Ark.,2,1990,1.74,reported
Arkansas,Ark.,2,1991,,not reported
Arkansas,Ark.,2,1992,,not reported
Arkansas,Ark.,2,1993,,not reported
Arkansas,Ark.,2,1994,,not reported
Arkansas,Ark.,2,1995,0.08,reported
Arkansas,Ark.,2,1996,,not reported
Arkansas,Ark.,2,1997,0.12,reported
Arkansas,Ark.,2,1998,,not reported
Arkansas,Ark.,2,1999,0.15,reported
Arkansas,Ark.,2,2000,0.04,reported
Arkansas,Ark.,2,2001,,not reported
Arkansas,Ark.,2,2002,,not reported
Arkansas,Ark.,2,2003,0,reported
Arkansas,Ark.,2,2004,0,reported
Arkansas,Ark.,2,2005,0,reported
Arkansas,Ark.,2,2006,0,reported
Arkansas,Ark.,2,2007,0,reported
Arkansas,Ark.,2,2008,0.07,reported
Arkansas,Ark.,2,2009,0,reported
Arkansas,Ark.,2,2010,0,reported
Arkansas,Ark.,2,2011,0,reported
Arkansas,Ark.,2,2012,0.14,reported
Arizona,Ariz.,3,1928,200.71,reported
Arizona,Ariz.,3,1929,54.88,reported
Arizona,Ariz.,3,1930,466.36,reported
Arizona,Ariz.,3,1931,497.67,reported
Arizona,Ariz.,3,1932,20.19,reported
Arizona,Ariz.,3,1933,296.01,reported
Arizona,Ariz.,3,1934,238.79,reported
Arizona,Ariz.,3,1935,135.02,reported
Arizona,Ariz.,3,1936,525.51,reported
Arizona,Ariz.,3,1937,837.31,reported
Arizona,Ariz.,3,1938,149.36,reported
Arizona,Ariz.,3,1939,144.01,reported
Arizona,Ariz.,3,1940,339.08,reported
Arizona,Ariz.,3,1941,615.31,reported
Arizona,Ariz.,3,1942,740.84,reported
Arizona,Ariz.,3,1943,172.47,reported
Arizona,Ariz.,3,1944,736.72,reported
Arizona,Ariz.,3,1945,93.69,reported
Arizona,Ariz.,3,1946,498.7,reported
Arizona,Ariz.,3,1947,224.5,reported
Arizona,Ariz.,3,1948,623.41,reported
Arizona,Ariz.,3,1949,531.51,reported
Arizona,Ariz.,3,1950,316.01,reported
Arizona,Ariz.,3,1951,1351.46,reported
Arizona,Ariz.,3,1952,424.58,reported
Arizona,Ariz.,3,1953,557.89,reported
Arizona,Ariz.,3,1954,531.51,reported
Arizona,Ariz.,3,1955,1024.01,reported
Arizona,Ariz.,3,1956,644.35,reported
Arizona,Ariz.,3,1957,700.98,reported
Arizona,Ariz.,3,1958,825.23,reported
Arizona,Ariz.,3,1959,719.03,reported
Arizona,Ariz.,3,1960,325.89,reported
Arizona,Ariz.,3,1961,559.2,reported
Arizona,Ariz.,3,1962,431.68,reported
Arizona,Ariz.,3,1963,583.69,reported
Arizona,Ariz.,3,1964,405.53,reported
Arizona,Ariz.,3,1965,100.57,reported
Arizona,Ariz.,3,1966,336.93,reported
Arizona,Ariz.,3,1967,62.09,reported
Arizona,Ariz.,3,1968,14.57,reported
Arizona,Ariz.,3,1969,31.2,reported
Arizona,Ariz.,3,1970,53.06,reported
Arizona,Ariz.,3,1971,25.34,reported
Arizona,Ariz.,3,1972,40.86,reported
Arizona,Ariz.,3,1973,1.17,reported
Arizona,Ariz.,3,1974,0.92,reported
Arizona,Ariz.,3,1975,3.54,reported
Arizona,Ariz.,3,1976,10.02,reported
Arizona,Ariz.,3,1977,8.67,reported
Arizona,Ariz.,3,1978,2.5,reported
Arizona,Ariz.,3,1979,3.24,reported
Arizona,Ariz.,3,1980,11.6,reported
Arizona,Ariz.,3,1981,0.38,reported
Arizona,Ariz.,3,1982,0.54,reported
Arizona,Ariz.,3,1983,,not reported
Arizona,Ariz.,3,1984,,not reported
Arizona,Ariz.,3,1985,7.5,reported
Arizona,Ariz.,3,1986,7.45,reported
Arizona,Ariz.,3,1987,0.99,reported
Arizona,Ariz.,3,1988,0.08,reported
Arizona,Ariz.,3,1989,3.96,reported
Arizona,Ariz.,3,1990,7.74,reported
Arizona,Ariz.,3,1991,9.03,reported
Arizona,Ariz.,3,1992,0,reported
Arizona,Ariz.,3,1993,0.07,reported
Arizona,Ariz.,3,1994,0.21,reported
Arizona,Ariz.,3,1995,0.27,reported
Arizona,Ariz.,3,1996,0.17,reported
Arizona,Ariz.,3,1997,0.19,reported
Arizona,Ariz.,3,1998,0.2,reported
Arizona,Ariz.,3,1999,0.02,reported
Arizona,Ariz.,3,2000,,not reported
Arizona,Ariz.,3,2001,0.02,reported
Arizona,Ariz.,3,2002,,not reported
Arizona,Ariz.,3,2003,0.02,reported
Arizona,Ariz.,3,2004,0,reported
Arizona,Ariz.,3,2005,0.02,reported
Arizona,Ariz.,3,2006,0,reported
Arizona,Ariz.,3,2007,0,reported
Arizona,Ariz.,3,2008,0.22,reported
Arizona,Ariz.,3,2009,0,reported
Arizona,Ariz.,3,2010,0.02,reported
Arizona,Ariz.,3,2011,0.03,reported
Arizona,Ariz.,3,2012,0.03,reported
California,Calif.,4,1928,69.19,reported
California,Calif.,4,1929,72.75,reported
California,Calif.,4,1930,760.22,reported
California,Calif.,4,1931,477.46,reported
California,Calif.,4,1932,214.08,reported
California,Calif.,4,1933,445.26,reported
California,Calif.,4,1934,423.27,reported
California,Calif.,4,1935,466.38,reported
California,Calif.,4,1936,773.54,reported
California,Calif.,4,1937,78.23,reported
California,Calif.,4,1938,278.31,reported
California,Calif.,4,1939,939.48,reported
California,Calif.,4,1940,376.45,reported
California,Calif.,4,1941,174.43,reported
California,Calif.,4,1942,1222.03,reported
California,Calif.,4,1943,340.08,reported
California,Calif.,4,1944,599.96,reported
California,Calif.,4,1945,339.46,reported
California,Calif.,4,1946,575.16,reported
California,Calif.,4,1947,74.97,reported
California,Calif.,4,1948,487.85,reported
California,Calif.,4,1949,320.8,reported
California,Calif.,4,1950,137.94,reported
California,Calif.,4,1951,548.37,reported
California,Calif.,4,1952,335.29,reported
California,Calif.,4,1953,438.91,reported
California,Calif.,4,1954,473.03,reported
California,Calif.,4,1955,513.47,reported
California,Calif.,4,1956,235.21,reported
California,Calif.,4,1957,353.36,reported
California,Calif.,4,1958,235.71,reported
California,Calif.,4,1959,251.83,reported
California,Calif.,4,1960,140.03,reported
California,Calif.,4,1961,223.39,reported
California,Calif.,4,1962,164.83,reported
California,Calif.,4,1963,113.36,reported
California,Calif.,4,1964,179.88,reported
California,Calif.,4,1965,74.6,reported
California,Calif.,4,1966,80.59,reported
California,Calif.,4,1967,27.43,reported
California,Calif.,4,1968,8.5,reported
California,Calif.,4,1969,4.56,reported
California,Calif.,4,1970,9.58,reported
California,Calif.,4,1971,13.91,reported
California,Calif.,4,1972,15.44,reported
California,Calif.,4,1973,3.8,reported
California,Calif.,4,1974,5.12,reported
California,Calif.,4,1975,23.78,reported
California,Calif.,4,1976,10.4,reported
California,Calif.,4,1977,34.76,reported
California,Calif.,4,1978,2.78,reported
California,Calif.,4,1979,4.12,reported
California,Calif.,4,1980,3.65,reported
California,Calif.,4,1981,1.4,reported
California,Calif.,4,1982,3.15,reported
California,Calif.,4,1983,0.6,reported
California,Calif.,4,1984,1.18,reported
California,Calif.,4,1985,0.96,reported
California,Calif.,4,1986,1.54,reported
California,Calif.,4,1987,2.72,reported
California,Calif.,4,1988,2.52,reported
California,Calif.,4,1989,7.37,reported
California,Calif.,4,1990,32.04,reported
California,Calif.,4,1991,6.44,reported
California,Calif.,4,1992,0.2,reported
California,Calif.,4,1993,0.2,reported
California,Calif.,4,1994,0.2,reported
California,Calif.,4,1995,0.12,reported
California,Calif.,4,1996,0.14,reported
California,Calif.,4,1997,0.11,reported
California,Calif.,4,1998,0.01,reported
California,Calif.,4,1999,0.05,reported
California,Calif.,4,2000,0.04,reported
California,Calif.,4,2001,0.1,reported
California,Calif.,4,2002,0,reported
California,Calif.,4,2003,0.01,reported
California,Calif.,4,2004,0.02,reported
California,Calif.,4,2005,0.01,reported
California,Calif.,4,2006,0.02,reported
California,Calif.,4,2007,0.01,reported
California,Calif.,4,2008,0.05,reported
California,Calif.,4,2009,0.02,reported
California,Calif.,4,2010,0.07,reported
California,Calif.,4,2011,0.08,reported
California,Calif.,4,2012,0.02,reported
Colorado,Colo.,5,1928,206.95,reported
Colorado,Colo.,5,1929,74.21,reported
Colorado,Colo.,5,1930,1132.79,reported
Colorado,Colo.,5,1931,453.31,reported
Colorado,Colo.,5,1932,222.89,reported
Colorado,Colo.,5,1933,27.73,reported
Colorado,Colo.,5,1934,1204.28,reported
Colorado,Colo.,5,1935,1186.09,reported
Colorado,Colo.,5,1936,54.77,reported
Colorado,Colo.,5,1937,93.03,reported
Colorado,Colo.,5,1938,823.7,reported
Colorado,Colo.,5,1939,525.21,reported
Colorado,Colo.,5,1940,231.81,reported
Colorado,Colo.,5,1941,661.7,reported
Colorado,Colo.,5,1942,505.48,reported
Colorado,Colo.,5,1943,976.97,reported
Colorado,Colo.,5,1944,556.46,reported
Colorado,Colo.,5,1945,95.92,reported
Colorado,Colo.,5,1946,992.73,reported
Colorado,Colo.,5,1947,142.93,reported
Colorado,Colo.,5,1948,723.28,reported
Colorado,Colo.,5,1949,557.61,reported
Colorado,Colo.,5,1950,395.4,reported
Colorado,Colo.,5,1951,934.01,reported
Colorado,Colo.,5,1952,386.92,reported
Colorado,Colo.,5,1953,683.96,reported
Colorado,Colo.,5,1954,127.66,reported
Colorado,Colo.,5,1955,317.08,reported
Colorado,Colo.,5,1956,873.23,reported
Colorado,Colo.,5,1957,173.5,reported
Colorado,Colo.,5,1958,566.05,reported
Colorado,Colo.,5,1959,411.52,reported
Colorado,Colo.,5,1960,384.74,reported
Colorado,Colo.,5,1961,210.36,reported
Colorado,Colo.,5,1962,473.99,reported
Colorado,Colo.,5,1963,325.31,reported
Colorado,Colo.,5,1964,164.47,reported
Colorado,Colo.,5,1965,302.72,reported
Colorado,Colo.,5,1966,72,reported
Colorado,Colo.,5,1967,79.64,reported
Colorado,Colo.,5,1968,23.54,reported
Colorado,Colo.,5,1969,6.42,reported
Colorado,Colo.,5,1970,10.42,reported
Colorado,Colo.,5,1971,37.18,reported
Colorado,Colo.,5,1972,20.91,reported
Colorado,Colo.,5,1973,6.53,reported
Colorado,Colo.,5,1974,6.11,reported
Colorado,Colo.,5,1975,44.45,reported
Colorado,Colo.,5,1976,16.69,reported
Colorado,Colo.,5,1977,15.69,reported
Colorado,Colo.,5,1978,1.75,reported
Colorado,Colo.,5,1979,2.53,reported
Colorado,Colo.,5,1980,0.81,reported
Colorado,Colo.,5,1981,0.26,reported
Colorado,Colo.,5,1982,0.22,reported
Colorado,Colo.,5,1983,,not reported
Colorado,Colo.,5,1984,,not reported
Colorado,Colo.,5,1985,0.28,reported
Colorado,Colo.,5,1986,0.15,reported
Colorado,Colo.,5,1987,0.28,reported
Colorado,Colo.,5,1988,3.54,reported
Colorado,Colo.,5,1989,3.04,reported
Colorado,Colo.,5,1990,4.2,reported
Colorado,Colo.,5,1991,0.32,reported
Colorado,Colo.,5,1992,0.63,reported
Colorado,Colo.,5,1993,0,reported
Colorado,Colo.,5,1994,0.54,reported
Colorado,Colo.,5,1995,0.68,reported
Colorado,Colo.,5,1996,0.18,reported
Colorado,Colo.,5,1997,0.72,reported
Colorado,Colo.,5,1998,,not reported
Colorado,Colo.,5,1999,0,reported
Colorado,Colo.,5,2000,0.07,reported
Colorado,Colo.,5,2001,,not reported
Colorado,Colo.,5,2002,,not reported
Colorado,Colo.,5,2003,0,reported
Colorado,Colo.,5,2004,0.02,reported
Colorado,Colo.,5,2005,0,reported
Colorado,Colo.,5,2006,0.02,reported
Colorado,Colo.,5,2007,0,reported
Colorado,Colo.,5,2008,0,reported
Colorado,Colo.,5,2009,0,reported
Colorado,Colo.,5,2010,0,reported
Colorado,Colo.,5,2011,0,reported
Colorado,Colo.,5,2012,0,reported
Connecticut,Conn.,6,1928,634.97,reported
Connecticut,Conn.,6,1929,614.81,reported
Connecticut,Conn.,6,1930,112.21,reported
Connecticut,Conn.,6,1931,790.48,reported
Connecticut,Conn.,6,1932,348.26,reported
Connecticut,Conn.,6,1933,330.69,reported
Connecticut,Conn.,6,1934,282.36,reported
Connecticut,Conn.,6,1935,1449.52,reported
Connecticut,Conn.,6,1936,228.95,reported
Connecticut,Conn.,6,1937,606.73,reported
Connecticut,Conn.,6,1938,107.54,reported
Connecticut,Conn.,6,1939,937.56,reported
Connecticut,Conn.,6,1940,376.52,reported
Connecticut,Conn.,6,1941,364.58,reported
Connecticut,Conn.,6,1942,587.86,reported
Connecticut,Conn.,6,1943,550.39,reported
Connecticut,Conn.,6,1944,493.5,reported
Connecticut,Conn.,6,1945,170.21,reported
Connecticut,Conn.,6,1946,397.9,reported
Connecticut,Conn.,6,1947,814.9,reported
Connecticut,Conn.,6,1948,140.59,reported
Connecticut,Conn.,6,1949,935.63,reported
Connecticut,Conn.,6,1950,197.42,reported
Connecticut,Conn.,6,1951,227.42,reported
Connecticut,Conn.,6,1952,1179,reported
Connecticut,Conn.,6,1953,100,reported
Connecticut,Conn.,6,1954,223.48,reported
Connecticut,Conn.,6,1955,1256.61,reported
Connecticut,Conn.,6,1956,116.45,reported
Connecticut,Conn.,6,1957,410,reported
Connecticut,Conn.,6,1958,645.63,reported
Connecticut,Conn.,6,1959,516.45,reported
Connecticut,Conn.,6,1960,434.63,reported
Connecticut,Conn.,6,1961,261.72,reported
Connecticut,Conn.,6,1962,672.08,reported
Connecticut,Conn.,6,1963,214.85,reported
Connecticut,Conn.,6,1964,189.03,reported
Connecticut,Conn.,6,1965,322.79,reported
Connecticut,Conn.,6,1966,32.52,reported
Connecticut,Conn.,6,1967,3.61,reported
Connecticut,Conn.,6,1968,23.85,reported
Connecticut,Conn.,6,1969,21.4,reported
Connecticut,Conn.,6,1970,3.79,reported
Connecticut,Conn.,6,1971,38.91,reported
Connecticut,Conn.,6,1972,50.07,reported
Connecticut,Conn.,6,1973,59.17,reported
Connecticut,Conn.,6,1974,5.64,reported
Connecticut,Conn.,6,1975,4.18,reported
Connecticut,Conn.,6,1976,7.68,reported
Connecticut,Conn.,6,1977,25.04,reported
Connecticut,Conn.,6,1978,17.05,reported
Connecticut,Conn.,6,1979,0.13,reported
Connecticut,Conn.,6,1980,0.86,reported
Connecticut,Conn.,6,1981,0.29,reported
Connecticut,Conn.,6,1982,0.25,reported
Connecticut,Conn.,6,1983,0,reported
Connecticut,Conn.,6,1984,0.31,reported
Connecticut,Conn.,6,1985,0.19,reported
Connecticut,Conn.,6,1986,0.28,reported
Connecticut,Conn.,6,1987,0.67,reported
Connecticut,Conn.,6,1988,0.52,reported
Connecticut,Conn.,6,1989,6.54,reported
Connecticut,Conn.,6,1990,5.71,reported
Connecticut,Conn.,6,1991,0.7,reported
Connecticut,Conn.,6,1992,0.06,reported
Connecticut,Conn.,6,1993,0.18,reported
Connecticut,Conn.,6,1994,0.12,reported
Connecticut,Conn.,6,1995,0.03,reported
Connecticut,Conn.,6,1996,0.03,reported
Connecticut,Conn.,6,1997,0,reported
Connecticut,Conn.,6,1998,,not reported
Connecticut,Conn.,6,1999,0,reported
Connecticut,Conn.,6,2000,,not reported
Connecticut,Conn.,6,2001,0,reported
Connecticut,Conn.,6,2002,,not reported
Connecticut,Conn.,6,2003,0,reported
Connecticut,Conn.,6,2004,0,reported
Connecticut,Conn.,6,2005,0,reported
Connecticut,Conn.,6,2006,0,reported
Connecticut,Conn.,6,2007,0,reported
Connecticut,Conn.,6,2008,0,reported
Connecticut,Conn.,6,2009,0,reported
Connecticut,Conn.,6,2010,0.03,reported
Connecticut,Conn.,6,2011,0.03,reported
Connecticut,Conn.,6,2012,0.03,reported
District of Columbia,D.C.,7,1928,535.59,reported
District of Columbia,D.C.,7,1929,94.2,reported
District of Columbia,D.C.,7,1930,182.17,reported
District of Columbia,D.C.,7,1931,832.94,reported
District of Columbia,D.C.,7,1932,53.22,reported
District of Columbia,D.C.,7,1933,100.76,reported
District of Columbia,D.C.,7,1934,1137.5,reported
District of Columbia,D.C.,7,1935,152.8,reported
District of Columbia,D.C.,7,1936,335.61,reported
District of Columbia,D.C.,7,1937,333.28,reported
District of Columbia,D.C.,7,1938,115.6,reported
District of Columbia,D.C.,7,1939,497.42,reported
District of Columbia,D.C.,7,1940,127.03,reported
District of Columbia,D.C.,7,1941,488.22,reported
District of Columbia,D.C.,7,1942,190.72,reported
District of Columbia,D.C.,7,1943,234.28,reported
District of Columbia,D.C.,7,1944,310.1,reported
District of Columbia,D.C.,7,1945,39.61,reported
District of Columbia,D.C.,7,1946,465.96,reported
District of Columbia,D.C.,7,1947,60.14,reported
District of Columbia,D.C.,7,1948,305.06,reported
District of Columbia,D.C.,7,1949,278.56,reported
District of Columbia,D.C.,7,1950,213.52,reported
District of Columbia,D.C.,7,1951,185.15,reported
District of Columbia,D.C.,7,1952,286.21,reported
District of Columbia,D.C.,7,1953,44.07,reported
District of Columbia,D.C.,7,1954,383.31,reported
District of Columbia,D.C.,7,1955,57.71,reported
District of Columbia,D.C.,7,1956,210.28,reported
District of Columbia,D.C.,7,1957,114.81,reported
District of Columbia,D.C.,7,1958,187.58,reported
District of Columbia,D.C.,7,1959,52.17,reported
District of Columbia,D.C.,7,1960,158.17,reported
District of Columbia,D.C.,7,1961,47.04,reported
District of Columbia,D.C.,7,1962,89.21,reported
District of Columbia,D.C.,7,1963,27.69,reported
District of Columbia,D.C.,7,1964,43.11,reported
District of Columbia,D.C.,7,1965,19.7,reported
District of Columbia,D.C.,7,1966,49.3,reported
District of Columbia,D.C.,7,1967,3.41,reported
District of Columbia,D.C.,7,1968,0.77,reported
District of Columbia,D.C.,7,1969,5.91,reported
District of Columbia,D.C.,7,1970,46.01,reported
District of Columbia,D.C.,7,1971,2.16,reported
District of Columbia,D.C.,7,1972,0.27,reported
District of Columbia,D.C.,7,1973,1.39,reported
District of Columbia,D.C.,7,1974,0.14,reported
District of Columbia,D.C.,7,1975,0.29,reported
District of Columbia,D.C.,7,1976,1.92,reported
District of Columbia,D.C.,7,1977,2.11,reported
District of Columbia,D.C.,7,1978,0.31,reported
District of Columbia,D.C.,7,1979,0.16,reported
District of Columbia,D.C.,7,1980,0.79,reported
District of Columbia,D.C.,7,1981,0.32,reported
District of Columbia,D.C.,7,1982,0.16,reported
District of Columbia,D.C.,7,1983,,not reported
District of Columbia,D.C.,7,1984,,not reported
District of Columbia,D.C.,7,1985,4.39,reported
District of Columbia,D.C.,7,1986,,not reported
District of Columbia,D.C.,7,1987,,not reported
District of Columbia,D.C.,7,1988,,not reported
District of Columbia,D.C.,7,1989,6.76,reported
District of Columbia,D.C.,7,1990,3.63,reported
District of Columbia,D.C.,7,1991,,not reported
District of Columbia,D.C.,7,1992,0.33,reported
District of Columbia,D.C.,7,1993,,not reported
District of Columbia,D.C.,7,1994,,not reported
District of Columbia,D.C.,7,1995,,not reported
District of Columbia,D.C.,7,1996,0,reported
District of Columbia,D.C.,7,1997,0.35,reported
District of Columbia,D.C.,7,1998,,not reported
District of Columbia,D.C.,7,1999,,not reported
District of Columbia,D.C.,7,2000,,not reported
District of Columbia,D.C.,7,2001,,not reported
District of Columbia,D.C.,7,2002,,not reported
District of Columbia,D.C.,7,2003,0,reported
District of Columbia,D.C.,7,2004,0,reported
District of Columbia,D.C.,7,2005,0,reported
District of Columbia,D.C.,7,2006,0,reported
District of Columbia,D.C.,7,2007,0,reported
District of Columbia,D.C.,7,2008,0.17,reported
District of Columbia,D.C.,7,2009,0.34,reported
District of Columbia,D.C.,7,2010,0,reported
District of Columbia,D.C.,7,2011,,not reported
District of Columbia,D.C.,7,2012,0.16,reported
Delaware,Del.,8,1928,256.01,reported
Delaware,Del.,8,1929,239.83,reported
Delaware,Del.,8,1930,109.21,reported
Delaware,Del.,8,1931,1003.31,reported
Delaware,Del.,8,1932,15.92,reported
Delaware,Del.,8,1933,82.66,reported
Delaware,Del.,8,1934,1225.2,reported
Delaware,Del.,8,1935,412.7,reported
Delaware,Del.,8,1936,555.93,reported
Delaware,Del.,8,1937,707.09,reported
Delaware,Del.,8,1938,235.99,reported
Delaware,Del.,8,1939,94.68,reported
Delaware,Del.,8,1940,36.06,reported
Delaware,Del.,8,1941,1268.36,reported
Delaware,Del.,8,1942,90.14,reported
Delaware,Del.,8,1943,564.54,reported
Delaware,Del.,8,1944,138.42,reported
Delaware,Del.,8,1945,96.85,reported
Delaware,Del.,8,1946,199,reported
Delaware,Del.,8,1947,19.34,reported
Delaware,Del.,8,1948,333.17,reported
Delaware,Del.,8,1949,234.49,reported
Delaware,Del.,8,1950,194.7,reported
Delaware,Del.,8,1951,208.46,reported
Delaware,Del.,8,1952,119.35,reported
Delaware,Del.,8,1953,115.95,reported
Delaware,Del.,8,1954,527.72,reported
Delaware,Del.,8,1955,26.99,reported
Delaware,Del.,8,1956,212.25,reported
Delaware,Del.,8,1957,78.17,reported
Delaware,Del.,8,1958,118.94,reported
Delaware,Del.,8,1959,139.68,reported
Delaware,Del.,8,1960,212.92,reported
Delaware,Del.,8,1961,368.33,reported
Delaware,Del.,8,1962,129.42,reported
Delaware,Del.,8,1963,248.65,reported
Delaware,Del.,8,1964,79.28,reported
Delaware,Del.,8,1965,102.37,reported
Delaware,Del.,8,1966,51.16,reported
Delaware,Del.,8,1967,10.67,reported
Delaware,Del.,8,1968,4.49,reported
Delaware,Del.,8,1969,93.7,reported
Delaware,Del.,8,1970,47.46,reported
Delaware,Del.,8,1971,7.33,reported
Delaware,Del.,8,1972,9.69,reported
Delaware,Del.,8,1973,1.72,reported
Delaware,Del.,8,1974,2.73,reported
Delaware,Del.,8,1975,5.93,reported
Delaware,Del.,8,1976,18.76,reported
Delaware,Del.,8,1977,1.18,reported
Delaware,Del.,8,1978,1.85,reported
Delaware,Del.,8,1979,0.17,reported
Delaware,Del.,8,1980,0.67,reported
Delaware,Del.,8,1981,,not reported
Delaware,Del.,8,1982,,not reported
Delaware,Del.,8,1983,,not reported
Delaware,Del.,8,1984,,not reported
Delaware,Del.,8,1985,,not reported
Delaware,Del.,8,1986,0.16,reported
Delaware,Del.,8,1987,3.09,reported
Delaware,Del.,8,1988,,not reported
Delaware,Del.,8,1989,5.4,reported
Delaware,Del.,8,1990,1.34,reported
Delaware,Del.,8,1991,2.78,reported
Delaware,Del.,8,1992,0.43,reported
Delaware,Del.,8,1993,0.28,reported
Delaware,Del.,8,1994,,not reported
Delaware,Del.,8,1995,,not reported
Delaware,Del.,8,1996,0.13,reported
Delaware,Del.,8,1997,,not reported
Delaware,Del.,8,1998,0,reported
Delaware,Del.,8,1999,,not reported
Delaware,Del.,8,2000,,not reported
Delaware,Del.,8,2001,,not reported
Delaware,Del.,8,2002,,not reported
Delaware,Del.,8,2003,0,reported
Delaware,Del.,8,2004,0,reported
Delaware,Del.,8,2005,0.12,reported
Delaware,Del.,8,2006,0,reported
Delaware,Del.,8,2007,0,reported
Delaware,Del.,8,2008,0,reported
Delaware,Del.,8,2009,0,reported
Delaware,Del.,8,2010,0,reported
Delaware,Del.,8,2011,0.11,reported
Delaware,Del.,8,2012,0.11,reported
Florida,Fla.,9,1928,119.57,reported
Florida,Fla.,9,1929,77.99,reported
Florida,Fla.,9,1930,356.56,reported
Florida,Fla.,9,1931,260.82,reported
Florida,Fla.,9,1932,13.61,reported
Florida,Fla.,9,1933,63.98,reported
Florida,Fla.,9,1934,505.68,reported
Florida,Fla.,9,1935,72.78,reported
Florida,Fla.,9,1936,18.26,reported
Florida,Fla.,9,1937,23.05,reported
Florida,Fla.,9,1938,517.84,reported
Florida,Fla.,9,1939,157.53,reported
Florida,Fla.,9,1940,114.23,reported
Florida,Fla.,9,1941,459.72,reported
Florida,Fla.,9,1942,189.63,reported
Florida,Fla.,9,1943,68.6,reported
Florida,Fla.,9,1944,189.77,reported
Florida,Fla.,9,1945,39.63,reported
Florida,Fla.,9,1946,116.93,reported
Florida,Fla.,9,1947,53.07,reported
Florida,Fla.,9,1948,152.37,reported
Florida,Fla.,9,1949,144.04,reported
Florida,Fla.,9,1950,83.42,reported
Florida,Fla.,9,1951,76.17,reported
Florida,Fla.,9,1952,110.01,reported
Florida,Fla.,9,1953,38.55,reported
Florida,Fla.,9,1954,312.27,reported
Florida,Fla.,9,1955,38.08,reported
Florida,Fla.,9,1956,127.23,reported
Florida,Fla.,9,1957,120.36,reported
Florida,Fla.,9,1958,266.67,reported
Florida,Fla.,9,1959,74.71,reported
Florida,Fla.,9,1960,74.4,reported
Florida,Fla.,9,1961,127.69,reported
Florida,Fla.,9,1962,76.11,reported
Florida,Fla.,9,1963,66.7,reported
Florida,Fla.,9,1964,121.57,reported
Florida,Fla.,9,1965,62.28,reported
Florida,Fla.,9,1966,64.4,reported
Florida,Fla.,9,1967,28.93,reported
Florida,Fla.,9,1968,8.91,reported
Florida,Fla.,9,1969,9.2,reported
Florida,Fla.,9,1970,20.19,reported
Florida,Fla.,9,1971,30.83,reported
Florida,Fla.,9,1972,17.64,reported
Florida,Fla.,9,1973,4.74,reported
Florida,Fla.,9,1974,2.68,reported
Florida,Fla.,9,1975,0.95,reported
Florida,Fla.,9,1976,3.81,reported
Florida,Fla.,9,1977,3.31,reported
Florida,Fla.,9,1978,11.61,reported
Florida,Fla.,9,1979,6.23,reported
Florida,Fla.,9,1980,3.99,reported
Florida,Fla.,9,1981,2.86,reported
Florida,Fla.,9,1982,1.99,reported
Florida,Fla.,9,1983,1.46,reported
Florida,Fla.,9,1984,0.14,reported
Florida,Fla.,9,1985,0.97,reported
Florida,Fla.,9,1986,3.33,reported
Florida,Fla.,9,1987,0.69,reported
Florida,Fla.,9,1988,1.32,reported
Florida,Fla.,9,1989,1.57,reported
Florida,Fla.,9,1990,2.85,reported
Florida,Fla.,9,1991,2.22,reported
Florida,Fla.,9,1992,0.3,reported
Florida,Fla.,9,1993,0.19,reported
Florida,Fla.,9,1994,0.15,reported
Florida,Fla.,9,1995,0.06,reported
Florida,Fla.,9,1996,0,reported
Florida,Fla.,9,1997,0.05,reported
Florida,Fla.,9,1998,0.01,reported
Florida,Fla.,9,1999,0.01,reported
Florida,Fla.,9,2000,0.01,reported
Florida,Fla.,9,2001,,not reported
Florida,Fla.,9,2002,0.01,reported
Florida,Fla.,9,2003,0,reported
Florida,Fla.,9,2004,0.01,reported
Florida,Fla.,9,2005,0,reported
Florida,Fla.,9,2006,0.02,reported
Florida,Fla.,9,2007,0.03,reported
Florida,Fla.,9,2008,0.01,reported
Florida,Fla.,9,2009,0.03,reported
Florida,Fla.,9,2010,0.01,reported
Florida,Fla.,9,2011,0.04,reported
Florida,Fla.,9,2012,0,reported
Georgia,Ga.,10,1928,159.71,reported
Georgia,Ga.,10,1929,40.65,reported
Georgia,Ga.,10,1930,153.23,reported
Georgia,Ga.,10,1931,104.41,reported
Georgia,Ga.,10,1932,34.38,reported
Georgia,Ga.,10,1933,156.88,reported
Georgia,Ga.,10,1934,774.8,reported
Georgia,Ga.,10,1935,1.05,reported
Georgia,Ga.,10,1936,0.27,reported
Georgia,Ga.,10,1937,,not reported
Georgia,Ga.,10,1938,299.94,reported
Georgia,Ga.,10,1939,115.96,reported
Georgia,Ga.,10,1940,93.88,reported
Georgia,Ga.,10,1941,294.12,reported
Georgia,Ga.,10,1942,168.76,reported
Georgia,Ga.,10,1943,126.46,reported
Georgia,Ga.,10,1944,171.52,reported
Georgia,Ga.,10,1945,27.54,reported
Georgia,Ga.,10,1946,117.1,reported
Georgia,Ga.,10,1947,102.43,reported
Georgia,Ga.,10,1948,37.82,reported
Georgia,Ga.,10,1949,288.69,reported
Georgia,Ga.,10,1950,62.43,reported
Georgia,Ga.,10,1951,213.06,reported
Georgia,Ga.,10,1952,225.43,reported
Georgia,Ga.,10,1953,86.51,reported
Georgia,Ga.,10,1954,188.03,reported
Georgia,Ga.,10,1955,68.15,reported
Georgia,Ga.,10,1956,128.88,reported
Georgia,Ga.,10,1957,155.6,reported
Georgia,Ga.,10,1958,175.18,reported
Georgia,Ga.,10,1959,11.5,reported
Georgia,Ga.,10,1960,5.49,reported
Georgia,Ga.,10,1961,10.29,reported
Georgia,Ga.,10,1962,10.23,reported
Georgia,Ga.,10,1963,4.79,reported
Georgia,Ga.,10,1964,4.96,reported
Georgia,Ga.,10,1965,15.12,reported
Georgia,Ga.,10,1966,5.57,reported
Georgia,Ga.,10,1967,0.95,reported
Georgia,Ga.,10,1968,0.09,reported
Georgia,Ga.,10,1969,0.04,reported
Georgia,Ga.,10,1970,0.38,reported
Georgia,Ga.,10,1971,23.6,reported
Georgia,Ga.,10,1972,3.58,reported
Georgia,Ga.,10,1973,1.02,reported
Georgia,Ga.,10,1974,0.06,reported
Georgia,Ga.,10,1975,0.78,reported
Georgia,Ga.,10,1976,0.1,reported
Georgia,Ga.,10,1977,14.39,reported
Georgia,Ga.,10,1978,1.04,reported
Georgia,Ga.,10,1979,10.16,reported
Georgia,Ga.,10,1980,15.21,reported
Georgia,Ga.,10,1981,1.95,reported
Georgia,Ga.,10,1982,,not reported
Georgia,Ga.,10,1983,0.14,reported
Georgia,Ga.,10,1984,0.05,reported
Georgia,Ga.,10,1985,0.13,reported
Georgia,Ga.,10,1986,1.5,reported
Georgia,Ga.,10,1987,0.14,reported
Georgia,Ga.,10,1988,,not reported
Georgia,Ga.,10,1989,0.26,reported
Georgia,Ga.,10,1990,5.5,reported
Georgia,Ga.,10,1991,0.23,reported
Georgia,Ga.,10,1992,0.04,reported
Georgia,Ga.,10,1993,0.01,reported
Georgia,Ga.,10,1994,0.04,reported
Georgia,Ga.,10,1995,0.07,reported
Georgia,Ga.,10,1996,0.01,reported
Georgia,Ga.,10,1997,0,reported
Georgia,Ga.,10,1998,0.01,reported
Georgia,Ga.,10,1999,,not reported
Georgia,Ga.,10,2000,,not reported
Georgia,Ga.,10,2001,0.01,reported
Georgia,Ga.,10,2002,0.01,reported
Georgia,Ga.,10,2003,0.01,reported
Georgia,Ga.,10,2004,0.01,reported
Georgia,Ga.,10,2005,0,reported
Georgia,Ga.,10,2006,0,reported
Georgia,Ga.,10,2007,0,reported
Georgia,Ga.,10,2008,0.01,reported
Georgia,Ga.,10,2009,0.01,reported
Georgia,Ga.,10,2010,0.01,reported
Georgia,Ga.,10,2011,0,reported
Georgia,Ga.,10,2012,0.02,reported
Hawaii,Hawaii,11,1928,,not reported
Hawaii,Hawaii,11,1929,,not reported
Hawaii,Hawaii,11,1930,,not reported
Hawaii,Hawaii,11,1931,,not reported
Hawaii,Hawaii,11,1932,,not reported
Hawaii,Hawaii,11,1933,,not reported
Hawaii,Hawaii,11,1934,,not reported
Hawaii,Hawaii,11,1935,,not reported
Hawaii,Hawaii,11,1936,,not reported
Hawaii,Hawaii,11,1937,,not reported
Hawaii,Hawaii,11,1938,,not reported
Hawaii,Hawaii,11,1939,,not reported
Hawaii,Hawaii,11,1940,,not reported
Hawaii,Hawaii,11,1941,,not reported
Hawaii,Hawaii,11,1942,,not reported
Hawaii,Hawaii,11,1943,,not reported
Hawaii,Hawaii,11,1944,,not reported
Hawaii,Hawaii,11,1945,,not reported
Hawaii,Hawaii,11,1946,,not reported
Hawaii,Hawaii,11,1947,,not reported
Hawaii,Hawaii,11,1948,,not reported
Hawaii,Hawaii,11,1949,,not reported
Hawaii,Hawaii,11,1950,13.25,reported
Hawaii,Hawaii,11,1951,955.25,reported
Hawaii,Hawaii,11,1952,,not reported
Hawaii,Hawaii,11,1953,,not reported
Hawaii,Hawaii,11,1954,99.8,reported
Hawaii,Hawaii,11,1955,1186.46,reported
Hawaii,Hawaii,11,1956,922,reported
Hawaii,Hawaii,11,1957,866.27,reported
Hawaii,Hawaii,11,1958,95.04,reported
Hawaii,Hawaii,11,1959,592.6,reported
Hawaii,Hawaii,11,1960,828.97,reported
Hawaii,Hawaii,11,1961,29.59,reported
Hawaii,Hawaii,11,1962,387.28,reported
Hawaii,Hawaii,11,1963,521.85,reported
Hawaii,Hawaii,11,1964,123.14,reported
Hawaii,Hawaii,11,1965,575.85,reported
Hawaii,Hawaii,11,1966,20.42,reported
Hawaii,Hawaii,11,1967,24.48,reported
Hawaii,Hawaii,11,1968,5.04,reported
Hawaii,Hawaii,11,1969,7.07,reported
Hawaii,Hawaii,11,1970,23.95,reported
Hawaii,Hawaii,11,1971,59.03,reported
Hawaii,Hawaii,11,1972,11.27,reported
Hawaii,Hawaii,11,1973,3.46,reported
Hawaii,Hawaii,11,1974,7.11,reported
Hawaii,Hawaii,11,1975,7.19,reported
Hawaii,Hawaii,11,1976,1.2,reported
Hawaii,Hawaii,11,1977,4.72,reported
Hawaii,Hawaii,11,1978,2.2,reported
Hawaii,Hawaii,11,1979,7.98,reported
Hawaii,Hawaii,11,1980,0.92,reported
Hawaii,Hawaii,11,1981,0.81,reported
Hawaii,Hawaii,11,1982,0.49,reported
Hawaii,Hawaii,11,1983,0.1,reported
Hawaii,Hawaii,11,1984,16.64,reported
Hawaii,Hawaii,11,1985,2.28,reported
Hawaii,Hawaii,11,1986,2.81,reported
Hawaii,Hawaii,11,1987,0.19,reported
Hawaii,Hawaii,11,1988,1.83,reported
Hawaii,Hawaii,11,1989,2.8,reported
Hawaii,Hawaii,11,1990,3.68,reported
Hawaii,Hawaii,11,1991,1.94,reported
Hawaii,Hawaii,11,1992,4.23,reported
Hawaii,Hawaii,11,1993,1.28,reported
Hawaii,Hawaii,11,1994,,not reported
Hawaii,Hawaii,11,1995,0,reported
Hawaii,Hawaii,11,1996,2.82,reported
Hawaii,Hawaii,11,1997,0.5,reported
Hawaii,Hawaii,11,1998,,not reported
Hawaii,Hawaii,11,1999,0.08,reported
Hawaii,Hawaii,11,2000,0.17,reported
Hawaii,Hawaii,11,2001,0.57,reported
Hawaii,Hawaii,11,2002,0.08,reported
Hawaii,Hawaii,11,2003,1.52,reported
Hawaii,Hawaii,11,2004,0.24,reported
Hawaii,Hawaii,11,2005,0.08,reported
Hawaii,Hawaii,11,2006,0,reported
Hawaii,Hawaii,11,2007,0.15,reported
Hawaii,Hawaii,11,2008,0.3,reported
Hawaii,Hawaii,11,2009,0,reported
Hawaii,Hawaii,11,2010,0.29,reported
Hawaii,Hawaii,11,2011,0,reported
Hawaii,Hawaii,11,2012,0,reported
Iowa,Iowa,12,1928,28.65,reported
Iowa,Iowa,12,1929,82.97,reported
Iowa,Iowa,12,1930,395.6,reported
Iowa,Iowa,12,1931,34.29,reported
Iowa,Iowa,12,1932,6.35,reported
Iowa,Iowa,12,1933,33.03,reported
Iowa,Iowa,12,1934,346.37,reported
Iowa,Iowa,12,1935,865.65,reported
Iowa,Iowa,12,1936,7.97,reported
Iowa,Iowa,12,1937,10.77,reported
Iowa,Iowa,12,1938,223.2,reported
Iowa,Iowa,12,1939,209.11,reported
Iowa,Iowa,12,1940,212.59,reported
Iowa,Iowa,12,1941,197.89,reported
Iowa,Iowa,12,1942,254.78,reported
Iowa,Iowa,12,1943,242.78,reported
Iowa,Iowa,12,1944,201.39,reported
Iowa,Iowa,12,1945,61.4,reported
Iowa,Iowa,12,1946,160.48,reported
Iowa,Iowa,12,1947,177.86,reported
Iowa,Iowa,12,1948,352.24,reported
Iowa,Iowa,12,1949,87.01,reported
Iowa,Iowa,12,1950,399.47,reported
Iowa,Iowa,12,1951,103.78,reported
Iowa,Iowa,12,1952,120.81,reported
Iowa,Iowa,12,1953,413.77,reported
Iowa,Iowa,12,1954,477.15,reported
Iowa,Iowa,12,1955,286.64,reported
Iowa,Iowa,12,1956,307.4,reported
Iowa,Iowa,12,1957,330.78,reported
Iowa,Iowa,12,1958,463.81,reported
Iowa,Iowa,12,1959,420.23,reported
Iowa,Iowa,12,1960,64.01,reported
Iowa,Iowa,12,1961,192.53,reported
Iowa,Iowa,12,1962,393.64,reported
Iowa,Iowa,12,1963,280.05,reported
Iowa,Iowa,12,1964,819.81,reported
Iowa,Iowa,12,1965,339.5,reported
Iowa,Iowa,12,1966,197.43,reported
Iowa,Iowa,12,1967,29.57,reported
Iowa,Iowa,12,1968,6.53,reported
Iowa,Iowa,12,1969,9.95,reported
Iowa,Iowa,12,1970,31.35,reported
Iowa,Iowa,12,1971,94.82,reported
Iowa,Iowa,12,1972,33.35,reported
Iowa,Iowa,12,1973,10.18,reported
Iowa,Iowa,12,1974,4.62,reported
Iowa,Iowa,12,1975,24.11,reported
Iowa,Iowa,12,1976,1.44,reported
Iowa,Iowa,12,1977,123.75,reported
Iowa,Iowa,12,1978,2.98,reported
Iowa,Iowa,12,1979,0.55,reported
Iowa,Iowa,12,1980,0.07,reported
Iowa,Iowa,12,1981,0.03,reported
Iowa,Iowa,12,1982,,not reported
Iowa,Iowa,12,1983,,not reported
Iowa,Iowa,12,1984,,not reported
Iowa,Iowa,12,1985,,not reported
Iowa,Iowa,12,1986,5.1,reported
Iowa,Iowa,12,1987,,not reported
Iowa,Iowa,12,1988,,not reported
Iowa,Iowa,12,1989,0.43,reported
Iowa,Iowa,12,1990,0.93,reported
Iowa,Iowa,12,1991,0.57,reported
Iowa,Iowa,12,1992,,not reported
Iowa,Iowa,12,1993,,not reported
Iowa,Iowa,12,1994,0.25,reported
Iowa,Iowa,12,1995,,not reported
Iowa,Iowa,12,1996,0,reported
Iowa,Iowa,12,1997,0.28,reported
Iowa,Iowa,12,1998,0.03,reported
Iowa,Iowa,12,1999,,not reported
Iowa,Iowa,12,2000,0.07,reported
Iowa,Iowa,12,2001,,not reported
Iowa,Iowa,12,2002,,not reported
Iowa,Iowa,12,2003,0,reported
Iowa,Iowa,12,2004,0.1,reported
Iowa,Iowa,12,2005,0,reported
Iowa,Iowa,12,2006,0,reported
Iowa,Iowa,12,2007,0,reported
Iowa,Iowa,12,2008,0,reported
Iowa,Iowa,12,2009,0.03,reported
Iowa,Iowa,12,2010,0,reported
Iowa,Iowa,12,2011,0.03,reported
Iowa,Iowa,12,2012,0,reported
Idaho,Idaho,13,1928,19.6,reported
Idaho,Idaho,13,1929,160.4,reported
Idaho,Idaho,13,1930,196.64,reported
Idaho,Idaho,13,1931,25.99,reported
Idaho,Idaho,13,1932,8.71,reported
Idaho,Idaho,13,1933,193.53,reported
Idaho,Idaho,13,1934,252.43,reported
Idaho,Idaho,13,1935,182.33,reported
Idaho,Idaho,13,1936,262.63,reported
Idaho,Idaho,13,1937,243.2,reported
Idaho,Idaho,13,1938,425.73,reported
Idaho,Idaho,13,1939,694.18,reported
Idaho,Idaho,13,1940,337.55,reported
Idaho,Idaho,13,1941,102,reported
Idaho,Idaho,13,1942,395.08,reported
Idaho,Idaho,13,1943,650.9,reported
Idaho,Idaho,13,1944,182.33,reported
Idaho,Idaho,13,1945,259.96,reported
Idaho,Idaho,13,1946,433.6,reported
Idaho,Idaho,13,1947,51.15,reported
Idaho,Idaho,13,1948,275.23,reported
Idaho,Idaho,13,1949,511.05,reported
Idaho,Idaho,13,1950,324.07,reported
Idaho,Idaho,13,1951,358.06,reported
Idaho,Idaho,13,1952,196.08,reported
Idaho,Idaho,13,1953,324.33,reported
Idaho,Idaho,13,1954,734.17,reported
Idaho,Idaho,13,1955,113.75,reported
Idaho,Idaho,13,1956,317.52,reported
Idaho,Idaho,13,1957,486.92,reported
Idaho,Idaho,13,1958,591.95,reported
Idaho,Idaho,13,1959,247.18,reported
Idaho,Idaho,13,1960,421.91,reported
Idaho,Idaho,13,1961,281.73,reported
Idaho,Idaho,13,1962,234.1,reported
Idaho,Idaho,13,1963,572.47,reported
Idaho,Idaho,13,1964,336.18,reported
Idaho,Idaho,13,1965,454.66,reported
Idaho,Idaho,13,1966,246.88,reported
Idaho,Idaho,13,1967,60.03,reported
Idaho,Idaho,13,1968,3.02,reported
Idaho,Idaho,13,1969,12.73,reported
Idaho,Idaho,13,1970,13.27,reported
Idaho,Idaho,13,1971,35.9,reported
Idaho,Idaho,13,1972,14.07,reported
Idaho,Idaho,13,1973,31.68,reported
Idaho,Idaho,13,1974,6.49,reported
Idaho,Idaho,13,1975,2.33,reported
Idaho,Idaho,13,1976,224.34,reported
Idaho,Idaho,13,1977,18.56,reported
Idaho,Idaho,13,1978,0.43,reported
Idaho,Idaho,13,1979,2.33,reported
Idaho,Idaho,13,1980,,not reported
Idaho,Idaho,13,1981,0.21,reported
Idaho,Idaho,13,1982,,not reported
Idaho,Idaho,13,1983,0.1,reported
Idaho,Idaho,13,1984,,not reported
Idaho,Idaho,13,1985,6.26,reported
Idaho,Idaho,13,1986,0.1,reported
Idaho,Idaho,13,1987,,not reported
Idaho,Idaho,13,1988,,not reported
Idaho,Idaho,13,1989,0.79,reported
Idaho,Idaho,13,1990,2.17,reported
Idaho,Idaho,13,1991,42.16,reported
Idaho,Idaho,13,1992,,not reported
Idaho,Idaho,13,1993,,not reported
Idaho,Idaho,13,1994,0.17,reported
Idaho,Idaho,13,1995,0.34,reported
Idaho,Idaho,13,1996,0.17,reported
Idaho,Idaho,13,1997,6.59,reported
Idaho,Idaho,13,1998,0.08,reported
Idaho,Idaho,13,1999,,not reported
Idaho,Idaho,13,2000,,not reported
Idaho,Idaho,13,2001,0.15,reported
Idaho,Idaho,13,2002,0,reported
Idaho,Idaho,13,2003,0,reported
Idaho,Idaho,13,2004,0,reported
Idaho,Idaho,13,2005,0,reported
Idaho,Idaho,13,2006,0,reported
Idaho,Idaho,13,2007,0,reported
Idaho,Idaho,13,2008,0,reported
Idaho,Idaho,13,2009,0,reported
Idaho,Idaho,13,2010,0,reported
Idaho,Idaho,13,2011,0,reported
Idaho,Idaho,13,2012,0,reported
Illinois,Ill.,14,1928,98.25,reported
Illinois,Ill.,14,1929,506.22,reported
Illinois,Ill.,14,1930,216.08,reported
Illinois,Ill.,14,1931,516.95,reported
Illinois,Ill.,14,1932,208.29,reported
Illinois,Ill.,14,1933,155.66,reported
Illinois,Ill.,14,1934,574.83,reported
Illinois,Ill.,14,1935,746.81,reported
Illinois,Ill.,14,1936,15.39,reported
Illinois,Ill.,14,1937,146.94,reported
Illinois,Ill.,14,1938,1145.16,reported
Illinois,Ill.,14,1939,100.09,reported
Illinois,Ill.,14,1940,84.15,reported
Illinois,Ill.,14,1941,613.14,reported
Illinois,Ill.,14,1942,132.69,reported
Illinois,Ill.,14,1943,328.47,reported
Illinois,Ill.,14,1944,239.81,reported
Illinois,Ill.,14,1945,103.26,reported
Illinois,Ill.,14,1946,298.14,reported
Illinois,Ill.,14,1947,91.46,reported
Illinois,Ill.,14,1948,426.98,reported
Illinois,Ill.,14,1949,65.92,reported
Illinois,Ill.,14,1950,200.35,reported
Illinois,Ill.,14,1951,187.65,reported
Illinois,Ill.,14,1952,294.54,reported
Illinois,Ill.,14,1953,173.7,reported
Illinois,Ill.,14,1954,358.73,reported
Illinois,Ill.,14,1955,144.66,reported
Illinois,Ill.,14,1956,442.01,reported
Illinois,Ill.,14,1957,100.25,reported
Illinois,Ill.,14,1958,233.11,reported
Illinois,Ill.,14,1959,96.24,reported
Illinois,Ill.,14,1960,224.63,reported
Illinois,Ill.,14,1961,159.01,reported
Illinois,Ill.,14,1962,163.38,reported
Illinois,Ill.,14,1963,98.51,reported
Illinois,Ill.,14,1964,149.35,reported
Illinois,Ill.,14,1965,42.69,reported
Illinois,Ill.,14,1966,106.32,reported
Illinois,Ill.,14,1967,11.93,reported
Illinois,Ill.,14,1968,13.49,reported
Illinois,Ill.,14,1969,10.15,reported
Illinois,Ill.,14,1970,29.4,reported
Illinois,Ill.,14,1971,29.04,reported
Illinois,Ill.,14,1972,40.21,reported
Illinois,Ill.,14,1973,19.49,reported
Illinois,Ill.,14,1974,18.76,reported
Illinois,Ill.,14,1975,16.46,reported
Illinois,Ill.,14,1976,17.85,reported
Illinois,Ill.,14,1977,16.55,reported
Illinois,Ill.,14,1978,6.95,reported
Illinois,Ill.,14,1979,11.53,reported
Illinois,Ill.,14,1980,2.96,reported
Illinois,Ill.,14,1981,0.25,reported
Illinois,Ill.,14,1982,0.22,reported
Illinois,Ill.,14,1983,1.71,reported
Illinois,Ill.,14,1984,1.34,reported
Illinois,Ill.,14,1985,2.41,reported
Illinois,Ill.,14,1986,3.63,reported
Illinois,Ill.,14,1987,1.64,reported
Illinois,Ill.,14,1988,0.45,reported
Illinois,Ill.,14,1989,22.32,reported
Illinois,Ill.,14,1990,9.05,reported
Illinois,Ill.,14,1991,0.05,reported
Illinois,Ill.,14,1992,0.08,reported
Illinois,Ill.,14,1993,0.03,reported
Illinois,Ill.,14,1994,0.15,reported
Illinois,Ill.,14,1995,0.04,reported
Illinois,Ill.,14,1996,0.02,reported
Illinois,Ill.,14,1997,0.07,reported
Illinois,Ill.,14,1998,0.01,reported
Illinois,Ill.,14,1999,,not reported
Illinois,Ill.,14,2000,0.03,reported
Illinois,Ill.,14,2001,0.01,reported
Illinois,Ill.,14,2002,,not reported
Illinois,Ill.,14,2003,0.01,reported
Illinois,Ill.,14,2004,0.01,reported
Illinois,Ill.,14,2005,0.02,reported
Illinois,Ill.,14,2006,0,reported
Illinois,Ill.,14,2007,0.01,reported
Illinois,Ill.,14,2008,0.25,reported
Illinois,Ill.,14,2009,0,reported
Illinois,Ill.,14,2010,0,reported
Illinois,Ill.,14,2011,0.02,reported
Illinois,Ill.,14,2012,0,reported
Indiana,Ind.,15,1928,263.68,reported
Indiana,Ind.,15,1929,322.1,reported
Indiana,Ind.,15,1930,120.76,reported
Indiana,Ind.,15,1931,541.23,reported
Indiana,Ind.,15,1932,88.81,reported
Indiana,Ind.,15,1933,108.05,reported
Indiana,Ind.,15,1934,631,reported
Indiana,Ind.,15,1935,299.13,reported
Indiana,Ind.,15,1936,21.09,reported
Indiana,Ind.,15,1937,210.08,reported
Indiana,Ind.,15,1938,523.18,reported
Indiana,Ind.,15,1939,59.76,reported
Indiana,Ind.,15,1940,16.65,reported
Indiana,Ind.,15,1941,381.61,reported
Indiana,Ind.,15,1942,94.98,reported
Indiana,Ind.,15,1943,263.02,reported
Indiana,Ind.,15,1944,149.08,reported
Indiana,Ind.,15,1945,33.45,reported
Indiana,Ind.,15,1946,293.02,reported
Indiana,Ind.,15,1947,60.92,reported
Indiana,Ind.,15,1948,366.58,reported
Indiana,Ind.,15,1949,100.15,reported
Indiana,Ind.,15,1950,169.42,reported
Indiana,Ind.,15,1951,102,reported
Indiana,Ind.,15,1952,179.12,reported
Indiana,Ind.,15,1953,162.58,reported
Indiana,Ind.,15,1954,517.1,reported
Indiana,Ind.,15,1955,86.39,reported
Indiana,Ind.,15,1956,368.21,reported
Indiana,Ind.,15,1957,180.33,reported
Indiana,Ind.,15,1958,396.53,reported
Indiana,Ind.,15,1959,99.61,reported
Indiana,Ind.,15,1960,223.09,reported
Indiana,Ind.,15,1961,124.69,reported
Indiana,Ind.,15,1962,161.76,reported
Indiana,Ind.,15,1963,122.34,reported
Indiana,Ind.,15,1964,458.83,reported
Indiana,Ind.,15,1965,48.07,reported
Indiana,Ind.,15,1966,116.36,reported
Indiana,Ind.,15,1967,13.42,reported
Indiana,Ind.,15,1968,15.49,reported
Indiana,Ind.,15,1969,10.5,reported
Indiana,Ind.,15,1970,5.46,reported
Indiana,Ind.,15,1971,58.2,reported
Indiana,Ind.,15,1972,23.81,reported
Indiana,Ind.,15,1973,13.28,reported
Indiana,Ind.,15,1974,4.81,reported
Indiana,Ind.,15,1975,9.63,reported
Indiana,Ind.,15,1976,79.94,reported
Indiana,Ind.,15,1977,71.19,reported
Indiana,Ind.,15,1978,3.98,reported
Indiana,Ind.,15,1979,3.64,reported
Indiana,Ind.,15,1980,2.01,reported
Indiana,Ind.,15,1981,0.33,reported
Indiana,Ind.,15,1982,0.06,reported
Indiana,Ind.,15,1983,6.8,reported
Indiana,Ind.,15,1984,0.04,reported
Indiana,Ind.,15,1985,0.06,reported
Indiana,Ind.,15,1986,0.69,reported
Indiana,Ind.,15,1987,,not reported
Indiana,Ind.,15,1988,1.03,reported
Indiana,Ind.,15,1989,2.02,reported
Indiana,Ind.,15,1990,4.48,reported
Indiana,Ind.,15,1991,0.09,reported
Indiana,Ind.,15,1992,0.21,reported
Indiana,Ind.,15,1993,0.02,reported
Indiana,Ind.,15,1994,0.02,reported
Indiana,Ind.,15,1995,,not reported
Indiana,Ind.,15,1996,,not reported
Indiana,Ind.,15,1997,,not reported
Indiana,Ind.,15,1998,0.03,reported
Indiana,Ind.,15,1999,0.02,reported
Indiana,Ind.,15,2000,,not reported
Indiana,Ind.,15,2001,0.03,reported
Indiana,Ind.,15,2002,0.02,reported
Indiana,Ind.,15,2003,0,reported
Indiana,Ind.,15,2004,0,reported
Indiana,Ind.,15,2005,0.53,reported
Indiana,Ind.,15,2006,0.02,reported
Indiana,Ind.,15,2007,0,reported
Indiana,Ind.,15,2008,0,reported
Indiana,Ind.,15,2009,0,reported
Indiana,Ind.,15,2010,0,reported
Indiana,Ind.,15,2011,0.21,reported
Indiana,Ind.,15,2012,0.23,reported
Kansas,Kan.,16,1928,136.92,reported
Kansas,Kan.,16,1929,555.44,reported
Kansas,Kan.,16,1930,666.76,reported
Kansas,Kan.,16,1931,93.46,reported
Kansas,Kan.,16,1932,326.61,reported
Kansas,Kan.,16,1933,335.06,reported
Kansas,Kan.,16,1934,538.87,reported
Kansas,Kan.,16,1935,1399.04,reported
Kansas,Kan.,16,1936,23.17,reported
Kansas,Kan.,16,1937,42.13,reported
Kansas,Kan.,16,1938,583.06,reported
Kansas,Kan.,16,1939,158.2,reported
Kansas,Kan.,16,1940,450.31,reported
Kansas,Kan.,16,1941,764.48,reported
Kansas,Kan.,16,1942,535.23,reported
Kansas,Kan.,16,1943,547.83,reported
Kansas,Kan.,16,1944,551.63,reported
Kansas,Kan.,16,1945,95.96,reported
Kansas,Kan.,16,1946,658.17,reported
Kansas,Kan.,16,1947,48.08,reported
Kansas,Kan.,16,1948,58.3,reported
Kansas,Kan.,16,1949,882.29,reported
Kansas,Kan.,16,1950,93.16,reported
Kansas,Kan.,16,1951,572.21,reported
Kansas,Kan.,16,1952,326.07,reported
Kansas,Kan.,16,1953,750.88,reported
Kansas,Kan.,16,1954,66.36,reported
Kansas,Kan.,16,1955,145.53,reported
Kansas,Kan.,16,1956,200.76,reported
Kansas,Kan.,16,1957,0.61,reported
Kansas,Kan.,16,1958,3.31,reported
Kansas,Kan.,16,1959,,not reported
Kansas,Kan.,16,1960,,not reported
Kansas,Kan.,16,1961,,not reported
Kansas,Kan.,16,1962,,not reported
Kansas,Kan.,16,1963,,not reported
Kansas,Kan.,16,1964,,not reported
Kansas,Kan.,16,1965,,not reported
Kansas,Kan.,16,1966,,not reported
Kansas,Kan.,16,1967,4.42,reported
Kansas,Kan.,16,1968,0.95,reported
Kansas,Kan.,16,1969,0.4,reported
Kansas,Kan.,16,1970,3.38,reported
Kansas,Kan.,16,1971,62.45,reported
Kansas,Kan.,16,1972,1.72,reported
Kansas,Kan.,16,1973,1.19,reported
Kansas,Kan.,16,1974,8.24,reported
Kansas,Kan.,16,1975,93.31,reported
Kansas,Kan.,16,1976,32.19,reported
Kansas,Kan.,16,1977,61.22,reported
Kansas,Kan.,16,1978,4.47,reported
Kansas,Kan.,16,1979,3.17,reported
Kansas,Kan.,16,1980,3.1,reported
Kansas,Kan.,16,1981,0.04,reported
Kansas,Kan.,16,1982,1.82,reported
Kansas,Kan.,16,1983,,not reported
Kansas,Kan.,16,1984,,not reported
Kansas,Kan.,16,1985,0.04,reported
Kansas,Kan.,16,1986,4.05,reported
Kansas,Kan.,16,1987,,not reported
Kansas,Kan.,16,1988,0.04,reported
Kansas,Kan.,16,1989,4.76,reported
Kansas,Kan.,16,1990,9.47,reported
Kansas,Kan.,16,1991,0.36,reported
Kansas,Kan.,16,1992,0.08,reported
Kansas,Kan.,16,1993,,not reported
Kansas,Kan.,16,1994,0.04,reported
Kansas,Kan.,16,1995,0.04,reported
Kansas,Kan.,16,1996,0.04,reported
Kansas,Kan.,16,1997,,not reported
Kansas,Kan.,16,1998,,not reported
Kansas,Kan.,16,1999,,not reported
Kansas,Kan.,16,2000,0.07,reported
Kansas,Kan.,16,2001,0.04,reported
Kansas,Kan.,16,2002,,not reported
Kansas,Kan.,16,2003,0,reported
Kansas,Kan.,16,2004,0,reported
Kansas,Kan.,16,2005,0,reported
Kansas,Kan.,16,2006,0.04,reported
Kansas,Kan.,16,2007,0,reported
Kansas,Kan.,16,2008,0,reported
Kansas,Kan.,16,2009,0,reported
Kansas,Kan.,16,2010,0,reported
Kansas,Kan.,16,2011,0.21,reported
Kansas,Kan.,16,2012,0.21,reported
Kentucky,Ky.,17,1928,216.24,reported
Kentucky,Ky.,17,1929,43.17,reported
Kentucky,Ky.,17,1930,70.19,reported
Kentucky,Ky.,17,1931,181.03,reported
Kentucky,Ky.,17,1932,72.98,reported
Kentucky,Ky.,17,1933,57.82,reported
Kentucky,Ky.,17,1934,422.52,reported
Kentucky,Ky.,17,1935,533.73,reported
Kentucky,Ky.,17,1936,79.66,reported
Kentucky,Ky.,17,1937,245.76,reported
Kentucky,Ky.,17,1938,393.48,reported
Kentucky,Ky.,17,1939,79.81,reported
Kentucky,Ky.,17,1940,97.64,reported
Kentucky,Ky.,17,1941,610.52,reported
Kentucky,Ky.,17,1942,84.07,reported
Kentucky,Ky.,17,1943,383.79,reported
Kentucky,Ky.,17,1944,86.49,reported
Kentucky,Ky.,17,1945,61.11,reported
Kentucky,Ky.,17,1946,269.59,reported
Kentucky,Ky.,17,1947,30.09,reported
Kentucky,Ky.,17,1948,127.97,reported
Kentucky,Ky.,17,1949,294.59,reported
Kentucky,Ky.,17,1950,162.64,reported
Kentucky,Ky.,17,1951,290.99,reported
Kentucky,Ky.,17,1952,362.98,reported
Kentucky,Ky.,17,1953,134.55,reported
Kentucky,Ky.,17,1954,1025.98,reported
Kentucky,Ky.,17,1955,76.05,reported
Kentucky,Ky.,17,1956,610.32,reported
Kentucky,Ky.,17,1957,557.75,reported
Kentucky,Ky.,17,1958,619.66,reported
Kentucky,Ky.,17,1959,221.64,reported
Kentucky,Ky.,17,1960,352.98,reported
Kentucky,Ky.,17,1961,368.66,reported
Kentucky,Ky.,17,1962,202.31,reported
Kentucky,Ky.,17,1963,284.85,reported
Kentucky,Ky.,17,1964,481.82,reported
Kentucky,Ky.,17,1965,121.08,reported
Kentucky,Ky.,17,1966,154.18,reported
Kentucky,Ky.,17,1967,46.85,reported
Kentucky,Ky.,17,1968,4.41,reported
Kentucky,Ky.,17,1969,2.22,reported
Kentucky,Ky.,17,1970,32.44,reported
Kentucky,Ky.,17,1971,111.43,reported
Kentucky,Ky.,17,1972,14.39,reported
Kentucky,Ky.,17,1973,12.35,reported
Kentucky,Ky.,17,1974,5.48,reported
Kentucky,Ky.,17,1975,4.48,reported
Kentucky,Ky.,17,1976,21.88,reported
Kentucky,Ky.,17,1977,33.02,reported
Kentucky,Ky.,17,1978,3.35,reported
Kentucky,Ky.,17,1979,1.64,reported
Kentucky,Ky.,17,1980,1.72,reported
Kentucky,Ky.,17,1981,0.03,reported
Kentucky,Ky.,17,1982,0.05,reported
Kentucky,Ky.,17,1983,,not reported
Kentucky,Ky.,17,1984,0.03,reported
Kentucky,Ky.,17,1985,0.05,reported
Kentucky,Ky.,17,1986,0.08,reported
Kentucky,Ky.,17,1987,,not reported
Kentucky,Ky.,17,1988,0.95,reported
Kentucky,Ky.,17,1989,1.17,reported
Kentucky,Ky.,17,1990,1.14,reported
Kentucky,Ky.,17,1991,0.7,reported
Kentucky,Ky.,17,1992,7.44,reported
Kentucky,Ky.,17,1993,,not reported
Kentucky,Ky.,17,1994,,not reported
Kentucky,Ky.,17,1995,,not reported
Kentucky,Ky.,17,1996,,not reported
Kentucky,Ky.,17,1997,,not reported
Kentucky,Ky.,17,1998,,not reported
Kentucky,Ky.,17,1999,0,reported
Kentucky,Ky.,17,2000,,not reported
Kentucky,Ky.,17,2001,0.05,reported
Kentucky,Ky.,17,2002,,not reported
Kentucky,Ky.,17,2003,0,reported
Kentucky,Ky.,17,2004,0,reported
Kentucky,Ky.,17,2005,0,reported
Kentucky,Ky.,17,2006,0,reported
Kentucky,Ky.,17,2007,0,reported
Kentucky,Ky.,17,2008,0,reported
Kentucky,Ky.,17,2009,0,reported
Kentucky,Ky.,17,2010,0.02,reported
Kentucky,Ky.,17,2011,0.02,reported
Kentucky,Ky.,17,2012,0,reported
Louisiana,La.,18,1928,260.3,reported
Louisiana,La.,18,1929,88.83,reported
Louisiana,La.,18,1930,86.27,reported
Louisiana,La.,18,1931,11.49,reported
Louisiana,La.,18,1932,67.42,reported
Louisiana,La.,18,1933,42.75,reported
Louisiana,La.,18,1934,220.98,reported
Louisiana,La.,18,1935,117.28,reported
Louisiana,La.,18,1936,57.7,reported
Louisiana,La.,18,1937,20.74,reported
Louisiana,La.,18,1938,44.75,reported
Louisiana,La.,18,1939,157.05,reported
Louisiana,La.,18,1940,47.81,reported
Louisiana,La.,18,1941,35.04,reported
Louisiana,La.,18,1942,123.7,reported
Louisiana,La.,18,1943,106.43,reported
Louisiana,La.,18,1944,103.97,reported
Louisiana,La.,18,1945,41.19,reported
Louisiana,La.,18,1946,126.31,reported
Louisiana,La.,18,1947,49.96,reported
Louisiana,La.,18,1948,57.63,reported
Louisiana,La.,18,1949,51.59,reported
Louisiana,La.,18,1950,28.55,reported
Louisiana,La.,18,1951,78.73,reported
Louisiana,La.,18,1952,23.93,reported
Louisiana,La.,18,1953,155.93,reported
Louisiana,La.,18,1954,105.03,reported
Louisiana,La.,18,1955,5.67,reported
Louisiana,La.,18,1956,69.66,reported
Louisiana,La.,18,1957,34.67,reported
Louisiana,La.,18,1958,9.03,reported
Louisiana,La.,18,1959,2.12,reported
Louisiana,La.,18,1960,7.48,reported
Louisiana,La.,18,1961,1.25,reported
Louisiana,La.,18,1962,6.88,reported
Louisiana,La.,18,1963,4.23,reported
Louisiana,La.,18,1964,3.4,reported
Louisiana,La.,18,1965,3.83,reported
Louisiana,La.,18,1966,3.01,reported
Louisiana,La.,18,1967,4.44,reported
Louisiana,La.,18,1968,0.78,reported
Louisiana,La.,18,1969,3.43,reported
Louisiana,La.,18,1970,8.33,reported
Louisiana,La.,18,1971,42.19,reported
Louisiana,La.,18,1972,3.25,reported
Louisiana,La.,18,1973,2.36,reported
Louisiana,La.,18,1974,0.36,reported
Louisiana,La.,18,1975,0.08,reported
Louisiana,La.,18,1976,7.82,reported
Louisiana,La.,18,1977,2.24,reported
Louisiana,La.,18,1978,21.22,reported
Louisiana,La.,18,1979,6.18,reported
Louisiana,La.,18,1980,0.44,reported
Louisiana,La.,18,1981,0.09,reported
Louisiana,La.,18,1982,0.34,reported
Louisiana,La.,18,1983,0.09,reported
Louisiana,La.,18,1984,0.18,reported
Louisiana,La.,18,1985,0.95,reported
Louisiana,La.,18,1986,0.09,reported
Louisiana,La.,18,1987,,not reported
Louisiana,La.,18,1988,,not reported
Louisiana,La.,18,1989,2.8,reported
Louisiana,La.,18,1990,0,reported
Louisiana,La.,18,1991,,not reported
Louisiana,La.,18,1992,,not reported
Louisiana,La.,18,1993,0.02,reported
Louisiana,La.,18,1994,0.02,reported
Louisiana,La.,18,1995,0.41,reported
Louisiana,La.,18,1996,,not reported
Louisiana,La.,18,1997,,not reported
Louisiana,La.,18,1998,0.02,reported
Louisiana,La.,18,1999,,not reported
Louisiana,La.,18,2000,,not reported
Louisiana,La.,18,2001,,not reported
Louisiana,La.,18,2002,,not reported
Louisiana,La.,18,2003,0,reported
Louisiana,La.,18,2004,0,reported
Louisiana,La.,18,2005,0,reported
Louisiana,La.,18,2006,0,reported
Louisiana,La.,18,2007,0,reported
Louisiana,La.,18,2008,0.02,reported
Louisiana,La.,18,2009,0,reported
Louisiana,La.,18,2010,0,reported
Louisiana,La.,18,2011,0,reported
Louisiana,La.,18,2012,0,reported
Massachusetts,Mass.,19,1928,981.05,reported
Massachusetts,Mass.,19,1929,351.41,reported
Massachusetts,Mass.,19,1930,630.28,reported
Massachusetts,Mass.,19,1931,386.79,reported
Massachusetts,Mass.,19,1932,463.18,reported
Massachusetts,Mass.,19,1933,351.87,reported
Massachusetts,Mass.,19,1934,1039.47,reported
Massachusetts,Mass.,19,1935,286.74,reported
Massachusetts,Mass.,19,1936,613.79,reported
Massachusetts,Mass.,19,1937,478.34,reported
Massachusetts,Mass.,19,1938,229.99,reported
Massachusetts,Mass.,19,1939,546.17,reported
Massachusetts,Mass.,19,1940,498.73,reported
Massachusetts,Mass.,19,1941,474.05,reported
Massachusetts,Mass.,19,1942,564.91,reported
Massachusetts,Mass.,19,1943,752.18,reported
Massachusetts,Mass.,19,1944,433.39,reported
Massachusetts,Mass.,19,1945,186.63,reported
Massachusetts,Mass.,19,1946,798.39,reported
Massachusetts,Mass.,19,1947,252.66,reported
Massachusetts,Mass.,19,1948,674.97,reported
Massachusetts,Mass.,19,1949,556.87,reported
Massachusetts,Mass.,19,1950,264.72,reported
Massachusetts,Mass.,19,1951,311.54,reported
Massachusetts,Mass.,19,1952,940.06,reported
Massachusetts,Mass.,19,1953,68.27,reported
Massachusetts,Mass.,19,1954,475.05,reported
Massachusetts,Mass.,19,1955,957.5,reported
Massachusetts,Mass.,19,1956,72.01,reported
Massachusetts,Mass.,19,1957,222.05,reported
Massachusetts,Mass.,19,1958,714.95,reported
Massachusetts,Mass.,19,1959,123.22,reported
Massachusetts,Mass.,19,1960,420.6,reported
Massachusetts,Mass.,19,1961,416.46,reported
Massachusetts,Mass.,19,1962,511.31,reported
Massachusetts,Mass.,19,1963,84.11,reported
Massachusetts,Mass.,19,1964,135.96,reported
Massachusetts,Mass.,19,1965,354.51,reported
Massachusetts,Mass.,19,1966,15.01,reported
Massachusetts,Mass.,19,1967,7.44,reported
Massachusetts,Mass.,19,1968,9.83,reported
Massachusetts,Mass.,19,1969,6.57,reported
Massachusetts,Mass.,19,1970,15.77,reported
Massachusetts,Mass.,19,1971,8.09,reported
Massachusetts,Mass.,19,1972,21.97,reported
Massachusetts,Mass.,19,1973,69.16,reported
Massachusetts,Mass.,19,1974,7.1,reported
Massachusetts,Mass.,19,1975,2.73,reported
Massachusetts,Mass.,19,1976,0.75,reported
Massachusetts,Mass.,19,1977,12.29,reported
Massachusetts,Mass.,19,1978,5.49,reported
Massachusetts,Mass.,19,1979,0.47,reported
Massachusetts,Mass.,19,1980,1.01,reported
Massachusetts,Mass.,19,1981,1.06,reported
Massachusetts,Mass.,19,1982,0.09,reported
Massachusetts,Mass.,19,1983,0.14,reported
Massachusetts,Mass.,19,1984,1.45,reported
Massachusetts,Mass.,19,1985,1.37,reported
Massachusetts,Mass.,19,1986,0.62,reported
Massachusetts,Mass.,19,1987,1.09,reported
Massachusetts,Mass.,19,1988,0.08,reported
Massachusetts,Mass.,19,1989,1.8,reported
Massachusetts,Mass.,19,1990,0.53,reported
Massachusetts,Mass.,19,1991,0.71,reported
Massachusetts,Mass.,19,1992,0.35,reported
Massachusetts,Mass.,19,1993,0.3,reported
Massachusetts,Mass.,19,1994,0.1,reported
Massachusetts,Mass.,19,1995,0.08,reported
Massachusetts,Mass.,19,1996,0.19,reported
Massachusetts,Mass.,19,1997,0.87,reported
Massachusetts,Mass.,19,1998,0.02,reported
Massachusetts,Mass.,19,1999,0.03,reported
Massachusetts,Mass.,19,2000,0,reported
Massachusetts,Mass.,19,2001,0,reported
Massachusetts,Mass.,19,2002,,not reported
Massachusetts,Mass.,19,2003,0,reported
Massachusetts,Mass.,19,2004,0.03,reported
Massachusetts,Mass.,19,2005,0,reported
Massachusetts,Mass.,19,2006,0.3,reported
Massachusetts,Mass.,19,2007,0.02,reported
Massachusetts,Mass.,19,2008,0.03,reported
Massachusetts,Mass.,19,2009,0.03,reported
Massachusetts,Mass.,19,2010,0.05,reported
Massachusetts,Mass.,19,2011,0.36,reported
Massachusetts,Mass.,19,2012,0,reported
Maryland,Md.,20,1928,1089.35,reported
Maryland,Md.,20,1929,126.03,reported
Maryland,Md.,20,1930,73.9,reported
Maryland,Md.,20,1931,1264.88,reported
Maryland,Md.,20,1932,65.14,reported
Maryland,Md.,20,1933,41.15,reported
Maryland,Md.,20,1934,1575.91,reported
Maryland,Md.,20,1935,133.14,reported
Maryland,Md.,20,1936,405.33,reported
Maryland,Md.,20,1937,698.18,reported
Maryland,Md.,20,1938,159.06,reported
Maryland,Md.,20,1939,852.89,reported
Maryland,Md.,20,1940,233.85,reported
Maryland,Md.,20,1941,384.29,reported
Maryland,Md.,20,1942,535.21,reported
Maryland,Md.,20,1943,196.77,reported
Maryland,Md.,20,1944,613.79,reported
Maryland,Md.,20,1945,87.43,reported
Maryland,Md.,20,1946,488.41,reported
Maryland,Md.,20,1947,50.89,reported
Maryland,Md.,20,1948,435.38,reported
Maryland,Md.,20,1949,740.23,reported
Maryland,Md.,20,1950,61.74,reported
Maryland,Md.,20,1951,269.07,reported
Maryland,Md.,20,1952,348.04,reported
Maryland,Md.,20,1953,79.47,reported
Maryland,Md.,20,1954,433.82,reported
Maryland,Md.,20,1955,83.52,reported
Maryland,Md.,20,1956,310.78,reported
Maryland,Md.,20,1957,79.67,reported
Maryland,Md.,20,1958,210.83,reported
Maryland,Md.,20,1959,76.09,reported
Maryland,Md.,20,1960,104.43,reported
Maryland,Md.,20,1961,130.26,reported
Maryland,Md.,20,1962,96.66,reported
Maryland,Md.,20,1963,60.07,reported
Maryland,Md.,20,1964,89.49,reported
Maryland,Md.,20,1965,35.53,reported
Maryland,Md.,20,1966,57.73,reported
Maryland,Md.,20,1967,4.84,reported
Maryland,Md.,20,1968,2.73,reported
Maryland,Md.,20,1969,2.56,reported
Maryland,Md.,20,1970,34.64,reported
Maryland,Md.,20,1971,13.65,reported
Maryland,Md.,20,1972,0.32,reported
Maryland,Md.,20,1973,0.34,reported
Maryland,Md.,20,1974,0.58,reported
Maryland,Md.,20,1975,1.54,reported
Maryland,Md.,20,1976,19.88,reported
Maryland,Md.,20,1977,8.49,reported
Maryland,Md.,20,1978,1.22,reported
Maryland,Md.,20,1979,0.4,reported
Maryland,Md.,20,1980,1.99,reported
Maryland,Md.,20,1981,0.12,reported
Maryland,Md.,20,1982,0.12,reported
Maryland,Md.,20,1983,0.18,reported
Maryland,Md.,20,1984,0.29,reported
Maryland,Md.,20,1985,2.56,reported
Maryland,Md.,20,1986,0.77,reported
Maryland,Md.,20,1987,0.24,reported
Maryland,Md.,20,1988,0.32,reported
Maryland,Md.,20,1989,2.51,reported
Maryland,Md.,20,1990,4.29,reported
Maryland,Md.,20,1991,3.68,reported
Maryland,Md.,20,1992,0.22,reported
Maryland,Md.,20,1993,0.02,reported
Maryland,Md.,20,1994,0.1,reported
Maryland,Md.,20,1995,0,reported
Maryland,Md.,20,1996,0.08,reported
Maryland,Md.,20,1997,0.5,reported
Maryland,Md.,20,1998,0,reported
Maryland,Md.,20,1999,,not reported
Maryland,Md.,20,2000,,not reported
Maryland,Md.,20,2001,0.06,reported
Maryland,Md.,20,2002,,not reported
Maryland,Md.,20,2003,0.02,reported
Maryland,Md.,20,2004,0.02,reported
Maryland,Md.,20,2005,0,reported
Maryland,Md.,20,2006,0.04,reported
Maryland,Md.,20,2007,0,reported
Maryland,Md.,20,2008,0,reported
Maryland,Md.,20,2009,0.07,reported
Maryland,Md.,20,2010,0,reported
Maryland,Md.,20,2011,0.03,reported
Maryland,Md.,20,2012,0,reported
Maine,Maine,21,1928,401.94,reported
Maine,Maine,21,1929,719.2,reported
Maine,Maine,21,1930,198.88,reported
Maine,Maine,21,1931,434.32,reported
Maine,Maine,21,1932,1086.26,reported
Maine,Maine,21,1933,13.4,reported
Maine,Maine,21,1934,78.05,reported
Maine,Maine,21,1935,857.78,reported
Maine,Maine,21,1936,891.9,reported
Maine,Maine,21,1937,134.32,reported
Maine,Maine,21,1938,509.67,reported
Maine,Maine,21,1939,271.1,reported
Maine,Maine,21,1940,837.75,reported
Maine,Maine,21,1941,557.69,reported
Maine,Maine,21,1942,540.58,reported
Maine,Maine,21,1943,298.01,reported
Maine,Maine,21,1944,611.11,reported
Maine,Maine,21,1945,61.31,reported
Maine,Maine,21,1946,578,reported
Maine,Maine,21,1947,504.57,reported
Maine,Maine,21,1948,335.02,reported
Maine,Maine,21,1949,1108.86,reported
Maine,Maine,21,1950,106.11,reported
Maine,Maine,21,1951,193.01,reported
Maine,Maine,21,1952,987.7,reported
Maine,Maine,21,1953,181.54,reported
Maine,Maine,21,1954,626.75,reported
Maine,Maine,21,1955,710.49,reported
Maine,Maine,21,1956,115.35,reported
Maine,Maine,21,1957,478.9,reported
Maine,Maine,21,1958,462.61,reported
Maine,Maine,21,1959,270.43,reported
Maine,Maine,21,1960,413.03,reported
Maine,Maine,21,1961,279.1,reported
Maine,Maine,21,1962,718.01,reported
Maine,Maine,21,1963,48.54,reported
Maine,Maine,21,1964,373.92,reported
Maine,Maine,21,1965,295.79,reported
Maine,Maine,21,1966,29.73,reported
Maine,Maine,21,1967,24.6,reported
Maine,Maine,21,1968,3.52,reported
Maine,Maine,21,1969,0.81,reported
Maine,Maine,21,1970,41.46,reported
Maine,Maine,21,1971,120.28,reported
Maine,Maine,21,1972,20.94,reported
Maine,Maine,21,1973,5.38,reported
Maine,Maine,21,1974,3.45,reported
Maine,Maine,21,1975,1.47,reported
Maine,Maine,21,1976,0.91,reported
Maine,Maine,21,1977,15.89,reported
Maine,Maine,21,1978,117.77,reported
Maine,Maine,21,1979,1.87,reported
Maine,Maine,21,1980,4.24,reported
Maine,Maine,21,1981,0.44,reported
Maine,Maine,21,1982,,not reported
Maine,Maine,21,1983,,not reported
Maine,Maine,21,1984,,not reported
Maine,Maine,21,1985,,not reported
Maine,Maine,21,1986,1.27,reported
Maine,Maine,21,1987,0.25,reported
Maine,Maine,21,1988,0.66,reported
Maine,Maine,21,1989,,not reported
Maine,Maine,21,1990,0.32,reported
Maine,Maine,21,1991,0.57,reported
Maine,Maine,21,1992,0.24,reported
Maine,Maine,21,1993,0.16,reported
Maine,Maine,21,1994,0.24,reported
Maine,Maine,21,1995,,not reported
Maine,Maine,21,1996,0,reported
Maine,Maine,21,1997,0.32,reported
Maine,Maine,21,1998,,not reported
Maine,Maine,21,1999,,not reported
Maine,Maine,21,2000,,not reported
Maine,Maine,21,2001,,not reported
Maine,Maine,21,2002,,not reported
Maine,Maine,21,2003,0,reported
Maine,Maine,21,2004,0,reported
Maine,Maine,21,2005,0,reported
Maine,Maine,21,2006,0,reported
Maine,Maine,21,2007,0,reported
Maine,Maine,21,2008,0,reported
Maine,Maine,21,2009,0,reported
Maine,Maine,21,2010,0,reported
Maine,Maine,21,2011,0,reported
Maine,Maine,21,2012,0,reported
Michigan,Mich.,22,1928,547.57,reported
Michigan,Mich.,22,1929,376.48,reported
Michigan,Mich.,22,1930,583.64,reported
Michigan,Mich.,22,1931,133.45,reported
Michigan,Mich.,22,1932,881.09,reported
Michigan,Mich.,22,1933,462.11,reported
Michigan,Mich.,22,1934,132.45,reported
Michigan,Mich.,22,1935,1600.89,reported
Michigan,Mich.,22,1936,47.71,reported
Michigan,Mich.,22,1937,115.6,reported
Michigan,Mich.,22,1938,1505.53,reported
Michigan,Mich.,22,1939,328.16,reported
Michigan,Mich.,22,1940,299.69,reported
Michigan,Mich.,22,1941,1119.53,reported
Michigan,Mich.,22,1942,168.34,reported
Michigan,Mich.,22,1943,765.18,reported
Michigan,Mich.,22,1944,466.9,reported
Michigan,Mich.,22,1945,121.21,reported
Michigan,Mich.,22,1946,627.92,reported
Michigan,Mich.,22,1947,148.03,reported
Michigan,Mich.,22,1948,561.07,reported
Michigan,Mich.,22,1949,312.08,reported
Michigan,Mich.,22,1950,575.29,reported
Michigan,Mich.,22,1951,221.86,reported
Michigan,Mich.,22,1952,407.47,reported
Michigan,Mich.,22,1953,323.02,reported
Michigan,Mich.,22,1954,568.6,reported
Michigan,Mich.,22,1955,309.13,reported
Michigan,Mich.,22,1956,540.15,reported
Michigan,Mich.,22,1957,234.87,reported
Michigan,Mich.,22,1958,530.42,reported
Michigan,Mich.,22,1959,147.66,reported
Michigan,Mich.,22,1960,451.61,reported
Michigan,Mich.,22,1961,349.42,reported
Michigan,Mich.,22,1962,318.96,reported
Michigan,Mich.,22,1963,516.65,reported
Michigan,Mich.,22,1964,354.5,reported
Michigan,Mich.,22,1965,336.97,reported
Michigan,Mich.,22,1966,176.03,reported
Michigan,Mich.,22,1967,13.34,reported
Michigan,Mich.,22,1968,4.04,reported
Michigan,Mich.,22,1969,4.43,reported
Michigan,Mich.,22,1970,20.27,reported
Michigan,Mich.,22,1971,28.85,reported
Michigan,Mich.,22,1972,25.74,reported
Michigan,Mich.,22,1973,46.66,reported
Michigan,Mich.,22,1974,25.09,reported
Michigan,Mich.,22,1975,35.26,reported
Michigan,Mich.,22,1976,65.65,reported
Michigan,Mich.,22,1977,13.48,reported
Michigan,Mich.,22,1978,82.21,reported
Michigan,Mich.,22,1979,9.45,reported
Michigan,Mich.,22,1980,3.04,reported
Michigan,Mich.,22,1981,0.38,reported
Michigan,Mich.,22,1982,0.62,reported
Michigan,Mich.,22,1983,0.03,reported
Michigan,Mich.,22,1984,3.29,reported
Michigan,Mich.,22,1985,0.77,reported
Michigan,Mich.,22,1986,1.16,reported
Michigan,Mich.,22,1987,0.3,reported
Michigan,Mich.,22,1988,0.34,reported
Michigan,Mich.,22,1989,4.23,reported
Michigan,Mich.,22,1990,4.05,reported
Michigan,Mich.,22,1991,0.37,reported
Michigan,Mich.,22,1992,0.15,reported
Michigan,Mich.,22,1993,0.07,reported
Michigan,Mich.,22,1994,0.16,reported
Michigan,Mich.,22,1995,0.04,reported
Michigan,Mich.,22,1996,0.02,reported
Michigan,Mich.,22,1997,0.08,reported
Michigan,Mich.,22,1998,0.09,reported
Michigan,Mich.,22,1999,0,reported
Michigan,Mich.,22,2000,0.02,reported
Michigan,Mich.,22,2001,,not reported
Michigan,Mich.,22,2002,,not reported
Michigan,Mich.,22,2003,0.02,reported
Michigan,Mich.,22,2004,0,reported
Michigan,Mich.,22,2005,0.01,reported
Michigan,Mich.,22,2006,0.01,reported
Michigan,Mich.,22,2007,0.03,reported
Michigan,Mich.,22,2008,0.04,reported
Michigan,Mich.,22,2009,0,reported
Michigan,Mich.,22,2010,0,reported
Michigan,Mich.,22,2011,0.02,reported
Michigan,Mich.,22,2012,0.01,reported
Minnesota,Minn.,23,1928,79.17,reported
Minnesota,Minn.,23,1929,492.34,reported
Minnesota,Minn.,23,1930,218.98,reported
Minnesota,Minn.,23,1931,123.53,reported
Minnesota,Minn.,23,1932,95.09,reported
Minnesota,Minn.,23,1933,752.34,reported
Minnesota,Minn.,23,1934,313.58,reported
Minnesota,Minn.,23,1935,1062.02,reported
Minnesota,Minn.,23,1936,283.03,reported
Minnesota,Minn.,23,1937,25.13,reported
Minnesota,Minn.,23,1938,256.19,reported
Minnesota,Minn.,23,1939,655.63,reported
Minnesota,Minn.,23,1940,300.3,reported
Minnesota,Minn.,23,1941,35.34,reported
Minnesota,Minn.,23,1942,567.69,reported
Minnesota,Minn.,23,1943,398,reported
Minnesota,Minn.,23,1944,770.51,reported
Minnesota,Minn.,23,1945,62.93,reported
Minnesota,Minn.,23,1946,44.81,reported
Minnesota,Minn.,23,1947,319.37,reported
Minnesota,Minn.,23,1948,286.33,reported
Minnesota,Minn.,23,1949,114.45,reported
Minnesota,Minn.,23,1950,125.16,reported
Minnesota,Minn.,23,1951,93.36,reported
Minnesota,Minn.,23,1952,96.96,reported
Minnesota,Minn.,23,1953,136.25,reported
Minnesota,Minn.,23,1954,92.93,reported
Minnesota,Minn.,23,1955,225.28,reported
Minnesota,Minn.,23,1956,40.74,reported
Minnesota,Minn.,23,1957,229.32,reported
Minnesota,Minn.,23,1958,37.85,reported
Minnesota,Minn.,23,1959,80.04,reported
Minnesota,Minn.,23,1960,126.28,reported
Minnesota,Minn.,23,1961,20.58,reported
Minnesota,Minn.,23,1962,47.45,reported
Minnesota,Minn.,23,1963,76.75,reported
Minnesota,Minn.,23,1964,9.7,reported
Minnesota,Minn.,23,1965,26.45,reported
Minnesota,Minn.,23,1966,46.53,reported
Minnesota,Minn.,23,1967,3.74,reported
Minnesota,Minn.,23,1968,0.51,reported
Minnesota,Minn.,23,1969,0.72,reported
Minnesota,Minn.,23,1970,1.27,reported
Minnesota,Minn.,23,1971,2.04,reported
Minnesota,Minn.,23,1972,0.67,reported
Minnesota,Minn.,23,1973,0.61,reported
Minnesota,Minn.,23,1974,2.16,reported
Minnesota,Minn.,23,1975,5.83,reported
Minnesota,Minn.,23,1976,10.78,reported
Minnesota,Minn.,23,1977,68.09,reported
Minnesota,Minn.,23,1978,2.12,reported
Minnesota,Minn.,23,1979,29.88,reported
Minnesota,Minn.,23,1980,26.9,reported
Minnesota,Minn.,23,1981,0.19,reported
Minnesota,Minn.,23,1982,,not reported
Minnesota,Minn.,23,1983,0,reported
Minnesota,Minn.,23,1984,1.08,reported
Minnesota,Minn.,23,1985,,not reported
Minnesota,Minn.,23,1986,0.85,reported
Minnesota,Minn.,23,1987,0.65,reported
Minnesota,Minn.,23,1988,0.48,reported
Minnesota,Minn.,23,1989,0.16,reported
Minnesota,Minn.,23,1990,9.2,reported
Minnesota,Minn.,23,1991,0.61,reported
Minnesota,Minn.,23,1992,0.22,reported
Minnesota,Minn.,23,1993,,not reported
Minnesota,Minn.,23,1994,,not reported
Minnesota,Minn.,23,1995,,not reported
Minnesota,Minn.,23,1996,0.38,reported
Minnesota,Minn.,23,1997,0.36,reported
Minnesota,Minn.,23,1998,,not reported
Minnesota,Minn.,23,1999,0,reported
Minnesota,Minn.,23,2000,0.02,reported
Minnesota,Minn.,23,2001,0.04,reported
Minnesota,Minn.,23,2002,0,reported
Minnesota,Minn.,23,2003,0,reported
Minnesota,Minn.,23,2004,0,reported
Minnesota,Minn.,23,2005,0,reported
Minnesota,Minn.,23,2006,0.02,reported
Minnesota,Minn.,23,2007,0.02,reported
Minnesota,Minn.,23,2008,0,reported
Minnesota,Minn.,23,2009,0.02,reported
Minnesota,Minn.,23,2010,0.06,reported
Minnesota,Minn.,23,2011,0.49,reported
Minnesota,Minn.,23,2012,0,reported
Missouri,Mo.,24,1928,198.67,reported
Missouri,Mo.,24,1929,183.43,reported
Missouri,Mo.,24,1930,149.81,reported
Missouri,Mo.,24,1931,369.79,reported
Missouri,Mo.,24,1932,43.19,reported
Missouri,Mo.,24,1933,152.96,reported
Missouri,Mo.,24,1934,539.48,reported
Missouri,Mo.,24,1935,345.18,reported
Missouri,Mo.,24,1936,17.35,reported
Missouri,Mo.,24,1937,186.43,reported
Missouri,Mo.,24,1938,525.4,reported
Missouri,Mo.,24,1939,76.57,reported
Missouri,Mo.,24,1940,15.54,reported
Missouri,Mo.,24,1941,175.16,reported
Missouri,Mo.,24,1942,178.68,reported
Missouri,Mo.,24,1943,196.1,reported
Missouri,Mo.,24,1944,155.96,reported
Missouri,Mo.,24,1945,30.2,reported
Missouri,Mo.,24,1946,166.92,reported
Missouri,Mo.,24,1947,33.56,reported
Missouri,Mo.,24,1948,150.22,reported
Missouri,Mo.,24,1949,203.76,reported
Missouri,Mo.,24,1950,58.05,reported
Missouri,Mo.,24,1951,188.57,reported
Missouri,Mo.,24,1952,60.94,reported
Missouri,Mo.,24,1953,218.88,reported
Missouri,Mo.,24,1954,37.9,reported
Missouri,Mo.,24,1955,96.54,reported
Missouri,Mo.,24,1956,124.91,reported
Missouri,Mo.,24,1957,102.24,reported
Missouri,Mo.,24,1958,82.42,reported
Missouri,Mo.,24,1959,84.66,reported
Missouri,Mo.,24,1960,17.36,reported
Missouri,Mo.,24,1961,102.12,reported
Missouri,Mo.,24,1962,31.72,reported
Missouri,Mo.,24,1963,64.03,reported
Missouri,Mo.,24,1964,24.18,reported
Missouri,Mo.,24,1965,60.17,reported
Missouri,Mo.,24,1966,12.56,reported
Missouri,Mo.,24,1967,7.49,reported
Missouri,Mo.,24,1968,0.7,reported
Missouri,Mo.,24,1969,1.59,reported
Missouri,Mo.,24,1970,16.48,reported
Missouri,Mo.,24,1971,42.83,reported
Missouri,Mo.,24,1972,3.74,reported
Missouri,Mo.,24,1973,1.17,reported
Missouri,Mo.,24,1974,5.51,reported
Missouri,Mo.,24,1975,5.43,reported
Missouri,Mo.,24,1976,4.81,reported
Missouri,Mo.,24,1977,18.59,reported
Missouri,Mo.,24,1978,3.54,reported
Missouri,Mo.,24,1979,9.74,reported
Missouri,Mo.,24,1980,1.01,reported
Missouri,Mo.,24,1981,0.02,reported
Missouri,Mo.,24,1982,0.04,reported
Missouri,Mo.,24,1983,0.04,reported
Missouri,Mo.,24,1984,0.12,reported
Missouri,Mo.,24,1985,0.02,reported
Missouri,Mo.,24,1986,0.61,reported
Missouri,Mo.,24,1987,3.74,reported
Missouri,Mo.,24,1988,0.41,reported
Missouri,Mo.,24,1989,9.95,reported
Missouri,Mo.,24,1990,1.03,reported
Missouri,Mo.,24,1991,,not reported
Missouri,Mo.,24,1992,0.02,reported
Missouri,Mo.,24,1993,0,reported
Missouri,Mo.,24,1994,0.81,reported
Missouri,Mo.,24,1995,0,reported
Missouri,Mo.,24,1996,0.04,reported
Missouri,Mo.,24,1997,0.05,reported
Missouri,Mo.,24,1998,,not reported
Missouri,Mo.,24,1999,0.02,reported
Missouri,Mo.,24,2000,,not reported
Missouri,Mo.,24,2001,0.02,reported
Missouri,Mo.,24,2002,0.02,reported
Missouri,Mo.,24,2003,0,reported
Missouri,Mo.,24,2004,0.03,reported
Missouri,Mo.,24,2005,0,reported
Missouri,Mo.,24,2006,0.02,reported
Missouri,Mo.,24,2007,0,reported
Missouri,Mo.,24,2008,0.02,reported
Missouri,Mo.,24,2009,0.1,reported
Missouri,Mo.,24,2010,0.05,reported
Missouri,Mo.,24,2011,0,reported
Missouri,Mo.,24,2012,0,reported
Mississippi,Miss.,25,1928,0,reported
Mississippi,Miss.,25,1929,,not reported
Mississippi,Miss.,25,1930,,not reported
Mississippi,Miss.,25,1931,,not reported
Mississippi,Miss.,25,1932,,not reported
Mississippi,Miss.,25,1933,,not reported
Mississippi,Miss.,25,1934,,not reported
Mississippi,Miss.,25,1935,,not reported
Mississippi,Miss.,25,1936,,not reported
Mississippi,Miss.,25,1937,0,reported
Mississippi,Miss.,25,1938,0,reported
Mississippi,Miss.,25,1939,0,reported
Mississippi,Miss.,25,1940,0,reported
Mississippi,Miss.,25,1941,0,reported
Mississippi,Miss.,25,1942,0,reported
Mississippi,Miss.,25,1943,,not reported
Mississippi,Miss.,25,1944,0,reported
Mississippi,Miss.,25,1945,0,reported
Mississippi,Miss.,25,1946,,not reported
Mississippi,Miss.,25,1947,14.97,reported
Mississippi,Miss.,25,1948,58.26,reported
Mississippi,Miss.,25,1949,106.76,reported
Mississippi,Miss.,25,1950,99.49,reported
Mississippi,Miss.,25,1951,91.26,reported
Mississippi,Miss.,25,1952,64.59,reported
Mississippi,Miss.,25,1953,115.42,reported
Mississippi,Miss.,25,1954,145.93,reported
Mississippi,Miss.,25,1955,72.77,reported
Mississippi,Miss.,25,1956,107.77,reported
Mississippi,Miss.,25,1957,61.45,reported
Mississippi,Miss.,25,1958,67.5,reported
Mississippi,Miss.,25,1959,66.46,reported
Mississippi,Miss.,25,1960,76.31,reported
Mississippi,Miss.,25,1961,68.9,reported
Mississippi,Miss.,25,1962,119.04,reported
Mississippi,Miss.,25,1963,29.9,reported
Mississippi,Miss.,25,1964,261.45,reported
Mississippi,Miss.,25,1965,51.2,reported
Mississippi,Miss.,25,1966,57.02,reported
Mississippi,Miss.,25,1967,30.43,reported
Mississippi,Miss.,25,1968,10.86,reported
Mississippi,Miss.,25,1969,1.04,reported
Mississippi,Miss.,25,1970,6.09,reported
Mississippi,Miss.,25,1971,66.84,reported
Mississippi,Miss.,25,1972,9.02,reported
Mississippi,Miss.,25,1973,2.73,reported
Mississippi,Miss.,25,1974,0.63,reported
Mississippi,Miss.,25,1975,1.48,reported
Mississippi,Miss.,25,1976,0.73,reported
Mississippi,Miss.,25,1977,2.09,reported
Mississippi,Miss.,25,1978,31.19,reported
Mississippi,Miss.,25,1979,1.07,reported
Mississippi,Miss.,25,1980,3.9,reported
Mississippi,Miss.,25,1981,,not reported
Mississippi,Miss.,25,1982,0.16,reported
Mississippi,Miss.,25,1983,0.08,reported
Mississippi,Miss.,25,1984,,not reported
Mississippi,Miss.,25,1985,0.04,reported
Mississippi,Miss.,25,1986,0.39,reported
Mississippi,Miss.,25,1987,0.16,reported
Mississippi,Miss.,25,1988,1.24,reported
Mississippi,Miss.,25,1989,0.04,reported
Mississippi,Miss.,25,1990,0.5,reported
Mississippi,Miss.,25,1991,,not reported
Mississippi,Miss.,25,1992,0.04,reported
Mississippi,Miss.,25,1993,,not reported
Mississippi,Miss.,25,1994,,not reported
Mississippi,Miss.,25,1995,,not reported
Mississippi,Miss.,25,1996,,not reported
Mississippi,Miss.,25,1997,0.14,reported
Mississippi,Miss.,25,1998,,not reported
Mississippi,Miss.,25,1999,,not reported
Mississippi,Miss.,25,2000,,not reported
Mississippi,Miss.,25,2001,,not reported
Mississippi,Miss.,25,2002,,not reported
Mississippi,Miss.,25,2003,0,reported
Mississippi,Miss.,25,2004,0,reported
Mississippi,Miss.,25,2005,0,reported
Mississippi,Miss.,25,2006,0,reported
Mississippi,Miss.,25,2007,0,reported
Mississippi,Miss.,25,2008,0,reported
Mississippi,Miss.,25,2009,0,reported
Mississippi,Miss.,25,2010,0,reported
Mississippi,Miss.,25,2011,0,reported
Mississippi,Miss.,25,2012,0,reported
Montana,Mont.,26,1928,139.93,reported
Montana,Mont.,26,1929,817.75,reported
Montana,Mont.,26,1930,117.44,reported
Montana,Mont.,26,1931,284.81,reported
Montana,Mont.,26,1932,1007.96,reported
Montana,Mont.,26,1933,419.59,reported
Montana,Mont.,26,1934,355.96,reported
Montana,Mont.,26,1935,1422.55,reported
Montana,Mont.,26,1936,81.59,reported
Montana,Mont.,26,1937,111.73,reported
Montana,Mont.,26,1938,1119.75,reported
Montana,Mont.,26,1939,1973.33,reported
Montana,Mont.,26,1940,476.43,reported
Montana,Mont.,26,1941,161.23,reported
Montana,Mont.,26,1942,588.51,reported
Montana,Mont.,26,1943,1122.06,reported
Montana,Mont.,26,1944,720.79,reported
Montana,Mont.,26,1945,175.26,reported
Montana,Mont.,26,1946,422.67,reported
Montana,Mont.,26,1947,843.41,reported
Montana,Mont.,26,1948,341.61,reported
Montana,Mont.,26,1949,676.1,reported
Montana,Mont.,26,1950,300.17,reported
Montana,Mont.,26,1951,416.61,reported
Montana,Mont.,26,1952,643.94,reported
Montana,Mont.,26,1953,505.28,reported
Montana,Mont.,26,1954,750,reported
Montana,Mont.,26,1955,449.84,reported
Montana,Mont.,26,1956,1016.62,reported
Montana,Mont.,26,1957,528.64,reported
Montana,Mont.,26,1958,1065.47,reported
Montana,Mont.,26,1959,625.56,reported
Montana,Mont.,26,1960,313.99,reported
Montana,Mont.,26,1961,326.15,reported
Montana,Mont.,26,1962,1181.38,reported
Montana,Mont.,26,1963,482.36,reported
Montana,Mont.,26,1964,579.6,reported
Montana,Mont.,26,1965,556.37,reported
Montana,Mont.,26,1966,272.7,reported
Montana,Mont.,26,1967,48.93,reported
Montana,Mont.,26,1968,9.71,reported
Montana,Mont.,26,1969,17.15,reported
Montana,Mont.,26,1970,16.04,reported
Montana,Mont.,26,1971,112.98,reported
Montana,Mont.,26,1972,2.34,reported
Montana,Mont.,26,1973,48.61,reported
Montana,Mont.,26,1974,46.24,reported
Montana,Mont.,26,1975,7,reported
Montana,Mont.,26,1976,65.85,reported
Montana,Mont.,26,1977,119.64,reported
Montana,Mont.,26,1978,13.84,reported
Montana,Mont.,26,1979,7.88,reported
Montana,Mont.,26,1980,0.25,reported
Montana,Mont.,26,1981,,not reported
Montana,Mont.,26,1982,,not reported
Montana,Mont.,26,1983,,not reported
Montana,Mont.,26,1984,,not reported
Montana,Mont.,26,1985,20.52,reported
Montana,Mont.,26,1986,0.25,reported
Montana,Mont.,26,1987,17.12,reported
Montana,Mont.,26,1988,9.63,reported
Montana,Mont.,26,1989,1.63,reported
Montana,Mont.,26,1990,,not reported
Montana,Mont.,26,1991,,not reported
Montana,Mont.,26,1992,,not reported
Montana,Mont.,26,1993,,not reported
Montana,Mont.,26,1994,,not reported
Montana,Mont.,26,1995,,not reported
Montana,Mont.,26,1996,,not reported
Montana,Mont.,26,1997,,not reported
Montana,Mont.,26,1998,,not reported
Montana,Mont.,26,1999,,not reported
Montana,Mont.,26,2000,,not reported
Montana,Mont.,26,2001,,not reported
Montana,Mont.,26,2002,,not reported
Montana,Mont.,26,2003,0,reported
Montana,Mont.,26,2004,0,reported
Montana,Mont.,26,2005,0,reported
Montana,Mont.,26,2006,0,reported
Montana,Mont.,26,2007,0,reported
Montana,Mont.,26,2008,0,reported
Montana,Mont.,26,2009,0,reported
Montana,Mont.,26,2010,0,reported
Montana,Mont.,26,2011,0,reported
Montana,Mont.,26,2012,0,reported
North Carolina,N.C.,27,1928,1823.72,reported
North Carolina,N.C.,27,1929,38.53,reported
North Carolina,N.C.,27,1930,41.17,reported
North Carolina,N.C.,27,1931,480.5,reported
North Carolina,N.C.,27,1932,423.09,reported
North Carolina,N.C.,27,1933,495.62,reported
North Carolina,N.C.,27,1934,1685.35,reported
North Carolina,N.C.,27,1935,323.89,reported
North Carolina,N.C.,27,1936,40.26,reported
North Carolina,N.C.,27,1937,226.06,reported
North Carolina,N.C.,27,1938,1383.34,reported
North Carolina,N.C.,27,1939,664.5,reported
North Carolina,N.C.,27,1940,210.28,reported
North Carolina,N.C.,27,1941,658.43,reported
North Carolina,N.C.,27,1942,564.88,reported
North Carolina,N.C.,27,1943,165.98,reported
North Carolina,N.C.,27,1944,671.47,reported
North Carolina,N.C.,27,1945,72.52,reported
North Carolina,N.C.,27,1946,225.19,reported
North Carolina,N.C.,27,1947,127.61,reported
North Carolina,N.C.,27,1948,26.96,reported
North Carolina,N.C.,27,1949,442.5,reported
North Carolina,N.C.,27,1950,118.88,reported
North Carolina,N.C.,27,1951,81.38,reported
North Carolina,N.C.,27,1952,93.5,reported
North Carolina,N.C.,27,1953,115.45,reported
North Carolina,N.C.,27,1954,229.29,reported
North Carolina,N.C.,27,1955,29.68,reported
North Carolina,N.C.,27,1956,178.81,reported
North Carolina,N.C.,27,1957,43.64,reported
North Carolina,N.C.,27,1958,93.76,reported
North Carolina,N.C.,27,1959,73.13,reported
North Carolina,N.C.,27,1960,27.09,reported
North Carolina,N.C.,27,1961,110.7,reported
North Carolina,N.C.,27,1962,19.27,reported
North Carolina,N.C.,27,1963,30.56,reported
North Carolina,N.C.,27,1964,26.34,reported
North Carolina,N.C.,27,1965,8.62,reported
North Carolina,N.C.,27,1966,15.89,reported
North Carolina,N.C.,27,1967,19.04,reported
North Carolina,N.C.,27,1968,6.47,reported
North Carolina,N.C.,27,1969,7.41,reported
North Carolina,N.C.,27,1970,19.47,reported
North Carolina,N.C.,27,1971,35.84,reported
North Carolina,N.C.,27,1972,0.69,reported
North Carolina,N.C.,27,1973,0.11,reported
North Carolina,N.C.,27,1974,0.11,reported
North Carolina,N.C.,27,1975,0.05,reported
North Carolina,N.C.,27,1976,0.33,reported
North Carolina,N.C.,27,1977,0.9,reported
North Carolina,N.C.,27,1978,2.15,reported
North Carolina,N.C.,27,1979,1.96,reported
North Carolina,N.C.,27,1980,2.2,reported
North Carolina,N.C.,27,1981,0.1,reported
North Carolina,N.C.,27,1982,0.03,reported
North Carolina,N.C.,27,1983,,not reported
North Carolina,N.C.,27,1984,,not reported
North Carolina,N.C.,27,1985,0.14,reported
North Carolina,N.C.,27,1986,0.06,reported
North Carolina,N.C.,27,1987,0.22,reported
North Carolina,N.C.,27,1988,0.03,reported
North Carolina,N.C.,27,1989,2.94,reported
North Carolina,N.C.,27,1990,0.68,reported
North Carolina,N.C.,27,1991,0.66,reported
North Carolina,N.C.,27,1992,0.36,reported
North Carolina,N.C.,27,1993,,not reported
North Carolina,N.C.,27,1994,0.04,reported
North Carolina,N.C.,27,1995,,not reported
North Carolina,N.C.,27,1996,0.05,reported
North Carolina,N.C.,27,1997,0.03,reported
North Carolina,N.C.,27,1998,,not reported
North Carolina,N.C.,27,1999,0,reported
North Carolina,N.C.,27,2000,,not reported
North Carolina,N.C.,27,2001,,not reported
North Carolina,N.C.,27,2002,,not reported
North Carolina,N.C.,27,2003,0.01,reported
North Carolina,N.C.,27,2004,0.02,reported
North Carolina,N.C.,27,2005,0,reported
North Carolina,N.C.,27,2006,0,reported
North Carolina,N.C.,27,2007,0.03,reported
North Carolina,N.C.,27,2008,0,reported
North Carolina,N.C.,27,2009,0,reported
North Carolina,N.C.,27,2010,0,reported
North Carolina,N.C.,27,2011,0.02,reported
North Carolina,N.C.,27,2012,0,reported
North Dakota,N.D.,28,1928,55.79,reported
North Dakota,N.D.,28,1929,339.17,reported
North Dakota,N.D.,28,1930,117.01,reported
North Dakota,N.D.,28,1931,142.06,reported
North Dakota,N.D.,28,1932,318.05,reported
North Dakota,N.D.,28,1933,373.59,reported
North Dakota,N.D.,28,1934,657.59,reported
North Dakota,N.D.,28,1935,290.45,reported
North Dakota,N.D.,28,1936,16.57,reported
North Dakota,N.D.,28,1937,8.4,reported
North Dakota,N.D.,28,1938,863.45,reported
North Dakota,N.D.,28,1939,843.17,reported
North Dakota,N.D.,28,1940,149.06,reported
North Dakota,N.D.,28,1941,223.17,reported
North Dakota,N.D.,28,1942,274.1,reported
North Dakota,N.D.,28,1943,798.53,reported
North Dakota,N.D.,28,1944,644.38,reported
North Dakota,N.D.,28,1945,64.1,reported
North Dakota,N.D.,28,1946,40.79,reported
North Dakota,N.D.,28,1947,236.07,reported
North Dakota,N.D.,28,1948,214.48,reported
North Dakota,N.D.,28,1949,245.9,reported
North Dakota,N.D.,28,1950,63.65,reported
North Dakota,N.D.,28,1951,426.99,reported
North Dakota,N.D.,28,1952,432.15,reported
North Dakota,N.D.,28,1953,254.43,reported
North Dakota,N.D.,28,1954,454.17,reported
North Dakota,N.D.,28,1955,407.8,reported
North Dakota,N.D.,28,1956,362.48,reported
North Dakota,N.D.,28,1957,629.25,reported
North Dakota,N.D.,28,1958,714.52,reported
North Dakota,N.D.,28,1959,899.51,reported
North Dakota,N.D.,28,1960,390.54,reported
North Dakota,N.D.,28,1961,439,reported
North Dakota,N.D.,28,1962,583.2,reported
North Dakota,N.D.,28,1963,677.95,reported
North Dakota,N.D.,28,1964,813.25,reported
North Dakota,N.D.,28,1965,623.27,reported
North Dakota,N.D.,28,1966,212.67,reported
North Dakota,N.D.,28,1967,143.13,reported
North Dakota,N.D.,28,1968,22.87,reported
North Dakota,N.D.,28,1969,13.04,reported
North Dakota,N.D.,28,1970,51.22,reported
North Dakota,N.D.,28,1971,36.13,reported
North Dakota,N.D.,28,1972,9.48,reported
North Dakota,N.D.,28,1973,11.19,reported
North Dakota,N.D.,28,1974,5.79,reported
North Dakota,N.D.,28,1975,131.93,reported
North Dakota,N.D.,28,1976,0.46,reported
North Dakota,N.D.,28,1977,4.76,reported
North Dakota,N.D.,28,1978,27.42,reported
North Dakota,N.D.,28,1979,2.6,reported
North Dakota,N.D.,28,1980,0,reported
North Dakota,N.D.,28,1981,,not reported
North Dakota,N.D.,28,1982,,not reported
North Dakota,N.D.,28,1983,,not reported
North Dakota,N.D.,28,1984,,not reported
North Dakota,N.D.,28,1985,0.15,reported
North Dakota,N.D.,28,1986,3.18,reported
North Dakota,N.D.,28,1987,0,reported
North Dakota,N.D.,28,1988,,not reported
North Dakota,N.D.,28,1989,,not reported
North Dakota,N.D.,28,1990,,not reported
North Dakota,N.D.,28,1991,,not reported
North Dakota,N.D.,28,1992,,not reported
North Dakota,N.D.,28,1993,,not reported
North Dakota,N.D.,28,1994,,not reported
North Dakota,N.D.,28,1995,,not reported
North Dakota,N.D.,28,1996,,not reported
North Dakota,N.D.,28,1997,0.15,reported
North Dakota,N.D.,28,1998,,not reported
North Dakota,N.D.,28,1999,,not reported
North Dakota,N.D.,28,2000,,not reported
North Dakota,N.D.,28,2001,,not reported
North Dakota,N.D.,28,2002,,not reported
North Dakota,N.D.,28,2003,0,reported
North Dakota,N.D.,28,2004,0,reported
North Dakota,N.D.,28,2005,0,reported
North Dakota,N.D.,28,2006,0,reported
North Dakota,N.D.,28,2007,0,reported
North Dakota,N.D.,28,2008,0,reported
North Dakota,N.D.,28,2009,0,reported
North Dakota,N.D.,28,2010,0,reported
North Dakota,N.D.,28,2011,0.15,reported
North Dakota,N.D.,28,2012,0,reported
Nebraska,Neb.,29,1928,78.96,reported
Nebraska,Neb.,29,1929,302.98,reported
Nebraska,Neb.,29,1930,745.36,reported
Nebraska,Neb.,29,1931,24.93,reported
Nebraska,Neb.,29,1932,31.6,reported
Nebraska,Neb.,29,1933,117.33,reported
Nebraska,Neb.,29,1934,331.04,reported
Nebraska,Neb.,29,1935,639.64,reported
Nebraska,Neb.,29,1936,86.34,reported
Nebraska,Neb.,29,1937,34.5,reported
Nebraska,Neb.,29,1938,209.09,reported
Nebraska,Neb.,29,1939,275.95,reported
Nebraska,Neb.,29,1940,129.03,reported
Nebraska,Neb.,29,1941,34.59,reported
Nebraska,Neb.,29,1942,428.53,reported
Nebraska,Neb.,29,1943,401.09,reported
Nebraska,Neb.,29,1944,186.14,reported
Nebraska,Neb.,29,1945,71.55,reported
Nebraska,Neb.,29,1946,395.62,reported
Nebraska,Neb.,29,1947,37.39,reported
Nebraska,Neb.,29,1948,263.28,reported
Nebraska,Neb.,29,1949,207.99,reported
Nebraska,Neb.,29,1950,275.28,reported
Nebraska,Neb.,29,1951,41.72,reported
Nebraska,Neb.,29,1952,214.04,reported
Nebraska,Neb.,29,1953,183.73,reported
Nebraska,Neb.,29,1954,191.64,reported
Nebraska,Neb.,29,1955,12.08,reported
Nebraska,Neb.,29,1956,178.6,reported
Nebraska,Neb.,29,1957,16.79,reported
Nebraska,Neb.,29,1958,108.82,reported
Nebraska,Neb.,29,1959,29.35,reported
Nebraska,Neb.,29,1960,14.82,reported
Nebraska,Neb.,29,1961,44.19,reported
Nebraska,Neb.,29,1962,8.13,reported
Nebraska,Neb.,29,1963,15.85,reported
Nebraska,Neb.,29,1964,54.66,reported
Nebraska,Neb.,29,1965,31.95,reported
Nebraska,Neb.,29,1966,11.61,reported
Nebraska,Neb.,29,1967,36.51,reported
Nebraska,Neb.,29,1968,4.57,reported
Nebraska,Neb.,29,1969,44.84,reported
Nebraska,Neb.,29,1970,52.31,reported
Nebraska,Neb.,29,1971,4.87,reported
Nebraska,Neb.,29,1972,1.57,reported
Nebraska,Neb.,29,1973,0.39,reported
Nebraska,Neb.,29,1974,6.09,reported
Nebraska,Neb.,29,1975,25.53,reported
Nebraska,Neb.,29,1976,3.53,reported
Nebraska,Neb.,29,1977,13.68,reported
Nebraska,Neb.,29,1978,0.51,reported
Nebraska,Neb.,29,1979,4.27,reported
Nebraska,Neb.,29,1980,4.94,reported
Nebraska,Neb.,29,1981,0.25,reported
Nebraska,Neb.,29,1982,0.19,reported
Nebraska,Neb.,29,1983,,not reported
Nebraska,Neb.,29,1984,,not reported
Nebraska,Neb.,29,1985,,not reported
Nebraska,Neb.,29,1986,0,reported
Nebraska,Neb.,29,1987,,not reported
Nebraska,Neb.,29,1988,,not reported
Nebraska,Neb.,29,1989,6.65,reported
Nebraska,Neb.,29,1990,4.99,reported
Nebraska,Neb.,29,1991,0,reported
Nebraska,Neb.,29,1992,,not reported
Nebraska,Neb.,29,1993,,not reported
Nebraska,Neb.,29,1994,0,reported
Nebraska,Neb.,29,1995,,not reported
Nebraska,Neb.,29,1996,,not reported
Nebraska,Neb.,29,1997,0.06,reported
Nebraska,Neb.,29,1998,,not reported
Nebraska,Neb.,29,1999,,not reported
Nebraska,Neb.,29,2000,,not reported
Nebraska,Neb.,29,2001,,not reported
Nebraska,Neb.,29,2002,,not reported
Nebraska,Neb.,29,2003,0,reported
Nebraska,Neb.,29,2004,0,reported
Nebraska,Neb.,29,2005,0,reported
Nebraska,Neb.,29,2006,0,reported
Nebraska,Neb.,29,2007,0,reported
Nebraska,Neb.,29,2008,0,reported
Nebraska,Neb.,29,2009,0,reported
Nebraska,Neb.,29,2010,0,reported
Nebraska,Neb.,29,2011,0,reported
Nebraska,Neb.,29,2012,0,reported
New Hampshire,N.H.,30,1928,272.12,reported
New Hampshire,N.H.,30,1929,344.54,reported
New Hampshire,N.H.,30,1930,126.39,reported
New Hampshire,N.H.,30,1931,299.15,reported
New Hampshire,N.H.,30,1932,151.27,reported
New Hampshire,N.H.,30,1933,218.45,reported
New Hampshire,N.H.,30,1934,846.67,reported
New Hampshire,N.H.,30,1935,55.09,reported
New Hampshire,N.H.,30,1936,185.34,reported
New Hampshire,N.H.,30,1937,393.14,reported
New Hampshire,N.H.,30,1938,341.34,reported
New Hampshire,N.H.,30,1939,133.98,reported
New Hampshire,N.H.,30,1940,147.66,reported
New Hampshire,N.H.,30,1941,202.04,reported
New Hampshire,N.H.,30,1942,167.15,reported
New Hampshire,N.H.,30,1943,211.15,reported
New Hampshire,N.H.,30,1944,125.99,reported
New Hampshire,N.H.,30,1945,33.88,reported
New Hampshire,N.H.,30,1946,226.72,reported
New Hampshire,N.H.,30,1947,61.05,reported
New Hampshire,N.H.,30,1948,77.6,reported
New Hampshire,N.H.,30,1949,230.58,reported
New Hampshire,N.H.,30,1950,34.4,reported
New Hampshire,N.H.,30,1951,196.41,reported
New Hampshire,N.H.,30,1952,447.29,reported
New Hampshire,N.H.,30,1953,50.73,reported
New Hampshire,N.H.,30,1954,168.23,reported
New Hampshire,N.H.,30,1955,831.42,reported
New Hampshire,N.H.,30,1956,35.34,reported
New Hampshire,N.H.,30,1957,69.06,reported
New Hampshire,N.H.,30,1958,367.99,reported
New Hampshire,N.H.,30,1959,76.51,reported
New Hampshire,N.H.,30,1960,186.37,reported
New Hampshire,N.H.,30,1961,234.63,reported
New Hampshire,N.H.,30,1962,163.61,reported
New Hampshire,N.H.,30,1963,6.47,reported
New Hampshire,N.H.,30,1964,134.69,reported
New Hampshire,N.H.,30,1965,55.03,reported
New Hampshire,N.H.,30,1966,11.6,reported
New Hampshire,N.H.,30,1967,3.87,reported
New Hampshire,N.H.,30,1968,21.02,reported
New Hampshire,N.H.,30,1969,27.07,reported
New Hampshire,N.H.,30,1970,8.4,reported
New Hampshire,N.H.,30,1971,26.63,reported
New Hampshire,N.H.,30,1972,99.01,reported
New Hampshire,N.H.,30,1973,90.33,reported
New Hampshire,N.H.,30,1974,20.28,reported
New Hampshire,N.H.,30,1975,2.37,reported
New Hampshire,N.H.,30,1976,1.15,reported
New Hampshire,N.H.,30,1977,29.05,reported
New Hampshire,N.H.,30,1978,7.15,reported
New Hampshire,N.H.,30,1979,3.15,reported
New Hampshire,N.H.,30,1980,26.69,reported
New Hampshire,N.H.,30,1981,0.95,reported
New Hampshire,N.H.,30,1982,0.52,reported
New Hampshire,N.H.,30,1983,,not reported
New Hampshire,N.H.,30,1984,3.31,reported
New Hampshire,N.H.,30,1985,,not reported
New Hampshire,N.H.,30,1986,2.66,reported
New Hampshire,N.H.,30,1987,16.26,reported
New Hampshire,N.H.,30,1988,10.23,reported
New Hampshire,N.H.,30,1989,1.44,reported
New Hampshire,N.H.,30,1990,,not reported
New Hampshire,N.H.,30,1991,,not reported
New Hampshire,N.H.,30,1992,1.43,reported
New Hampshire,N.H.,30,1993,0.18,reported
New Hampshire,N.H.,30,1994,0,reported
New Hampshire,N.H.,30,1995,,not reported
New Hampshire,N.H.,30,1996,,not reported
New Hampshire,N.H.,30,1997,1.93,reported
New Hampshire,N.H.,30,1998,,not reported
New Hampshire,N.H.,30,1999,0,reported
New Hampshire,N.H.,30,2000,0.24,reported
New Hampshire,N.H.,30,2001,,not reported
New Hampshire,N.H.,30,2002,,not reported
New Hampshire,N.H.,30,2003,0.08,reported
New Hampshire,N.H.,30,2004,0,reported
New Hampshire,N.H.,30,2005,0.08,reported
New Hampshire,N.H.,30,2006,0.08,reported
New Hampshire,N.H.,30,2007,0,reported
New Hampshire,N.H.,30,2008,0,reported
New Hampshire,N.H.,30,2009,0,reported
New Hampshire,N.H.,30,2010,0,reported
New Hampshire,N.H.,30,2011,0.08,reported
New Hampshire,N.H.,30,2012,0,reported
New Jersey,N.J.,31,1928,797.15,reported
New Jersey,N.J.,31,1929,181.83,reported
New Jersey,N.J.,31,1930,602.88,reported
New Jersey,N.J.,31,1931,494.2,reported
New Jersey,N.J.,31,1932,373.96,reported
New Jersey,N.J.,31,1933,726.93,reported
New Jersey,N.J.,31,1934,359.94,reported
New Jersey,N.J.,31,1935,792.95,reported
New Jersey,N.J.,31,1936,215.06,reported
New Jersey,N.J.,31,1937,1108.95,reported
New Jersey,N.J.,31,1938,716.98,reported
New Jersey,N.J.,31,1939,104.87,reported
New Jersey,N.J.,31,1940,302.01,reported
New Jersey,N.J.,31,1941,1044.57,reported
New Jersey,N.J.,31,1942,322.09,reported
New Jersey,N.J.,31,1943,927.14,reported
New Jersey,N.J.,31,1944,658.63,reported
New Jersey,N.J.,31,1945,78.88,reported
New Jersey,N.J.,31,1946,1151.74,reported
New Jersey,N.J.,31,1947,250.7,reported
New Jersey,N.J.,31,1948,715.45,reported
New Jersey,N.J.,31,1949,705.11,reported
New Jersey,N.J.,31,1950,601.66,reported
New Jersey,N.J.,31,1951,394.99,reported
New Jersey,N.J.,31,1952,1282.68,reported
New Jersey,N.J.,31,1953,81.19,reported
New Jersey,N.J.,31,1954,445.82,reported
New Jersey,N.J.,31,1955,937.1,reported
New Jersey,N.J.,31,1956,340.34,reported
New Jersey,N.J.,31,1957,458.06,reported
New Jersey,N.J.,31,1958,429.1,reported
New Jersey,N.J.,31,1959,502.19,reported
New Jersey,N.J.,31,1960,175.27,reported
New Jersey,N.J.,31,1961,293.55,reported
New Jersey,N.J.,31,1962,510.16,reported
New Jersey,N.J.,31,1963,160.62,reported
New Jersey,N.J.,31,1964,176.34,reported
New Jersey,N.J.,31,1965,61.18,reported
New Jersey,N.J.,31,1966,29.41,reported
New Jersey,N.J.,31,1967,8.83,reported
New Jersey,N.J.,31,1968,9.74,reported
New Jersey,N.J.,31,1969,13.46,reported
New Jersey,N.J.,31,1970,23.49,reported
New Jersey,N.J.,31,1971,17.4,reported
New Jersey,N.J.,31,1972,5.66,reported
New Jersey,N.J.,31,1973,10.09,reported
New Jersey,N.J.,31,1974,75.02,reported
New Jersey,N.J.,31,1975,6.54,reported
New Jersey,N.J.,31,1976,8.53,reported
New Jersey,N.J.,31,1977,2.67,reported
New Jersey,N.J.,31,1978,1.03,reported
New Jersey,N.J.,31,1979,0.68,reported
New Jersey,N.J.,31,1980,8.94,reported
New Jersey,N.J.,31,1981,0.79,reported
New Jersey,N.J.,31,1982,0.08,reported
New Jersey,N.J.,31,1983,0.36,reported
New Jersey,N.J.,31,1984,0.08,reported
New Jersey,N.J.,31,1985,0.33,reported
New Jersey,N.J.,31,1986,11.62,reported
New Jersey,N.J.,31,1987,0.51,reported
New Jersey,N.J.,31,1988,4.26,reported
New Jersey,N.J.,31,1989,5.32,reported
New Jersey,N.J.,31,1990,2.46,reported
New Jersey,N.J.,31,1991,13.04,reported
New Jersey,N.J.,31,1992,0.41,reported
New Jersey,N.J.,31,1993,0.06,reported
New Jersey,N.J.,31,1994,1.68,reported
New Jersey,N.J.,31,1995,0.05,reported
New Jersey,N.J.,31,1996,0,reported
New Jersey,N.J.,31,1997,0.02,reported
New Jersey,N.J.,31,1998,0.08,reported
New Jersey,N.J.,31,1999,,not reported
New Jersey,N.J.,31,2000,,not reported
New Jersey,N.J.,31,2001,0.01,reported
New Jersey,N.J.,31,2002,,not reported
New Jersey,N.J.,31,2003,0.02,reported
New Jersey,N.J.,31,2004,0.02,reported
New Jersey,N.J.,31,2005,0.02,reported
New Jersey,N.J.,31,2006,0.01,reported
New Jersey,N.J.,31,2007,0.01,reported
New Jersey,N.J.,31,2008,0.01,reported
New Jersey,N.J.,31,2009,0.02,reported
New Jersey,N.J.,31,2010,0,reported
New Jersey,N.J.,31,2011,0.05,reported
New Jersey,N.J.,31,2012,0.02,reported
New Mexico,N.M,32,1928,663.46,reported
New Mexico,N.M,32,1929,54.76,reported
New Mexico,N.M,32,1930,529.27,reported
New Mexico,N.M,32,1931,324.54,reported
New Mexico,N.M,32,1932,271.88,reported
New Mexico,N.M,32,1933,148.78,reported
New Mexico,N.M,32,1934,731.89,reported
New Mexico,N.M,32,1935,148,reported
New Mexico,N.M,32,1936,234.97,reported
New Mexico,N.M,32,1937,487.28,reported
New Mexico,N.M,32,1938,628.95,reported
New Mexico,N.M,32,1939,316.12,reported
New Mexico,N.M,32,1940,216.67,reported
New Mexico,N.M,32,1941,778.06,reported
New Mexico,N.M,32,1942,315.64,reported
New Mexico,N.M,32,1943,105.71,reported
New Mexico,N.M,32,1944,303.7,reported
New Mexico,N.M,32,1945,67.88,reported
New Mexico,N.M,32,1946,215.42,reported
New Mexico,N.M,32,1947,226.8,reported
New Mexico,N.M,32,1948,174.67,reported
New Mexico,N.M,32,1949,671.43,reported
New Mexico,N.M,32,1950,135.99,reported
New Mexico,N.M,32,1951,297.49,reported
New Mexico,N.M,32,1952,210.61,reported
New Mexico,N.M,32,1953,662.9,reported
New Mexico,N.M,32,1954,355.96,reported
New Mexico,N.M,32,1955,621.78,reported
New Mexico,N.M,32,1956,495.29,reported
New Mexico,N.M,32,1957,747.34,reported
New Mexico,N.M,32,1958,912.19,reported
New Mexico,N.M,32,1959,484,reported
New Mexico,N.M,32,1960,6.81,reported
New Mexico,N.M,32,1961,2.07,reported
New Mexico,N.M,32,1962,,not reported
New Mexico,N.M,32,1963,,not reported
New Mexico,N.M,32,1964,111.13,reported
New Mexico,N.M,32,1965,68.58,reported
New Mexico,N.M,32,1966,126.32,reported
New Mexico,N.M,32,1967,61.2,reported
New Mexico,N.M,32,1968,17.71,reported
New Mexico,N.M,32,1969,28.29,reported
New Mexico,N.M,32,1970,28.66,reported
New Mexico,N.M,32,1971,37.27,reported
New Mexico,N.M,32,1972,12.12,reported
New Mexico,N.M,32,1973,13.97,reported
New Mexico,N.M,32,1974,5.35,reported
New Mexico,N.M,32,1975,9.08,reported
New Mexico,N.M,32,1976,1.32,reported
New Mexico,N.M,32,1977,1.94,reported
New Mexico,N.M,32,1978,,not reported
New Mexico,N.M,32,1979,3.15,reported
New Mexico,N.M,32,1980,0.98,reported
New Mexico,N.M,32,1981,1.1,reported
New Mexico,N.M,32,1982,,not reported
New Mexico,N.M,32,1983,,not reported
New Mexico,N.M,32,1984,5.08,reported
New Mexico,N.M,32,1985,0.27,reported
New Mexico,N.M,32,1986,2.57,reported
New Mexico,N.M,32,1987,10.53,reported
New Mexico,N.M,32,1988,,not reported
New Mexico,N.M,32,1989,1.39,reported
New Mexico,N.M,32,1990,6.64,reported
New Mexico,N.M,32,1991,4.95,reported
New Mexico,N.M,32,1992,0.06,reported
New Mexico,N.M,32,1993,,not reported
New Mexico,N.M,32,1994,,not reported
New Mexico,N.M,32,1995,1.8,reported
New Mexico,N.M,32,1996,0.97,reported
New Mexico,N.M,32,1997,0.39,reported
New Mexico,N.M,32,1998,,not reported
New Mexico,N.M,32,1999,,not reported
New Mexico,N.M,32,2000,,not reported
New Mexico,N.M,32,2001,,not reported
New Mexico,N.M,32,2002,,not reported
New Mexico,N.M,32,2003,0,reported
New Mexico,N.M,32,2004,0,reported
New Mexico,N.M,32,2005,0,reported
New Mexico,N.M,32,2006,0,reported
New Mexico,N.M,32,2007,0.05,reported
New Mexico,N.M,32,2008,0.05,reported
New Mexico,N.M,32,2009,0,reported
New Mexico,N.M,32,2010,0,reported
New Mexico,N.M,32,2011,0.19,reported
New Mexico,N.M,32,2012,0.1,reported
Nevada,Nev.,33,1928,,not reported
Nevada,Nev.,33,1929,,not reported
Nevada,Nev.,33,1930,,not reported
Nevada,Nev.,33,1931,,not reported
Nevada,Nev.,33,1932,,not reported
Nevada,Nev.,33,1933,,not reported
Nevada,Nev.,33,1934,,not reported
Nevada,Nev.,33,1935,,not reported
Nevada,Nev.,33,1936,,not reported
Nevada,Nev.,33,1937,,not reported
Nevada,Nev.,33,1938,,not reported
Nevada,Nev.,33,1939,,not reported
Nevada,Nev.,33,1940,0,reported
Nevada,Nev.,33,1941,275.83,reported
Nevada,Nev.,33,1942,811.68,reported
Nevada,Nev.,33,1943,397.35,reported
Nevada,Nev.,33,1944,244.44,reported
Nevada,Nev.,33,1945,71.81,reported
Nevada,Nev.,33,1946,125.87,reported
Nevada,Nev.,33,1947,18.46,reported
Nevada,Nev.,33,1948,38.14,reported
Nevada,Nev.,33,1949,60.51,reported
Nevada,Nev.,33,1950,67.9,reported
Nevada,Nev.,33,1951,171.43,reported
Nevada,Nev.,33,1952,285.36,reported
Nevada,Nev.,33,1953,102.31,reported
Nevada,Nev.,33,1954,182.16,reported
Nevada,Nev.,33,1955,165.4,reported
Nevada,Nev.,33,1956,55.2,reported
Nevada,Nev.,33,1957,592.31,reported
Nevada,Nev.,33,1958,73.61,reported
Nevada,Nev.,33,1959,220.07,reported
Nevada,Nev.,33,1960,262.89,reported
Nevada,Nev.,33,1961,197.78,reported
Nevada,Nev.,33,1962,191.48,reported
Nevada,Nev.,33,1963,67.76,reported
Nevada,Nev.,33,1964,233.8,reported
Nevada,Nev.,33,1965,50.68,reported
Nevada,Nev.,33,1966,14.35,reported
Nevada,Nev.,33,1967,59.91,reported
Nevada,Nev.,33,1968,1.72,reported
Nevada,Nev.,33,1969,0.21,reported
Nevada,Nev.,33,1970,4.04,reported
Nevada,Nev.,33,1971,1.28,reported
Nevada,Nev.,33,1972,0.18,reported
Nevada,Nev.,33,1973,0.17,reported
Nevada,Nev.,33,1974,26.78,reported
Nevada,Nev.,33,1975,4.33,reported
Nevada,Nev.,33,1976,12.38,reported
Nevada,Nev.,33,1977,10.84,reported
Nevada,Nev.,33,1978,2.61,reported
Nevada,Nev.,33,1979,2.62,reported
Nevada,Nev.,33,1980,1.42,reported
Nevada,Nev.,33,1981,1.59,reported
Nevada,Nev.,33,1982,,not reported
Nevada,Nev.,33,1983,0.22,reported
Nevada,Nev.,33,1984,,not reported
Nevada,Nev.,33,1985,,not reported
Nevada,Nev.,33,1986,0.29,reported
Nevada,Nev.,33,1987,0.19,reported
Nevada,Nev.,33,1988,,not reported
Nevada,Nev.,33,1989,1,reported
Nevada,Nev.,33,1990,17.69,reported
Nevada,Nev.,33,1991,1.47,reported
Nevada,Nev.,33,1992,0.07,reported
Nevada,Nev.,33,1993,0.07,reported
Nevada,Nev.,33,1994,,not reported
Nevada,Nev.,33,1995,0.06,reported
Nevada,Nev.,33,1996,0.24,reported
Nevada,Nev.,33,1997,0.06,reported
Nevada,Nev.,33,1998,,not reported
Nevada,Nev.,33,1999,0,reported
Nevada,Nev.,33,2000,0.35,reported
Nevada,Nev.,33,2001,,not reported
Nevada,Nev.,33,2002,0,reported
Nevada,Nev.,33,2003,0,reported
Nevada,Nev.,33,2004,0,reported
Nevada,Nev.,33,2005,0,reported
Nevada,Nev.,33,2006,0,reported
Nevada,Nev.,33,2007,0,reported
Nevada,Nev.,33,2008,0,reported
Nevada,Nev.,33,2009,0,reported
Nevada,Nev.,33,2010,0.04,reported
Nevada,Nev.,33,2011,0.04,reported
Nevada,Nev.,33,2012,0,reported
New York,N.Y.,34,1928,649.97,reported
New York,N.Y.,34,1929,249.1,reported
New York,N.Y.,34,1930,315.39,reported
New York,N.Y.,34,1931,423.23,reported
New York,N.Y.,34,1932,465.07,reported
New York,N.Y.,34,1933,548.96,reported
New York,N.Y.,34,1934,258.12,reported
New York,N.Y.,34,1935,516.43,reported
New York,N.Y.,34,1936,477.45,reported
New York,N.Y.,34,1937,202.83,reported
New York,N.Y.,34,1938,518.86,reported
New York,N.Y.,34,1939,331.36,reported
New York,N.Y.,34,1940,212.22,reported
New York,N.Y.,34,1941,789.53,reported
New York,N.Y.,34,1942,191.23,reported
New York,N.Y.,34,1943,478.19,reported
New York,N.Y.,34,1944,334.86,reported
New York,N.Y.,34,1945,52.39,reported
New York,N.Y.,34,1946,600.83,reported
New York,N.Y.,34,1947,107.97,reported
New York,N.Y.,34,1948,330.94,reported
New York,N.Y.,34,1949,353.08,reported
New York,N.Y.,34,1950,201.31,reported
New York,N.Y.,34,1951,240.61,reported
New York,N.Y.,34,1952,500.59,reported
New York,N.Y.,34,1953,74.16,reported
New York,N.Y.,34,1954,548.36,reported
New York,N.Y.,34,1955,241.4,reported
New York,N.Y.,34,1956,308.57,reported
New York,N.Y.,34,1957,233.63,reported
New York,N.Y.,34,1958,364.18,reported
New York,N.Y.,34,1959,140.2,reported
New York,N.Y.,34,1960,277.26,reported
New York,N.Y.,34,1961,207.3,reported
New York,N.Y.,34,1962,272.96,reported
New York,N.Y.,34,1963,107.66,reported
New York,N.Y.,34,1964,156.91,reported
New York,N.Y.,34,1965,52.42,reported
New York,N.Y.,34,1966,61.05,reported
New York,N.Y.,34,1967,6.72,reported
New York,N.Y.,34,1968,21.05,reported
New York,N.Y.,34,1969,30.49,reported
New York,N.Y.,34,1970,8.54,reported
New York,N.Y.,34,1971,23.9,reported
New York,N.Y.,34,1972,3.6,reported
New York,N.Y.,34,1973,9.82,reported
New York,N.Y.,34,1974,7.87,reported
New York,N.Y.,34,1975,6.81,reported
New York,N.Y.,34,1976,17.36,reported
New York,N.Y.,34,1977,26.19,reported
New York,N.Y.,34,1978,10.46,reported
New York,N.Y.,34,1979,8.9,reported
New York,N.Y.,34,1980,10.99,reported
New York,N.Y.,34,1981,1.98,reported
New York,N.Y.,34,1982,1.03,reported
New York,N.Y.,34,1983,0.17,reported
New York,N.Y.,34,1984,0.82,reported
New York,N.Y.,34,1985,0.93,reported
New York,N.Y.,34,1986,5.29,reported
New York,N.Y.,34,1987,2.43,reported
New York,N.Y.,34,1988,0.51,reported
New York,N.Y.,34,1989,1.62,reported
New York,N.Y.,34,1990,4.47,reported
New York,N.Y.,34,1991,7.76,reported
New York,N.Y.,34,1992,0.61,reported
New York,N.Y.,34,1993,0,reported
New York,N.Y.,34,1994,0.3,reported
New York,N.Y.,34,1995,0.01,reported
New York,N.Y.,34,1996,,not reported
New York,N.Y.,34,1997,0.12,reported
New York,N.Y.,34,1998,,not reported
New York,N.Y.,34,1999,,not reported
New York,N.Y.,34,2000,0.01,reported
New York,N.Y.,34,2001,0,reported
New York,N.Y.,34,2002,0.01,reported
New York,N.Y.,34,2003,0.04,reported
New York,N.Y.,34,2004,0.03,reported
New York,N.Y.,34,2005,0.04,reported
New York,N.Y.,34,2006,0.05,reported
New York,N.Y.,34,2007,0.04,reported
New York,N.Y.,34,2008,0.16,reported
New York,N.Y.,34,2009,0.09,reported
New York,N.Y.,34,2010,0.04,reported
New York,N.Y.,34,2011,0.16,reported
New York,N.Y.,34,2012,0.03,reported
Ohio,Ohio,35,1928,355.95,reported
Ohio,Ohio,35,1929,561.14,reported
Ohio,Ohio,35,1930,277.51,reported
Ohio,Ohio,35,1931,291.31,reported
Ohio,Ohio,35,1932,539.35,reported
Ohio,Ohio,35,1933,233.69,reported
Ohio,Ohio,35,1934,410.5,reported
Ohio,Ohio,35,1935,544.81,reported
Ohio,Ohio,35,1936,136.52,reported
Ohio,Ohio,35,1937,366.34,reported
Ohio,Ohio,35,1938,694.28,reported
Ohio,Ohio,35,1939,74.01,reported
Ohio,Ohio,35,1940,22.41,reported
Ohio,Ohio,35,1941,1132.79,reported
Ohio,Ohio,35,1942,127.06,reported
Ohio,Ohio,35,1943,276.43,reported
Ohio,Ohio,35,1944,557.9,reported
Ohio,Ohio,35,1945,49.81,reported
Ohio,Ohio,35,1946,200.45,reported
Ohio,Ohio,35,1947,239.45,reported
Ohio,Ohio,35,1948,282.3,reported
Ohio,Ohio,35,1949,268.27,reported
Ohio,Ohio,35,1950,161.79,reported
Ohio,Ohio,35,1951,295.78,reported
Ohio,Ohio,35,1952,248.02,reported
Ohio,Ohio,35,1953,314.96,reported
Ohio,Ohio,35,1954,322.29,reported
Ohio,Ohio,35,1955,170.3,reported
Ohio,Ohio,35,1956,477.31,reported
Ohio,Ohio,35,1957,86.94,reported
Ohio,Ohio,35,1958,312.79,reported
Ohio,Ohio,35,1959,124.38,reported
Ohio,Ohio,35,1960,191.13,reported
Ohio,Ohio,35,1961,208.74,reported
Ohio,Ohio,35,1962,118.47,reported
Ohio,Ohio,35,1963,146.67,reported
Ohio,Ohio,35,1964,191.13,reported
Ohio,Ohio,35,1965,90.94,reported
Ohio,Ohio,35,1966,62.95,reported
Ohio,Ohio,35,1967,11.71,reported
Ohio,Ohio,35,1968,3.18,reported
Ohio,Ohio,35,1969,5.35,reported
Ohio,Ohio,35,1970,37.67,reported
Ohio,Ohio,35,1971,37.07,reported
Ohio,Ohio,35,1972,2.77,reported
Ohio,Ohio,35,1973,3.74,reported
Ohio,Ohio,35,1974,27.41,reported
Ohio,Ohio,35,1975,1.06,reported
Ohio,Ohio,35,1976,6.74,reported
Ohio,Ohio,35,1977,17.29,reported
Ohio,Ohio,35,1978,4.64,reported
Ohio,Ohio,35,1979,3.02,reported
Ohio,Ohio,35,1980,3.52,reported
Ohio,Ohio,35,1981,0.19,reported
Ohio,Ohio,35,1982,0.03,reported
Ohio,Ohio,35,1983,0.82,reported
Ohio,Ohio,35,1984,0.09,reported
Ohio,Ohio,35,1985,0,reported
Ohio,Ohio,35,1986,,not reported
Ohio,Ohio,35,1987,0.01,reported
Ohio,Ohio,35,1988,0.89,reported
Ohio,Ohio,35,1989,25.09,reported
Ohio,Ohio,35,1990,5.22,reported
Ohio,Ohio,35,1991,0.11,reported
Ohio,Ohio,35,1992,0.05,reported
Ohio,Ohio,35,1993,0.1,reported
Ohio,Ohio,35,1994,0.04,reported
Ohio,Ohio,35,1995,0.02,reported
Ohio,Ohio,35,1996,0.05,reported
Ohio,Ohio,35,1997,0.3,reported
Ohio,Ohio,35,1998,0,reported
Ohio,Ohio,35,1999,,not reported
Ohio,Ohio,35,2000,0.03,reported
Ohio,Ohio,35,2001,0.01,reported
Ohio,Ohio,35,2002,0,reported
Ohio,Ohio,35,2003,0.02,reported
Ohio,Ohio,35,2004,0,reported
Ohio,Ohio,35,2005,0.03,reported
Ohio,Ohio,35,2006,0,reported
Ohio,Ohio,35,2007,0,reported
Ohio,Ohio,35,2008,0,reported
Ohio,Ohio,35,2009,0.01,reported
Ohio,Ohio,35,2010,0.02,reported
Ohio,Ohio,35,2011,0,reported
Ohio,Ohio,35,2012,0.01,reported
Oklahoma,Okla.,36,1928,268.69,reported
Oklahoma,Okla.,36,1929,46.16,reported
Oklahoma,Okla.,36,1930,164.93,reported
Oklahoma,Okla.,36,1931,32.21,reported
Oklahoma,Okla.,36,1932,43.19,reported
Oklahoma,Okla.,36,1933,101.88,reported
Oklahoma,Okla.,36,1934,378.08,reported
Oklahoma,Okla.,36,1935,102.93,reported
Oklahoma,Okla.,36,1936,15.22,reported
Oklahoma,Okla.,36,1937,45.63,reported
Oklahoma,Okla.,36,1938,116.63,reported
Oklahoma,Okla.,36,1939,194.38,reported
Oklahoma,Okla.,36,1940,60.37,reported
Oklahoma,Okla.,36,1941,88.75,reported
Oklahoma,Okla.,36,1942,260.88,reported
Oklahoma,Okla.,36,1943,76.03,reported
Oklahoma,Okla.,36,1944,166.79,reported
Oklahoma,Okla.,36,1945,51.11,reported
Oklahoma,Okla.,36,1946,188.96,reported
Oklahoma,Okla.,36,1947,10.76,reported
Oklahoma,Okla.,36,1948,66.01,reported
Oklahoma,Okla.,36,1949,354.06,reported
Oklahoma,Okla.,36,1950,27.5,reported
Oklahoma,Okla.,36,1951,359.91,reported
Oklahoma,Okla.,36,1952,91.98,reported
Oklahoma,Okla.,36,1953,173.1,reported
Oklahoma,Okla.,36,1954,152.15,reported
Oklahoma,Okla.,36,1955,132.27,reported
Oklahoma,Okla.,36,1956,440.43,reported
Oklahoma,Okla.,36,1957,66.08,reported
Oklahoma,Okla.,36,1958,317.87,reported
Oklahoma,Okla.,36,1959,29.18,reported
Oklahoma,Okla.,36,1960,51.71,reported
Oklahoma,Okla.,36,1961,25.13,reported
Oklahoma,Okla.,36,1962,86.49,reported
Oklahoma,Okla.,36,1963,14.19,reported
Oklahoma,Okla.,36,1964,42.44,reported
Oklahoma,Okla.,36,1965,10,reported
Oklahoma,Okla.,36,1966,25.26,reported
Oklahoma,Okla.,36,1967,32.38,reported
Oklahoma,Okla.,36,1968,4.95,reported
Oklahoma,Okla.,36,1969,5.6,reported
Oklahoma,Okla.,36,1970,30.63,reported
Oklahoma,Okla.,36,1971,25.05,reported
Oklahoma,Okla.,36,1972,0.48,reported
Oklahoma,Okla.,36,1973,2.41,reported
Oklahoma,Okla.,36,1974,1.05,reported
Oklahoma,Okla.,36,1975,9.59,reported
Oklahoma,Okla.,36,1976,10.07,reported
Oklahoma,Okla.,36,1977,1.78,reported
Oklahoma,Okla.,36,1978,0.94,reported
Oklahoma,Okla.,36,1979,0.86,reported
Oklahoma,Okla.,36,1980,22.67,reported
Oklahoma,Okla.,36,1981,0.25,reported
Oklahoma,Okla.,36,1982,1,reported
Oklahoma,Okla.,36,1983,0.03,reported
Oklahoma,Okla.,36,1984,0.28,reported
Oklahoma,Okla.,36,1985,,not reported
Oklahoma,Okla.,36,1986,1,reported
Oklahoma,Okla.,36,1987,0.13,reported
Oklahoma,Okla.,36,1988,0.25,reported
Oklahoma,Okla.,36,1989,4.04,reported
Oklahoma,Okla.,36,1990,5.62,reported
Oklahoma,Okla.,36,1991,,not reported
Oklahoma,Okla.,36,1992,0.25,reported
Oklahoma,Okla.,36,1993,,not reported
Oklahoma,Okla.,36,1994,,not reported
Oklahoma,Okla.,36,1995,,not reported
Oklahoma,Okla.,36,1996,,not reported
Oklahoma,Okla.,36,1997,0,reported
Oklahoma,Okla.,36,1998,,not reported
Oklahoma,Okla.,36,1999,,not reported
Oklahoma,Okla.,36,2000,,not reported
Oklahoma,Okla.,36,2001,,not reported
Oklahoma,Okla.,36,2002,,not reported
Oklahoma,Okla.,36,2003,0,reported
Oklahoma,Okla.,36,2004,0,reported
Oklahoma,Okla.,36,2005,0,reported
Oklahoma,Okla.,36,2006,0,reported
Oklahoma,Okla.,36,2007,0,reported
Oklahoma,Okla.,36,2008,0,reported
Oklahoma,Okla.,36,2009,0,reported
Oklahoma,Okla.,36,2010,0,reported
Oklahoma,Okla.,36,2011,0,reported
Oklahoma,Okla.,36,2012,0,reported
Oregon,Ore.,37,1928,223.13,reported
Oregon,Ore.,37,1929,492.29,reported
Oregon,Ore.,37,1930,276.36,reported
Oregon,Ore.,37,1931,242.55,reported
Oregon,Ore.,37,1932,514.2,reported
Oregon,Ore.,37,1933,230.37,reported
Oregon,Ore.,37,1934,193.5,reported
Oregon,Ore.,37,1935,705.39,reported
Oregon,Ore.,37,1936,919.12,reported
Oregon,Ore.,37,1937,38.17,reported
Oregon,Ore.,37,1938,121.88,reported
Oregon,Ore.,37,1939,219.75,reported
Oregon,Ore.,37,1940,671.13,reported
Oregon,Ore.,37,1941,607.52,reported
Oregon,Ore.,37,1942,499.1,reported
Oregon,Ore.,37,1943,693.98,reported
Oregon,Ore.,37,1944,239.86,reported
Oregon,Ore.,37,1945,156.32,reported
Oregon,Ore.,37,1946,453.4,reported
Oregon,Ore.,37,1947,71.93,reported
Oregon,Ore.,37,1948,367.62,reported
Oregon,Ore.,37,1949,684.35,reported
Oregon,Ore.,37,1950,49.41,reported
Oregon,Ore.,37,1951,617.8,reported
Oregon,Ore.,37,1952,209.77,reported
Oregon,Ore.,37,1953,558.15,reported
Oregon,Ore.,37,1954,244.34,reported
Oregon,Ore.,37,1955,295.18,reported
Oregon,Ore.,37,1956,135.04,reported
Oregon,Ore.,37,1957,879.26,reported
Oregon,Ore.,37,1958,528.99,reported
Oregon,Ore.,37,1959,447.59,reported
Oregon,Ore.,37,1960,624.94,reported
Oregon,Ore.,37,1961,322.05,reported
Oregon,Ore.,37,1962,766.17,reported
Oregon,Ore.,37,1963,258.34,reported
Oregon,Ore.,37,1964,453.02,reported
Oregon,Ore.,37,1965,181.72,reported
Oregon,Ore.,37,1966,126.92,reported
Oregon,Ore.,37,1967,86.76,reported
Oregon,Ore.,37,1968,30.64,reported
Oregon,Ore.,37,1969,9.8,reported
Oregon,Ore.,37,1970,21.15,reported
Oregon,Ore.,37,1971,15.93,reported
Oregon,Ore.,37,1972,9.01,reported
Oregon,Ore.,37,1973,19.52,reported
Oregon,Ore.,37,1974,1.03,reported
Oregon,Ore.,37,1975,8.45,reported
Oregon,Ore.,37,1976,7.15,reported
Oregon,Ore.,37,1977,12.75,reported
Oregon,Ore.,37,1978,20.56,reported
Oregon,Ore.,37,1979,2.77,reported
Oregon,Ore.,37,1980,0.07,reported
Oregon,Ore.,37,1981,0.19,reported
Oregon,Ore.,37,1982,0.72,reported
Oregon,Ore.,37,1983,0.38,reported
Oregon,Ore.,37,1984,,not reported
Oregon,Ore.,37,1985,0.19,reported
Oregon,Ore.,37,1986,0.26,reported
Oregon,Ore.,37,1987,2.99,reported
Oregon,Ore.,37,1988,1.29,reported
Oregon,Ore.,37,1989,1.44,reported
Oregon,Ore.,37,1990,1.36,reported
Oregon,Ore.,37,1991,2.8,reported
Oregon,Ore.,37,1992,0.3,reported
Oregon,Ore.,37,1993,,not reported
Oregon,Ore.,37,1994,,not reported
Oregon,Ore.,37,1995,0.09,reported
Oregon,Ore.,37,1996,0.34,reported
Oregon,Ore.,37,1997,0.09,reported
Oregon,Ore.,37,1998,,not reported
Oregon,Ore.,37,1999,0.15,reported
Oregon,Ore.,37,2000,,not reported
Oregon,Ore.,37,2001,0.17,reported
Oregon,Ore.,37,2002,,not reported
Oregon,Ore.,37,2003,0.08,reported
Oregon,Ore.,37,2004,0,reported
Oregon,Ore.,37,2005,0.06,reported
Oregon,Ore.,37,2006,0.05,reported
Oregon,Ore.,37,2007,0.03,reported
Oregon,Ore.,37,2008,0.03,reported
Oregon,Ore.,37,2009,0,reported
Oregon,Ore.,37,2010,0,reported
Oregon,Ore.,37,2011,0.08,reported
Oregon,Ore.,37,2012,0.03,reported
Pennsylvania,Pa.,38,1928,583.93,reported
Pennsylvania,Pa.,38,1929,489.61,reported
Pennsylvania,Pa.,38,1930,356.56,reported
Pennsylvania,Pa.,38,1931,821.55,reported
Pennsylvania,Pa.,38,1932,470.68,reported
Pennsylvania,Pa.,38,1933,336.39,reported
Pennsylvania,Pa.,38,1934,848.15,reported
Pennsylvania,Pa.,38,1935,917.34,reported
Pennsylvania,Pa.,38,1936,243.5,reported
Pennsylvania,Pa.,38,1937,390.91,reported
Pennsylvania,Pa.,38,1938,1329.77,reported
Pennsylvania,Pa.,38,1939,186.6,reported
Pennsylvania,Pa.,38,1940,148.62,reported
Pennsylvania,Pa.,38,1941,1011.3,reported
Pennsylvania,Pa.,38,1942,380.39,reported
Pennsylvania,Pa.,38,1943,563.14,reported
Pennsylvania,Pa.,38,1944,256.57,reported
Pennsylvania,Pa.,38,1945,127.3,reported
Pennsylvania,Pa.,38,1946,611.49,reported
Pennsylvania,Pa.,38,1947,113.37,reported
Pennsylvania,Pa.,38,1948,306.69,reported
Pennsylvania,Pa.,38,1949,483.97,reported
Pennsylvania,Pa.,38,1950,165.43,reported
Pennsylvania,Pa.,38,1951,299.87,reported
Pennsylvania,Pa.,38,1952,358.47,reported
Pennsylvania,Pa.,38,1953,146.18,reported
Pennsylvania,Pa.,38,1954,351.83,reported
Pennsylvania,Pa.,38,1955,170.46,reported
Pennsylvania,Pa.,38,1956,397.96,reported
Pennsylvania,Pa.,38,1957,117.09,reported
Pennsylvania,Pa.,38,1958,307.18,reported
Pennsylvania,Pa.,38,1959,247.53,reported
Pennsylvania,Pa.,38,1960,59.73,reported
Pennsylvania,Pa.,38,1961,226.11,reported
Pennsylvania,Pa.,38,1962,83.11,reported
Pennsylvania,Pa.,38,1963,106.11,reported
Pennsylvania,Pa.,38,1964,101.88,reported
Pennsylvania,Pa.,38,1965,57.18,reported
Pennsylvania,Pa.,38,1966,47.15,reported
Pennsylvania,Pa.,38,1967,6.78,reported
Pennsylvania,Pa.,38,1968,2.51,reported
Pennsylvania,Pa.,38,1969,10.65,reported
Pennsylvania,Pa.,38,1970,17.65,reported
Pennsylvania,Pa.,38,1971,15.58,reported
Pennsylvania,Pa.,38,1972,0.56,reported
Pennsylvania,Pa.,38,1973,3.4,reported
Pennsylvania,Pa.,38,1974,7.74,reported
Pennsylvania,Pa.,38,1975,4.74,reported
Pennsylvania,Pa.,38,1976,28.49,reported
Pennsylvania,Pa.,38,1977,27.07,reported
Pennsylvania,Pa.,38,1978,2.75,reported
Pennsylvania,Pa.,38,1979,0.53,reported
Pennsylvania,Pa.,38,1980,9.5,reported
Pennsylvania,Pa.,38,1981,4.33,reported
Pennsylvania,Pa.,38,1982,0.06,reported
Pennsylvania,Pa.,38,1983,,not reported
Pennsylvania,Pa.,38,1984,0.04,reported
Pennsylvania,Pa.,38,1985,0.34,reported
Pennsylvania,Pa.,38,1986,0.23,reported
Pennsylvania,Pa.,38,1987,0.25,reported
Pennsylvania,Pa.,38,1988,4.39,reported
Pennsylvania,Pa.,38,1989,1.99,reported
Pennsylvania,Pa.,38,1990,3.76,reported
Pennsylvania,Pa.,38,1991,11.7,reported
Pennsylvania,Pa.,38,1992,0.08,reported
Pennsylvania,Pa.,38,1993,,not reported
Pennsylvania,Pa.,38,1994,0.06,reported
Pennsylvania,Pa.,38,1995,0.01,reported
Pennsylvania,Pa.,38,1996,0.1,reported
Pennsylvania,Pa.,38,1997,0.12,reported
Pennsylvania,Pa.,38,1998,0.02,reported
Pennsylvania,Pa.,38,1999,,not reported
Pennsylvania,Pa.,38,2000,0,reported
Pennsylvania,Pa.,38,2001,0.05,reported
Pennsylvania,Pa.,38,2002,,not reported
Pennsylvania,Pa.,38,2003,0.07,reported
Pennsylvania,Pa.,38,2004,0,reported
Pennsylvania,Pa.,38,2005,0,reported
Pennsylvania,Pa.,38,2006,0.02,reported
Pennsylvania,Pa.,38,2007,0.02,reported
Pennsylvania,Pa.,38,2008,0.01,reported
Pennsylvania,Pa.,38,2009,0.11,reported
Pennsylvania,Pa.,38,2010,0.02,reported
Pennsylvania,Pa.,38,2011,0.1,reported
Pennsylvania,Pa.,38,2012,0.02,reported
Rhode Island,R.I.,39,1928,735.32,reported
Rhode Island,R.I.,39,1929,270.61,reported
Rhode Island,R.I.,39,1930,39.21,reported
Rhode Island,R.I.,39,1931,665.05,reported
Rhode Island,R.I.,39,1932,1472.67,reported
Rhode Island,R.I.,39,1933,9.33,reported
Rhode Island,R.I.,39,1934,65.78,reported
Rhode Island,R.I.,39,1935,994.1,reported
Rhode Island,R.I.,39,1936,368.66,reported
Rhode Island,R.I.,39,1937,679.25,reported
Rhode Island,R.I.,39,1938,35.95,reported
Rhode Island,R.I.,39,1939,416.83,reported
Rhode Island,R.I.,39,1940,467.73,reported
Rhode Island,R.I.,39,1941,57.66,reported
Rhode Island,R.I.,39,1942,609.29,reported
Rhode Island,R.I.,39,1943,296.38,reported
Rhode Island,R.I.,39,1944,535.97,reported
Rhode Island,R.I.,39,1945,55.54,reported
Rhode Island,R.I.,39,1946,160.58,reported
Rhode Island,R.I.,39,1947,507.35,reported
Rhode Island,R.I.,39,1948,48.41,reported
Rhode Island,R.I.,39,1949,561.67,reported
Rhode Island,R.I.,39,1950,30.66,reported
Rhode Island,R.I.,39,1951,113.27,reported
Rhode Island,R.I.,39,1952,665.77,reported
Rhode Island,R.I.,39,1953,61.96,reported
Rhode Island,R.I.,39,1954,223.65,reported
Rhode Island,R.I.,39,1955,657.23,reported
Rhode Island,R.I.,39,1956,22.38,reported
Rhode Island,R.I.,39,1957,72.62,reported
Rhode Island,R.I.,39,1958,496.85,reported
Rhode Island,R.I.,39,1959,35.94,reported
Rhode Island,R.I.,39,1960,227.84,reported
Rhode Island,R.I.,39,1961,766.08,reported
Rhode Island,R.I.,39,1962,378.99,reported
Rhode Island,R.I.,39,1963,139.61,reported
Rhode Island,R.I.,39,1964,279.32,reported
Rhode Island,R.I.,39,1965,444.79,reported
Rhode Island,R.I.,39,1966,9.79,reported
Rhode Island,R.I.,39,1967,6.82,reported
Rhode Island,R.I.,39,1968,7.27,reported
Rhode Island,R.I.,39,1969,2.9,reported
Rhode Island,R.I.,39,1970,11.42,reported
Rhode Island,R.I.,39,1971,24.72,reported
Rhode Island,R.I.,39,1972,52.27,reported
Rhode Island,R.I.,39,1973,68.06,reported
Rhode Island,R.I.,39,1974,6.58,reported
Rhode Island,R.I.,39,1975,0.53,reported
Rhode Island,R.I.,39,1976,2.21,reported
Rhode Island,R.I.,39,1977,6.72,reported
Rhode Island,R.I.,39,1978,0.84,reported
Rhode Island,R.I.,39,1979,10.87,reported
Rhode Island,R.I.,39,1980,0.21,reported
Rhode Island,R.I.,39,1981,,not reported
Rhode Island,R.I.,39,1982,,not reported
Rhode Island,R.I.,39,1983,,not reported
Rhode Island,R.I.,39,1984,,not reported
Rhode Island,R.I.,39,1985,,not reported
Rhode Island,R.I.,39,1986,0.2,reported
Rhode Island,R.I.,39,1987,0.2,reported
Rhode Island,R.I.,39,1988,,not reported
Rhode Island,R.I.,39,1989,3.89,reported
Rhode Island,R.I.,39,1990,2.98,reported
Rhode Island,R.I.,39,1991,0.4,reported
Rhode Island,R.I.,39,1992,2.27,reported
Rhode Island,R.I.,39,1993,0.1,reported
Rhode Island,R.I.,39,1994,0.69,reported
Rhode Island,R.I.,39,1995,0.49,reported
Rhode Island,R.I.,39,1996,,not reported
Rhode Island,R.I.,39,1997,0.49,reported
Rhode Island,R.I.,39,1998,,not reported
Rhode Island,R.I.,39,1999,,not reported
Rhode Island,R.I.,39,2000,,not reported
Rhode Island,R.I.,39,2001,,not reported
Rhode Island,R.I.,39,2002,,not reported
Rhode Island,R.I.,39,2003,0,reported
Rhode Island,R.I.,39,2004,0,reported
Rhode Island,R.I.,39,2005,0,reported
Rhode Island,R.I.,39,2006,0,reported
Rhode Island,R.I.,39,2007,0,reported
Rhode Island,R.I.,39,2008,0,reported
Rhode Island,R.I.,39,2009,0,reported
Rhode Island,R.I.,39,2010,0,reported
Rhode Island,R.I.,39,2011,0.1,reported
Rhode Island,R.I.,39,2012,0,reported
South Carolina,S.C.,40,1928,1138.47,reported
South Carolina,S.C.,40,1929,12.13,reported
South Carolina,S.C.,40,1930,14.44,reported
South Carolina,S.C.,40,1931,189.96,reported
South Carolina,S.C.,40,1932,182.61,reported
South Carolina,S.C.,40,1933,360.67,reported
South Carolina,S.C.,40,1934,637.61,reported
South Carolina,S.C.,40,1935,46.24,reported
South Carolina,S.C.,40,1936,48.23,reported
South Carolina,S.C.,40,1937,99.17,reported
South Carolina,S.C.,40,1938,373.42,reported
South Carolina,S.C.,40,1939,60.36,reported
South Carolina,S.C.,40,1940,32.28,reported
South Carolina,S.C.,40,1941,481.96,reported
South Carolina,S.C.,40,1942,218.24,reported
South Carolina,S.C.,40,1943,153.71,reported
South Carolina,S.C.,40,1944,363.61,reported
South Carolina,S.C.,40,1945,78.9,reported
South Carolina,S.C.,40,1946,358.19,reported
South Carolina,S.C.,40,1947,161.87,reported
South Carolina,S.C.,40,1948,120.67,reported
South Carolina,S.C.,40,1949,453.08,reported
South Carolina,S.C.,40,1950,90.63,reported
South Carolina,S.C.,40,1951,34.29,reported
South Carolina,S.C.,40,1952,81.7,reported
South Carolina,S.C.,40,1953,89.36,reported
South Carolina,S.C.,40,1954,254.87,reported
South Carolina,S.C.,40,1955,53.32,reported
South Carolina,S.C.,40,1956,384.75,reported
South Carolina,S.C.,40,1957,248.2,reported
South Carolina,S.C.,40,1958,472.18,reported
South Carolina,S.C.,40,1959,82.88,reported
South Carolina,S.C.,40,1960,53.68,reported
South Carolina,S.C.,40,1961,136.65,reported
South Carolina,S.C.,40,1962,38.38,reported
South Carolina,S.C.,40,1963,95.77,reported
South Carolina,S.C.,40,1964,161.66,reported
South Carolina,S.C.,40,1965,50.6,reported
South Carolina,S.C.,40,1966,26.31,reported
South Carolina,S.C.,40,1967,20.41,reported
South Carolina,S.C.,40,1968,1.48,reported
South Carolina,S.C.,40,1969,5.29,reported
South Carolina,S.C.,40,1970,23.96,reported
South Carolina,S.C.,40,1971,32.8,reported
South Carolina,S.C.,40,1972,7.6,reported
South Carolina,S.C.,40,1973,2.78,reported
South Carolina,S.C.,40,1974,2,reported
South Carolina,S.C.,40,1975,0.58,reported
South Carolina,S.C.,40,1976,0.17,reported
South Carolina,S.C.,40,1977,3.32,reported
South Carolina,S.C.,40,1978,6.47,reported
South Carolina,S.C.,40,1979,3.36,reported
South Carolina,S.C.,40,1980,5.03,reported
South Carolina,S.C.,40,1981,0,reported
South Carolina,S.C.,40,1982,,not reported
South Carolina,S.C.,40,1983,,not reported
South Carolina,S.C.,40,1984,,not reported
South Carolina,S.C.,40,1985,0.03,reported
South Carolina,S.C.,40,1986,7.54,reported
South Carolina,S.C.,40,1987,0.06,reported
South Carolina,S.C.,40,1988,,not reported
South Carolina,S.C.,40,1989,0.52,reported
South Carolina,S.C.,40,1990,0.11,reported
South Carolina,S.C.,40,1991,0.36,reported
South Carolina,S.C.,40,1992,0.8,reported
South Carolina,S.C.,40,1993,,not reported
South Carolina,S.C.,40,1994,,not reported
South Carolina,S.C.,40,1995,,not reported
South Carolina,S.C.,40,1996,,not reported
South Carolina,S.C.,40,1997,0.05,reported
South Carolina,S.C.,40,1998,,not reported
South Carolina,S.C.,40,1999,,not reported
South Carolina,S.C.,40,2000,,not reported
South Carolina,S.C.,40,2001,,not reported
South Carolina,S.C.,40,2002,,not reported
South Carolina,S.C.,40,2003,0,reported
South Carolina,S.C.,40,2004,0,reported
South Carolina,S.C.,40,2005,0,reported
South Carolina,S.C.,40,2006,0,reported
South Carolina,S.C.,40,2007,0,reported
South Carolina,S.C.,40,2008,0,reported
South Carolina,S.C.,40,2009,0,reported
South Carolina,S.C.,40,2010,0,reported
South Carolina,S.C.,40,2011,0,reported
South Carolina,S.C.,40,2012,0,reported
South Dakota,S.D.,41,1928,160.15,reported
South Dakota,S.D.,41,1929,167.83,reported
South Dakota,S.D.,41,1930,346.32,reported
South Dakota,S.D.,41,1931,212.39,reported
South Dakota,S.D.,41,1932,96.39,reported
South Dakota,S.D.,41,1933,299.13,reported
South Dakota,S.D.,41,1934,1373.9,reported
South Dakota,S.D.,41,1935,167.21,reported
South Dakota,S.D.,41,1936,33.63,reported
South Dakota,S.D.,41,1937,9.91,reported
South Dakota,S.D.,41,1938,212.48,reported
South Dakota,S.D.,41,1939,1173.72,reported
South Dakota,S.D.,41,1940,253.82,reported
South Dakota,S.D.,41,1941,61.34,reported
South Dakota,S.D.,41,1942,143.04,reported
South Dakota,S.D.,41,1943,507.33,reported
South Dakota,S.D.,41,1944,258.76,reported
South Dakota,S.D.,41,1945,100.6,reported
South Dakota,S.D.,41,1946,189.71,reported
South Dakota,S.D.,41,1947,218.3,reported
South Dakota,S.D.,41,1948,140.28,reported
South Dakota,S.D.,41,1949,157.37,reported
South Dakota,S.D.,41,1950,102.6,reported
South Dakota,S.D.,41,1951,106.72,reported
South Dakota,S.D.,41,1952,115.28,reported
South Dakota,S.D.,41,1953,68.83,reported
South Dakota,S.D.,41,1954,123.51,reported
South Dakota,S.D.,41,1955,63.65,reported
South Dakota,S.D.,41,1956,86.72,reported
South Dakota,S.D.,41,1957,81.53,reported
South Dakota,S.D.,41,1958,18.45,reported
South Dakota,S.D.,41,1959,129.09,reported
South Dakota,S.D.,41,1960,17.57,reported
South Dakota,S.D.,41,1961,21.79,reported
South Dakota,S.D.,41,1962,64.26,reported
South Dakota,S.D.,41,1963,12.57,reported
South Dakota,S.D.,41,1964,9.84,reported
South Dakota,S.D.,41,1965,16.76,reported
South Dakota,S.D.,41,1966,5.86,reported
South Dakota,S.D.,41,1967,8.64,reported
South Dakota,S.D.,41,1968,0.6,reported
South Dakota,S.D.,41,1969,7.63,reported
South Dakota,S.D.,41,1970,15.79,reported
South Dakota,S.D.,41,1971,31.3,reported
South Dakota,S.D.,41,1972,1.77,reported
South Dakota,S.D.,41,1973,0.44,reported
South Dakota,S.D.,41,1974,4.11,reported
South Dakota,S.D.,41,1975,51.87,reported
South Dakota,S.D.,41,1976,0.73,reported
South Dakota,S.D.,41,1977,10.6,reported
South Dakota,S.D.,41,1978,,not reported
South Dakota,S.D.,41,1979,0.29,reported
South Dakota,S.D.,41,1980,,not reported
South Dakota,S.D.,41,1981,,not reported
South Dakota,S.D.,41,1982,,not reported
South Dakota,S.D.,41,1983,,not reported
South Dakota,S.D.,41,1984,,not reported
South Dakota,S.D.,41,1985,,not reported
South Dakota,S.D.,41,1986,,not reported
South Dakota,S.D.,41,1987,,not reported
South Dakota,S.D.,41,1988,,not reported
South Dakota,S.D.,41,1989,,not reported
South Dakota,S.D.,41,1990,2.3,reported
South Dakota,S.D.,41,1991,,not reported
South Dakota,S.D.,41,1992,,not reported
South Dakota,S.D.,41,1993,,not reported
South Dakota,S.D.,41,1994,,not reported
South Dakota,S.D.,41,1995,,not reported
South Dakota,S.D.,41,1996,,not reported
South Dakota,S.D.,41,1997,1.21,reported
South Dakota,S.D.,41,1998,,not reported
South Dakota,S.D.,41,1999,,not reported
South Dakota,S.D.,41,2000,,not reported
South Dakota,S.D.,41,2001,,not reported
South Dakota,S.D.,41,2002,,not reported
South Dakota,S.D.,41,2003,0,reported
South Dakota,S.D.,41,2004,0,reported
South Dakota,S.D.,41,2005,0,reported
South Dakota,S.D.,41,2006,0,reported
South Dakota,S.D.,41,2007,0,reported
South Dakota,S.D.,41,2008,0,reported
South Dakota,S.D.,41,2009,0,reported
South Dakota,S.D.,41,2010,0,reported
South Dakota,S.D.,41,2011,0,reported
South Dakota,S.D.,41,2012,0,reported
Tennessee,Tenn.,42,1928,315.4,reported
Tennessee,Tenn.,42,1929,33.03,reported
Tennessee,Tenn.,42,1930,179.92,reported
Tennessee,Tenn.,42,1931,134.78,reported
Tennessee,Tenn.,42,1932,68.98,reported
Tennessee,Tenn.,42,1933,133.49,reported
Tennessee,Tenn.,42,1934,647.84,reported
Tennessee,Tenn.,42,1935,51.32,reported
Tennessee,Tenn.,42,1936,50.16,reported
Tennessee,Tenn.,42,1937,106.4,reported
Tennessee,Tenn.,42,1938,403.65,reported
Tennessee,Tenn.,42,1939,108.43,reported
Tennessee,Tenn.,42,1940,95.14,reported
Tennessee,Tenn.,42,1941,278.14,reported
Tennessee,Tenn.,42,1942,106.35,reported
Tennessee,Tenn.,42,1943,194.97,reported
Tennessee,Tenn.,42,1944,184.4,reported
Tennessee,Tenn.,42,1945,65.86,reported
Tennessee,Tenn.,42,1946,150.46,reported
Tennessee,Tenn.,42,1947,60.98,reported
Tennessee,Tenn.,42,1948,127.55,reported
Tennessee,Tenn.,42,1949,252.75,reported
Tennessee,Tenn.,42,1950,104.13,reported
Tennessee,Tenn.,42,1951,80.63,reported
Tennessee,Tenn.,42,1952,200.48,reported
Tennessee,Tenn.,42,1953,84.77,reported
Tennessee,Tenn.,42,1954,416.4,reported
Tennessee,Tenn.,42,1955,172.06,reported
Tennessee,Tenn.,42,1956,617.01,reported
Tennessee,Tenn.,42,1957,456,reported
Tennessee,Tenn.,42,1958,793.55,reported
Tennessee,Tenn.,42,1959,275.98,reported
Tennessee,Tenn.,42,1960,535.89,reported
Tennessee,Tenn.,42,1961,403.09,reported
Tennessee,Tenn.,42,1962,666.32,reported
Tennessee,Tenn.,42,1963,183.57,reported
Tennessee,Tenn.,42,1964,629.38,reported
Tennessee,Tenn.,42,1965,238.1,reported
Tennessee,Tenn.,42,1966,332.76,reported
Tennessee,Tenn.,42,1967,53.59,reported
Tennessee,Tenn.,42,1968,1.68,reported
Tennessee,Tenn.,42,1969,0.49,reported
Tennessee,Tenn.,42,1970,13.6,reported
Tennessee,Tenn.,42,1971,24.74,reported
Tennessee,Tenn.,42,1972,4.7,reported
Tennessee,Tenn.,42,1973,3.92,reported
Tennessee,Tenn.,42,1974,1.31,reported
Tennessee,Tenn.,42,1975,4.09,reported
Tennessee,Tenn.,42,1976,4.79,reported
Tennessee,Tenn.,42,1977,15.76,reported
Tennessee,Tenn.,42,1978,22.28,reported
Tennessee,Tenn.,42,1979,1.74,reported
Tennessee,Tenn.,42,1980,3.87,reported
Tennessee,Tenn.,42,1981,0.09,reported
Tennessee,Tenn.,42,1982,0.13,reported
Tennessee,Tenn.,42,1983,0.02,reported
Tennessee,Tenn.,42,1984,,not reported
Tennessee,Tenn.,42,1985,,not reported
Tennessee,Tenn.,42,1986,1.21,reported
Tennessee,Tenn.,42,1987,,not reported
Tennessee,Tenn.,42,1988,0.02,reported
Tennessee,Tenn.,42,1989,2.85,reported
Tennessee,Tenn.,42,1990,1.96,reported
Tennessee,Tenn.,42,1991,0.2,reported
Tennessee,Tenn.,42,1992,,not reported
Tennessee,Tenn.,42,1993,0,reported
Tennessee,Tenn.,42,1994,0.52,reported
Tennessee,Tenn.,42,1995,,not reported
Tennessee,Tenn.,42,1996,0.04,reported
Tennessee,Tenn.,42,1997,0.05,reported
Tennessee,Tenn.,42,1998,0,reported
Tennessee,Tenn.,42,1999,,not reported
Tennessee,Tenn.,42,2000,,not reported
Tennessee,Tenn.,42,2001,,not reported
Tennessee,Tenn.,42,2002,,not reported
Tennessee,Tenn.,42,2003,0,reported
Tennessee,Tenn.,42,2004,0,reported
Tennessee,Tenn.,42,2005,0.02,reported
Tennessee,Tenn.,42,2006,0,reported
Tennessee,Tenn.,42,2007,0,reported
Tennessee,Tenn.,42,2008,0,reported
Tennessee,Tenn.,42,2009,0.02,reported
Tennessee,Tenn.,42,2010,0,reported
Tennessee,Tenn.,42,2011,0.05,reported
Tennessee,Tenn.,42,2012,0,reported
Texas,Texas,43,1928,97.34,reported
Texas,Texas,43,1929,71.28,reported
Texas,Texas,43,1930,73.15,reported
Texas,Texas,43,1931,39.55,reported
Texas,Texas,43,1932,76.56,reported
Texas,Texas,43,1933,361.39,reported
Texas,Texas,43,1934,490.65,reported
Texas,Texas,43,1935,64.07,reported
Texas,Texas,43,1936,125.58,reported
Texas,Texas,43,1937,235.1,reported
Texas,Texas,43,1938,95.35,reported
Texas,Texas,43,1939,115.99,reported
Texas,Texas,43,1940,249.91,reported
Texas,Texas,43,1941,308.34,reported
Texas,Texas,43,1942,517.29,reported
Texas,Texas,43,1943,233.45,reported
Texas,Texas,43,1944,542.2,reported
Texas,Texas,43,1945,188.85,reported
Texas,Texas,43,1946,410.17,reported
Texas,Texas,43,1947,109.5,reported
Texas,Texas,43,1948,583.86,reported
Texas,Texas,43,1949,749.48,reported
Texas,Texas,43,1950,175.64,reported
Texas,Texas,43,1951,808.79,reported
Texas,Texas,43,1952,283.28,reported
Texas,Texas,43,1953,885.79,reported
Texas,Texas,43,1954,906.14,reported
Texas,Texas,43,1955,455.73,reported
Texas,Texas,43,1956,755.21,reported
Texas,Texas,43,1957,471.85,reported
Texas,Texas,43,1958,889.53,reported
Texas,Texas,43,1959,360.63,reported
Texas,Texas,43,1960,516.19,reported
Texas,Texas,43,1961,164.06,reported
Texas,Texas,43,1962,665.62,reported
Texas,Texas,43,1963,164.36,reported
Texas,Texas,43,1964,383.18,reported
Texas,Texas,43,1965,284.34,reported
Texas,Texas,43,1966,239.97,reported
Texas,Texas,43,1967,125.32,reported
Texas,Texas,43,1968,47.56,reported
Texas,Texas,43,1969,44.88,reported
Texas,Texas,43,1970,72.35,reported
Texas,Texas,43,1971,77.4,reported
Texas,Texas,43,1972,13.16,reported
Texas,Texas,43,1973,4.08,reported
Texas,Texas,43,1974,1.42,reported
Texas,Texas,43,1975,2.18,reported
Texas,Texas,43,1976,1.99,reported
Texas,Texas,43,1977,13.99,reported
Texas,Texas,43,1978,7.54,reported
Texas,Texas,43,1979,4.55,reported
Texas,Texas,43,1980,1.34,reported
Texas,Texas,43,1981,6.03,reported
Texas,Texas,43,1982,1.11,reported
Texas,Texas,43,1983,0.23,reported
Texas,Texas,43,1984,3.34,reported
Texas,Texas,43,1985,2.55,reported
Texas,Texas,43,1986,2.24,reported
Texas,Texas,43,1987,2.5,reported
Texas,Texas,43,1988,0.08,reported
Texas,Texas,43,1989,18.42,reported
Texas,Texas,43,1990,22.85,reported
Texas,Texas,43,1991,1.23,reported
Texas,Texas,43,1992,5.64,reported
Texas,Texas,43,1993,0.06,reported
Texas,Texas,43,1994,0.09,reported
Texas,Texas,43,1995,0.07,reported
Texas,Texas,43,1996,0.14,reported
Texas,Texas,43,1997,0.05,reported
Texas,Texas,43,1998,,not reported
Texas,Texas,43,1999,0.03,reported
Texas,Texas,43,2000,,not reported
Texas,Texas,43,2001,0,reported
Texas,Texas,43,2002,0,reported
Texas,Texas,43,2003,0,reported
Texas,Texas,43,2004,0,reported
Texas,Texas,43,2005,0.01,reported
Texas,Texas,43,2006,0,reported
Texas,Texas,43,2007,0.03,reported
Texas,Texas,43,2008,0,reported
Texas,Texas,43,2009,0,reported
Texas,Texas,43,2010,0,reported
Texas,Texas,43,2011,0.02,reported
Texas,Texas,43,2012,0,reported
Utah,Utah,44,1928,16.77,reported
Utah,Utah,44,1929,68.9,reported
Utah,Utah,44,1930,1044.79,reported
Utah,Utah,44,1931,29.82,reported
Utah,Utah,44,1932,13.93,reported
Utah,Utah,44,1933,402.12,reported
Utah,Utah,44,1934,2184.87,reported
Utah,Utah,44,1935,50.19,reported
Utah,Utah,44,1936,117.84,reported
Utah,Utah,44,1937,396.79,reported
Utah,Utah,44,1938,1808.88,reported
Utah,Utah,44,1939,1002.21,reported
Utah,Utah,44,1940,1363.22,reported
Utah,Utah,44,1941,281.13,reported
Utah,Utah,44,1942,2589.04,reported
Utah,Utah,44,1943,1211.25,reported
Utah,Utah,44,1944,200.66,reported
Utah,Utah,44,1945,746.11,reported
Utah,Utah,44,1946,1244.59,reported
Utah,Utah,44,1947,99.21,reported
Utah,Utah,44,1948,910.95,reported
Utah,Utah,44,1949,526.53,reported
Utah,Utah,44,1950,879.17,reported
Utah,Utah,44,1951,331.44,reported
Utah,Utah,44,1952,652.49,reported
Utah,Utah,44,1953,775.37,reported
Utah,Utah,44,1954,1043.87,reported
Utah,Utah,44,1955,101.02,reported
Utah,Utah,44,1956,284.18,reported
Utah,Utah,44,1957,1749.88,reported
Utah,Utah,44,1958,458.82,reported
Utah,Utah,44,1959,670.92,reported
Utah,Utah,44,1960,551.78,reported
Utah,Utah,44,1961,179.59,reported
Utah,Utah,44,1962,430.58,reported
Utah,Utah,44,1963,316.22,reported
Utah,Utah,44,1964,260.74,reported
Utah,Utah,44,1965,444.87,reported
Utah,Utah,44,1966,68.19,reported
Utah,Utah,44,1967,37.78,reported
Utah,Utah,44,1968,2.04,reported
Utah,Utah,44,1969,1.05,reported
Utah,Utah,44,1970,3.54,reported
Utah,Utah,44,1971,30.03,reported
Utah,Utah,44,1972,13.67,reported
Utah,Utah,44,1973,10.75,reported
Utah,Utah,44,1974,1.21,reported
Utah,Utah,44,1975,27.84,reported
Utah,Utah,44,1976,166.5,reported
Utah,Utah,44,1977,1.76,reported
Utah,Utah,44,1978,3.24,reported
Utah,Utah,44,1979,1.51,reported
Utah,Utah,44,1980,2.97,reported
Utah,Utah,44,1981,,not reported
Utah,Utah,44,1982,0.19,reported
Utah,Utah,44,1983,0.62,reported
Utah,Utah,44,1984,1.7,reported
Utah,Utah,44,1985,,not reported
Utah,Utah,44,1986,0.77,reported
Utah,Utah,44,1987,,not reported
Utah,Utah,44,1988,,not reported
Utah,Utah,44,1989,6.91,reported
Utah,Utah,44,1990,8.49,reported
Utah,Utah,44,1991,12.36,reported
Utah,Utah,44,1992,,not reported
Utah,Utah,44,1993,,not reported
Utah,Utah,44,1994,7.8,reported
Utah,Utah,44,1995,0,reported
Utah,Utah,44,1996,5.75,reported
Utah,Utah,44,1997,0.05,reported
Utah,Utah,44,1998,,not reported
Utah,Utah,44,1999,0.09,reported
Utah,Utah,44,2000,0.13,reported
Utah,Utah,44,2001,,not reported
Utah,Utah,44,2002,0,reported
Utah,Utah,44,2003,0,reported
Utah,Utah,44,2004,0,reported
Utah,Utah,44,2005,0,reported
Utah,Utah,44,2006,0,reported
Utah,Utah,44,2007,0,reported
Utah,Utah,44,2008,0,reported
Utah,Utah,44,2009,0,reported
Utah,Utah,44,2010,0,reported
Utah,Utah,44,2011,0.46,reported
Utah,Utah,44,2012,0.04,reported
Virginia,Va.,45,1928,,not reported
Virginia,Va.,45,1929,,not reported
Virginia,Va.,45,1930,,not reported
Virginia,Va.,45,1931,,not reported
Virginia,Va.,45,1932,53.38,reported
Virginia,Va.,45,1933,351.87,reported
Virginia,Va.,45,1934,1158.75,reported
Virginia,Va.,45,1935,727.34,reported
Virginia,Va.,45,1936,127.84,reported
Virginia,Va.,45,1937,337.41,reported
Virginia,Va.,45,1938,475.82,reported
Virginia,Va.,45,1939,394.25,reported
Virginia,Va.,45,1940,203.84,reported
Virginia,Va.,45,1941,1035.29,reported
Virginia,Va.,45,1942,177.62,reported
Virginia,Va.,45,1943,341.33,reported
Virginia,Va.,45,1944,475.46,reported
Virginia,Va.,45,1945,64.44,reported
Virginia,Va.,45,1946,385.82,reported
Virginia,Va.,45,1947,242.17,reported
Virginia,Va.,45,1948,191.3,reported
Virginia,Va.,45,1949,649.36,reported
Virginia,Va.,45,1950,85.43,reported
Virginia,Va.,45,1951,408.71,reported
Virginia,Va.,45,1952,376.53,reported
Virginia,Va.,45,1953,138.97,reported
Virginia,Va.,45,1954,673.56,reported
Virginia,Va.,45,1955,120.12,reported
Virginia,Va.,45,1956,634.5,reported
Virginia,Va.,45,1957,128.67,reported
Virginia,Va.,45,1958,550.15,reported
Virginia,Va.,45,1959,349.3,reported
Virginia,Va.,45,1960,185.55,reported
Virginia,Va.,45,1961,285.93,reported
Virginia,Va.,45,1962,231.1,reported
Virginia,Va.,45,1963,172.52,reported
Virginia,Va.,45,1964,274.8,reported
Virginia,Va.,45,1965,93.33,reported
Virginia,Va.,45,1966,50.63,reported
Virginia,Va.,45,1967,52.04,reported
Virginia,Va.,45,1968,9.5,reported
Virginia,Va.,45,1969,20.24,reported
Virginia,Va.,45,1970,51.91,reported
Virginia,Va.,45,1971,32.4,reported
Virginia,Va.,45,1972,1.57,reported
Virginia,Va.,45,1973,8.75,reported
Virginia,Va.,45,1974,0.85,reported
Virginia,Va.,45,1975,0.84,reported
Virginia,Va.,45,1976,16.48,reported
Virginia,Va.,45,1977,50.78,reported
Virginia,Va.,45,1978,49.89,reported
Virginia,Va.,45,1979,5.98,reported
Virginia,Va.,45,1980,6.58,reported
Virginia,Va.,45,1981,0.24,reported
Virginia,Va.,45,1982,0.14,reported
Virginia,Va.,45,1983,0.37,reported
Virginia,Va.,45,1984,0.07,reported
Virginia,Va.,45,1985,0.48,reported
Virginia,Va.,45,1986,0.86,reported
Virginia,Va.,45,1987,0.02,reported
Virginia,Va.,45,1988,3.46,reported
Virginia,Va.,45,1989,0.4,reported
Virginia,Va.,45,1990,1.21,reported
Virginia,Va.,45,1991,0.33,reported
Virginia,Va.,45,1992,0.23,reported
Virginia,Va.,45,1993,,not reported
Virginia,Va.,45,1994,0.03,reported
Virginia,Va.,45,1995,,not reported
Virginia,Va.,45,1996,0.01,reported
Virginia,Va.,45,1997,0.03,reported
Virginia,Va.,45,1998,0,reported
Virginia,Va.,45,1999,0.26,reported
Virginia,Va.,45,2000,0.03,reported
Virginia,Va.,45,2001,0.01,reported
Virginia,Va.,45,2002,,not reported
Virginia,Va.,45,2003,0,reported
Virginia,Va.,45,2004,0,reported
Virginia,Va.,45,2005,0,reported
Virginia,Va.,45,2006,0,reported
Virginia,Va.,45,2007,0,reported
Virginia,Va.,45,2008,0.01,reported
Virginia,Va.,45,2009,0.01,reported
Virginia,Va.,45,2010,0.04,reported
Virginia,Va.,45,2011,0.09,reported
Virginia,Va.,45,2012,0,reported
Vermont,Vt.,46,1928,334.78,reported
Vermont,Vt.,46,1929,105.29,reported
Vermont,Vt.,46,1930,236.67,reported
Vermont,Vt.,46,1931,318.38,reported
Vermont,Vt.,46,1932,1146.09,reported
Vermont,Vt.,46,1933,312.61,reported
Vermont,Vt.,46,1934,380.67,reported
Vermont,Vt.,46,1935,389.36,reported
Vermont,Vt.,46,1936,2974.79,reported
Vermont,Vt.,46,1937,289.33,reported
Vermont,Vt.,46,1938,1652.67,reported
Vermont,Vt.,46,1939,1029.19,reported
Vermont,Vt.,46,1940,241.05,reported
Vermont,Vt.,46,1941,384.63,reported
Vermont,Vt.,46,1942,1071.28,reported
Vermont,Vt.,46,1943,2323.7,reported
Vermont,Vt.,46,1944,751.43,reported
Vermont,Vt.,46,1945,180,reported
Vermont,Vt.,46,1946,858.63,reported
Vermont,Vt.,46,1947,1348.87,reported
Vermont,Vt.,46,1948,407.1,reported
Vermont,Vt.,46,1949,1711.38,reported
Vermont,Vt.,46,1950,157.52,reported
Vermont,Vt.,46,1951,1130.95,reported
Vermont,Vt.,46,1952,1397.33,reported
Vermont,Vt.,46,1953,148.94,reported
Vermont,Vt.,46,1954,760.21,reported
Vermont,Vt.,46,1955,1894.93,reported
Vermont,Vt.,46,1956,340.85,reported
Vermont,Vt.,46,1957,761.44,reported
Vermont,Vt.,46,1958,549.21,reported
Vermont,Vt.,46,1959,525.58,reported
Vermont,Vt.,46,1960,893.32,reported
Vermont,Vt.,46,1961,295.9,reported
Vermont,Vt.,46,1962,518.32,reported
Vermont,Vt.,46,1963,405.79,reported
Vermont,Vt.,46,1964,596.74,reported
Vermont,Vt.,46,1965,360.64,reported
Vermont,Vt.,46,1966,79.18,reported
Vermont,Vt.,46,1967,9.93,reported
Vermont,Vt.,46,1968,1.86,reported
Vermont,Vt.,46,1969,0.69,reported
Vermont,Vt.,46,1970,1.98,reported
Vermont,Vt.,46,1971,26.56,reported
Vermont,Vt.,46,1972,17.08,reported
Vermont,Vt.,46,1973,25.58,reported
Vermont,Vt.,46,1974,11.88,reported
Vermont,Vt.,46,1975,15.26,reported
Vermont,Vt.,46,1976,34.35,reported
Vermont,Vt.,46,1977,47.18,reported
Vermont,Vt.,46,1978,10.49,reported
Vermont,Vt.,46,1979,23.27,reported
Vermont,Vt.,46,1980,41.89,reported
Vermont,Vt.,46,1981,0.39,reported
Vermont,Vt.,46,1982,0.38,reported
Vermont,Vt.,46,1983,,not reported
Vermont,Vt.,46,1984,0.75,reported
Vermont,Vt.,46,1985,,not reported
Vermont,Vt.,46,1986,,not reported
Vermont,Vt.,46,1987,4,reported
Vermont,Vt.,46,1988,,not reported
Vermont,Vt.,46,1989,0.18,reported
Vermont,Vt.,46,1990,,not reported
Vermont,Vt.,46,1991,0.7,reported
Vermont,Vt.,46,1992,,not reported
Vermont,Vt.,46,1993,5.37,reported
Vermont,Vt.,46,1994,0.17,reported
Vermont,Vt.,46,1995,,not reported
Vermont,Vt.,46,1996,0.17,reported
Vermont,Vt.,46,1997,9.88,reported
Vermont,Vt.,46,1998,0,reported
Vermont,Vt.,46,1999,,not reported
Vermont,Vt.,46,2000,0.16,reported
Vermont,Vt.,46,2001,0.16,reported
Vermont,Vt.,46,2002,,not reported
Vermont,Vt.,46,2003,0,reported
Vermont,Vt.,46,2004,0,reported
Vermont,Vt.,46,2005,0,reported
Vermont,Vt.,46,2006,0,reported
Vermont,Vt.,46,2007,0,reported
Vermont,Vt.,46,2008,0,reported
Vermont,Vt.,46,2009,0,reported
Vermont,Vt.,46,2010,0,reported
Vermont,Vt.,46,2011,0.16,reported
Vermont,Vt.,46,2012,0,reported
Washington,Wash.,47,1928,344.81,reported
Washington,Wash.,47,1929,248.62,reported
Washington,Wash.,47,1930,631.63,reported
Washington,Wash.,47,1931,197.41,reported
Washington,Wash.,47,1932,631.88,reported
Washington,Wash.,47,1933,155.84,reported
Washington,Wash.,47,1934,473.79,reported
Washington,Wash.,47,1935,525.48,reported
Washington,Wash.,47,1936,463.7,reported
Washington,Wash.,47,1937,103.33,reported
Washington,Wash.,47,1938,112.19,reported
Washington,Wash.,47,1939,1158.17,reported
Washington,Wash.,47,1940,919.63,reported
Washington,Wash.,47,1941,118.22,reported
Washington,Wash.,47,1942,645.63,reported
Washington,Wash.,47,1943,765.1,reported
Washington,Wash.,47,1944,264.03,reported
Washington,Wash.,47,1945,291.7,reported
Washington,Wash.,47,1946,513.64,reported
Washington,Wash.,47,1947,63.82,reported
Washington,Wash.,47,1948,482.28,reported
Washington,Wash.,47,1949,551.18,reported
Washington,Wash.,47,1950,142.61,reported
Washington,Wash.,47,1951,733.33,reported
Washington,Wash.,47,1952,243.79,reported
Washington,Wash.,47,1953,473.11,reported
Washington,Wash.,47,1954,857.47,reported
Washington,Wash.,47,1955,425.04,reported
Washington,Wash.,47,1956,481.33,reported
Washington,Wash.,47,1957,614.35,reported
Washington,Wash.,47,1958,384.2,reported
Washington,Wash.,47,1959,512.48,reported
Washington,Wash.,47,1960,456.15,reported
Washington,Wash.,47,1961,301.35,reported
Washington,Wash.,47,1962,704.08,reported
Washington,Wash.,47,1963,166.94,reported
Washington,Wash.,47,1964,674.7,reported
Washington,Wash.,47,1965,255.71,reported
Washington,Wash.,47,1966,166.7,reported
Washington,Wash.,47,1967,178.92,reported
Washington,Wash.,47,1968,18.29,reported
Washington,Wash.,47,1969,1.68,reported
Washington,Wash.,47,1970,19.67,reported
Washington,Wash.,47,1971,33.12,reported
Washington,Wash.,47,1972,28.37,reported
Washington,Wash.,47,1973,25.01,reported
Washington,Wash.,47,1974,2.18,reported
Washington,Wash.,47,1975,8.12,reported
Washington,Wash.,47,1976,10.25,reported
Washington,Wash.,47,1977,12.37,reported
Washington,Wash.,47,1978,10.68,reported
Washington,Wash.,47,1979,25.14,reported
Washington,Wash.,47,1980,4.08,reported
Washington,Wash.,47,1981,0.09,reported
Washington,Wash.,47,1982,0.86,reported
Washington,Wash.,47,1983,0.71,reported
Washington,Wash.,47,1984,3.91,reported
Washington,Wash.,47,1985,2,reported
Washington,Wash.,47,1986,4.72,reported
Washington,Wash.,47,1987,1.03,reported
Washington,Wash.,47,1988,0.15,reported
Washington,Wash.,47,1989,1.07,reported
Washington,Wash.,47,1990,6.71,reported
Washington,Wash.,47,1991,1.53,reported
Washington,Wash.,47,1992,,not reported
Washington,Wash.,47,1993,,not reported
Washington,Wash.,47,1994,,not reported
Washington,Wash.,47,1995,0.4,reported
Washington,Wash.,47,1996,0.92,reported
Washington,Wash.,47,1997,0.26,reported
Washington,Wash.,47,1998,0,reported
Washington,Wash.,47,1999,,not reported
Washington,Wash.,47,2000,0,reported
Washington,Wash.,47,2001,0,reported
Washington,Wash.,47,2002,,not reported
Washington,Wash.,47,2003,0,reported
Washington,Wash.,47,2004,0.11,reported
Washington,Wash.,47,2005,0.03,reported
Washington,Wash.,47,2006,0.03,reported
Washington,Wash.,47,2007,0.05,reported
Washington,Wash.,47,2008,0.29,reported
Washington,Wash.,47,2009,0.01,reported
Washington,Wash.,47,2010,0.01,reported
Washington,Wash.,47,2011,0.06,reported
Washington,Wash.,47,2012,0,reported
Wisconsin,Wis.,48,1928,124.58,reported
Wisconsin,Wis.,48,1929,1016.53,reported
Wisconsin,Wis.,48,1930,748.54,reported
Wisconsin,Wis.,48,1931,506.56,reported
Wisconsin,Wis.,48,1932,935.29,reported
Wisconsin,Wis.,48,1933,317.47,reported
Wisconsin,Wis.,48,1934,1332.87,reported
Wisconsin,Wis.,48,1935,1415.41,reported
Wisconsin,Wis.,48,1936,126.54,reported
Wisconsin,Wis.,48,1937,66.55,reported
Wisconsin,Wis.,48,1938,2348.05,reported
Wisconsin,Wis.,48,1939,768.04,reported
Wisconsin,Wis.,48,1940,636.43,reported
Wisconsin,Wis.,48,1941,993.11,reported
Wisconsin,Wis.,48,1942,781.8,reported
Wisconsin,Wis.,48,1943,1290.54,reported
Wisconsin,Wis.,48,1944,1407.89,reported
Wisconsin,Wis.,48,1945,165.54,reported
Wisconsin,Wis.,48,1946,1333.63,reported
Wisconsin,Wis.,48,1947,383.17,reported
Wisconsin,Wis.,48,1948,926.15,reported
Wisconsin,Wis.,48,1949,1171.1,reported
Wisconsin,Wis.,48,1950,546.71,reported
Wisconsin,Wis.,48,1951,958.07,reported
Wisconsin,Wis.,48,1952,1140.83,reported
Wisconsin,Wis.,48,1953,1166.87,reported
Wisconsin,Wis.,48,1954,289.58,reported
Wisconsin,Wis.,48,1955,1389.05,reported
Wisconsin,Wis.,48,1956,715.71,reported
Wisconsin,Wis.,48,1957,980.77,reported
Wisconsin,Wis.,48,1958,1665.37,reported
Wisconsin,Wis.,48,1959,384.79,reported
Wisconsin,Wis.,48,1960,1090.13,reported
Wisconsin,Wis.,48,1961,932.93,reported
Wisconsin,Wis.,48,1962,365.35,reported
Wisconsin,Wis.,48,1963,1413.11,reported
Wisconsin,Wis.,48,1964,370.35,reported
Wisconsin,Wis.,48,1965,482.21,reported
Wisconsin,Wis.,48,1966,736.06,reported
Wisconsin,Wis.,48,1967,49.52,reported
Wisconsin,Wis.,48,1968,31.85,reported
Wisconsin,Wis.,48,1969,15.33,reported
Wisconsin,Wis.,48,1970,31.02,reported
Wisconsin,Wis.,48,1971,87.55,reported
Wisconsin,Wis.,48,1972,76.37,reported
Wisconsin,Wis.,48,1973,29.94,reported
Wisconsin,Wis.,48,1974,13.91,reported
Wisconsin,Wis.,48,1975,32.03,reported
Wisconsin,Wis.,48,1976,88.53,reported
Wisconsin,Wis.,48,1977,45.35,reported
Wisconsin,Wis.,48,1978,33.25,reported
Wisconsin,Wis.,48,1979,13.75,reported
Wisconsin,Wis.,48,1980,31.29,reported
Wisconsin,Wis.,48,1981,0.13,reported
Wisconsin,Wis.,48,1982,0.02,reported
Wisconsin,Wis.,48,1983,,not reported
Wisconsin,Wis.,48,1984,0.67,reported
Wisconsin,Wis.,48,1985,1.22,reported
Wisconsin,Wis.,48,1986,5.84,reported
Wisconsin,Wis.,48,1987,3.03,reported
Wisconsin,Wis.,48,1988,,not reported
Wisconsin,Wis.,48,1989,6.46,reported
Wisconsin,Wis.,48,1990,13.4,reported
Wisconsin,Wis.,48,1991,0.14,reported
Wisconsin,Wis.,48,1992,,not reported
Wisconsin,Wis.,48,1993,0,reported
Wisconsin,Wis.,48,1994,0.04,reported
Wisconsin,Wis.,48,1995,0,reported
Wisconsin,Wis.,48,1996,0.02,reported
Wisconsin,Wis.,48,1997,0,reported
Wisconsin,Wis.,48,1998,0,reported
Wisconsin,Wis.,48,1999,,not reported
Wisconsin,Wis.,48,2000,,not reported
Wisconsin,Wis.,48,2001,,not reported
Wisconsin,Wis.,48,2002,,not reported
Wisconsin,Wis.,48,2003,0,reported
Wisconsin,Wis.,48,2004,0,reported
Wisconsin,Wis.,48,2005,0,reported
Wisconsin,Wis.,48,2006,0,reported
Wisconsin,Wis.,48,2007,0,reported
Wisconsin,Wis.,48,2008,0,reported
Wisconsin,Wis.,48,2009,0.05,reported
Wisconsin,Wis.,48,2010,0,reported
Wisconsin,Wis.,48,2011,0,reported
Wisconsin,Wis.,48,2012,0,reported
West Virginia,W.Va.,49,1928,195.93,reported
West Virginia,W.Va.,49,1929,380.14,reported
West Virginia,W.Va.,49,1930,157.7,reported
West Virginia,W.Va.,49,1931,291.38,reported
West Virginia,W.Va.,49,1932,599.66,reported
West Virginia,W.Va.,49,1933,303.37,reported
West Virginia,W.Va.,49,1934,231.79,reported
West Virginia,W.Va.,49,1935,605.91,reported
West Virginia,W.Va.,49,1936,63.27,reported
West Virginia,W.Va.,49,1937,110.04,reported
West Virginia,W.Va.,49,1938,595.16,reported
West Virginia,W.Va.,49,1939,99.1,reported
West Virginia,W.Va.,49,1940,29.81,reported
West Virginia,W.Va.,49,1941,592.25,reported
West Virginia,W.Va.,49,1942,303.8,reported
West Virginia,W.Va.,49,1943,133.72,reported
West Virginia,W.Va.,49,1944,497.25,reported
West Virginia,W.Va.,49,1945,79.63,reported
West Virginia,W.Va.,49,1946,140.58,reported
West Virginia,W.Va.,49,1947,143.57,reported
West Virginia,W.Va.,49,1948,295.47,reported
West Virginia,W.Va.,49,1949,188.45,reported
West Virginia,W.Va.,49,1950,293.17,reported
West Virginia,W.Va.,49,1951,227.27,reported
West Virginia,W.Va.,49,1952,269.98,reported
West Virginia,W.Va.,49,1953,309.59,reported
West Virginia,W.Va.,49,1954,512.07,reported
West Virginia,W.Va.,49,1955,204.2,reported
West Virginia,W.Va.,49,1956,587.13,reported
West Virginia,W.Va.,49,1957,185.08,reported
West Virginia,W.Va.,49,1958,657.18,reported
West Virginia,W.Va.,49,1959,406.36,reported
West Virginia,W.Va.,49,1960,190.39,reported
West Virginia,W.Va.,49,1961,428.99,reported
West Virginia,W.Va.,49,1962,551.13,reported
West Virginia,W.Va.,49,1963,696.27,reported
West Virginia,W.Va.,49,1964,518.7,reported
West Virginia,W.Va.,49,1965,832.7,reported
West Virginia,W.Va.,49,1966,313.46,reported
West Virginia,W.Va.,49,1967,84.57,reported
West Virginia,W.Va.,49,1968,20.53,reported
West Virginia,W.Va.,49,1969,13.86,reported
West Virginia,W.Va.,49,1970,19.71,reported
West Virginia,W.Va.,49,1971,31.99,reported
West Virginia,W.Va.,49,1972,15.45,reported
West Virginia,W.Va.,49,1973,12.45,reported
West Virginia,W.Va.,49,1974,12.7,reported
West Virginia,W.Va.,49,1975,11.71,reported
West Virginia,W.Va.,49,1976,11.11,reported
West Virginia,W.Va.,49,1977,13.88,reported
West Virginia,W.Va.,49,1978,45.57,reported
West Virginia,W.Va.,49,1979,4.56,reported
West Virginia,W.Va.,49,1980,1.79,reported
West Virginia,W.Va.,49,1981,0.62,reported
West Virginia,W.Va.,49,1982,0.1,reported
West Virginia,W.Va.,49,1983,0.05,reported
West Virginia,W.Va.,49,1984,,not reported
West Virginia,W.Va.,49,1985,2.5,reported
West Virginia,W.Va.,49,1986,0.11,reported
West Virginia,W.Va.,49,1987,,not reported
West Virginia,W.Va.,49,1988,0.33,reported
West Virginia,W.Va.,49,1989,2.96,reported
West Virginia,W.Va.,49,1990,0.33,reported
West Virginia,W.Va.,49,1991,,not reported
West Virginia,W.Va.,49,1992,,not reported
West Virginia,W.Va.,49,1993,,not reported
West Virginia,W.Va.,49,1994,1.98,reported
West Virginia,W.Va.,49,1995,,not reported
West Virginia,W.Va.,49,1996,,not reported
West Virginia,W.Va.,49,1997,0.05,reported
West Virginia,W.Va.,49,1998,,not reported
West Virginia,W.Va.,49,1999,,not reported
West Virginia,W.Va.,49,2000,,not reported
West Virginia,W.Va.,49,2001,,not reported
West Virginia,W.Va.,49,2002,,not reported
West Virginia,W.Va.,49,2003,0.02,reported
West Virginia,W.Va.,49,2004,0,reported
West Virginia,W.Va.,49,2005,0.04,reported
West Virginia,W.Va.,49,2006,0,reported
West Virginia,W.Va.,49,2007,0,reported
West Virginia,W.Va.,49,2008,0.11,reported
West Virginia,W.Va.,49,2009,0,reported
West Virginia,W.Va.,49,2010,0,reported
West Virginia,W.Va.,49,2011,0.04,reported
West Virginia,W.Va.,49,2012,0,reported
Wyoming,Wyo.,50,1928,227.05,reported
Wyoming,Wyo.,50,1929,312.11,reported
Wyoming,Wyo.,50,1930,341.59,reported
Wyoming,Wyo.,50,1931,60.7,reported
Wyoming,Wyo.,50,1932,242.17,reported
Wyoming,Wyo.,50,1933,249.13,reported
Wyoming,Wyo.,50,1934,967.38,reported
Wyoming,Wyo.,50,1935,935.44,reported
Wyoming,Wyo.,50,1936,57.5,reported
Wyoming,Wyo.,50,1937,69.96,reported
Wyoming,Wyo.,50,1938,360.57,reported
Wyoming,Wyo.,50,1939,1392.34,reported
Wyoming,Wyo.,50,1940,393.6,reported
Wyoming,Wyo.,50,1941,381.78,reported
Wyoming,Wyo.,50,1942,635.26,reported
Wyoming,Wyo.,50,1943,1088.66,reported
Wyoming,Wyo.,50,1944,728.1,reported
Wyoming,Wyo.,50,1945,157.53,reported
Wyoming,Wyo.,50,1946,397.64,reported
Wyoming,Wyo.,50,1947,170.16,reported
Wyoming,Wyo.,50,1948,805.39,reported
Wyoming,Wyo.,50,1949,201.44,reported
Wyoming,Wyo.,50,1950,210,reported
Wyoming,Wyo.,50,1951,753.61,reported
Wyoming,Wyo.,50,1952,231.74,reported
Wyoming,Wyo.,50,1953,497.59,reported
Wyoming,Wyo.,50,1954,391.81,reported
Wyoming,Wyo.,50,1955,180.78,reported
Wyoming,Wyo.,50,1956,640.71,reported
Wyoming,Wyo.,50,1957,69.43,reported
Wyoming,Wyo.,50,1958,433.33,reported
Wyoming,Wyo.,50,1959,281.25,reported
Wyoming,Wyo.,50,1960,209.67,reported
Wyoming,Wyo.,50,1961,143.62,reported
Wyoming,Wyo.,50,1962,142.94,reported
Wyoming,Wyo.,50,1963,97.92,reported
Wyoming,Wyo.,50,1964,84.37,reported
Wyoming,Wyo.,50,1965,226.2,reported
Wyoming,Wyo.,50,1966,72.76,reported
Wyoming,Wyo.,50,1967,64.29,reported
Wyoming,Wyo.,50,1968,16.98,reported
Wyoming,Wyo.,50,1969,2.43,reported
Wyoming,Wyo.,50,1970,3.23,reported
Wyoming,Wyo.,50,1971,24.47,reported
Wyoming,Wyo.,50,1972,14.4,reported
Wyoming,Wyo.,50,1973,19.7,reported
Wyoming,Wyo.,50,1974,4.45,reported
Wyoming,Wyo.,50,1975,0.76,reported
Wyoming,Wyo.,50,1976,0.97,reported
Wyoming,Wyo.,50,1977,5.78,reported
Wyoming,Wyo.,50,1978,,not reported
Wyoming,Wyo.,50,1979,0.43,reported
Wyoming,Wyo.,50,1980,,not reported
Wyoming,Wyo.,50,1981,0.2,reported
Wyoming,Wyo.,50,1982,0,reported
Wyoming,Wyo.,50,1983,,not reported
Wyoming,Wyo.,50,1984,,not reported
Wyoming,Wyo.,50,1985,1.01,reported
Wyoming,Wyo.,50,1986,,not reported
Wyoming,Wyo.,50,1987,,not reported
Wyoming,Wyo.,50,1988,,not reported
Wyoming,Wyo.,50,1989,,not reported
Wyoming,Wyo.,50,1990,,not reported
Wyoming,Wyo.,50,1991,0.65,reported
Wyoming,Wyo.,50,1992,0.21,reported
Wyoming,Wyo.,50,1993,,not reported
Wyoming,Wyo.,50,1994,,not reported
Wyoming,Wyo.,50,1995,,not reported
Wyoming,Wyo.,50,1996,0.2,reported
Wyoming,Wyo.,50,1997,0.61,reported
Wyoming,Wyo.,50,1998,,not reported
Wyoming,Wyo.,50,1999,,not reported
Wyoming,Wyo.,50,2000,,not reported
Wyoming,Wyo.,50,2001,,not reported
Wyoming,Wyo.,50,2002,,not reported
Wyoming,Wyo.,50,2003,0,reported
Wyoming,Wyo.,50,2004,0,reported
Wyoming,Wyo.,50,2005,0,reported
Wyoming,Wyo.,50,2006,0,reported
Wyoming,Wyo.,50,2007,0,reported
Wyoming,Wyo.,50,2008,0,reported
Wyoming,Wyo.,50,2009,0,reported
Wyoming,Wyo.,50,2010,0.18,reported
Wyoming,Wyo.,50,2011,0,reported
Wyoming,Wyo.,50,2012,0,reported
