Date,Correspondent,Role,Direction,Words
2019-02-09,Avery Lin,Counsel,Received,320
2019-02-12,Avery Lin,Counsel,Sent,131
2019-02-13,Avery Lin,Counsel,Received,224
2019-02-02,Avery Lin,Counsel,Received,25
2019-02-02,Avery Lin,Counsel,Received,15
2019-02-06,Avery Lin,Counsel,Received,76
2019-02-28,Avery Lin,Counsel,Sent,49
2019-02-28,Avery Lin,Counsel,Sent,263
2019-02-24,Avery Lin,Counsel,Received,9
2019-02-23,Avery Lin,Counsel,Received,17
2019-02-13,Avery Lin,Counsel,Received,151
2019-02-17,Avery Lin,Counsel,Received,28
2019-02-21,Avery Lin,Counsel,Received,157
2019-02-19,Avery Lin,Counsel,Received,46
2019-02-19,Avery Lin,Counsel,Sent,227
2019-02-19,Avery Lin,Counsel,Received,13
2019-02-10,Avery Lin,Counsel,Received,46
2019-02-22,Avery Lin,Counsel,Sent,169
2019-02-04,Avery Lin,Counsel,Received,17
2019-02-18,Avery Lin,Counsel,Sent,58
2019-03-29,Avery Lin,Counsel,Received,7
2019-03-27,Avery Lin,Counsel,Sent,171
2019-03-22,Avery Lin,Counsel,Received,492
2019-03-19,Avery Lin,Counsel,Received,175
2019-03-06,Avery Lin,Counsel,Sent,19
2019-03-14,Avery Lin,Counsel,Received,118
2019-03-01,Avery Lin,Counsel,Sent,24
2019-03-11,Avery Lin,Counsel,Received,72
2019-03-18,Avery Lin,Counsel,Sent,211
2019-03-22,Avery Lin,Counsel,Sent,94
2019-03-08,Avery Lin,Counsel,Received,84
2019-03-09,Avery Lin,Counsel,Sent,267
2019-03-09,Avery Lin,Counsel,Sent,249
2019-03-13,Avery Lin,Counsel,Sent,528
2019-03-27,Avery Lin,Counsel,Sent,3
2019-03-27,Avery Lin,Counsel,Received,10
2019-03-24,Avery Lin,Counsel,Sent,23
2019-03-23,Avery Lin,Counsel,Received,83
2019-04-01,Avery Lin,Counsel,Sent,27
2019-04-12,Avery Lin,Counsel,Sent,112
2019-04-26,Avery Lin,Counsel,Sent,12
2019-04-20,Avery Lin,Counsel,Sent,86
2019-04-27,Avery Lin,Counsel,Received,50
2019-04-03,Avery Lin,Counsel,Sent,40
2019-04-29,Avery Lin,Counsel,Received,28
2019-04-21,Avery Lin,Counsel,Sent,6
2019-04-09,Avery Lin,Counsel,Received,35
2019-04-12,Avery Lin,Counsel,Sent,155
2019-04-12,Avery Lin,Counsel,Received,381
2019-04-12,Avery Lin,Counsel,Received,128
2019-04-18,Avery Lin,Counsel,Sent,198
2019-04-30,Avery Lin,Counsel,Sent,115
2019-04-15,Avery Lin,Counsel,Received,102
2019-04-19,Avery Lin,Counsel,Received,45
2019-04-16,Avery Lin,Counsel,Received,145
2019-05-25,Avery Lin,Counsel,Sent,80
2019-05-09,Avery Lin,Counsel,Received,68
2019-05-15,Avery Lin,Counsel,Sent,14
2019-05-31,Avery Lin,Counsel,Received,122
2019-05-04,Avery Lin,Counsel,Received,116
2019-05-02,Avery Lin,Counsel,Received,47
2019-05-22,Avery Lin,Counsel,Received,134
2019-05-31,Avery Lin,Counsel,Received,235
2019-05-08,Avery Lin,Counsel,Sent,68
2019-05-11,Avery Lin,Counsel,Received,252
2019-05-19,Avery Lin,Counsel,Received,100
2019-05-30,Avery Lin,Counsel,Sent,34
2019-05-16,Avery Lin,Counsel,Received,112
2019-05-13,Avery Lin,Counsel,Received,60
2019-05-05,Avery Lin,Counsel,Sent,121
2019-05-22,Avery Lin,Counsel,Received,201
2019-05-04,Avery Lin,Counsel,Received,106
2019-05-06,Avery Lin,Counsel,Sent,170
2019-05-04,Avery Lin,Counsel,Sent,36
2019-05-03,Avery Lin,Counsel,Sent,178
2019-05-13,Avery Lin,Counsel,Received,6
2019-06-24,Avery Lin,Counsel,Received,55
2019-06-30,Avery Lin,Counsel,Received,92
2019-06-27,Avery Lin,Counsel,Sent,83
2019-06-28,Avery Lin,Counsel,Sent,17
2019-06-26,Avery Lin,Counsel,Received,240
2019-06-10,Avery Lin,Counsel,Received,112
2019-06-11,Avery Lin,Counsel,Sent,38
2019-06-26,Avery Lin,Counsel,Received,238
2019-06-05,Avery Lin,Counsel,Received,170
2019-06-16,Avery Lin,Counsel,Sent,152
2019-06-09,Avery Lin,Counsel,Received,10
2019-06-24,Avery Lin,Counsel,Sent,123
2019-06-30,Avery Lin,Counsel,Sent,96
2019-06-15,Avery Lin,Counsel,Received,14
2019-06-24,Avery Lin,Counsel,Received,93
2019-06-17,Avery Lin,Counsel,Sent,13
2019-06-30,Avery Lin,Counsel,Sent,16
2019-06-22,Avery Lin,Counsel,Received,206
2019-06-20,Avery Lin,Counsel,Received,5
2019-06-29,Avery Lin,Counsel,Sent,92
2019-07-18,Avery Lin,Counsel,Sent,3
2019-07-27,Avery Lin,Counsel,Sent,101
2019-07-08,Avery Lin,Counsel,Received,117
2019-07-09,Avery Lin,Counsel,Sent,71
2019-07-07,Avery Lin,Counsel,Received,3
2019-07-14,Avery Lin,Counsel,Received,146
2019-07-26,Avery Lin,Counsel,Received,5
2019-07-13,Avery Lin,Counsel,Sent,78
2019-07-22,Avery Lin,Counsel,Sent,167
2019-07-29,Avery Lin,Counsel,Sent,126
2019-07-06,Avery Lin,Counsel,Sent,16
2019-07-18,Avery Lin,Counsel,Sent,515
2019-07-04,Avery Lin,Counsel,Received,58
2019-07-01,Avery Lin,Counsel,Sent,162
2019-07-22,Avery Lin,Counsel,Received,74
2019-07-12,Avery Lin,Counsel,Sent,66
2019-07-08,Avery Lin,Counsel,Sent,168
2019-07-03,Avery Lin,Counsel,Sent,8
2019-07-07,Avery Lin,Counsel,Received,51
2019-07-23,Avery Lin,Counsel,Received,235
2019-07-03,Avery Lin,Counsel,Sent,10
2019-07-07,Avery Lin,Counsel,Received,196
2019-07-10,Avery Lin,Counsel,Sent,4
2019-07-16,Avery Lin,Counsel,Sent,73
2019-07-01,Avery Lin,Counsel,Received,235
2019-07-14,Avery Lin,Counsel,Received,211
2019-07-09,Avery Lin,Counsel,Received,107
2019-07-23,Avery Lin,Counsel,Sent,3
2019-07-07,Avery Lin,Counsel,Received,164
2019-07-18,Avery Lin,Counsel,Received,3
2019-08-23,Avery Lin,Counsel,Sent,380
2019-08-03,Avery Lin,Counsel,Sent,271
2019-08-21,Avery Lin,Counsel,Received,18
2019-08-12,Avery Lin,Counsel,Sent,243
2019-08-31,Avery Lin,Counsel,Received,162
2019-08-05,Avery Lin,Counsel,Sent,38
2019-08-12,Avery Lin,Counsel,Received,48
2019-08-10,Avery Lin,Counsel,Received,281
2019-08-06,Avery Lin,Counsel,Received,49
2019-08-14,Avery Lin,Counsel,Sent,105
2019-08-05,Avery Lin,Counsel,Sent,35
2019-08-04,Avery Lin,Counsel,Received,100
2019-09-05,Avery Lin,Counsel,Received,113
2019-09-25,Avery Lin,Counsel,Received,108
2019-09-11,Avery Lin,Counsel,Sent,44
2019-09-02,Avery Lin,Counsel,Received,62
2019-09-27,Avery Lin,Counsel,Received,108
2019-09-05,Avery Lin,Counsel,Sent,49
2019-09-06,Avery Lin,Counsel,Sent,234
2019-09-20,Avery Lin,Counsel,Sent,22
2019-09-12,Avery Lin,Counsel,Sent,104
2019-09-26,Avery Lin,Counsel,Sent,159
2019-09-29,Avery Lin,Counsel,Received,205
2019-09-10,Avery Lin,Counsel,Sent,71
2019-09-09,Avery Lin,Counsel,Sent,8
2019-09-18,Avery Lin,Counsel,Received,97
2019-09-10,Avery Lin,Counsel,Sent,59
2019-09-07,Avery Lin,Counsel,Received,6
2019-09-09,Avery Lin,Counsel,Received,116
2019-09-25,Avery Lin,Counsel,Sent,58
2019-09-18,Avery Lin,Counsel,Sent,280
2019-09-09,Avery Lin,Counsel,Sent,15
2019-09-19,Avery Lin,Counsel,Received,39
2019-09-26,Avery Lin,Counsel,Received,64
2019-09-28,Avery Lin,Counsel,Received,171
2019-09-26,Avery Lin,Counsel,Received,66
2019-09-03,Avery Lin,Counsel,Received,146
2019-09-06,Avery Lin,Counsel,Sent,151
2019-09-21,Avery Lin,Counsel,Sent,67
2019-09-05,Avery Lin,Counsel,Received,9
2019-09-25,Avery Lin,Counsel,Received,101
2019-09-29,Avery Lin,Counsel,Received,31
2019-09-09,Avery Lin,Counsel,Received,57
2019-09-07,Avery Lin,Counsel,Sent,30
2019-09-21,Avery Lin,Counsel,Received,9
2019-09-09,Avery Lin,Counsel,Sent,144
2019-09-08,Avery Lin,Counsel,Sent,211
2019-10-16,Avery Lin,Counsel,Received,17
2019-10-10,Avery Lin,Counsel,Sent,172
2019-10-28,Avery Lin,Counsel,Received,218
2019-10-09,Avery Lin,Counsel,Sent,36
2019-10-21,Avery Lin,Counsel,Received,56
2019-10-03,Avery Lin,Counsel,Received,72
2019-10-17,Avery Lin,Counsel,Received,11
2019-10-03,Avery Lin,Counsel,Received,106
2019-10-20,Avery Lin,Counsel,Received,51
2019-10-09,Avery Lin,Counsel,Received,150
2019-10-03,Avery Lin,Counsel,Sent,117
2019-10-31,Avery Lin,Counsel,Sent,17
2019-10-22,Avery Lin,Counsel,Sent,132
2019-10-10,Avery Lin,Counsel,Received,92
2019-10-02,Avery Lin,Counsel,Sent,66
2019-10-27,Avery Lin,Counsel,Received,3
2019-10-30,Avery Lin,Counsel,Sent,55
2019-10-29,Avery Lin,Counsel,Sent,101
2019-10-23,Avery Lin,Counsel,Sent,22
2019-10-05,Avery Lin,Counsel,Sent,23
2019-10-09,Avery Lin,Counsel,Sent,50
2019-10-10,Avery Lin,Counsel,Received,43
2019-10-12,Avery Lin,Counsel,Received,224
2019-10-17,Avery Lin,Counsel,Sent,147
2019-10-27,Avery Lin,Counsel,Sent,119
2019-10-09,Avery Lin,Counsel,Sent,54
2019-10-25,Avery Lin,Counsel,Received,87
2019-10-30,Avery Lin,Counsel,Received,122
2019-11-06,Avery Lin,Counsel,Sent,4
2019-11-11,Avery Lin,Counsel,Received,208
2019-11-22,Avery Lin,Counsel,Received,211
2019-11-21,Avery Lin,Counsel,Received,72
2019-11-30,Avery Lin,Counsel,Sent,115
2019-11-06,Avery Lin,Counsel,Received,114
2019-11-30,Avery Lin,Counsel,Sent,7
2019-11-16,Avery Lin,Counsel,Sent,290
2019-11-28,Avery Lin,Counsel,Received,35
2019-11-11,Avery Lin,Counsel,Sent,317
2019-11-02,Avery Lin,Counsel,Received,39
2019-11-20,Avery Lin,Counsel,Sent,23
2019-11-02,Avery Lin,Counsel,Sent,16
2019-11-13,Avery Lin,Counsel,Sent,117
2019-11-08,Avery Lin,Counsel,Received,301
2019-11-21,Avery Lin,Counsel,Received,40
2019-11-20,Avery Lin,Counsel,Received,19
2019-11-26,Avery Lin,Counsel,Sent,40
2019-11-20,Avery Lin,Counsel,Sent,477
2019-11-09,Avery Lin,Counsel,Sent,259
2019-11-27,Avery Lin,Counsel,Sent,360
2019-11-12,Avery Lin,Counsel,Received,125
2019-11-30,Avery Lin,Counsel,Received,283
2019-11-05,Avery Lin,Counsel,Received,330
2019-11-01,Avery Lin,Counsel,Received,131
2019-11-09,Avery Lin,Counsel,Received,156
2019-11-09,Avery Lin,Counsel,Sent,55
2019-11-05,Avery Lin,Counsel,Received,42
2019-11-17,Avery Lin,Counsel,Received,313
2019-11-13,Avery Lin,Counsel,Sent,33
2019-11-10,Avery Lin,Counsel,Received,44
2019-11-16,Avery Lin,Counsel,Received,10
2019-11-27,Avery Lin,Counsel,Sent,120
2019-11-20,Avery Lin,Counsel,Received,6
2019-11-27,Avery Lin,Counsel,Received,38
2019-11-19,Avery Lin,Counsel,Received,175
2019-11-19,Avery Lin,Counsel,Received,172
2019-11-24,Avery Lin,Counsel,Received,32
2019-11-30,Avery Lin,Counsel,Received,251
2019-11-12,Avery Lin,Counsel,Sent,261
2019-11-24,Avery Lin,Counsel,Received,266
2019-12-01,Avery Lin,Counsel,Received,16
2019-12-14,Avery Lin,Counsel,Sent,136
2019-12-17,Avery Lin,Counsel,Sent,416
2019-12-07,Avery Lin,Counsel,Received,120
2019-12-14,Avery Lin,Counsel,Received,33
2019-12-01,Avery Lin,Counsel,Sent,74
2019-12-06,Avery Lin,Counsel,Sent,468
2019-12-06,Avery Lin,Counsel,Received,64
2019-12-17,Avery Lin,Counsel,Received,49
2019-12-06,Avery Lin,Counsel,Received,218
2019-12-07,Avery Lin,Counsel,Sent,25
2019-12-04,Avery Lin,Counsel,Received,69
2019-12-06,Avery Lin,Counsel,Sent,7
2019-12-22,Avery Lin,Counsel,Received,77
2019-12-10,Avery Lin,Counsel,Received,22
2019-12-12,Avery Lin,Counsel,Received,265
2019-12-03,Avery Lin,Counsel,Sent,199
2019-12-11,Avery Lin,Counsel,Sent,51
2019-12-08,Avery Lin,Counsel,Received,176
2019-12-19,Avery Lin,Counsel,Received,456
2019-12-05,Avery Lin,Counsel,Received,148
2019-12-27,Avery Lin,Counsel,Received,16
2019-12-04,Avery Lin,Counsel,Sent,125
2019-12-14,Avery Lin,Counsel,Sent,22
2019-12-08,Avery Lin,Counsel,Sent,206
2019-12-16,Avery Lin,Counsel,Sent,195
2019-12-11,Avery Lin,Counsel,Received,6
2019-12-04,Avery Lin,Counsel,Received,31
2020-01-30,Avery Lin,Counsel,Received,99
2020-01-25,Avery Lin,Counsel,Received,57
2020-01-25,Avery Lin,Counsel,Sent,3
2020-01-24,Avery Lin,Counsel,Sent,61
2020-01-16,Avery Lin,Counsel,Received,50
2020-01-18,Avery Lin,Counsel,Received,47
2020-01-12,Avery Lin,Counsel,Received,421
2020-01-03,Avery Lin,Counsel,Sent,144
2020-01-06,Avery Lin,Counsel,Received,186
2020-01-18,Avery Lin,Counsel,Received,94
2020-01-11,Avery Lin,Counsel,Received,174
2020-01-30,Avery Lin,Counsel,Sent,138
2020-01-29,Avery Lin,Counsel,Received,135
2020-01-24,Avery Lin,Counsel,Sent,5
2020-01-15,Avery Lin,Counsel,Received,5
2020-01-28,Avery Lin,Counsel,Received,103
2020-01-06,Avery Lin,Counsel,Received,61
2020-01-06,Avery Lin,Counsel,Sent,31
2020-01-10,Avery Lin,Counsel,Sent,45
2020-01-07,Avery Lin,Counsel,Received,23
2020-01-01,Avery Lin,Counsel,Received,157
2020-01-09,Avery Lin,Counsel,Received,4
2020-01-05,Avery Lin,Counsel,Received,231
2020-01-30,Avery Lin,Counsel,Sent,11
2020-02-07,Avery Lin,Counsel,Sent,96
2020-02-20,Avery Lin,Counsel,Sent,56
2020-02-04,Avery Lin,Counsel,Sent,51
2020-02-22,Avery Lin,Counsel,Sent,15
2020-02-05,Avery Lin,Counsel,Sent,190
2020-02-13,Avery Lin,Counsel,Received,121
2020-02-11,Avery Lin,Counsel,Received,190
2020-02-27,Avery Lin,Counsel,Received,495
2020-02-07,Avery Lin,Counsel,Sent,122
2020-02-17,Avery Lin,Counsel,Received,23
2020-02-05,Avery Lin,Counsel,Received,177
2020-02-22,Avery Lin,Counsel,Received,136
2020-02-26,Avery Lin,Counsel,Received,72
2020-02-15,Avery Lin,Counsel,Received,62
2020-02-02,Avery Lin,Counsel,Sent,74
2020-02-16,Avery Lin,Counsel,Sent,265
2020-02-06,Avery Lin,Counsel,Sent,302
2020-02-26,Avery Lin,Counsel,Received,65
2020-02-21,Avery Lin,Counsel,Received,263
2020-02-11,Avery Lin,Counsel,Received,14
2020-02-18,Avery Lin,Counsel,Sent,284
2020-02-20,Avery Lin,Counsel,Received,69
2020-02-09,Avery Lin,Counsel,Received,55
2020-02-29,Avery Lin,Counsel,Sent,19
2020-02-29,Avery Lin,Counsel,Received,69
2020-03-30,Avery Lin,Counsel,Received,33
2020-03-04,Avery Lin,Counsel,Received,55
2020-03-13,Avery Lin,Counsel,Sent,65
2020-03-28,Avery Lin,Counsel,Received,25
2020-03-20,Avery Lin,Counsel,Received,144
2020-03-02,Avery Lin,Counsel,Received,106
2020-03-26,Avery Lin,Counsel,Received,65
2020-03-26,Avery Lin,Counsel,Received,113
2020-03-15,Avery Lin,Counsel,Received,204
2020-03-05,Avery Lin,Counsel,Received,114
2020-03-28,Avery Lin,Counsel,Received,115
2020-03-14,Avery Lin,Counsel,Received,168
2020-03-15,Avery Lin,Counsel,Received,35
2020-03-20,Avery Lin,Counsel,Sent,26
2020-03-17,Avery Lin,Counsel,Received,165
2020-03-06,Avery Lin,Counsel,Received,74
2020-03-29,Avery Lin,Counsel,Received,9
2020-03-14,Avery Lin,Counsel,Received,87
2020-03-02,Avery Lin,Counsel,Received,42
2020-03-11,Avery Lin,Counsel,Received,34
2020-04-28,Avery Lin,Counsel,Sent,73
2020-04-09,Avery Lin,Counsel,Received,97
2020-04-20,Avery Lin,Counsel,Received,3
2020-04-11,Avery Lin,Counsel,Sent,183
2020-04-17,Avery Lin,Counsel,Received,33
2020-04-11,Avery Lin,Counsel,Sent,11
2020-04-29,Avery Lin,Counsel,Received,96
2020-04-21,Avery Lin,Counsel,Sent,52
2020-04-09,Avery Lin,Counsel,Sent,223
2020-04-07,Avery Lin,Counsel,Received,153
2020-04-09,Avery Lin,Counsel,Received,47
2020-04-09,Avery Lin,Counsel,Sent,205
2020-04-04,Avery Lin,Counsel,Received,3
2020-04-18,Avery Lin,Counsel,Sent,28
2020-04-15,Avery Lin,Counsel,Sent,367
2020-04-05,Avery Lin,Counsel,Received,65
2020-04-01,Avery Lin,Counsel,Sent,209
2020-04-30,Avery Lin,Counsel,Received,25
2020-04-14,Avery Lin,Counsel,Received,13
2020-04-15,Avery Lin,Counsel,Sent,351
2020-04-21,Avery Lin,Counsel,Received,50
2020-04-30,Avery Lin,Counsel,Received,131
2020-04-21,Avery Lin,Counsel,Received,143
2020-04-27,Avery Lin,Counsel,Sent,71
2020-04-30,Avery Lin,Counsel,Received,31
2020-04-07,Avery Lin,Counsel,Sent,82
2020-04-02,Avery Lin,Counsel,Received,4
2020-04-14,Avery Lin,Counsel,Received,125
2020-04-29,Avery Lin,Counsel,Received,75
2020-04-19,Avery Lin,Counsel,Received,32
2020-04-22,Avery Lin,Counsel,Sent,143
2020-05-07,Avery Lin,Counsel,Sent,218
2020-05-15,Avery Lin,Counsel,Received,265
2020-05-30,Avery Lin,Counsel,Received,14
2020-05-07,Avery Lin,Counsel,Sent,149
2020-05-12,Avery Lin,Counsel,Sent,48
2020-05-06,Avery Lin,Counsel,Received,271
2020-05-12,Avery Lin,Counsel,Received,21
2020-05-13,Avery Lin,Counsel,Sent,269
2020-05-06,Avery Lin,Counsel,Received,191
2020-05-05,Avery Lin,Counsel,Sent,500
2020-05-31,Avery Lin,Counsel,Sent,305
2020-05-24,Avery Lin,Counsel,Sent,46
2020-05-18,Avery Lin,Counsel,Received,187
2020-05-25,Avery Lin,Counsel,Sent,201
2020-05-15,Avery Lin,Counsel,Sent,48
2020-05-29,Avery Lin,Counsel,Sent,11
2020-05-12,Avery Lin,Counsel,Received,140
2020-05-30,Avery Lin,Counsel,Sent,9
2020-05-13,Avery Lin,Counsel,Received,299
2020-05-04,Avery Lin,Counsel,Sent,76
2020-05-23,Avery Lin,Counsel,Sent,47
2020-05-09,Avery Lin,Counsel,Received,431
2020-05-27,Avery Lin,Counsel,Received,248
2020-05-21,Avery Lin,Counsel,Received,67
2020-05-19,Avery Lin,Counsel,Received,119
2020-05-23,Avery Lin,Counsel,Received,25
2020-05-21,Avery Lin,Counsel,Received,3
2020-05-10,Avery Lin,Counsel,Received,90
2020-05-01,Avery Lin,Counsel,Sent,75
2020-05-25,Avery Lin,Counsel,Received,8
2020-05-13,Avery Lin,Counsel,Sent,69
2020-05-09,Avery Lin,Counsel,Sent,8
2020-05-29,Avery Lin,Counsel,Sent,41
2020-05-11,Avery Lin,Counsel,Received,151
2020-05-07,Avery Lin,Counsel,Sent,236
2020-05-17,Avery Lin,Counsel,Received,22
2020-05-18,Avery Lin,Counsel,Sent,23
2020-05-30,Avery Lin,Counsel,Received,87
2020-05-17,Avery Lin,Counsel,Received,122
2020-05-04,Avery Lin,Counsel,Received,105
2020-05-07,Avery Lin,Counsel,Sent,84
2020-05-06,Avery Lin,Counsel,Sent,446
2020-05-07,Avery Lin,Counsel,Received,42
2020-05-03,Avery Lin,Counsel,Sent,20
2020-05-02,Avery Lin,Counsel,Received,17
2020-05-18,Avery Lin,Counsel,Received,53
2020-05-20,Avery Lin,Counsel,Received,304
2020-05-31,Avery Lin,Counsel,Received,78
2020-05-06,Avery Lin,Counsel,Sent,11
2020-06-10,Avery Lin,Counsel,Sent,9
2020-06-02,Avery Lin,Counsel,Sent,54
2020-06-17,Avery Lin,Counsel,Sent,77
2020-06-10,Avery Lin,Counsel,Received,51
2020-06-19,Avery Lin,Counsel,Sent,26
2020-06-21,Avery Lin,Counsel,Received,233
2020-06-17,Avery Lin,Counsel,Received,63
2020-06-02,Avery Lin,Counsel,Received,358
2020-06-21,Avery Lin,Counsel,Sent,50
2020-06-14,Avery Lin,Counsel,Sent,36
2020-06-30,Avery Lin,Counsel,Sent,308
2020-06-30,Avery Lin,Counsel,Sent,954
2020-06-20,Avery Lin,Counsel,Sent,4
2020-06-18,Avery Lin,Counsel,Received,222
2020-06-13,Avery Lin,Counsel,Sent,69
2020-06-30,Avery Lin,Counsel,Received,143
2020-06-27,Avery Lin,Counsel,Sent,206
2020-06-24,Avery Lin,Counsel,Received,225
2020-06-03,Avery Lin,Counsel,Received,118
2020-06-13,Avery Lin,Counsel,Received,18
2020-06-24,Avery Lin,Counsel,Sent,114
2020-06-16,Avery Lin,Counsel,Received,63
2020-06-29,Avery Lin,Counsel,Sent,151
2020-06-18,Avery Lin,Counsel,Sent,163
2020-07-19,Avery Lin,Counsel,Sent,137
2020-07-05,Avery Lin,Counsel,Sent,118
2020-07-05,Avery Lin,Counsel,Received,80
2020-07-09,Avery Lin,Counsel,Sent,149
2020-07-21,Avery Lin,Counsel,Received,83
2020-07-27,Avery Lin,Counsel,Sent,34
2020-07-21,Avery Lin,Counsel,Received,47
2020-07-21,Avery Lin,Counsel,Received,64
2020-07-30,Avery Lin,Counsel,Sent,52
2020-07-11,Avery Lin,Counsel,Received,97
2020-07-07,Avery Lin,Counsel,Sent,105
2020-07-31,Avery Lin,Counsel,Received,146
2020-07-06,Avery Lin,Counsel,Received,151
2020-07-29,Avery Lin,Counsel,Sent,85
2020-07-15,Avery Lin,Counsel,Received,120
2020-07-16,Avery Lin,Counsel,Sent,30
2020-07-20,Avery Lin,Counsel,Sent,91
2020-07-27,Avery Lin,Counsel,Received,188
2020-07-11,Avery Lin,Counsel,Received,271
2020-07-01,Avery Lin,Counsel,Received,32
2020-07-16,Avery Lin,Counsel,Sent,30
2020-07-25,Avery Lin,Counsel,Sent,277
2020-07-26,Avery Lin,Counsel,Sent,122
2020-07-12,Avery Lin,Counsel,Sent,11
2020-07-01,Avery Lin,Counsel,Sent,364
2020-07-26,Avery Lin,Counsel,Received,104
2020-07-03,Avery Lin,Counsel,Sent,159
2020-07-26,Avery Lin,Counsel,Received,324
2020-07-28,Avery Lin,Counsel,Sent,182
2020-07-16,Avery Lin,Counsel,Sent,164
2020-07-07,Avery Lin,Counsel,Sent,110
2020-07-05,Avery Lin,Counsel,Sent,108
2020-07-28,Avery Lin,Counsel,Received,14
2020-07-21,Avery Lin,Counsel,Sent,8
2020-07-03,Avery Lin,Counsel,Sent,79
2020-07-11,Avery Lin,Counsel,Sent,3
2020-07-30,Avery Lin,Counsel,Sent,56
2020-07-16,Avery Lin,Counsel,Sent,81
2020-07-09,Avery Lin,Counsel,Sent,15
2020-07-09,Avery Lin,Counsel,Received,22
2020-07-25,Avery Lin,Counsel,Received,609
2020-07-31,Avery Lin,Counsel,Received,26
2020-07-14,Avery Lin,Counsel,Received,143
2020-07-12,Avery Lin,Counsel,Received,364
2020-07-23,Avery Lin,Counsel,Received,238
2020-07-31,Avery Lin,Counsel,Sent,193
2020-07-06,Avery Lin,Counsel,Received,104
2020-07-22,Avery Lin,Counsel,Sent,179
2020-07-30,Avery Lin,Counsel,Received,62
2020-07-10,Avery Lin,Counsel,Received,8
2020-07-27,Avery Lin,Counsel,Received,29
2020-07-05,Avery Lin,Counsel,Received,462
2020-07-24,Avery Lin,Counsel,Received,62
2020-07-21,Avery Lin,Counsel,Sent,39
2020-08-31,Avery Lin,Counsel,Sent,20
2020-08-06,Avery Lin,Counsel,Sent,315
2020-08-15,Avery Lin,Counsel,Sent,36
2020-08-31,Avery Lin,Counsel,Received,163
2020-08-05,Avery Lin,Counsel,Sent,27
2020-08-28,Avery Lin,Counsel,Received,253
2020-08-14,Avery Lin,Counsel,Received,191
2020-08-05,Avery Lin,Counsel,Received,67
2020-08-19,Avery Lin,Counsel,Received,5
2020-08-19,Avery Lin,Counsel,Received,33
2020-08-13,Avery Lin,Counsel,Sent,43
2020-08-02,Avery Lin,Counsel,Sent,11
2020-08-18,Avery Lin,Counsel,Received,200
2020-08-20,Avery Lin,Counsel,Sent,43
2020-08-17,Avery Lin,Counsel,Received,15
2020-08-02,Avery Lin,Counsel,Sent,170
2020-08-24,Avery Lin,Counsel,Sent,578
2020-08-26,Avery Lin,Counsel,Received,59
2020-08-28,Avery Lin,Counsel,Received,29
2020-08-24,Avery Lin,Counsel,Received,168
2020-08-17,Avery Lin,Counsel,Sent,359
2020-08-31,Avery Lin,Counsel,Sent,40
2020-08-28,Avery Lin,Counsel,Received,95
2020-08-31,Avery Lin,Counsel,Sent,101
2020-08-28,Avery Lin,Counsel,Received,11
2020-08-25,Avery Lin,Counsel,Sent,25
2020-08-13,Avery Lin,Counsel,Received,18
2020-08-28,Avery Lin,Counsel,Received,128
2020-08-29,Avery Lin,Counsel,Received,12
2020-08-10,Avery Lin,Counsel,Received,43
2020-08-25,Avery Lin,Counsel,Sent,71
2020-08-22,Avery Lin,Counsel,Sent,22
2020-08-13,Avery Lin,Counsel,Sent,75
2020-08-16,Avery Lin,Counsel,Sent,10
2020-08-10,Avery Lin,Counsel,Sent,293
2020-08-23,Avery Lin,Counsel,Sent,114
2020-08-24,Avery Lin,Counsel,Received,144
2020-08-12,Avery Lin,Counsel,Received,307
2020-08-27,Avery Lin,Counsel,Received,23
2020-08-15,Avery Lin,Counsel,Received,260
2020-08-28,Avery Lin,Counsel,Received,42
2020-08-01,Avery Lin,Counsel,Sent,16
2020-08-22,Avery Lin,Counsel,Sent,171
2020-08-07,Avery Lin,Counsel,Received,99
2020-08-17,Avery Lin,Counsel,Received,50
2020-09-16,Avery Lin,Counsel,Sent,188
2020-09-14,Avery Lin,Counsel,Received,116
2020-09-18,Avery Lin,Counsel,Sent,240
2020-09-21,Avery Lin,Counsel,Sent,71
2020-09-28,Avery Lin,Counsel,Received,39
2020-09-20,Avery Lin,Counsel,Sent,351
2020-09-19,Avery Lin,Counsel,Sent,128
2020-09-25,Avery Lin,Counsel,Received,115
2020-09-23,Avery Lin,Counsel,Received,182
2020-09-28,Avery Lin,Counsel,Sent,57
2020-09-01,Avery Lin,Counsel,Sent,118
2020-09-24,Avery Lin,Counsel,Received,154
2020-09-28,Avery Lin,Counsel,Sent,107
2020-09-02,Avery Lin,Counsel,Sent,79
2020-09-15,Avery Lin,Counsel,Sent,564
2020-09-06,Avery Lin,Counsel,Sent,38
2020-09-26,Avery Lin,Counsel,Sent,63
2020-09-27,Avery Lin,Counsel,Sent,104
2020-09-05,Avery Lin,Counsel,Received,3
2020-09-01,Avery Lin,Counsel,Received,32
2020-09-02,Avery Lin,Counsel,Received,25
2020-09-02,Avery Lin,Counsel,Sent,3
2020-09-21,Avery Lin,Counsel,Received,457
2020-09-12,Avery Lin,Counsel,Sent,104
2020-09-23,Avery Lin,Counsel,Received,121
2020-09-13,Avery Lin,Counsel,Sent,9
2020-09-30,Avery Lin,Counsel,Received,23
2020-09-12,Avery Lin,Counsel,Sent,3
2020-09-17,Avery Lin,Counsel,Received,36
2020-10-09,Avery Lin,Counsel,Sent,24
2020-10-12,Avery Lin,Counsel,Sent,24
2020-10-04,Avery Lin,Counsel,Sent,178
2020-10-18,Avery Lin,Counsel,Received,75
2020-10-19,Avery Lin,Counsel,Received,54
2020-10-19,Avery Lin,Counsel,Received,112
2020-10-03,Avery Lin,Counsel,Received,106
2020-10-21,Avery Lin,Counsel,Received,44
2020-10-02,Avery Lin,Counsel,Received,11
2020-10-23,Avery Lin,Counsel,Sent,51
2020-10-03,Avery Lin,Counsel,Sent,54
2020-10-06,Avery Lin,Counsel,Sent,85
2020-10-10,Avery Lin,Counsel,Sent,52
2020-10-06,Avery Lin,Counsel,Sent,145
2020-10-28,Avery Lin,Counsel,Sent,96
2020-10-16,Avery Lin,Counsel,Sent,67
2020-10-28,Avery Lin,Counsel,Received,323
2020-10-01,Avery Lin,Counsel,Received,26
2020-10-26,Avery Lin,Counsel,Sent,17
2020-10-29,Avery Lin,Counsel,Received,56
2020-10-27,Avery Lin,Counsel,Sent,154
2020-10-04,Avery Lin,Counsel,Received,30
2020-10-23,Avery Lin,Counsel,Received,173
2020-10-21,Avery Lin,Counsel,Received,307
2020-10-30,Avery Lin,Counsel,Received,418
2020-10-05,Avery Lin,Counsel,Sent,72
2020-10-09,Avery Lin,Counsel,Received,192
2020-10-04,Avery Lin,Counsel,Received,124
2020-10-17,Avery Lin,Counsel,Received,13
2020-10-04,Avery Lin,Counsel,Sent,253
2020-10-02,Avery Lin,Counsel,Sent,364
2020-10-02,Avery Lin,Counsel,Received,295
2020-10-06,Avery Lin,Counsel,Received,118
2020-10-12,Avery Lin,Counsel,Sent,184
2020-10-07,Avery Lin,Counsel,Received,68
2020-10-29,Avery Lin,Counsel,Sent,63
2020-10-14,Avery Lin,Counsel,Received,50
2020-10-19,Avery Lin,Counsel,Sent,44
2020-10-28,Avery Lin,Counsel,Received,213
2020-10-05,Avery Lin,Counsel,Received,119
2020-10-13,Avery Lin,Counsel,Sent,180
2020-10-15,Avery Lin,Counsel,Sent,8
2020-10-22,Avery Lin,Counsel,Received,35
2020-10-30,Avery Lin,Counsel,Received,26
2020-10-12,Avery Lin,Counsel,Sent,73
2020-10-31,Avery Lin,Counsel,Sent,34
2020-10-21,Avery Lin,Counsel,Received,57
2020-10-06,Avery Lin,Counsel,Sent,93
2020-10-14,Avery Lin,Counsel,Sent,48
2020-10-30,Avery Lin,Counsel,Received,56
2020-10-26,Avery Lin,Counsel,Received,40
2020-10-21,Avery Lin,Counsel,Received,249
2020-11-01,Avery Lin,Counsel,Sent,168
2020-11-18,Avery Lin,Counsel,Sent,21
2020-11-27,Avery Lin,Counsel,Received,3
2020-11-13,Avery Lin,Counsel,Received,5
2020-11-27,Avery Lin,Counsel,Sent,3
2020-11-27,Avery Lin,Counsel,Sent,9
2020-11-25,Avery Lin,Counsel,Sent,127
2020-11-22,Avery Lin,Counsel,Sent,17
2020-11-02,Avery Lin,Counsel,Received,74
2020-11-30,Avery Lin,Counsel,Received,144
2020-11-23,Avery Lin,Counsel,Sent,293
2020-11-11,Avery Lin,Counsel,Sent,201
2020-11-20,Avery Lin,Counsel,Sent,23
2020-11-04,Avery Lin,Counsel,Sent,219
2020-11-19,Avery Lin,Counsel,Received,132
2020-11-13,Avery Lin,Counsel,Sent,70
2020-11-12,Avery Lin,Counsel,Sent,14
2020-11-22,Avery Lin,Counsel,Received,229
2020-11-18,Avery Lin,Counsel,Received,16
2020-11-13,Avery Lin,Counsel,Sent,131
2020-11-13,Avery Lin,Counsel,Sent,31
2020-12-01,Avery Lin,Counsel,Sent,274
2020-12-27,Avery Lin,Counsel,Received,181
2020-12-30,Avery Lin,Counsel,Received,343
2020-12-11,Avery Lin,Counsel,Sent,104
2020-12-20,Avery Lin,Counsel,Received,342
2020-12-16,Avery Lin,Counsel,Sent,173
2020-12-07,Avery Lin,Counsel,Received,105
2020-12-09,Avery Lin,Counsel,Sent,41
2020-12-28,Avery Lin,Counsel,Received,217
2020-12-13,Avery Lin,Counsel,Received,3
2020-12-10,Avery Lin,Counsel,Received,114
2020-12-26,Avery Lin,Counsel,Sent,41
2020-12-03,Avery Lin,Counsel,Received,44
2020-12-22,Avery Lin,Counsel,Received,75
2020-12-11,Avery Lin,Counsel,Sent,143
2020-12-30,Avery Lin,Counsel,Sent,39
2020-12-02,Avery Lin,Counsel,Received,102
2020-12-03,Avery Lin,Counsel,Sent,29
2020-12-16,Avery Lin,Counsel,Sent,127
2020-12-05,Avery Lin,Counsel,Sent,12
2020-12-18,Avery Lin,Counsel,Received,167
2020-12-29,Avery Lin,Counsel,Received,26
2020-12-09,Avery Lin,Counsel,Sent,68
2020-12-03,Avery Lin,Counsel,Received,96
2020-12-16,Avery Lin,Counsel,Sent,144
2020-12-11,Avery Lin,Counsel,Received,46
2020-12-22,Avery Lin,Counsel,Sent,305
2020-12-22,Avery Lin,Counsel,Sent,22
2020-12-27,Avery Lin,Counsel,Received,223
2020-12-20,Avery Lin,Counsel,Sent,69
2020-12-21,Avery Lin,Counsel,Received,129
2020-12-18,Avery Lin,Counsel,Received,27
2020-12-16,Avery Lin,Counsel,Received,498
2020-12-07,Avery Lin,Counsel,Sent,9
2020-12-06,Avery Lin,Counsel,Sent,153
2020-12-24,Avery Lin,Counsel,Received,125
2020-12-01,Avery Lin,Counsel,Received,148
2021-01-12,Avery Lin,Counsel,Received,3
2021-01-24,Avery Lin,Counsel,Sent,263
2021-01-02,Avery Lin,Counsel,Sent,86
2021-01-17,Avery Lin,Counsel,Received,24
2021-01-09,Avery Lin,Counsel,Received,16
2021-01-28,Avery Lin,Counsel,Sent,45
2021-01-18,Avery Lin,Counsel,Sent,157
2021-01-19,Avery Lin,Counsel,Received,13
2021-01-24,Avery Lin,Counsel,Sent,386
2021-01-25,Avery Lin,Counsel,Received,130
2021-01-14,Avery Lin,Counsel,Received,98
2021-01-09,Avery Lin,Counsel,Sent,206
2021-01-06,Avery Lin,Counsel,Sent,41
2021-01-12,Avery Lin,Counsel,Received,122
2021-01-03,Avery Lin,Counsel,Sent,49
2021-01-09,Avery Lin,Counsel,Received,379
2021-01-08,Avery Lin,Counsel,Sent,41
2021-01-02,Avery Lin,Counsel,Sent,149
2021-01-31,Avery Lin,Counsel,Received,224
2021-01-27,Avery Lin,Counsel,Received,118
2021-01-19,Avery Lin,Counsel,Sent,88
2021-01-20,Avery Lin,Counsel,Sent,406
2021-01-13,Avery Lin,Counsel,Received,44
2021-01-07,Avery Lin,Counsel,Received,45
2021-01-18,Avery Lin,Counsel,Sent,8
2021-01-25,Avery Lin,Counsel,Sent,7
2021-01-17,Avery Lin,Counsel,Received,100
2021-01-11,Avery Lin,Counsel,Sent,8
2021-01-30,Avery Lin,Counsel,Sent,72
2021-01-17,Avery Lin,Counsel,Received,57
2021-01-26,Avery Lin,Counsel,Sent,77
2021-01-26,Avery Lin,Counsel,Received,61
2021-01-30,Avery Lin,Counsel,Received,385
2021-01-01,Avery Lin,Counsel,Received,20
2021-02-21,Avery Lin,Counsel,Received,9
2021-02-25,Avery Lin,Counsel,Sent,176
2021-02-13,Avery Lin,Counsel,Sent,91
2021-02-26,Avery Lin,Counsel,Received,24
2021-02-09,Avery Lin,Counsel,Sent,7
2021-02-24,Avery Lin,Counsel,Sent,4
2021-02-12,Avery Lin,Counsel,Sent,64
2021-02-03,Avery Lin,Counsel,Received,127
2021-02-16,Avery Lin,Counsel,Received,161
2021-02-15,Avery Lin,Counsel,Received,10
2021-02-11,Avery Lin,Counsel,Sent,148
2021-02-08,Avery Lin,Counsel,Received,307
2021-02-02,Avery Lin,Counsel,Sent,147
2021-02-05,Avery Lin,Counsel,Sent,130
2021-02-05,Avery Lin,Counsel,Sent,130
2021-02-28,Avery Lin,Counsel,Sent,183
2021-02-10,Avery Lin,Counsel,Received,18
2021-02-01,Avery Lin,Counsel,Sent,19
2021-02-27,Avery Lin,Counsel,Received,108
2021-02-24,Avery Lin,Counsel,Received,205
2021-02-26,Avery Lin,Counsel,Sent,71
2021-02-17,Avery Lin,Counsel,Sent,68
2021-02-15,Avery Lin,Counsel,Sent,95
2021-02-02,Avery Lin,Counsel,Sent,16
2021-02-03,Avery Lin,Counsel,Sent,103
2021-02-08,Avery Lin,Counsel,Received,167
2021-02-11,Avery Lin,Counsel,Sent,7
2021-02-09,Avery Lin,Counsel,Received,170
2021-02-21,Avery Lin,Counsel,Received,79
2021-02-03,Avery Lin,Counsel,Received,423
2021-02-02,Avery Lin,Counsel,Received,171
2021-02-25,Avery Lin,Counsel,Sent,359
2021-02-08,Avery Lin,Counsel,Received,216
2021-02-14,Avery Lin,Counsel,Received,123
2021-02-24,Avery Lin,Counsel,Sent,171
2021-02-28,Avery Lin,Counsel,Received,343
2021-02-07,Avery Lin,Counsel,Sent,395
2021-02-16,Avery Lin,Counsel,Received,38
2021-02-01,Avery Lin,Counsel,Received,6
2021-02-23,Avery Lin,Counsel,Received,172
2021-02-27,Avery Lin,Counsel,Sent,99
2021-02-07,Avery Lin,Counsel,Received,228
2021-02-14,Avery Lin,Counsel,Received,480
2021-02-13,Avery Lin,Counsel,Sent,315
2021-03-27,Avery Lin,Counsel,Received,124
2021-03-03,Avery Lin,Counsel,Sent,202
2021-03-02,Avery Lin,Counsel,Received,599
2021-03-21,Avery Lin,Counsel,Sent,29
2021-03-04,Avery Lin,Counsel,Sent,62
2021-03-30,Avery Lin,Counsel,Received,73
2021-03-12,Avery Lin,Counsel,Received,317
2021-03-29,Avery Lin,Counsel,Sent,25
2021-03-21,Avery Lin,Counsel,Sent,52
2021-03-13,Avery Lin,Counsel,Sent,154
2021-03-07,Avery Lin,Counsel,Sent,24
2021-03-09,Avery Lin,Counsel,Received,126
2021-03-12,Avery Lin,Counsel,Received,21
2021-03-17,Avery Lin,Counsel,Received,257
2021-03-16,Avery Lin,Counsel,Received,21
2021-03-16,Avery Lin,Counsel,Received,135
2021-03-10,Avery Lin,Counsel,Sent,34
2021-03-10,Avery Lin,Counsel,Sent,72
2021-03-29,Avery Lin,Counsel,Received,308
2021-03-07,Avery Lin,Counsel,Sent,81
2021-03-19,Avery Lin,Counsel,Received,221
2021-03-18,Avery Lin,Counsel,Received,32
2021-03-21,Avery Lin,Counsel,Received,193
2021-03-06,Avery Lin,Counsel,Sent,39
2021-03-13,Avery Lin,Counsel,Received,362
2021-03-12,Avery Lin,Counsel,Sent,163
2021-03-09,Avery Lin,Counsel,Received,30
2021-03-19,Avery Lin,Counsel,Received,163
2021-03-04,Avery Lin,Counsel,Received,291
2021-03-01,Avery Lin,Counsel,Received,124
2021-03-15,Avery Lin,Counsel,Sent,15
2021-03-14,Avery Lin,Counsel,Sent,3
2021-03-24,Avery Lin,Counsel,Sent,15
2021-03-21,Avery Lin,Counsel,Received,54
2021-03-07,Avery Lin,Counsel,Received,512
2021-03-01,Avery Lin,Counsel,Received,148
2021-03-09,Avery Lin,Counsel,Received,106
2021-03-18,Avery Lin,Counsel,Sent,31
2021-03-10,Avery Lin,Counsel,Received,58
2021-03-24,Avery Lin,Counsel,Received,23
2021-03-13,Avery Lin,Counsel,Received,180
2021-03-12,Avery Lin,Counsel,Received,555
2021-03-23,Avery Lin,Counsel,Sent,42
2021-03-11,Avery Lin,Counsel,Received,282
2021-03-10,Avery Lin,Counsel,Received,173
2021-03-21,Avery Lin,Counsel,Sent,194
2021-03-09,Avery Lin,Counsel,Sent,30
2021-03-16,Avery Lin,Counsel,Received,86
2021-03-27,Avery Lin,Counsel,Sent,21
2021-03-17,Avery Lin,Counsel,Sent,4
2021-04-07,Avery Lin,Counsel,Sent,103
2021-04-03,Avery Lin,Counsel,Received,5
2021-04-20,Avery Lin,Counsel,Sent,168
2021-04-24,Avery Lin,Counsel,Received,137
2021-04-23,Avery Lin,Counsel,Received,393
2021-04-19,Avery Lin,Counsel,Sent,162
2021-04-17,Avery Lin,Counsel,Received,165
2021-04-08,Avery Lin,Counsel,Sent,18
2021-04-01,Avery Lin,Counsel,Received,144
2021-04-14,Avery Lin,Counsel,Received,37
2021-04-13,Avery Lin,Counsel,Received,197
2021-04-25,Avery Lin,Counsel,Sent,11
2021-04-28,Avery Lin,Counsel,Sent,95
2021-04-27,Avery Lin,Counsel,Received,143
2021-04-29,Avery Lin,Counsel,Sent,30
2021-04-29,Avery Lin,Counsel,Sent,189
2021-04-27,Avery Lin,Counsel,Received,27
2021-04-24,Avery Lin,Counsel,Received,308
2021-04-30,Avery Lin,Counsel,Sent,108
2021-04-29,Avery Lin,Counsel,Received,37
2021-04-11,Avery Lin,Counsel,Received,34
2021-04-13,Avery Lin,Counsel,Received,46
2021-04-10,Avery Lin,Counsel,Sent,248
2021-04-30,Avery Lin,Counsel,Received,3
2021-04-29,Avery Lin,Counsel,Received,66
2021-04-16,Avery Lin,Counsel,Sent,165
2021-04-25,Avery Lin,Counsel,Received,358
2021-04-15,Avery Lin,Counsel,Received,23
2021-04-26,Avery Lin,Counsel,Received,79
2021-04-26,Avery Lin,Counsel,Sent,189
2021-04-14,Avery Lin,Counsel,Sent,46
2021-05-18,Avery Lin,Counsel,Received,3
2021-05-20,Avery Lin,Counsel,Sent,54
2021-05-25,Avery Lin,Counsel,Received,17
2021-05-30,Avery Lin,Counsel,Sent,11
2021-05-16,Avery Lin,Counsel,Sent,97
2021-05-18,Avery Lin,Counsel,Sent,318
2021-05-18,Avery Lin,Counsel,Received,99
2021-05-22,Avery Lin,Counsel,Sent,16
2021-05-03,Avery Lin,Counsel,Sent,273
2021-05-19,Avery Lin,Counsel,Received,444
2021-05-29,Avery Lin,Counsel,Received,115
2021-05-15,Avery Lin,Counsel,Sent,3
2021-05-01,Avery Lin,Counsel,Received,29
2021-05-25,Avery Lin,Counsel,Received,38
2021-05-16,Avery Lin,Counsel,Sent,304
2021-05-24,Avery Lin,Counsel,Received,53
2021-05-14,Avery Lin,Counsel,Received,85
2021-05-26,Avery Lin,Counsel,Received,4
2021-05-04,Avery Lin,Counsel,Sent,55
2021-05-21,Avery Lin,Counsel,Sent,127
2021-05-18,Avery Lin,Counsel,Sent,65
2021-05-04,Avery Lin,Counsel,Sent,311
2021-05-30,Avery Lin,Counsel,Received,408
2021-05-22,Avery Lin,Counsel,Received,248
2021-05-31,Avery Lin,Counsel,Received,3
2021-05-24,Avery Lin,Counsel,Received,135
2021-05-16,Avery Lin,Counsel,Received,97
2021-05-03,Avery Lin,Counsel,Received,138
2021-05-21,Avery Lin,Counsel,Sent,182
2021-05-23,Avery Lin,Counsel,Sent,9
2021-06-15,Avery Lin,Counsel,Received,245
2021-06-20,Avery Lin,Counsel,Received,202
2021-06-29,Avery Lin,Counsel,Received,209
2021-06-12,Avery Lin,Counsel,Sent,21
2021-06-10,Avery Lin,Counsel,Sent,93
2021-06-12,Avery Lin,Counsel,Sent,262
2021-06-25,Avery Lin,Counsel,Sent,484
2021-06-19,Avery Lin,Counsel,Received,41
2021-06-05,Avery Lin,Counsel,Received,52
2021-06-05,Avery Lin,Counsel,Sent,219
2021-06-01,Avery Lin,Counsel,Received,66
2021-06-21,Avery Lin,Counsel,Received,123
2021-06-29,Avery Lin,Counsel,Received,196
2021-06-21,Avery Lin,Counsel,Received,120
2021-06-26,Avery Lin,Counsel,Received,51
2021-06-09,Avery Lin,Counsel,Sent,45
2021-06-27,Avery Lin,Counsel,Sent,107
2021-06-11,Avery Lin,Counsel,Received,4
2021-06-06,Avery Lin,Counsel,Sent,285
2021-06-01,Avery Lin,Counsel,Received,46
2021-06-15,Avery Lin,Counsel,Received,3
2021-06-01,Avery Lin,Counsel,Sent,24
2021-07-29,Avery Lin,Counsel,Sent,56
2021-07-12,Avery Lin,Counsel,Received,55
2021-07-01,Avery Lin,Counsel,Sent,163
2021-07-03,Avery Lin,Counsel,Received,4
2021-07-07,Avery Lin,Counsel,Sent,12
2021-07-23,Avery Lin,Counsel,Received,6
2021-07-30,Avery Lin,Counsel,Sent,118
2021-07-09,Avery Lin,Counsel,Received,222
2021-07-12,Avery Lin,Counsel,Sent,32
2021-07-04,Avery Lin,Counsel,Received,249
2021-07-13,Avery Lin,Counsel,Sent,314
2021-07-03,Avery Lin,Counsel,Received,72
2021-07-04,Avery Lin,Counsel,Sent,50
2021-07-19,Avery Lin,Counsel,Received,184
2021-07-16,Avery Lin,Counsel,Sent,171
2021-07-31,Avery Lin,Counsel,Received,23
2021-07-01,Avery Lin,Counsel,Received,193
2021-07-07,Avery Lin,Counsel,Received,114
2021-07-12,Avery Lin,Counsel,Received,53
2021-07-15,Avery Lin,Counsel,Received,76
2021-07-13,Avery Lin,Counsel,Received,116
2021-07-05,Avery Lin,Counsel,Sent,5
2021-07-03,Avery Lin,Counsel,Received,66
2021-07-29,Avery Lin,Counsel,Sent,61
2021-07-13,Avery Lin,Counsel,Received,42
2021-07-31,Avery Lin,Counsel,Sent,3
2021-07-10,Avery Lin,Counsel,Received,62
2021-07-02,Avery Lin,Counsel,Sent,560
2021-07-04,Avery Lin,Counsel,Sent,154
2021-07-13,Avery Lin,Counsel,Sent,13
2021-07-07,Avery Lin,Counsel,Sent,181
2021-07-20,Avery Lin,Counsel,Sent,117
2021-07-27,Avery Lin,Counsel,Received,12
2021-07-09,Avery Lin,Counsel,Received,143
2021-07-09,Avery Lin,Counsel,Sent,199
2021-07-20,Avery Lin,Counsel,Sent,37
2021-07-03,Avery Lin,Counsel,Sent,75
2021-07-14,Avery Lin,Counsel,Received,195
2021-07-27,Avery Lin,Counsel,Received,69
2021-07-13,Avery Lin,Counsel,Received,19
2021-07-14,Avery Lin,Counsel,Received,152
2021-07-11,Avery Lin,Counsel,Received,235
2021-07-21,Avery Lin,Counsel,Received,5
2021-07-25,Avery Lin,Counsel,Sent,93
2021-07-10,Avery Lin,Counsel,Received,62
2021-07-19,Avery Lin,Counsel,Received,65
2021-07-15,Avery Lin,Counsel,Received,157
2021-07-29,Avery Lin,Counsel,Sent,225
2021-07-12,Avery Lin,Counsel,Received,103
2021-07-28,Avery Lin,Counsel,Received,81
2021-07-16,Avery Lin,Counsel,Sent,66
2021-07-04,Avery Lin,Counsel,Received,58
2021-07-18,Avery Lin,Counsel,Sent,337
2021-07-28,Avery Lin,Counsel,Received,261
2021-07-06,Avery Lin,Counsel,Received,124
2021-07-07,Avery Lin,Counsel,Sent,633
2021-07-25,Avery Lin,Counsel,Received,116
2021-07-07,Avery Lin,Counsel,Sent,9
2021-07-28,Avery Lin,Counsel,Received,36
2021-07-01,Avery Lin,Counsel,Received,69
2021-07-07,Avery Lin,Counsel,Sent,185
2021-07-07,Avery Lin,Counsel,Received,121
2021-07-06,Avery Lin,Counsel,Sent,105
2021-07-05,Avery Lin,Counsel,Received,108
2021-07-31,Avery Lin,Counsel,Received,188
2021-07-07,Avery Lin,Counsel,Sent,82
2021-07-10,Avery Lin,Counsel,Received,473
2021-07-08,Avery Lin,Counsel,Received,43
2021-07-29,Avery Lin,Counsel,Sent,62
2021-07-20,Avery Lin,Counsel,Received,295
2021-07-23,Avery Lin,Counsel,Received,290
2021-07-19,Avery Lin,Counsel,Received,8
2021-07-27,Avery Lin,Counsel,Sent,13
2021-07-10,Avery Lin,Counsel,Sent,111
2021-07-19,Avery Lin,Counsel,Received,52
2021-07-05,Avery Lin,Counsel,Sent,139
2021-07-22,Avery Lin,Counsel,Sent,3
2021-07-29,Avery Lin,Counsel,Received,14
2021-07-18,Avery Lin,Counsel,Received,38
2021-07-08,Avery Lin,Counsel,Received,12
2021-07-24,Avery Lin,Counsel,Sent,122
2021-07-17,Avery Lin,Counsel,Sent,71
2021-07-30,Avery Lin,Counsel,Received,174
2021-07-12,Avery Lin,Counsel,Sent,31
2021-07-11,Avery Lin,Counsel,Sent,265
2021-07-20,Avery Lin,Counsel,Received,102
2021-07-06,Avery Lin,Counsel,Received,49
2021-07-05,Avery Lin,Counsel,Received,3
2021-07-07,Avery Lin,Counsel,Sent,27
2021-07-23,Avery Lin,Counsel,Sent,96
2021-07-02,Avery Lin,Counsel,Sent,86
2021-07-04,Avery Lin,Counsel,Received,356
2021-07-22,Avery Lin,Counsel,Sent,156
2021-07-23,Avery Lin,Counsel,Sent,152
2021-07-25,Avery Lin,Counsel,Received,88
2021-07-10,Avery Lin,Counsel,Received,98
2021-07-16,Avery Lin,Counsel,Sent,65
2021-07-30,Avery Lin,Counsel,Received,66
2021-07-25,Avery Lin,Counsel,Sent,73
2021-07-09,Avery Lin,Counsel,Sent,19
2021-07-30,Avery Lin,Counsel,Sent,13
2021-07-01,Avery Lin,Counsel,Received,7
2021-07-22,Avery Lin,Counsel,Sent,104
2021-07-09,Avery Lin,Counsel,Received,22
2021-07-17,Avery Lin,Counsel,Received,18
2021-07-08,Avery Lin,Counsel,Received,66
2021-07-11,Avery Lin,Counsel,Sent,18
2021-07-28,Avery Lin,Counsel,Sent,8
2021-07-12,Avery Lin,Counsel,Received,113
2021-07-03,Avery Lin,Counsel,Received,164
2021-07-30,Avery Lin,Counsel,Received,64
2021-07-15,Avery Lin,Counsel,Sent,38
2021-07-18,Avery Lin,Counsel,Received,303
2021-07-01,Avery Lin,Counsel,Sent,72
2021-07-04,Avery Lin,Counsel,Sent,170
2021-07-07,Avery Lin,Counsel,Sent,585
2021-07-28,Avery Lin,Counsel,Sent,150
2021-07-24,Avery Lin,Counsel,Received,8
2021-07-05,Avery Lin,Counsel,Received,69
2021-07-26,Avery Lin,Counsel,Sent,265
2021-07-19,Avery Lin,Counsel,Received,89
2021-07-24,Avery Lin,Counsel,Received,35
2021-07-20,Avery Lin,Counsel,Sent,31
2021-07-18,Avery Lin,Counsel,Sent,226
2021-07-23,Avery Lin,Counsel,Received,663
2021-07-18,Avery Lin,Counsel,Sent,134
2021-07-14,Avery Lin,Counsel,Sent,78
2021-07-27,Avery Lin,Counsel,Sent,18
2021-07-08,Avery Lin,Counsel,Sent,226
2021-07-04,Avery Lin,Counsel,Received,401
2021-07-27,Avery Lin,Counsel,Sent,73
2021-07-08,Avery Lin,Counsel,Received,135
2021-07-29,Avery Lin,Counsel,Sent,8
2021-07-31,Avery Lin,Counsel,Received,96
2021-07-13,Avery Lin,Counsel,Received,115
2021-07-09,Avery Lin,Counsel,Sent,33
2021-07-23,Avery Lin,Counsel,Sent,50
2021-07-18,Avery Lin,Counsel,Received,246
2021-07-07,Avery Lin,Counsel,Received,51
2021-07-21,Avery Lin,Counsel,Received,72
2021-07-19,Avery Lin,Counsel,Sent,14
2021-07-20,Avery Lin,Counsel,Received,194
2021-07-01,Avery Lin,Counsel,Sent,131
2021-07-10,Avery Lin,Counsel,Received,51
2021-07-17,Avery Lin,Counsel,Sent,198
2021-07-21,Avery Lin,Counsel,Sent,227
2021-07-24,Avery Lin,Counsel,Sent,193
2021-07-02,Avery Lin,Counsel,Received,212
2021-07-21,Avery Lin,Counsel,Received,127
2021-07-21,Avery Lin,Counsel,Received,19
2021-07-15,Avery Lin,Counsel,Sent,10
2021-07-07,Avery Lin,Counsel,Received,168
2021-07-23,Avery Lin,Counsel,Received,223
2021-07-19,Avery Lin,Counsel,Sent,3
2021-07-12,Avery Lin,Counsel,Sent,49
2021-07-31,Avery Lin,Counsel,Received,86
2021-07-27,Avery Lin,Counsel,Received,185
2021-07-24,Avery Lin,Counsel,Sent,272
2021-07-29,Avery Lin,Counsel,Received,435
2021-07-02,Avery Lin,Counsel,Received,267
2021-07-31,Avery Lin,Counsel,Received,33
2021-07-29,Avery Lin,Counsel,Received,145
2021-07-01,Avery Lin,Counsel,Received,7
2021-07-20,Avery Lin,Counsel,Received,121
2021-07-21,Avery Lin,Counsel,Received,312
2021-07-09,Avery Lin,Counsel,Sent,61
2021-07-25,Avery Lin,Counsel,Received,28
2021-07-19,Avery Lin,Counsel,Received,26
2021-07-25,Avery Lin,Counsel,Received,243
2021-07-04,Avery Lin,Counsel,Sent,21
2021-07-27,Avery Lin,Counsel,Received,47
2021-07-15,Avery Lin,Counsel,Received,43
2021-07-18,Avery Lin,Counsel,Received,58
2021-07-27,Avery Lin,Counsel,Sent,167
2021-07-04,Avery Lin,Counsel,Received,3
2021-07-06,Avery Lin,Counsel,Sent,47
2021-07-30,Avery Lin,Counsel,Sent,39
2021-07-09,Avery Lin,Counsel,Sent,208
2021-07-13,Avery Lin,Counsel,Received,74
2021-07-23,Avery Lin,Counsel,Sent,28
2021-07-15,Avery Lin,Counsel,Sent,75
2021-07-06,Avery Lin,Counsel,Received,56
2021-07-25,Avery Lin,Counsel,Sent,110
2021-07-31,Avery Lin,Counsel,Sent,31
2021-07-15,Avery Lin,Counsel,Received,3
2021-07-12,Avery Lin,Counsel,Received,32
2021-07-14,Avery Lin,Counsel,Sent,243
2021-07-14,Avery Lin,Counsel,Sent,20
2021-07-03,Avery Lin,Counsel,Sent,7
2021-07-08,Avery Lin,Counsel,Sent,162
2021-07-28,Avery Lin,Counsel,Sent,130
2021-07-28,Avery Lin,Counsel,Sent,32
2021-07-06,Avery Lin,Counsel,Received,62
2021-07-27,Avery Lin,Counsel,Received,91
2021-07-06,Avery Lin,Counsel,Received,212
2021-07-07,Avery Lin,Counsel,Sent,23
2021-07-04,Avery Lin,Counsel,Received,59
2021-07-08,Avery Lin,Counsel,Sent,234
2021-07-20,Avery Lin,Counsel,Received,225
2021-07-19,Avery Lin,Counsel,Received,32
2021-07-05,Avery Lin,Counsel,Received,23
2021-07-04,Avery Lin,Counsel,Sent,70
2021-07-09,Avery Lin,Counsel,Received,22
2021-07-26,Avery Lin,Counsel,Sent,353
2021-07-09,Avery Lin,Counsel,Received,99
2021-07-06,Avery Lin,Counsel,Received,37
2021-07-05,Avery Lin,Counsel,Sent,63
2021-07-31,Avery Lin,Counsel,Sent,221
2021-07-26,Avery Lin,Counsel,Received,18
2021-07-31,Avery Lin,Counsel,Received,189
2021-07-15,Avery Lin,Counsel,Received,3
2021-07-26,Avery Lin,Counsel,Received,28
2021-07-14,Avery Lin,Counsel,Sent,199
2021-07-17,Avery Lin,Counsel,Received,77
2021-07-29,Avery Lin,Counsel,Received,144
2021-07-18,Avery Lin,Counsel,Received,73
2021-07-02,Avery Lin,Counsel,Received,121
2021-07-26,Avery Lin,Counsel,Received,314
2021-07-08,Avery Lin,Counsel,Sent,72
2021-07-27,Avery Lin,Counsel,Sent,42
2021-07-16,Avery Lin,Counsel,Sent,24
2021-07-10,Avery Lin,Counsel,Received,152
2021-07-29,Avery Lin,Counsel,Received,40
2021-07-23,Avery Lin,Counsel,Received,574
2021-07-15,Avery Lin,Counsel,Received,4
2021-07-09,Avery Lin,Counsel,Received,31
2021-07-16,Avery Lin,Counsel,Received,36
2021-07-29,Avery Lin,Counsel,Sent,22
2021-07-07,Avery Lin,Counsel,Sent,70
2021-07-14,Avery Lin,Counsel,Sent,38
2021-07-03,Avery Lin,Counsel,Sent,75
2021-07-15,Avery Lin,Counsel,Received,83
2021-07-13,Avery Lin,Counsel,Sent,60
2021-07-21,Avery Lin,Counsel,Sent,52
2021-07-07,Avery Lin,Counsel,Sent,78
2021-07-16,Avery Lin,Counsel,Received,118
2021-07-09,Avery Lin,Counsel,Sent,59
2021-07-25,Avery Lin,Counsel,Sent,329
2021-07-22,Avery Lin,Counsel,Received,344
2021-07-14,Avery Lin,Counsel,Received,286
2021-07-28,Avery Lin,Counsel,Sent,19
2021-07-18,Avery Lin,Counsel,Received,108
2021-07-28,Avery Lin,Counsel,Received,146
2021-07-27,Avery Lin,Counsel,Received,117
2021-07-18,Avery Lin,Counsel,Received,37
2021-07-15,Avery Lin,Counsel,Sent,137
2021-07-06,Avery Lin,Counsel,Received,33
2021-07-27,Avery Lin,Counsel,Sent,69
2021-07-12,Avery Lin,Counsel,Received,27
2021-07-10,Avery Lin,Counsel,Received,6
2021-07-26,Avery Lin,Counsel,Sent,3
2021-07-30,Avery Lin,Counsel,Sent,10
2021-07-24,Avery Lin,Counsel,Received,3
2021-07-08,Avery Lin,Counsel,Received,77
2021-07-15,Avery Lin,Counsel,Sent,223
2021-07-14,Avery Lin,Counsel,Sent,150
2021-07-10,Avery Lin,Counsel,Received,226
2021-07-22,Avery Lin,Counsel,Received,78
2021-07-25,Avery Lin,Counsel,Sent,55
2021-07-05,Avery Lin,Counsel,Received,98
2021-07-25,Avery Lin,Counsel,Sent,6
2021-07-29,Avery Lin,Counsel,Received,255
2021-07-28,Avery Lin,Counsel,Received,3
2021-07-29,Avery Lin,Counsel,Received,34
2021-07-21,Avery Lin,Counsel,Received,19
2021-07-31,Avery Lin,Counsel,Sent,174
2021-07-04,Avery Lin,Counsel,Received,63
2021-07-20,Avery Lin,Counsel,Received,14
2021-07-15,Avery Lin,Counsel,Sent,53
2021-07-29,Avery Lin,Counsel,Received,330
2021-07-29,Avery Lin,Counsel,Received,59
2021-07-30,Avery Lin,Counsel,Received,95
2021-07-28,Avery Lin,Counsel,Received,103
2021-07-01,Avery Lin,Counsel,Received,38
2021-07-25,Avery Lin,Counsel,Sent,91
2021-07-18,Avery Lin,Counsel,Sent,44
2021-07-26,Avery Lin,Counsel,Received,147
2021-07-14,Avery Lin,Counsel,Sent,27
2021-07-11,Avery Lin,Counsel,Received,63
2021-07-16,Avery Lin,Counsel,Sent,184
2021-07-29,Avery Lin,Counsel,Sent,241
2021-07-23,Avery Lin,Counsel,Received,54
2021-07-10,Avery Lin,Counsel,Sent,84
2021-07-27,Avery Lin,Counsel,Received,174
2021-07-28,Avery Lin,Counsel,Sent,340
2021-07-24,Avery Lin,Counsel,Received,74
2021-07-22,Avery Lin,Counsel,Received,33
2021-07-30,Avery Lin,Counsel,Received,22
2021-07-12,Avery Lin,Counsel,Received,13
2021-07-28,Avery Lin,Counsel,Received,84
2021-07-13,Avery Lin,Counsel,Received,25
2021-07-17,Avery Lin,Counsel,Received,127
2021-07-24,Avery Lin,Counsel,Sent,77
2021-07-23,Avery Lin,Counsel,Received,77
2021-07-24,Avery Lin,Counsel,Received,274
2021-07-15,Avery Lin,Counsel,Received,85
2021-07-05,Avery Lin,Counsel,Sent,224
2021-07-13,Avery Lin,Counsel,Sent,17
2021-07-21,Avery Lin,Counsel,Received,121
2021-07-17,Avery Lin,Counsel,Received,89
2021-07-10,Avery Lin,Counsel,Received,105
2021-07-02,Avery Lin,Counsel,Received,3
2021-08-23,Avery Lin,Counsel,Sent,127
2021-08-21,Avery Lin,Counsel,Received,180
2021-08-23,Avery Lin,Counsel,Received,19
2021-08-19,Avery Lin,Counsel,Received,363
2021-08-30,Avery Lin,Counsel,Received,41
2021-08-16,Avery Lin,Counsel,Received,77
2021-08-16,Avery Lin,Counsel,Sent,56
2021-08-07,Avery Lin,Counsel,Sent,272
2021-08-22,Avery Lin,Counsel,Received,82
2021-08-23,Avery Lin,Counsel,Received,243
2021-08-07,Avery Lin,Counsel,Received,59
2021-08-26,Avery Lin,Counsel,Sent,607
2021-08-19,Avery Lin,Counsel,Sent,14
2021-08-24,Avery Lin,Counsel,Sent,161
2021-08-15,Avery Lin,Counsel,Received,478
2021-08-25,Avery Lin,Counsel,Sent,47
2021-08-28,Avery Lin,Counsel,Received,288
2021-08-19,Avery Lin,Counsel,Received,58
2021-08-17,Avery Lin,Counsel,Received,172
2021-08-24,Avery Lin,Counsel,Sent,66
2021-08-09,Avery Lin,Counsel,Sent,281
2021-08-04,Avery Lin,Counsel,Sent,79
2021-08-18,Avery Lin,Counsel,Sent,485
2021-08-29,Avery Lin,Counsel,Sent,49
2021-08-25,Avery Lin,Counsel,Received,63
2021-08-23,Avery Lin,Counsel,Received,9
2021-08-06,Avery Lin,Counsel,Received,79
2021-08-25,Avery Lin,Counsel,Received,20
2021-08-03,Avery Lin,Counsel,Received,133
2021-08-11,Avery Lin,Counsel,Received,162
2021-08-16,Avery Lin,Counsel,Sent,48
2021-08-29,Avery Lin,Counsel,Sent,111
2021-08-04,Avery Lin,Counsel,Received,126
2021-08-22,Avery Lin,Counsel,Sent,18
2021-08-15,Avery Lin,Counsel,Received,11
2021-08-09,Avery Lin,Counsel,Received,282
2021-08-20,Avery Lin,Counsel,Received,78
2021-08-15,Avery Lin,Counsel,Sent,17
2021-08-29,Avery Lin,Counsel,Received,57
2021-08-14,Avery Lin,Counsel,Sent,25
2021-08-24,Avery Lin,Counsel,Received,221
2021-08-10,Avery Lin,Counsel,Received,13
2021-08-05,Avery Lin,Counsel,Sent,45
2021-08-22,Avery Lin,Counsel,Received,56
2021-08-22,Avery Lin,Counsel,Sent,113
2021-08-15,Avery Lin,Counsel,Sent,121
2021-08-03,Avery Lin,Counsel,Received,222
2021-08-13,Avery Lin,Counsel,Received,16
2021-08-15,Avery Lin,Counsel,Received,66
2021-08-12,Avery Lin,Counsel,Sent,61
2021-08-03,Avery Lin,Counsel,Sent,513
2021-08-14,Avery Lin,Counsel,Sent,208
2021-08-11,Avery Lin,Counsel,Received,7
2021-08-08,Avery Lin,Counsel,Received,259
2021-08-23,Avery Lin,Counsel,Received,217
2021-08-08,Avery Lin,Counsel,Received,44
2021-08-17,Avery Lin,Counsel,Received,317
2021-08-22,Avery Lin,Counsel,Received,98
2021-08-11,Avery Lin,Counsel,Sent,294
2021-08-19,Avery Lin,Counsel,Sent,86
2021-08-03,Avery Lin,Counsel,Received,296
2021-08-17,Avery Lin,Counsel,Received,125
2021-08-21,Avery Lin,Counsel,Sent,232
2021-08-25,Avery Lin,Counsel,Sent,23
2021-08-26,Avery Lin,Counsel,Sent,168
2021-08-23,Avery Lin,Counsel,Received,9
2021-08-16,Avery Lin,Counsel,Sent,117
2021-08-27,Avery Lin,Counsel,Sent,39
2021-08-25,Avery Lin,Counsel,Received,71
2021-08-04,Avery Lin,Counsel,Sent,357
2021-08-29,Avery Lin,Counsel,Sent,77
2021-08-13,Avery Lin,Counsel,Sent,294
2021-08-27,Avery Lin,Counsel,Sent,53
2021-08-07,Avery Lin,Counsel,Sent,138
2021-08-01,Avery Lin,Counsel,Sent,11
2021-08-05,Avery Lin,Counsel,Received,214
2021-08-19,Avery Lin,Counsel,Sent,109
2021-08-22,Avery Lin,Counsel,Received,20
2021-08-24,Avery Lin,Counsel,Received,133
2021-08-04,Avery Lin,Counsel,Received,31
2021-08-06,Avery Lin,Counsel,Received,5
2021-08-09,Avery Lin,Counsel,Sent,85
2021-08-19,Avery Lin,Counsel,Received,85
2021-08-07,Avery Lin,Counsel,Received,179
2021-08-20,Avery Lin,Counsel,Received,260
2021-08-14,Avery Lin,Counsel,Sent,43
2021-08-12,Avery Lin,Counsel,Received,10
2021-08-07,Avery Lin,Counsel,Received,86
2021-08-30,Avery Lin,Counsel,Received,58
2021-08-06,Avery Lin,Counsel,Sent,299
2021-08-23,Avery Lin,Counsel,Received,4
2021-08-18,Avery Lin,Counsel,Sent,77
2021-08-05,Avery Lin,Counsel,Sent,144
2021-08-22,Avery Lin,Counsel,Sent,3
2021-08-12,Avery Lin,Counsel,Sent,260
2021-08-17,Avery Lin,Counsel,Received,64
2021-08-14,Avery Lin,Counsel,Received,221
2021-08-15,Avery Lin,Counsel,Received,63
2021-08-18,Avery Lin,Counsel,Sent,349
2021-08-07,Avery Lin,Counsel,Sent,197
2021-08-13,Avery Lin,Counsel,Received,27
2021-08-28,Avery Lin,Counsel,Received,25
2021-08-14,Avery Lin,Counsel,Received,140
2021-08-11,Avery Lin,Counsel,Sent,206
2021-08-25,Avery Lin,Counsel,Received,329
2021-08-05,Avery Lin,Counsel,Sent,35
2021-08-01,Avery Lin,Counsel,Received,23
2021-08-26,Avery Lin,Counsel,Sent,53
2021-08-07,Avery Lin,Counsel,Sent,81
2021-08-08,Avery Lin,Counsel,Received,43
2021-08-07,Avery Lin,Counsel,Sent,199
2021-08-14,Avery Lin,Counsel,Sent,145
2021-08-31,Avery Lin,Counsel,Received,46
2021-08-20,Avery Lin,Counsel,Received,65
2021-08-15,Avery Lin,Counsel,Received,72
2021-08-30,Avery Lin,Counsel,Received,46
2021-08-17,Avery Lin,Counsel,Sent,163
2021-08-01,Avery Lin,Counsel,Sent,66
2021-08-28,Avery Lin,Counsel,Received,3
2021-08-23,Avery Lin,Counsel,Sent,400
2021-08-03,Avery Lin,Counsel,Sent,169
2021-08-17,Avery Lin,Counsel,Received,3
2021-08-05,Avery Lin,Counsel,Received,367
2021-08-06,Avery Lin,Counsel,Sent,13
2021-08-19,Avery Lin,Counsel,Sent,116
2021-08-16,Avery Lin,Counsel,Received,3
2021-08-09,Avery Lin,Counsel,Received,95
2021-08-10,Avery Lin,Counsel,Received,80
2021-08-24,Avery Lin,Counsel,Received,500
2021-08-29,Avery Lin,Counsel,Sent,7
2021-08-24,Avery Lin,Counsel,Sent,48
2021-08-23,Avery Lin,Counsel,Received,24
2021-08-05,Avery Lin,Counsel,Sent,79
2021-08-24,Avery Lin,Counsel,Received,55
2021-08-18,Avery Lin,Counsel,Sent,54
2021-08-13,Avery Lin,Counsel,Received,12
2021-08-15,Avery Lin,Counsel,Sent,99
2021-08-21,Avery Lin,Counsel,Received,110
2021-08-24,Avery Lin,Counsel,Sent,43
2021-08-24,Avery Lin,Counsel,Received,60
2021-08-13,Avery Lin,Counsel,Received,361
2021-08-23,Avery Lin,Counsel,Received,196
2021-08-16,Avery Lin,Counsel,Sent,37
2021-08-05,Avery Lin,Counsel,Sent,404
2021-08-23,Avery Lin,Counsel,Received,130
2021-08-25,Avery Lin,Counsel,Received,152
2021-08-01,Avery Lin,Counsel,Sent,118
2021-08-14,Avery Lin,Counsel,Received,7
2021-08-12,Avery Lin,Counsel,Received,21
2021-08-10,Avery Lin,Counsel,Sent,191
2021-08-31,Avery Lin,Counsel,Received,146
2021-08-16,Avery Lin,Counsel,Received,96
2021-08-27,Avery Lin,Counsel,Sent,12
2021-08-24,Avery Lin,Counsel,Received,12
2021-08-27,Avery Lin,Counsel,Sent,11
2021-08-14,Avery Lin,Counsel,Received,72
2021-08-02,Avery Lin,Counsel,Sent,25
2021-08-30,Avery Lin,Counsel,Received,3
2021-08-22,Avery Lin,Counsel,Sent,15
2021-08-01,Avery Lin,Counsel,Received,215
2021-08-04,Avery Lin,Counsel,Sent,17
2021-08-09,Avery Lin,Counsel,Sent,86
2021-08-16,Avery Lin,Counsel,Received,102
2021-08-24,Avery Lin,Counsel,Received,132
2021-08-25,Avery Lin,Counsel,Received,133
2021-08-20,Avery Lin,Counsel,Received,25
2021-08-08,Avery Lin,Counsel,Sent,675
2021-08-25,Avery Lin,Counsel,Sent,49
2021-08-03,Avery Lin,Counsel,Received,38
2021-08-26,Avery Lin,Counsel,Received,229
2021-08-23,Avery Lin,Counsel,Sent,14
2021-08-10,Avery Lin,Counsel,Received,27
2021-09-01,Avery Lin,Counsel,Received,5
2021-09-20,Avery Lin,Counsel,Received,24
2021-09-15,Avery Lin,Counsel,Received,114
2021-09-01,Avery Lin,Counsel,Received,22
2021-09-18,Avery Lin,Counsel,Received,4
2021-09-10,Avery Lin,Counsel,Sent,30
2021-09-09,Avery Lin,Counsel,Sent,73
2021-09-11,Avery Lin,Counsel,Received,69
2021-09-15,Avery Lin,Counsel,Sent,189
2021-09-30,Avery Lin,Counsel,Sent,93
2021-09-20,Avery Lin,Counsel,Sent,46
2021-09-01,Avery Lin,Counsel,Received,27
2021-09-07,Avery Lin,Counsel,Received,26
2021-09-01,Avery Lin,Counsel,Sent,94
2021-09-11,Avery Lin,Counsel,Received,187
2021-09-30,Avery Lin,Counsel,Sent,6
2021-09-30,Avery Lin,Counsel,Sent,76
2021-09-03,Avery Lin,Counsel,Received,9
2021-09-29,Avery Lin,Counsel,Sent,85
2021-09-25,Avery Lin,Counsel,Sent,49
2021-09-28,Avery Lin,Counsel,Received,13
2021-09-01,Avery Lin,Counsel,Received,350
2021-09-13,Avery Lin,Counsel,Sent,390
2021-09-13,Avery Lin,Counsel,Sent,138
2021-09-03,Avery Lin,Counsel,Received,6
2021-09-22,Avery Lin,Counsel,Sent,21
2021-09-22,Avery Lin,Counsel,Sent,62
2021-09-25,Avery Lin,Counsel,Sent,6
2021-09-27,Avery Lin,Counsel,Sent,7
2021-09-06,Avery Lin,Counsel,Received,16
2021-09-09,Avery Lin,Counsel,Received,116
2021-09-16,Avery Lin,Counsel,Received,216
2021-09-13,Avery Lin,Counsel,Sent,391
2021-09-22,Avery Lin,Counsel,Sent,75
2021-09-20,Avery Lin,Counsel,Sent,182
2021-09-01,Avery Lin,Counsel,Received,43
2021-09-24,Avery Lin,Counsel,Sent,362
2021-09-11,Avery Lin,Counsel,Received,193
2021-09-01,Avery Lin,Counsel,Sent,45
2021-09-24,Avery Lin,Counsel,Received,37
2021-09-05,Avery Lin,Counsel,Sent,73
2021-09-05,Avery Lin,Counsel,Received,61
2021-09-12,Avery Lin,Counsel,Received,3
2021-09-25,Avery Lin,Counsel,Sent,254
2021-09-09,Avery Lin,Counsel,Sent,12
2021-09-04,Avery Lin,Counsel,Sent,10
2021-09-05,Avery Lin,Counsel,Received,3
2021-09-22,Avery Lin,Counsel,Received,101
2021-09-24,Avery Lin,Counsel,Received,80
2021-09-26,Avery Lin,Counsel,Received,152
2021-09-23,Avery Lin,Counsel,Received,31
2021-09-08,Avery Lin,Counsel,Received,411
2021-09-02,Avery Lin,Counsel,Sent,46
2021-09-05,Avery Lin,Counsel,Sent,110
2021-09-02,Avery Lin,Counsel,Sent,59
2021-09-07,Avery Lin,Counsel,Received,396
2021-09-02,Avery Lin,Counsel,Received,78
2021-09-17,Avery Lin,Counsel,Sent,49
2021-09-14,Avery Lin,Counsel,Received,90
2021-09-04,Avery Lin,Counsel,Received,61
2021-09-19,Avery Lin,Counsel,Received,91
2021-09-02,Avery Lin,Counsel,Sent,64
2021-09-27,Avery Lin,Counsel,Sent,91
2021-09-27,Avery Lin,Counsel,Sent,161
2021-10-29,Avery Lin,Counsel,Sent,37
2021-10-02,Avery Lin,Counsel,Sent,164
2021-10-07,Avery Lin,Counsel,Sent,54
2021-10-02,Avery Lin,Counsel,Sent,87
2021-10-30,Avery Lin,Counsel,Received,42
2021-10-24,Avery Lin,Counsel,Sent,45
2021-10-30,Avery Lin,Counsel,Received,335
2021-10-19,Avery Lin,Counsel,Sent,12
2021-10-04,Avery Lin,Counsel,Received,366
2021-10-07,Avery Lin,Counsel,Received,42
2021-10-13,Avery Lin,Counsel,Sent,63
2021-10-26,Avery Lin,Counsel,Sent,33
2021-10-29,Avery Lin,Counsel,Received,331
2021-10-22,Avery Lin,Counsel,Received,74
2021-10-10,Avery Lin,Counsel,Received,354
2021-10-28,Avery Lin,Counsel,Sent,109
2021-10-04,Avery Lin,Counsel,Received,62
2021-10-01,Avery Lin,Counsel,Received,17
2021-10-25,Avery Lin,Counsel,Sent,156
2021-10-28,Avery Lin,Counsel,Sent,20
2021-10-04,Avery Lin,Counsel,Sent,66
2021-10-31,Avery Lin,Counsel,Sent,3
2021-10-27,Avery Lin,Counsel,Sent,62
2021-10-03,Avery Lin,Counsel,Sent,93
2021-10-28,Avery Lin,Counsel,Received,6
2021-10-25,Avery Lin,Counsel,Sent,266
2021-10-16,Avery Lin,Counsel,Received,87
2021-10-14,Avery Lin,Counsel,Received,3
2021-10-23,Avery Lin,Counsel,Received,67
2021-10-15,Avery Lin,Counsel,Sent,229
2021-10-21,Avery Lin,Counsel,Sent,169
2021-10-06,Avery Lin,Counsel,Received,62
2021-10-12,Avery Lin,Counsel,Sent,46
2021-10-23,Avery Lin,Counsel,Received,29
2021-10-31,Avery Lin,Counsel,Received,137
2021-10-25,Avery Lin,Counsel,Received,21
2021-10-09,Avery Lin,Counsel,Received,81
2021-10-09,Avery Lin,Counsel,Received,64
2021-10-11,Avery Lin,Counsel,Sent,145
2021-10-22,Avery Lin,Counsel,Received,275
2021-10-23,Avery Lin,Counsel,Received,75
2021-10-09,Avery Lin,Counsel,Received,75
2021-10-24,Avery Lin,Counsel,Sent,276
2021-10-29,Avery Lin,Counsel,Received,40
2021-10-12,Avery Lin,Counsel,Received,129
2021-10-08,Avery Lin,Counsel,Received,240
2021-10-17,Avery Lin,Counsel,Received,4
2021-10-31,Avery Lin,Counsel,Received,5
2021-10-02,Avery Lin,Counsel,Sent,13
2021-10-09,Avery Lin,Counsel,Received,59
2021-10-31,Avery Lin,Counsel,Sent,218
2021-10-01,Avery Lin,Counsel,Received,76
2021-10-26,Avery Lin,Counsel,Received,17
2021-10-20,Avery Lin,Counsel,Sent,366
2021-10-17,Avery Lin,Counsel,Received,51
2021-10-03,Avery Lin,Counsel,Received,266
2021-10-31,Avery Lin,Counsel,Received,155
2021-10-27,Avery Lin,Counsel,Sent,47
2021-10-28,Avery Lin,Counsel,Received,84
2021-10-03,Avery Lin,Counsel,Sent,69
2021-10-25,Avery Lin,Counsel,Sent,128
2021-10-30,Avery Lin,Counsel,Sent,3
2021-10-13,Avery Lin,Counsel,Received,302
2021-10-14,Avery Lin,Counsel,Sent,13
2021-10-12,Avery Lin,Counsel,Sent,27
2021-11-16,Avery Lin,Counsel,Sent,14
2021-11-12,Avery Lin,Counsel,Received,338
2021-11-07,Avery Lin,Counsel,Received,130
2021-11-21,Avery Lin,Counsel,Received,36
2021-11-10,Avery Lin,Counsel,Sent,37
2021-11-28,Avery Lin,Counsel,Received,34
2021-11-27,Avery Lin,Counsel,Sent,177
2021-11-06,Avery Lin,Counsel,Received,218
2021-11-01,Avery Lin,Counsel,Sent,211
2021-11-23,Avery Lin,Counsel,Received,368
2021-11-21,Avery Lin,Counsel,Received,125
2021-11-12,Avery Lin,Counsel,Sent,321
2021-11-11,Avery Lin,Counsel,Sent,182
2021-11-14,Avery Lin,Counsel,Received,204
2021-11-24,Avery Lin,Counsel,Sent,147
2021-11-22,Avery Lin,Counsel,Received,147
2021-11-17,Avery Lin,Counsel,Sent,179
2021-11-30,Avery Lin,Counsel,Sent,153
2021-11-29,Avery Lin,Counsel,Sent,70
2021-11-29,Avery Lin,Counsel,Received,224
2021-11-27,Avery Lin,Counsel,Received,254
2021-11-17,Avery Lin,Counsel,Sent,159
2021-11-13,Avery Lin,Counsel,Received,88
2021-11-24,Avery Lin,Counsel,Received,62
2021-11-30,Avery Lin,Counsel,Received,20
2021-11-22,Avery Lin,Counsel,Received,75
2021-11-25,Avery Lin,Counsel,Received,18
2021-11-04,Avery Lin,Counsel,Sent,24
2021-11-19,Avery Lin,Counsel,Received,149
2021-11-27,Avery Lin,Counsel,Received,61
2021-11-01,Avery Lin,Counsel,Sent,95
2021-11-24,Avery Lin,Counsel,Received,133
2021-11-28,Avery Lin,Counsel,Sent,170
2021-11-30,Avery Lin,Counsel,Sent,47
2021-11-19,Avery Lin,Counsel,Received,11
2021-11-25,Avery Lin,Counsel,Sent,263
2021-11-17,Avery Lin,Counsel,Sent,102
2021-11-10,Avery Lin,Counsel,Received,209
2021-11-11,Avery Lin,Counsel,Sent,254
2021-11-24,Avery Lin,Counsel,Received,76
2021-11-25,Avery Lin,Counsel,Received,113
2021-11-19,Avery Lin,Counsel,Sent,18
2021-11-16,Avery Lin,Counsel,Sent,24
2021-11-22,Avery Lin,Counsel,Sent,63
2021-11-19,Avery Lin,Counsel,Received,63
2021-11-01,Avery Lin,Counsel,Received,106
2021-11-01,Avery Lin,Counsel,Received,20
2021-11-20,Avery Lin,Counsel,Received,46
2021-11-27,Avery Lin,Counsel,Sent,148
2021-11-08,Avery Lin,Counsel,Received,197
2021-11-08,Avery Lin,Counsel,Sent,625
2021-12-04,Avery Lin,Counsel,Sent,73
2021-12-03,Avery Lin,Counsel,Received,43
2021-12-04,Avery Lin,Counsel,Received,138
2021-12-09,Avery Lin,Counsel,Received,31
2021-12-31,Avery Lin,Counsel,Received,36
2021-12-24,Avery Lin,Counsel,Received,53
2021-12-06,Avery Lin,Counsel,Received,39
2021-12-01,Avery Lin,Counsel,Received,433
2021-12-14,Avery Lin,Counsel,Sent,111
2021-12-08,Avery Lin,Counsel,Sent,9
2021-12-22,Avery Lin,Counsel,Received,34
2021-12-28,Avery Lin,Counsel,Sent,34
2021-12-15,Avery Lin,Counsel,Sent,395
2021-12-10,Avery Lin,Counsel,Received,236
2021-12-19,Avery Lin,Counsel,Sent,16
2021-12-06,Avery Lin,Counsel,Received,296
2021-12-06,Avery Lin,Counsel,Sent,63
2021-12-26,Avery Lin,Counsel,Received,50
2021-12-11,Avery Lin,Counsel,Sent,35
2021-12-26,Avery Lin,Counsel,Sent,75
2021-12-05,Avery Lin,Counsel,Received,213
2021-12-02,Avery Lin,Counsel,Sent,12
2021-12-14,Avery Lin,Counsel,Received,74
2021-12-04,Avery Lin,Counsel,Received,51
2021-12-07,Avery Lin,Counsel,Received,237
2021-12-04,Avery Lin,Counsel,Sent,114
2021-12-23,Avery Lin,Counsel,Sent,67
2021-12-22,Avery Lin,Counsel,Received,345
2021-12-21,Avery Lin,Counsel,Sent,25
2021-12-30,Avery Lin,Counsel,Received,5
2021-12-31,Avery Lin,Counsel,Received,130
2021-12-27,Avery Lin,Counsel,Received,27
2021-12-11,Avery Lin,Counsel,Sent,52
2021-12-22,Avery Lin,Counsel,Sent,6
2021-12-11,Avery Lin,Counsel,Received,161
2021-12-31,Avery Lin,Counsel,Sent,111
2021-12-30,Avery Lin,Counsel,Received,262
2021-12-26,Avery Lin,Counsel,Sent,55
2021-12-09,Avery Lin,Counsel,Sent,14
2021-12-04,Avery Lin,Counsel,Received,8
2021-12-03,Avery Lin,Counsel,Sent,39
2021-12-05,Avery Lin,Counsel,Sent,24
2021-12-25,Avery Lin,Counsel,Received,54
2021-12-07,Avery Lin,Counsel,Received,83
2021-12-08,Avery Lin,Counsel,Sent,21
2021-12-18,Avery Lin,Counsel,Received,115
2021-12-23,Avery Lin,Counsel,Received,41
2021-12-11,Avery Lin,Counsel,Received,170
2021-12-10,Avery Lin,Counsel,Sent,17
2021-12-01,Avery Lin,Counsel,Received,11
2021-12-20,Avery Lin,Counsel,Sent,48
2021-12-01,Avery Lin,Counsel,Sent,3
2021-12-04,Avery Lin,Counsel,Received,76
2021-12-03,Avery Lin,Counsel,Sent,32
2021-12-07,Avery Lin,Counsel,Sent,418
2021-12-09,Avery Lin,Counsel,Received,69
2022-01-28,Avery Lin,Counsel,Sent,319
2022-01-20,Avery Lin,Counsel,Sent,62
2022-01-21,Avery Lin,Counsel,Received,68
2022-01-25,Avery Lin,Counsel,Received,83
2022-01-28,Avery Lin,Counsel,Received,35
2022-01-02,Avery Lin,Counsel,Received,33
2022-01-07,Avery Lin,Counsel,Received,3
2022-01-11,Avery Lin,Counsel,Sent,7
2022-01-05,Avery Lin,Counsel,Received,51
2022-01-25,Avery Lin,Counsel,Sent,79
2022-01-15,Avery Lin,Counsel,Sent,47
2022-01-10,Avery Lin,Counsel,Sent,23
2022-01-11,Avery Lin,Counsel,Sent,77
2022-01-02,Avery Lin,Counsel,Received,123
2022-01-31,Avery Lin,Counsel,Received,186
2022-01-26,Avery Lin,Counsel,Received,291
2022-01-31,Avery Lin,Counsel,Sent,9
2022-01-13,Avery Lin,Counsel,Received,29
2022-01-04,Avery Lin,Counsel,Sent,239
2022-01-16,Avery Lin,Counsel,Received,277
2022-01-06,Avery Lin,Counsel,Received,273
2022-01-20,Avery Lin,Counsel,Sent,94
2022-01-03,Avery Lin,Counsel,Sent,56
2022-01-14,Avery Lin,Counsel,Sent,109
2022-01-13,Avery Lin,Counsel,Received,50
2022-01-24,Avery Lin,Counsel,Sent,173
2022-01-29,Avery Lin,Counsel,Received,71
2022-01-12,Avery Lin,Counsel,Received,212
2022-01-15,Avery Lin,Counsel,Received,150
2022-01-08,Avery Lin,Counsel,Received,80
2022-01-24,Avery Lin,Counsel,Sent,149
2022-01-24,Avery Lin,Counsel,Sent,433
2022-01-23,Avery Lin,Counsel,Received,71
2022-01-19,Avery Lin,Counsel,Received,27
2022-01-21,Avery Lin,Counsel,Received,254
2022-01-15,Avery Lin,Counsel,Received,206
2022-01-12,Avery Lin,Counsel,Received,22
2022-01-19,Avery Lin,Counsel,Sent,145
2022-01-02,Avery Lin,Counsel,Sent,12
2022-01-09,Avery Lin,Counsel,Received,140
2022-01-20,Avery Lin,Counsel,Received,100
2022-01-25,Avery Lin,Counsel,Received,7
2022-01-20,Avery Lin,Counsel,Received,287
2022-01-20,Avery Lin,Counsel,Sent,115
2022-01-24,Avery Lin,Counsel,Sent,52
2022-01-07,Avery Lin,Counsel,Received,198
2022-01-06,Avery Lin,Counsel,Sent,14
2022-01-14,Avery Lin,Counsel,Sent,44
2022-01-07,Avery Lin,Counsel,Received,217
2022-01-01,Avery Lin,Counsel,Received,130
2022-01-10,Avery Lin,Counsel,Received,681
2022-01-09,Avery Lin,Counsel,Received,133
2022-01-24,Avery Lin,Counsel,Received,46
2022-01-31,Avery Lin,Counsel,Received,150
2022-01-29,Avery Lin,Counsel,Sent,360
2022-01-01,Avery Lin,Counsel,Received,75
2022-01-16,Avery Lin,Counsel,Sent,44
2022-01-23,Avery Lin,Counsel,Received,92
2022-02-10,Avery Lin,Counsel,Received,116
2022-02-15,Avery Lin,Counsel,Sent,12
2022-02-09,Avery Lin,Counsel,Sent,26
2022-02-02,Avery Lin,Counsel,Received,142
2022-02-07,Avery Lin,Counsel,Received,36
2022-02-05,Avery Lin,Counsel,Received,83
2022-02-16,Avery Lin,Counsel,Received,50
2022-02-27,Avery Lin,Counsel,Sent,33
2022-02-01,Avery Lin,Counsel,Sent,57
2022-02-25,Avery Lin,Counsel,Sent,16
2022-02-10,Avery Lin,Counsel,Sent,8
2022-02-17,Avery Lin,Counsel,Sent,77
2022-02-04,Avery Lin,Counsel,Received,65
2022-02-23,Avery Lin,Counsel,Received,117
2022-02-10,Avery Lin,Counsel,Received,251
2022-02-15,Avery Lin,Counsel,Received,143
2022-02-23,Avery Lin,Counsel,Sent,419
2022-02-03,Avery Lin,Counsel,Sent,222
2022-02-21,Avery Lin,Counsel,Received,7
2022-02-16,Avery Lin,Counsel,Sent,115
2022-02-27,Avery Lin,Counsel,Received,62
2022-02-06,Avery Lin,Counsel,Received,92
2022-02-21,Avery Lin,Counsel,Received,107
2022-02-23,Avery Lin,Counsel,Sent,40
2022-02-02,Avery Lin,Counsel,Sent,27
2022-02-22,Avery Lin,Counsel,Sent,150
2022-02-07,Avery Lin,Counsel,Received,45
2022-02-13,Avery Lin,Counsel,Received,3
2022-02-10,Avery Lin,Counsel,Sent,213
2022-02-23,Avery Lin,Counsel,Received,14
2022-02-06,Avery Lin,Counsel,Received,169
2022-02-01,Avery Lin,Counsel,Received,183
2022-02-23,Avery Lin,Counsel,Sent,89
2022-02-01,Avery Lin,Counsel,Received,13
2022-02-16,Avery Lin,Counsel,Received,29
2022-02-22,Avery Lin,Counsel,Received,62
2022-02-03,Avery Lin,Counsel,Sent,3
2022-02-10,Avery Lin,Counsel,Sent,64
2022-02-24,Avery Lin,Counsel,Sent,621
2022-02-27,Avery Lin,Counsel,Received,125
2022-02-05,Avery Lin,Counsel,Received,42
2022-02-20,Avery Lin,Counsel,Received,207
2022-02-12,Avery Lin,Counsel,Sent,222
2022-02-05,Avery Lin,Counsel,Received,85
2022-02-04,Avery Lin,Counsel,Received,29
2022-02-16,Avery Lin,Counsel,Sent,218
2022-02-23,Avery Lin,Counsel,Sent,108
2022-02-20,Avery Lin,Counsel,Sent,83
2022-02-26,Avery Lin,Counsel,Sent,43
2022-02-06,Avery Lin,Counsel,Received,48
2022-02-03,Avery Lin,Counsel,Sent,141
2022-02-11,Avery Lin,Counsel,Received,260
2022-02-03,Avery Lin,Counsel,Sent,11
2022-02-07,Avery Lin,Counsel,Received,3
2022-02-21,Avery Lin,Counsel,Received,19
2022-02-24,Avery Lin,Counsel,Received,28
2022-02-06,Avery Lin,Counsel,Sent,85
2022-02-02,Avery Lin,Counsel,Sent,175
2022-02-22,Avery Lin,Counsel,Received,6
2022-02-23,Avery Lin,Counsel,Received,29
2022-02-10,Avery Lin,Counsel,Received,84
2022-02-11,Avery Lin,Counsel,Received,163
2022-02-26,Avery Lin,Counsel,Sent,14
2022-03-31,Avery Lin,Counsel,Sent,54
2022-03-27,Avery Lin,Counsel,Sent,75
2022-03-25,Avery Lin,Counsel,Received,108
2022-03-01,Avery Lin,Counsel,Sent,223
2022-03-03,Avery Lin,Counsel,Received,106
2022-03-08,Avery Lin,Counsel,Received,80
2022-03-31,Avery Lin,Counsel,Sent,96
2022-03-09,Avery Lin,Counsel,Sent,283
2022-03-14,Avery Lin,Counsel,Received,102
2022-03-04,Avery Lin,Counsel,Received,114
2022-03-19,Avery Lin,Counsel,Sent,36
2022-03-21,Avery Lin,Counsel,Received,13
2022-03-27,Avery Lin,Counsel,Received,66
2022-03-17,Avery Lin,Counsel,Sent,233
2022-03-20,Avery Lin,Counsel,Received,6
2022-03-08,Avery Lin,Counsel,Received,231
2022-03-15,Avery Lin,Counsel,Sent,179
2022-03-01,Avery Lin,Counsel,Sent,139
2022-03-18,Avery Lin,Counsel,Sent,61
2022-03-27,Avery Lin,Counsel,Received,403
2022-03-05,Avery Lin,Counsel,Received,67
2022-03-12,Avery Lin,Counsel,Sent,349
2022-03-13,Avery Lin,Counsel,Sent,12
2022-03-09,Avery Lin,Counsel,Received,21
2022-03-05,Avery Lin,Counsel,Received,457
2022-03-17,Avery Lin,Counsel,Sent,131
2022-03-06,Avery Lin,Counsel,Received,54
2022-03-29,Avery Lin,Counsel,Sent,571
2022-03-19,Avery Lin,Counsel,Received,85
2022-03-09,Avery Lin,Counsel,Received,144
2022-03-31,Avery Lin,Counsel,Received,38
2022-03-26,Avery Lin,Counsel,Received,62
2022-03-11,Avery Lin,Counsel,Received,263
2022-03-14,Avery Lin,Counsel,Sent,250
2022-03-27,Avery Lin,Counsel,Received,121
2022-03-22,Avery Lin,Counsel,Received,76
2022-03-31,Avery Lin,Counsel,Received,79
2022-03-28,Avery Lin,Counsel,Received,227
2022-03-28,Avery Lin,Counsel,Received,7
2022-03-06,Avery Lin,Counsel,Sent,90
2022-03-11,Avery Lin,Counsel,Sent,35
2022-03-11,Avery Lin,Counsel,Sent,61
2022-03-11,Avery Lin,Counsel,Received,19
2022-03-03,Avery Lin,Counsel,Sent,18
2022-03-25,Avery Lin,Counsel,Sent,478
2022-03-03,Avery Lin,Counsel,Received,7
2022-03-16,Avery Lin,Counsel,Sent,3
2022-04-19,Avery Lin,Counsel,Received,15
2022-04-30,Avery Lin,Counsel,Received,90
2022-04-30,Avery Lin,Counsel,Received,209
2022-04-02,Avery Lin,Counsel,Received,48
2022-04-17,Avery Lin,Counsel,Received,207
2022-04-13,Avery Lin,Counsel,Received,66
2022-04-09,Avery Lin,Counsel,Sent,96
2022-04-25,Avery Lin,Counsel,Sent,10
2022-04-26,Avery Lin,Counsel,Received,242
2022-04-06,Avery Lin,Counsel,Received,21
2022-04-28,Avery Lin,Counsel,Sent,99
2022-04-11,Avery Lin,Counsel,Received,144
2022-04-28,Avery Lin,Counsel,Sent,3
2022-04-05,Avery Lin,Counsel,Sent,39
2022-04-24,Avery Lin,Counsel,Sent,132
2022-04-04,Avery Lin,Counsel,Received,36
2022-04-11,Avery Lin,Counsel,Sent,48
2022-04-22,Avery Lin,Counsel,Received,31
2022-04-05,Avery Lin,Counsel,Received,24
2022-04-25,Avery Lin,Counsel,Sent,223
2022-04-18,Avery Lin,Counsel,Sent,191
2022-04-01,Avery Lin,Counsel,Received,101
2022-04-30,Avery Lin,Counsel,Sent,36
2022-04-30,Avery Lin,Counsel,Received,84
2022-04-06,Avery Lin,Counsel,Received,8
2022-04-10,Avery Lin,Counsel,Received,26
2022-04-26,Avery Lin,Counsel,Sent,178
2022-04-03,Avery Lin,Counsel,Received,24
2022-04-04,Avery Lin,Counsel,Received,5
2022-04-05,Avery Lin,Counsel,Received,47
2022-04-30,Avery Lin,Counsel,Received,62
2022-04-09,Avery Lin,Counsel,Received,578
2022-05-01,Avery Lin,Counsel,Received,238
2022-05-26,Avery Lin,Counsel,Received,57
2022-05-04,Avery Lin,Counsel,Sent,100
2022-05-24,Avery Lin,Counsel,Sent,94
2022-05-08,Avery Lin,Counsel,Received,122
2022-05-05,Avery Lin,Counsel,Received,69
2022-05-27,Avery Lin,Counsel,Sent,246
2022-05-16,Avery Lin,Counsel,Sent,418
2022-05-29,Avery Lin,Counsel,Received,8
2022-05-22,Avery Lin,Counsel,Received,62
2022-05-26,Avery Lin,Counsel,Received,283
2022-05-17,Avery Lin,Counsel,Received,61
2022-05-11,Avery Lin,Counsel,Received,261
2022-05-30,Avery Lin,Counsel,Received,16
2022-05-21,Avery Lin,Counsel,Received,453
2022-05-20,Avery Lin,Counsel,Sent,8
2022-05-21,Avery Lin,Counsel,Received,206
2022-05-05,Avery Lin,Counsel,Received,139
2022-05-08,Avery Lin,Counsel,Sent,138
2022-05-11,Avery Lin,Counsel,Sent,414
2022-05-09,Avery Lin,Counsel,Received,184
2022-05-19,Avery Lin,Counsel,Received,201
2022-05-15,Avery Lin,Counsel,Sent,4
2022-05-09,Avery Lin,Counsel,Sent,99
2022-05-20,Avery Lin,Counsel,Received,193
2022-05-01,Avery Lin,Counsel,Sent,68
2022-05-13,Avery Lin,Counsel,Sent,60
2022-05-07,Avery Lin,Counsel,Sent,75
2022-05-31,Avery Lin,Counsel,Sent,139
2022-05-15,Avery Lin,Counsel,Received,79
2022-05-03,Avery Lin,Counsel,Sent,70
2022-05-18,Avery Lin,Counsel,Received,60
2022-05-10,Avery Lin,Counsel,Sent,3
2022-05-02,Avery Lin,Counsel,Received,99
2022-05-25,Avery Lin,Counsel,Received,96
2022-05-02,Avery Lin,Counsel,Received,49
2022-05-31,Avery Lin,Counsel,Sent,108
2022-05-03,Avery Lin,Counsel,Sent,366
2022-05-30,Avery Lin,Counsel,Sent,43
2022-05-13,Avery Lin,Counsel,Received,85
2022-05-21,Avery Lin,Counsel,Received,91
2022-05-19,Avery Lin,Counsel,Received,18
2022-05-16,Avery Lin,Counsel,Received,26
2022-05-16,Avery Lin,Counsel,Received,108
2022-06-14,Avery Lin,Counsel,Sent,109
2022-06-10,Avery Lin,Counsel,Sent,124
2022-06-21,Avery Lin,Counsel,Received,57
2022-06-08,Avery Lin,Counsel,Sent,166
2022-06-04,Avery Lin,Counsel,Received,134
2022-06-17,Avery Lin,Counsel,Sent,91
2022-06-17,Avery Lin,Counsel,Received,207
2022-06-05,Avery Lin,Counsel,Sent,236
2022-06-20,Avery Lin,Counsel,Received,174
2022-06-23,Avery Lin,Counsel,Received,4
2022-06-25,Avery Lin,Counsel,Sent,22
2022-06-12,Avery Lin,Counsel,Received,27
2022-06-25,Avery Lin,Counsel,Received,46
2022-06-10,Avery Lin,Counsel,Sent,191
2022-06-22,Avery Lin,Counsel,Sent,570
2022-06-30,Avery Lin,Counsel,Sent,37
2022-06-23,Avery Lin,Counsel,Received,62
2022-06-08,Avery Lin,Counsel,Sent,869
2022-06-05,Avery Lin,Counsel,Sent,174
2022-06-17,Avery Lin,Counsel,Sent,43
2022-06-08,Avery Lin,Counsel,Received,23
2022-06-26,Avery Lin,Counsel,Received,126
2022-06-06,Avery Lin,Counsel,Sent,161
2022-06-19,Avery Lin,Counsel,Sent,64
2022-06-06,Avery Lin,Counsel,Received,79
2022-06-21,Avery Lin,Counsel,Sent,38
2022-06-18,Avery Lin,Counsel,Sent,72
2022-06-22,Avery Lin,Counsel,Sent,25
2022-06-19,Avery Lin,Counsel,Received,216
2022-06-25,Avery Lin,Counsel,Sent,59
2022-06-28,Avery Lin,Counsel,Received,93
2022-06-06,Avery Lin,Counsel,Sent,14
2022-06-30,Avery Lin,Counsel,Received,69
2022-06-23,Avery Lin,Counsel,Sent,110
2022-06-04,Avery Lin,Counsel,Received,8
2022-06-30,Avery Lin,Counsel,Sent,105
2022-06-08,Avery Lin,Counsel,Received,74
2022-06-04,Avery Lin,Counsel,Sent,327
2022-06-25,Avery Lin,Counsel,Received,52
2022-06-01,Avery Lin,Counsel,Received,19
2022-06-04,Avery Lin,Counsel,Received,49
2022-06-29,Avery Lin,Counsel,Received,244
2022-06-06,Avery Lin,Counsel,Sent,67
2022-06-16,Avery Lin,Counsel,Sent,4
2022-06-18,Avery Lin,Counsel,Received,3
2022-06-07,Avery Lin,Counsel,Received,131
2022-06-12,Avery Lin,Counsel,Received,227
2022-06-17,Avery Lin,Counsel,Sent,136
2022-06-16,Avery Lin,Counsel,Sent,81
2022-06-17,Avery Lin,Counsel,Received,55
2022-06-28,Avery Lin,Counsel,Sent,19
2022-06-12,Avery Lin,Counsel,Sent,194
2022-06-14,Avery Lin,Counsel,Received,188
2022-06-01,Avery Lin,Counsel,Received,498
2022-06-11,Avery Lin,Counsel,Sent,26
2022-06-11,Avery Lin,Counsel,Received,186
2022-06-13,Avery Lin,Counsel,Received,74
2022-06-06,Avery Lin,Counsel,Sent,12
2022-06-13,Avery Lin,Counsel,Received,201
2022-06-23,Avery Lin,Counsel,Sent,73
2022-06-01,Avery Lin,Counsel,Received,5
2022-06-26,Avery Lin,Counsel,Sent,31
2022-07-08,Avery Lin,Counsel,Received,63
2022-07-16,Avery Lin,Counsel,Received,57
2022-07-11,Avery Lin,Counsel,Received,357
2022-07-08,Avery Lin,Counsel,Sent,104
2022-07-12,Avery Lin,Counsel,Received,130
2022-07-11,Avery Lin,Counsel,Received,112
2022-07-14,Avery Lin,Counsel,Sent,86
2022-07-24,Avery Lin,Counsel,Received,106
2022-07-17,Avery Lin,Counsel,Received,57
2022-07-28,Avery Lin,Counsel,Sent,130
2022-07-21,Avery Lin,Counsel,Received,12
2022-07-19,Avery Lin,Counsel,Sent,32
2022-07-11,Avery Lin,Counsel,Received,411
2022-07-26,Avery Lin,Counsel,Sent,87
2022-07-31,Avery Lin,Counsel,Received,3
2022-07-07,Avery Lin,Counsel,Sent,364
2022-07-16,Avery Lin,Counsel,Received,27
2022-07-03,Avery Lin,Counsel,Received,34
2022-07-08,Avery Lin,Counsel,Sent,145
2022-07-13,Avery Lin,Counsel,Sent,181
2022-07-14,Avery Lin,Counsel,Sent,81
2022-07-26,Avery Lin,Counsel,Sent,49
2022-07-08,Avery Lin,Counsel,Received,11
2022-07-09,Avery Lin,Counsel,Received,60
2022-07-26,Avery Lin,Counsel,Sent,128
2022-07-17,Avery Lin,Counsel,Received,73
2022-07-20,Avery Lin,Counsel,Sent,78
2022-07-23,Avery Lin,Counsel,Received,107
2022-07-31,Avery Lin,Counsel,Received,54
2022-07-15,Avery Lin,Counsel,Sent,328
2022-07-07,Avery Lin,Counsel,Sent,153
2022-07-10,Avery Lin,Counsel,Received,364
2022-07-12,Avery Lin,Counsel,Received,454
2022-07-19,Avery Lin,Counsel,Received,94
2022-07-18,Avery Lin,Counsel,Received,373
2022-07-17,Avery Lin,Counsel,Sent,60
2022-07-17,Avery Lin,Counsel,Sent,700
2022-07-31,Avery Lin,Counsel,Received,31
2022-07-09,Avery Lin,Counsel,Sent,123
2022-07-23,Avery Lin,Counsel,Received,329
2022-07-03,Avery Lin,Counsel,Received,125
2022-07-21,Avery Lin,Counsel,Received,307
2022-07-02,Avery Lin,Counsel,Received,39
2022-07-29,Avery Lin,Counsel,Received,189
2022-07-13,Avery Lin,Counsel,Sent,496
2022-07-23,Avery Lin,Counsel,Sent,88
2022-07-23,Avery Lin,Counsel,Received,117
2022-07-10,Avery Lin,Counsel,Received,41
2022-08-01,Avery Lin,Counsel,Received,4
2022-08-31,Avery Lin,Counsel,Received,46
2022-08-13,Avery Lin,Counsel,Sent,112
2022-08-29,Avery Lin,Counsel,Sent,73
2022-08-08,Avery Lin,Counsel,Received,41
2022-08-20,Avery Lin,Counsel,Received,158
2022-08-30,Avery Lin,Counsel,Received,23
2022-08-14,Avery Lin,Counsel,Sent,182
2022-08-11,Avery Lin,Counsel,Received,32
2022-08-12,Avery Lin,Counsel,Received,233
2022-08-14,Avery Lin,Counsel,Sent,54
2022-08-19,Avery Lin,Counsel,Sent,12
2022-08-19,Avery Lin,Counsel,Sent,566
2022-08-25,Avery Lin,Counsel,Sent,109
2022-08-18,Avery Lin,Counsel,Received,84
2022-08-14,Avery Lin,Counsel,Sent,6
2022-08-01,Avery Lin,Counsel,Received,3
2022-08-26,Avery Lin,Counsel,Sent,39
2022-08-01,Avery Lin,Counsel,Sent,34
2022-08-04,Avery Lin,Counsel,Sent,151
2022-08-31,Avery Lin,Counsel,Received,4
2022-08-09,Avery Lin,Counsel,Received,135
2022-08-28,Avery Lin,Counsel,Received,100
2022-08-24,Avery Lin,Counsel,Sent,254
2022-08-09,Avery Lin,Counsel,Received,141
2022-08-24,Avery Lin,Counsel,Sent,46
2022-08-16,Avery Lin,Counsel,Sent,115
2022-08-21,Avery Lin,Counsel,Sent,83
2022-08-12,Avery Lin,Counsel,Received,91
2022-08-28,Avery Lin,Counsel,Sent,16
2022-08-25,Avery Lin,Counsel,Received,6
2022-08-17,Avery Lin,Counsel,Received,112
2022-08-08,Avery Lin,Counsel,Received,260
2022-08-12,Avery Lin,Counsel,Received,306
2022-08-27,Avery Lin,Counsel,Received,37
2022-08-21,Avery Lin,Counsel,Received,239
2022-08-11,Avery Lin,Counsel,Received,221
2022-08-25,Avery Lin,Counsel,Received,166
2022-08-18,Avery Lin,Counsel,Received,49
2022-08-21,Avery Lin,Counsel,Sent,4
2022-08-23,Avery Lin,Counsel,Received,202
2022-08-17,Avery Lin,Counsel,Sent,58
2022-08-19,Avery Lin,Counsel,Received,134
2022-08-12,Avery Lin,Counsel,Received,214
2022-08-25,Avery Lin,Counsel,Sent,11
2022-08-15,Avery Lin,Counsel,Received,78
2022-08-03,Avery Lin,Counsel,Sent,152
2022-08-18,Avery Lin,Counsel,Sent,5
2022-08-04,Avery Lin,Counsel,Received,63
2022-08-29,Avery Lin,Counsel,Sent,187
2022-08-18,Avery Lin,Counsel,Received,371
2022-08-01,Avery Lin,Counsel,Sent,258
2022-08-14,Avery Lin,Counsel,Received,281
2022-08-05,Avery Lin,Counsel,Received,80
2022-08-30,Avery Lin,Counsel,Sent,154
2022-08-16,Avery Lin,Counsel,Received,233
2022-08-23,Avery Lin,Counsel,Sent,173
2022-08-21,Avery Lin,Counsel,Received,90
2022-08-28,Avery Lin,Counsel,Sent,87
2022-08-05,Avery Lin,Counsel,Received,49
2022-08-19,Avery Lin,Counsel,Sent,36
2022-09-28,Avery Lin,Counsel,Received,309
2022-09-24,Avery Lin,Counsel,Received,120
2022-09-24,Avery Lin,Counsel,Sent,79
2022-09-29,Avery Lin,Counsel,Sent,130
2022-09-02,Avery Lin,Counsel,Received,129
2022-09-28,Avery Lin,Counsel,Sent,86
2022-09-03,Avery Lin,Counsel,Sent,81
2022-09-13,Avery Lin,Counsel,Sent,64
2022-09-25,Avery Lin,Counsel,Received,125
2022-09-24,Avery Lin,Counsel,Sent,226
2022-09-19,Avery Lin,Counsel,Sent,29
2022-09-23,Avery Lin,Counsel,Received,166
2022-09-15,Avery Lin,Counsel,Received,53
2022-09-04,Avery Lin,Counsel,Received,348
2022-09-25,Avery Lin,Counsel,Sent,171
2022-09-08,Avery Lin,Counsel,Sent,392
2022-09-19,Avery Lin,Counsel,Sent,44
2022-09-01,Avery Lin,Counsel,Received,106
2022-09-24,Avery Lin,Counsel,Received,118
2022-09-25,Avery Lin,Counsel,Received,5
2022-09-03,Avery Lin,Counsel,Sent,38
2022-09-02,Avery Lin,Counsel,Sent,76
2022-09-01,Avery Lin,Counsel,Sent,9
2022-09-10,Avery Lin,Counsel,Sent,32
2022-09-04,Avery Lin,Counsel,Sent,75
2022-09-14,Avery Lin,Counsel,Received,342
2022-09-16,Avery Lin,Counsel,Received,6
2022-09-23,Avery Lin,Counsel,Received,58
2022-09-04,Avery Lin,Counsel,Sent,169
2022-10-27,Avery Lin,Counsel,Sent,90
2022-10-30,Avery Lin,Counsel,Sent,57
2022-10-02,Avery Lin,Counsel,Sent,174
2022-10-14,Avery Lin,Counsel,Received,155
2022-10-11,Avery Lin,Counsel,Received,13
2022-10-11,Avery Lin,Counsel,Sent,85
2022-10-06,Avery Lin,Counsel,Sent,146
2022-10-25,Avery Lin,Counsel,Received,88
2022-10-17,Avery Lin,Counsel,Sent,178
2022-10-17,Avery Lin,Counsel,Sent,48
2022-10-26,Avery Lin,Counsel,Sent,17
2022-10-19,Avery Lin,Counsel,Sent,71
2022-10-18,Avery Lin,Counsel,Received,121
2022-10-09,Avery Lin,Counsel,Received,16
2022-10-26,Avery Lin,Counsel,Received,62
2022-10-16,Avery Lin,Counsel,Received,72
2022-10-27,Avery Lin,Counsel,Sent,179
2022-10-11,Avery Lin,Counsel,Received,381
2022-10-26,Avery Lin,Counsel,Sent,128
2022-10-18,Avery Lin,Counsel,Sent,79
2022-10-01,Avery Lin,Counsel,Sent,36
2022-10-28,Avery Lin,Counsel,Received,177
2022-10-03,Avery Lin,Counsel,Received,22
2022-10-13,Avery Lin,Counsel,Received,19
2022-10-20,Avery Lin,Counsel,Received,31
2022-10-11,Avery Lin,Counsel,Received,137
2022-10-06,Avery Lin,Counsel,Sent,43
2022-10-28,Avery Lin,Counsel,Sent,133
2022-10-21,Avery Lin,Counsel,Sent,121
2022-10-25,Avery Lin,Counsel,Sent,25
2022-10-29,Avery Lin,Counsel,Sent,205
2022-10-15,Avery Lin,Counsel,Sent,112
2022-10-18,Avery Lin,Counsel,Sent,80
2022-10-23,Avery Lin,Counsel,Received,6
2022-10-29,Avery Lin,Counsel,Sent,19
2022-10-03,Avery Lin,Counsel,Received,5
2022-10-26,Avery Lin,Counsel,Received,54
2022-10-26,Avery Lin,Counsel,Sent,17
2022-10-26,Avery Lin,Counsel,Received,50
2022-10-26,Avery Lin,Counsel,Sent,93
2022-10-01,Avery Lin,Counsel,Sent,30
2022-10-11,Avery Lin,Counsel,Sent,120
2022-10-10,Avery Lin,Counsel,Sent,211
2022-10-18,Avery Lin,Counsel,Received,52
2022-10-12,Avery Lin,Counsel,Sent,67
2022-10-10,Avery Lin,Counsel,Received,33
2022-11-23,Avery Lin,Counsel,Received,94
2022-11-26,Avery Lin,Counsel,Sent,27
2022-11-24,Avery Lin,Counsel,Sent,281
2022-11-23,Avery Lin,Counsel,Received,18
2022-11-11,Avery Lin,Counsel,Sent,35
2022-11-08,Avery Lin,Counsel,Received,209
2022-11-14,Avery Lin,Counsel,Received,36
2022-11-06,Avery Lin,Counsel,Received,143
2022-11-21,Avery Lin,Counsel,Sent,20
2022-11-04,Avery Lin,Counsel,Received,20
2022-11-19,Avery Lin,Counsel,Received,32
2022-11-10,Avery Lin,Counsel,Received,322
2022-11-20,Avery Lin,Counsel,Sent,68
2022-11-22,Avery Lin,Counsel,Received,14
2022-11-15,Avery Lin,Counsel,Sent,3
2022-11-21,Avery Lin,Counsel,Received,7
2022-11-15,Avery Lin,Counsel,Received,47
2022-11-01,Avery Lin,Counsel,Sent,176
2022-11-07,Avery Lin,Counsel,Sent,216
2022-11-08,Avery Lin,Counsel,Received,134
2022-11-08,Avery Lin,Counsel,Received,160
2022-11-28,Avery Lin,Counsel,Received,192
2022-11-22,Avery Lin,Counsel,Received,201
2022-11-12,Avery Lin,Counsel,Sent,135
2022-11-16,Avery Lin,Counsel,Received,45
2022-11-26,Avery Lin,Counsel,Received,38
2022-11-04,Avery Lin,Counsel,Received,49
2022-11-05,Avery Lin,Counsel,Sent,256
2022-11-02,Avery Lin,Counsel,Received,6
2022-11-29,Avery Lin,Counsel,Received,41
2022-12-14,Avery Lin,Counsel,Sent,177
2022-12-15,Avery Lin,Counsel,Received,243
2022-12-29,Avery Lin,Counsel,Sent,475
2022-12-18,Avery Lin,Counsel,Sent,59
2022-12-07,Avery Lin,Counsel,Received,49
2022-12-30,Avery Lin,Counsel,Received,72
2022-12-21,Avery Lin,Counsel,Sent,125
2022-12-11,Avery Lin,Counsel,Received,488
2022-12-09,Avery Lin,Counsel,Received,109
2022-12-25,Avery Lin,Counsel,Received,15
2022-12-13,Avery Lin,Counsel,Sent,41
2022-12-26,Avery Lin,Counsel,Sent,92
2022-12-05,Avery Lin,Counsel,Sent,68
2022-12-17,Avery Lin,Counsel,Sent,137
2022-12-12,Avery Lin,Counsel,Received,113
2022-12-16,Avery Lin,Counsel,Received,76
2022-12-05,Avery Lin,Counsel,Sent,25
2022-12-06,Avery Lin,Counsel,Received,62
2022-12-27,Avery Lin,Counsel,Sent,13
2022-12-07,Avery Lin,Counsel,Sent,345
2022-12-08,Avery Lin,Counsel,Sent,3
2022-12-21,Avery Lin,Counsel,Received,26
2022-12-24,Avery Lin,Counsel,Received,94
2022-12-09,Avery Lin,Counsel,Received,119
2022-12-29,Avery Lin,Counsel,Sent,6
2022-12-25,Avery Lin,Counsel,Received,333
2023-01-07,Avery Lin,Counsel,Sent,72
2023-01-14,Avery Lin,Counsel,Sent,3
2023-01-26,Avery Lin,Counsel,Sent,3
2023-01-27,Avery Lin,Counsel,Received,34
2023-01-08,Avery Lin,Counsel,Received,226
2023-01-28,Avery Lin,Counsel,Sent,225
2023-01-18,Avery Lin,Counsel,Sent,109
2023-01-22,Avery Lin,Counsel,Received,221
2023-01-27,Avery Lin,Counsel,Received,21
2023-01-21,Avery Lin,Counsel,Sent,138
2023-01-14,Avery Lin,Counsel,Sent,16
2023-01-26,Avery Lin,Counsel,Received,311
2023-01-16,Avery Lin,Counsel,Sent,21
2023-01-10,Avery Lin,Counsel,Received,187
2023-01-19,Avery Lin,Counsel,Received,31
2023-01-07,Avery Lin,Counsel,Received,436
2023-01-17,Avery Lin,Counsel,Received,137
2023-01-14,Avery Lin,Counsel,Received,51
2023-01-29,Avery Lin,Counsel,Sent,117
2023-01-23,Avery Lin,Counsel,Sent,181
2023-01-18,Avery Lin,Counsel,Sent,72
2023-01-29,Avery Lin,Counsel,Sent,14
2023-01-12,Avery Lin,Counsel,Sent,95
2023-01-01,Avery Lin,Counsel,Sent,40
2023-01-05,Avery Lin,Counsel,Received,18
2023-01-25,Avery Lin,Counsel,Received,389
2023-01-09,Avery Lin,Counsel,Sent,137
2023-01-14,Avery Lin,Counsel,Received,34
2023-01-21,Avery Lin,Counsel,Received,25
2023-01-12,Avery Lin,Counsel,Sent,218
2023-01-04,Avery Lin,Counsel,Received,26
2023-01-24,Avery Lin,Counsel,Received,40
2023-01-21,Avery Lin,Counsel,Received,92
2023-01-13,Avery Lin,Counsel,Received,513
2023-01-13,Avery Lin,Counsel,Received,53
2023-01-25,Avery Lin,Counsel,Sent,129
2023-01-22,Avery Lin,Counsel,Received,41
2023-01-07,Avery Lin,Counsel,Sent,211
2023-01-28,Avery Lin,Counsel,Received,291
2023-01-31,Avery Lin,Counsel,Sent,158
2023-01-07,Avery Lin,Counsel,Sent,404
2023-01-19,Avery Lin,Counsel,Received,11
2023-01-18,Avery Lin,Counsel,Received,135
2023-01-19,Avery Lin,Counsel,Received,27
2023-01-19,Avery Lin,Counsel,Sent,50
2023-01-12,Avery Lin,Counsel,Received,155
2023-01-25,Avery Lin,Counsel,Sent,96
2023-02-07,Avery Lin,Counsel,Received,253
2023-02-24,Avery Lin,Counsel,Received,48
2023-02-18,Avery Lin,Counsel,Sent,17
2023-02-12,Avery Lin,Counsel,Sent,67
2023-02-01,Avery Lin,Counsel,Sent,210
2023-02-09,Avery Lin,Counsel,Sent,454
2023-02-25,Avery Lin,Counsel,Received,5
2023-02-12,Avery Lin,Counsel,Sent,134
2023-02-09,Avery Lin,Counsel,Sent,44
2023-02-13,Avery Lin,Counsel,Received,158
2023-02-07,Avery Lin,Counsel,Received,97
2023-02-24,Avery Lin,Counsel,Received,42
2023-02-09,Avery Lin,Counsel,Sent,65
2023-02-23,Avery Lin,Counsel,Received,342
2023-02-10,Avery Lin,Counsel,Sent,37
2023-02-28,Avery Lin,Counsel,Received,5
2023-02-08,Avery Lin,Counsel,Sent,284
2023-02-01,Avery Lin,Counsel,Sent,33
2023-02-11,Avery Lin,Counsel,Received,58
2023-02-26,Avery Lin,Counsel,Sent,84
2023-02-12,Avery Lin,Counsel,Received,405
2023-02-14,Avery Lin,Counsel,Received,130
2023-02-27,Avery Lin,Counsel,Sent,128
2023-02-03,Avery Lin,Counsel,Received,250
2023-02-04,Avery Lin,Counsel,Received,17
2023-03-23,Avery Lin,Counsel,Sent,367
2023-03-09,Avery Lin,Counsel,Received,47
2023-03-15,Avery Lin,Counsel,Sent,3
2023-03-10,Avery Lin,Counsel,Sent,36
2023-03-24,Avery Lin,Counsel,Sent,138
2023-03-17,Avery Lin,Counsel,Received,14
2023-03-09,Avery Lin,Counsel,Received,90
2023-03-01,Avery Lin,Counsel,Received,11
2023-03-19,Avery Lin,Counsel,Sent,137
2023-03-23,Avery Lin,Counsel,Sent,8
2023-03-27,Avery Lin,Counsel,Sent,356
2023-03-17,Avery Lin,Counsel,Sent,14
2023-03-20,Avery Lin,Counsel,Sent,93
2023-03-01,Avery Lin,Counsel,Sent,87
2023-03-18,Avery Lin,Counsel,Sent,369
2023-03-22,Avery Lin,Counsel,Received,337
2023-03-03,Avery Lin,Counsel,Received,60
2023-03-28,Avery Lin,Counsel,Received,50
2023-03-09,Avery Lin,Counsel,Received,57
2023-03-23,Avery Lin,Counsel,Sent,73
2023-03-16,Avery Lin,Counsel,Sent,274
2023-03-21,Avery Lin,Counsel,Received,55
2023-03-13,Avery Lin,Counsel,Sent,76
2023-03-28,Avery Lin,Counsel,Received,125
2023-03-20,Avery Lin,Counsel,Received,41
2023-03-23,Avery Lin,Counsel,Received,7
2023-03-27,Avery Lin,Counsel,Received,130
2023-03-17,Avery Lin,Counsel,Received,126
2023-03-03,Avery Lin,Counsel,Received,155
2023-03-15,Avery Lin,Counsel,Received,226
2023-03-15,Avery Lin,Counsel,Received,322
2023-03-30,Avery Lin,Counsel,Sent,208
2023-03-17,Avery Lin,Counsel,Received,131
2023-03-14,Avery Lin,Counsel,Sent,44
2023-03-25,Avery Lin,Counsel,Sent,108
2023-03-16,Avery Lin,Counsel,Received,168
2023-03-02,Avery Lin,Counsel,Received,39
2023-03-08,Avery Lin,Counsel,Sent,27
2023-03-10,Avery Lin,Counsel,Sent,19
2023-03-04,Avery Lin,Counsel,Received,50
2023-03-09,Avery Lin,Counsel,Received,100
2023-03-03,Avery Lin,Counsel,Received,90
2023-03-18,Avery Lin,Counsel,Received,16
2023-04-26,Avery Lin,Counsel,Received,39
2023-04-03,Avery Lin,Counsel,Sent,3
2023-04-21,Avery Lin,Counsel,Received,28
2023-04-07,Avery Lin,Counsel,Received,243
2023-04-23,Avery Lin,Counsel,Received,25
2023-04-29,Avery Lin,Counsel,Received,148
2023-04-13,Avery Lin,Counsel,Sent,99
2023-04-24,Avery Lin,Counsel,Received,139
2023-04-08,Avery Lin,Counsel,Sent,19
2023-04-22,Avery Lin,Counsel,Sent,41
2023-04-29,Avery Lin,Counsel,Received,52
2023-04-09,Avery Lin,Counsel,Sent,57
2023-04-03,Avery Lin,Counsel,Sent,36
2023-04-12,Avery Lin,Counsel,Received,7
2023-04-05,Avery Lin,Counsel,Sent,3
2023-04-19,Avery Lin,Counsel,Sent,18
2023-04-16,Avery Lin,Counsel,Received,40
2023-04-22,Avery Lin,Counsel,Received,3
2023-04-23,Avery Lin,Counsel,Sent,179
2023-04-04,Avery Lin,Counsel,Sent,168
2023-04-15,Avery Lin,Counsel,Sent,29
2023-04-29,Avery Lin,Counsel,Received,71
2023-04-02,Avery Lin,Counsel,Sent,29
2023-04-11,Avery Lin,Counsel,Received,194
2023-04-23,Avery Lin,Counsel,Sent,4
2023-04-03,Avery Lin,Counsel,Received,81
2023-04-05,Avery Lin,Counsel,Received,70
2023-04-17,Avery Lin,Counsel,Received,5
2023-04-17,Avery Lin,Counsel,Received,100
2023-04-13,Avery Lin,Counsel,Sent,235
2023-04-20,Avery Lin,Counsel,Sent,130
2023-04-15,Avery Lin,Counsel,Received,5
2023-04-12,Avery Lin,Counsel,Sent,19
2023-04-24,Avery Lin,Counsel,Received,372
2023-04-24,Avery Lin,Counsel,Received,68
2023-04-20,Avery Lin,Counsel,Sent,97
2023-04-05,Avery Lin,Counsel,Sent,23
2023-05-23,Avery Lin,Counsel,Sent,77
2023-05-09,Avery Lin,Counsel,Received,51
2023-05-31,Avery Lin,Counsel,Received,3
2023-05-25,Avery Lin,Counsel,Sent,63
2023-05-11,Avery Lin,Counsel,Sent,94
2023-05-03,Avery Lin,Counsel,Received,69
2023-05-05,Avery Lin,Counsel,Received,279
2023-05-02,Avery Lin,Counsel,Sent,48
2023-05-24,Avery Lin,Counsel,Sent,15
2023-05-16,Avery Lin,Counsel,Sent,22
2023-05-12,Avery Lin,Counsel,Received,217
2023-05-22,Avery Lin,Counsel,Sent,56
2023-05-17,Avery Lin,Counsel,Received,156
2023-05-29,Avery Lin,Counsel,Received,87
2023-05-27,Avery Lin,Counsel,Received,90
2023-05-13,Avery Lin,Counsel,Received,200
2023-05-15,Avery Lin,Counsel,Sent,8
2023-05-16,Avery Lin,Counsel,Sent,355
2023-05-02,Avery Lin,Counsel,Received,84
2023-05-15,Avery Lin,Counsel,Received,100
2023-05-23,Avery Lin,Counsel,Sent,72
2023-05-31,Avery Lin,Counsel,Received,150
2023-05-23,Avery Lin,Counsel,Sent,15
2023-05-09,Avery Lin,Counsel,Sent,116
2023-05-21,Avery Lin,Counsel,Received,102
2023-05-07,Avery Lin,Counsel,Sent,68
2023-05-09,Avery Lin,Counsel,Received,79
2023-05-18,Avery Lin,Counsel,Received,251
2023-05-29,Avery Lin,Counsel,Received,463
2023-05-17,Avery Lin,Counsel,Sent,111
2023-05-18,Avery Lin,Counsel,Received,3
2023-05-28,Avery Lin,Counsel,Sent,224
2023-05-20,Avery Lin,Counsel,Received,17
2023-05-26,Avery Lin,Counsel,Sent,231
2023-05-06,Avery Lin,Counsel,Received,246
2023-05-10,Avery Lin,Counsel,Received,68
2023-05-11,Avery Lin,Counsel,Received,156
2023-05-05,Avery Lin,Counsel,Sent,567
2023-05-29,Avery Lin,Counsel,Received,39
2023-05-15,Avery Lin,Counsel,Sent,476
2023-05-19,Avery Lin,Counsel,Sent,75
2023-05-08,Avery Lin,Counsel,Sent,46
2023-05-25,Avery Lin,Counsel,Received,41
2023-05-13,Avery Lin,Counsel,Received,156
2023-05-15,Avery Lin,Counsel,Sent,481
2023-05-03,Avery Lin,Counsel,Sent,37
2023-05-28,Avery Lin,Counsel,Sent,59
2023-05-27,Avery Lin,Counsel,Received,37
2023-05-22,Avery Lin,Counsel,Sent,48
2023-05-13,Avery Lin,Counsel,Received,255
2023-05-15,Avery Lin,Counsel,Sent,184
2023-05-16,Avery Lin,Counsel,Sent,223
2023-05-21,Avery Lin,Counsel,Received,124
2023-05-21,Avery Lin,Counsel,Received,176
2023-05-08,Avery Lin,Counsel,Sent,159
2023-05-25,Avery Lin,Counsel,Sent,188
2023-05-15,Avery Lin,Counsel,Received,128
2023-05-14,Avery Lin,Counsel,Sent,84
2023-05-24,Avery Lin,Counsel,Sent,170
2023-05-06,Avery Lin,Counsel,Sent,18
2023-05-12,Avery Lin,Counsel,Received,238
2023-05-27,Avery Lin,Counsel,Received,21
2023-05-25,Avery Lin,Counsel,Received,13
2023-05-19,Avery Lin,Counsel,Received,88
2023-05-22,Avery Lin,Counsel,Received,44
2023-05-08,Avery Lin,Counsel,Sent,29
2023-05-18,Avery Lin,Counsel,Sent,92
2023-05-18,Avery Lin,Counsel,Received,59
2023-05-25,Avery Lin,Counsel,Received,242
2023-05-10,Avery Lin,Counsel,Sent,313
2023-05-15,Avery Lin,Counsel,Received,189
2023-05-01,Avery Lin,Counsel,Received,259
2023-05-21,Avery Lin,Counsel,Received,98
2023-05-22,Avery Lin,Counsel,Received,193
2023-05-24,Avery Lin,Counsel,Sent,18
2023-05-02,Avery Lin,Counsel,Received,40
2023-05-27,Avery Lin,Counsel,Sent,123
2023-05-31,Avery Lin,Counsel,Sent,46
2023-05-23,Avery Lin,Counsel,Received,83
2023-05-28,Avery Lin,Counsel,Sent,231
2023-05-21,Avery Lin,Counsel,Received,156
2023-05-31,Avery Lin,Counsel,Sent,3
2023-05-03,Avery Lin,Counsel,Received,365
2023-05-16,Avery Lin,Counsel,Received,46
2023-05-17,Avery Lin,Counsel,Received,141
2023-05-03,Avery Lin,Counsel,Received,74
2023-05-13,Avery Lin,Counsel,Sent,94
2023-05-11,Avery Lin,Counsel,Sent,120
2023-05-18,Avery Lin,Counsel,Received,74
2023-05-13,Avery Lin,Counsel,Received,39
2023-05-01,Avery Lin,Counsel,Sent,70
2023-05-05,Avery Lin,Counsel,Received,28
2023-05-05,Avery Lin,Counsel,Received,152
2023-05-21,Avery Lin,Counsel,Sent,18
2023-05-29,Avery Lin,Counsel,Sent,21
2023-05-05,Avery Lin,Counsel,Received,17
2023-05-09,Avery Lin,Counsel,Sent,111
2023-05-31,Avery Lin,Counsel,Sent,16
2023-05-02,Avery Lin,Counsel,Sent,143
2023-05-27,Avery Lin,Counsel,Sent,86
2023-05-30,Avery Lin,Counsel,Received,189
2023-05-21,Avery Lin,Counsel,Sent,29
2023-05-21,Avery Lin,Counsel,Received,156
2023-05-22,Avery Lin,Counsel,Sent,188
2023-05-31,Avery Lin,Counsel,Sent,3
2023-05-19,Avery Lin,Counsel,Received,58
2023-05-30,Avery Lin,Counsel,Sent,98
2023-05-14,Avery Lin,Counsel,Sent,73
2023-05-27,Avery Lin,Counsel,Sent,34
2023-05-02,Avery Lin,Counsel,Sent,83
2023-05-16,Avery Lin,Counsel,Received,77
2023-05-12,Avery Lin,Counsel,Received,33
2023-05-15,Avery Lin,Counsel,Sent,309
2023-05-17,Avery Lin,Counsel,Sent,115
2023-05-03,Avery Lin,Counsel,Received,204
2023-05-10,Avery Lin,Counsel,Received,69
2023-05-22,Avery Lin,Counsel,Received,3
2023-05-11,Avery Lin,Counsel,Received,113
2023-05-24,Avery Lin,Counsel,Sent,44
2023-05-10,Avery Lin,Counsel,Sent,32
2023-05-13,Avery Lin,Counsel,Received,91
2023-05-04,Avery Lin,Counsel,Received,122
2023-05-17,Avery Lin,Counsel,Received,60
2023-05-09,Avery Lin,Counsel,Received,55
2023-05-06,Avery Lin,Counsel,Sent,114
2023-05-03,Avery Lin,Counsel,Received,4
2023-05-09,Avery Lin,Counsel,Received,21
2023-05-20,Avery Lin,Counsel,Received,4
2023-05-10,Avery Lin,Counsel,Received,50
2023-05-19,Avery Lin,Counsel,Received,166
2023-05-08,Avery Lin,Counsel,Sent,43
2023-05-27,Avery Lin,Counsel,Sent,21
2023-05-14,Avery Lin,Counsel,Received,4
2023-05-12,Avery Lin,Counsel,Sent,98
2023-05-12,Avery Lin,Counsel,Sent,129
2023-05-12,Avery Lin,Counsel,Received,95
2023-05-18,Avery Lin,Counsel,Sent,14
2023-05-03,Avery Lin,Counsel,Received,138
2023-05-25,Avery Lin,Counsel,Received,105
2023-05-27,Avery Lin,Counsel,Received,457
2023-05-16,Avery Lin,Counsel,Received,39
2023-05-08,Avery Lin,Counsel,Sent,34
2023-05-07,Avery Lin,Counsel,Received,355
2023-05-17,Avery Lin,Counsel,Received,106
2023-05-21,Avery Lin,Counsel,Received,103
2023-05-12,Avery Lin,Counsel,Sent,198
2023-05-12,Avery Lin,Counsel,Sent,54
2023-05-16,Avery Lin,Counsel,Sent,564
2023-05-09,Avery Lin,Counsel,Received,821
2023-05-09,Avery Lin,Counsel,Sent,205
2023-05-05,Avery Lin,Counsel,Received,75
2023-05-13,Avery Lin,Counsel,Received,227
2023-05-06,Avery Lin,Counsel,Sent,119
2023-05-22,Avery Lin,Counsel,Received,17
2023-05-11,Avery Lin,Counsel,Received,147
2023-05-14,Avery Lin,Counsel,Received,18
2023-05-26,Avery Lin,Counsel,Received,372
2023-05-27,Avery Lin,Counsel,Received,79
2023-05-07,Avery Lin,Counsel,Received,309
2023-05-29,Avery Lin,Counsel,Received,190
2023-05-14,Avery Lin,Counsel,Sent,166
2023-05-15,Avery Lin,Counsel,Sent,216
2023-05-02,Avery Lin,Counsel,Sent,23
2023-05-21,Avery Lin,Counsel,Received,122
2023-05-06,Avery Lin,Counsel,Sent,43
2023-05-30,Avery Lin,Counsel,Received,62
2023-05-03,Avery Lin,Counsel,Received,32
2023-05-23,Avery Lin,Counsel,Sent,77
2023-05-29,Avery Lin,Counsel,Sent,80
2023-05-02,Avery Lin,Counsel,Received,132
2023-05-12,Avery Lin,Counsel,Sent,57
2023-05-18,Avery Lin,Counsel,Sent,216
2023-05-16,Avery Lin,Counsel,Received,117
2023-05-14,Avery Lin,Counsel,Sent,223
2023-05-09,Avery Lin,Counsel,Received,150
2023-05-25,Avery Lin,Counsel,Received,28
2023-05-26,Avery Lin,Counsel,Received,64
2023-05-21,Avery Lin,Counsel,Sent,102
2023-05-02,Avery Lin,Counsel,Received,121
2023-05-31,Avery Lin,Counsel,Received,15
2023-05-29,Avery Lin,Counsel,Received,13
2023-05-08,Avery Lin,Counsel,Sent,111
2023-05-25,Avery Lin,Counsel,Sent,133
2023-05-19,Avery Lin,Counsel,Sent,149
2023-05-29,Avery Lin,Counsel,Sent,87
2023-05-19,Avery Lin,Counsel,Sent,3
2023-05-12,Avery Lin,Counsel,Received,272
2023-05-29,Avery Lin,Counsel,Received,151
2023-05-23,Avery Lin,Counsel,Received,712
2023-05-11,Avery Lin,Counsel,Received,281
2023-05-14,Avery Lin,Counsel,Received,220
2023-05-03,Avery Lin,Counsel,Received,151
2023-05-29,Avery Lin,Counsel,Received,3
2023-05-05,Avery Lin,Counsel,Sent,315
2023-05-02,Avery Lin,Counsel,Sent,112
2023-05-09,Avery Lin,Counsel,Received,147
2023-05-12,Avery Lin,Counsel,Received,56
2023-05-14,Avery Lin,Counsel,Sent,102
2023-05-01,Avery Lin,Counsel,Sent,566
2023-05-05,Avery Lin,Counsel,Sent,135
2023-05-11,Avery Lin,Counsel,Sent,168
2023-05-30,Avery Lin,Counsel,Received,257
2023-05-21,Avery Lin,Counsel,Received,104
2023-05-15,Avery Lin,Counsel,Received,22
2023-05-21,Avery Lin,Counsel,Received,249
2023-05-03,Avery Lin,Counsel,Sent,167
2023-05-05,Avery Lin,Counsel,Received,156
2023-05-29,Avery Lin,Counsel,Received,133
2023-05-21,Avery Lin,Counsel,Received,270
2023-05-29,Avery Lin,Counsel,Received,149
2023-05-13,Avery Lin,Counsel,Received,97
2023-05-02,Avery Lin,Counsel,Received,398
2023-05-24,Avery Lin,Counsel,Received,25
2023-05-06,Avery Lin,Counsel,Received,65
2023-05-28,Avery Lin,Counsel,Sent,149
2023-05-21,Avery Lin,Counsel,Sent,51
2023-05-07,Avery Lin,Counsel,Received,45
2023-05-24,Avery Lin,Counsel,Sent,8
2023-05-08,Avery Lin,Counsel,Received,57
2023-05-25,Avery Lin,Counsel,Received,11
2023-05-31,Avery Lin,Counsel,Received,32
2023-05-01,Avery Lin,Counsel,Sent,13
2023-05-28,Avery Lin,Counsel,Received,331
2023-05-19,Avery Lin,Counsel,Received,26
2023-05-20,Avery Lin,Counsel,Received,27
2023-05-23,Avery Lin,Counsel,Received,327
2023-05-17,Avery Lin,Counsel,Received,341
2023-05-28,Avery Lin,Counsel,Sent,51
2023-05-06,Avery Lin,Counsel,Received,132
2023-05-14,Avery Lin,Counsel,Sent,45
2023-05-28,Avery Lin,Counsel,Sent,42
2023-05-20,Avery Lin,Counsel,Sent,91
2023-05-28,Avery Lin,Counsel,Sent,33
2023-05-09,Avery Lin,Counsel,Sent,22
2023-05-24,Avery Lin,Counsel,Sent,11
2023-05-10,Avery Lin,Counsel,Sent,144
2023-05-12,Avery Lin,Counsel,Received,61
2023-05-14,Avery Lin,Counsel,Sent,181
2023-05-29,Avery Lin,Counsel,Sent,3
2023-05-27,Avery Lin,Counsel,Sent,91
2023-05-02,Avery Lin,Counsel,Received,65
2023-05-11,Avery Lin,Counsel,Received,31
2023-05-17,Avery Lin,Counsel,Sent,52
2023-05-15,Avery Lin,Counsel,Received,73
2023-05-02,Avery Lin,Counsel,Received,42
2023-05-26,Avery Lin,Counsel,Received,139
2023-05-02,Avery Lin,Counsel,Sent,187
2023-05-25,Avery Lin,Counsel,Received,212
2023-05-04,Avery Lin,Counsel,Sent,224
2023-05-14,Avery Lin,Counsel,Received,58
2023-05-13,Avery Lin,Counsel,Received,82
2023-05-25,Avery Lin,Counsel,Sent,287
2023-05-09,Avery Lin,Counsel,Received,32
2023-05-14,Avery Lin,Counsel,Sent,10
2023-05-27,Avery Lin,Counsel,Sent,7
2023-05-29,Avery Lin,Counsel,Received,8
2023-05-02,Avery Lin,Counsel,Received,392
2023-05-28,Avery Lin,Counsel,Sent,660
2023-05-24,Avery Lin,Counsel,Sent,213
2023-05-05,Avery Lin,Counsel,Received,244
2023-05-29,Avery Lin,Counsel,Sent,14
2023-05-14,Avery Lin,Counsel,Sent,61
2023-06-29,Avery Lin,Counsel,Received,389
2023-06-20,Avery Lin,Counsel,Received,304
2023-06-26,Avery Lin,Counsel,Received,86
2023-06-21,Avery Lin,Counsel,Received,15
2023-06-20,Avery Lin,Counsel,Sent,31
2023-06-22,Avery Lin,Counsel,Sent,50
2023-06-04,Avery Lin,Counsel,Sent,149
2023-06-10,Avery Lin,Counsel,Received,262
2023-06-14,Avery Lin,Counsel,Received,130
2023-06-07,Avery Lin,Counsel,Received,366
2023-06-25,Avery Lin,Counsel,Received,85
2023-06-20,Avery Lin,Counsel,Received,3
2023-06-18,Avery Lin,Counsel,Received,132
2023-06-29,Avery Lin,Counsel,Received,10
2023-06-25,Avery Lin,Counsel,Received,36
2023-06-12,Avery Lin,Counsel,Sent,38
2023-06-20,Avery Lin,Counsel,Sent,63
2023-06-20,Avery Lin,Counsel,Sent,356
2023-06-10,Avery Lin,Counsel,Sent,198
2023-06-16,Avery Lin,Counsel,Sent,37
2023-06-09,Avery Lin,Counsel,Received,38
2023-06-28,Avery Lin,Counsel,Received,39
2023-06-11,Avery Lin,Counsel,Sent,58
2023-06-06,Avery Lin,Counsel,Received,516
2023-06-07,Avery Lin,Counsel,Received,134
2023-06-02,Avery Lin,Counsel,Received,137
2023-06-06,Avery Lin,Counsel,Sent,43
2023-06-21,Avery Lin,Counsel,Sent,180
2023-06-20,Avery Lin,Counsel,Received,62
2023-06-17,Avery Lin,Counsel,Sent,44
2023-06-02,Avery Lin,Counsel,Sent,272
2023-06-14,Avery Lin,Counsel,Sent,12
2023-06-28,Avery Lin,Counsel,Received,126
2023-06-04,Avery Lin,Counsel,Received,46
2023-06-22,Avery Lin,Counsel,Sent,102
2023-06-22,Avery Lin,Counsel,Sent,11
2023-06-19,Avery Lin,Counsel,Received,101
2023-06-17,Avery Lin,Counsel,Received,471
2023-06-19,Avery Lin,Counsel,Sent,217
2023-06-11,Avery Lin,Counsel,Sent,18
2023-06-02,Avery Lin,Counsel,Received,467
2023-06-01,Avery Lin,Counsel,Received,295
2023-06-13,Avery Lin,Counsel,Received,3
2023-06-13,Avery Lin,Counsel,Received,46
2023-06-07,Avery Lin,Counsel,Sent,171
2023-06-30,Avery Lin,Counsel,Received,117
2023-06-22,Avery Lin,Counsel,Received,146
2023-07-18,Avery Lin,Counsel,Sent,185
2023-07-27,Avery Lin,Counsel,Received,65
2023-07-13,Avery Lin,Counsel,Sent,45
2023-07-28,Avery Lin,Counsel,Received,253
2023-07-10,Avery Lin,Counsel,Sent,227
2023-07-15,Avery Lin,Counsel,Received,48
2023-07-15,Avery Lin,Counsel,Received,11
2023-07-25,Avery Lin,Counsel,Received,140
2023-07-01,Avery Lin,Counsel,Sent,7
2023-07-16,Avery Lin,Counsel,Received,20
2023-07-19,Avery Lin,Counsel,Received,142
2023-07-18,Avery Lin,Counsel,Sent,131
2023-07-06,Avery Lin,Counsel,Received,34
2023-07-12,Avery Lin,Counsel,Sent,109
2023-07-17,Avery Lin,Counsel,Sent,117
2023-07-12,Avery Lin,Counsel,Sent,497
2023-07-12,Avery Lin,Counsel,Sent,228
2023-07-27,Avery Lin,Counsel,Received,341
2023-07-05,Avery Lin,Counsel,Received,97
2023-07-15,Avery Lin,Counsel,Received,125
2023-07-19,Avery Lin,Counsel,Received,52
2023-07-16,Avery Lin,Counsel,Received,33
2023-07-18,Avery Lin,Counsel,Received,73
2023-07-29,Avery Lin,Counsel,Received,7
2023-07-14,Avery Lin,Counsel,Received,96
2023-07-31,Avery Lin,Counsel,Received,80
2023-07-05,Avery Lin,Counsel,Received,23
2023-07-18,Avery Lin,Counsel,Received,73
2023-07-26,Avery Lin,Counsel,Sent,40
2023-07-01,Avery Lin,Counsel,Sent,35
2023-07-23,Avery Lin,Counsel,Sent,348
2023-07-26,Avery Lin,Counsel,Sent,194
2023-07-22,Avery Lin,Counsel,Sent,12
2023-07-09,Avery Lin,Counsel,Sent,243
2023-07-23,Avery Lin,Counsel,Sent,118
2023-07-04,Avery Lin,Counsel,Sent,78
2023-07-03,Avery Lin,Counsel,Received,9
2023-07-17,Avery Lin,Counsel,Sent,255
2023-07-06,Avery Lin,Counsel,Received,110
2023-07-28,Avery Lin,Counsel,Received,13
2023-07-20,Avery Lin,Counsel,Received,16
2023-07-12,Avery Lin,Counsel,Received,130
2023-08-15,Avery Lin,Counsel,Received,220
2023-08-19,Avery Lin,Counsel,Sent,49
2023-08-19,Avery Lin,Counsel,Received,9
2023-08-07,Avery Lin,Counsel,Received,3
2023-08-18,Avery Lin,Counsel,Received,72
2023-08-15,Avery Lin,Counsel,Sent,3
2023-08-24,Avery Lin,Counsel,Received,188
2023-08-03,Avery Lin,Counsel,Received,5
2023-08-04,Avery Lin,Counsel,Received,403
2023-08-12,Avery Lin,Counsel,Sent,237
2023-08-29,Avery Lin,Counsel,Sent,34
2023-08-05,Avery Lin,Counsel,Received,59
2023-08-12,Avery Lin,Counsel,Received,185
2023-08-23,Avery Lin,Counsel,Sent,79
2023-08-08,Avery Lin,Counsel,Sent,215
2023-08-23,Avery Lin,Counsel,Received,531
2023-08-17,Avery Lin,Counsel,Received,56
2023-08-16,Avery Lin,Counsel,Sent,176
2023-08-31,Avery Lin,Counsel,Sent,94
2023-08-31,Avery Lin,Counsel,Received,24
2023-08-01,Avery Lin,Counsel,Received,124
2023-08-01,Avery Lin,Counsel,Sent,59
2023-08-31,Avery Lin,Counsel,Received,195
2023-08-31,Avery Lin,Counsel,Sent,246
2023-08-17,Avery Lin,Counsel,Received,143
2023-08-20,Avery Lin,Counsel,Received,65
2023-08-16,Avery Lin,Counsel,Sent,157
2023-08-01,Avery Lin,Counsel,Received,128
2023-08-04,Avery Lin,Counsel,Sent,199
2023-08-11,Avery Lin,Counsel,Received,41
2023-08-11,Avery Lin,Counsel,Received,101
2023-08-23,Avery Lin,Counsel,Sent,141
2023-08-17,Avery Lin,Counsel,Sent,17
2023-08-21,Avery Lin,Counsel,Received,147
2023-08-13,Avery Lin,Counsel,Received,139
2023-08-18,Avery Lin,Counsel,Received,59
2023-09-06,Avery Lin,Counsel,Received,120
2023-09-16,Avery Lin,Counsel,Sent,48
2023-09-07,Avery Lin,Counsel,Sent,383
2023-09-12,Avery Lin,Counsel,Sent,106
2023-09-15,Avery Lin,Counsel,Sent,25
2023-09-11,Avery Lin,Counsel,Received,63
2023-09-09,Avery Lin,Counsel,Sent,34
2023-09-17,Avery Lin,Counsel,Received,227
2023-09-17,Avery Lin,Counsel,Sent,191
2023-09-18,Avery Lin,Counsel,Received,56
2023-09-18,Avery Lin,Counsel,Received,38
2023-09-09,Avery Lin,Counsel,Sent,165
2023-09-02,Avery Lin,Counsel,Sent,311
2023-09-07,Avery Lin,Counsel,Received,135
2023-09-04,Avery Lin,Counsel,Received,211
2023-09-11,Avery Lin,Counsel,Sent,208
2023-09-30,Avery Lin,Counsel,Sent,3
2023-09-07,Avery Lin,Counsel,Received,6
2023-09-16,Avery Lin,Counsel,Received,42
2023-09-05,Avery Lin,Counsel,Sent,4
2023-09-21,Avery Lin,Counsel,Sent,316
2023-09-03,Avery Lin,Counsel,Received,339
2023-09-25,Avery Lin,Counsel,Received,210
2023-09-05,Avery Lin,Counsel,Sent,44
2023-09-03,Avery Lin,Counsel,Received,4
2023-09-11,Avery Lin,Counsel,Received,26
2023-09-10,Avery Lin,Counsel,Received,346
2023-09-22,Avery Lin,Counsel,Received,3
2023-09-16,Avery Lin,Counsel,Sent,114
2023-09-20,Avery Lin,Counsel,Sent,247
2023-09-15,Avery Lin,Counsel,Received,253
2023-09-16,Avery Lin,Counsel,Received,66
2023-09-01,Avery Lin,Counsel,Received,19
2023-09-03,Avery Lin,Counsel,Sent,42
2023-09-07,Avery Lin,Counsel,Received,100
2023-09-02,Avery Lin,Counsel,Sent,353
2023-09-02,Avery Lin,Counsel,Received,8
2023-09-12,Avery Lin,Counsel,Sent,65
2023-09-04,Avery Lin,Counsel,Received,127
2023-09-09,Avery Lin,Counsel,Sent,182
2023-09-08,Avery Lin,Counsel,Sent,430
2023-09-19,Avery Lin,Counsel,Received,17
2023-09-03,Avery Lin,Counsel,Received,56
2023-09-09,Avery Lin,Counsel,Received,7
2023-10-06,Avery Lin,Counsel,Received,40
2023-10-12,Avery Lin,Counsel,Received,119
2023-10-12,Avery Lin,Counsel,Sent,35
2023-10-07,Avery Lin,Counsel,Received,32
2023-10-15,Avery Lin,Counsel,Received,285
2023-10-29,Avery Lin,Counsel,Sent,8
2023-10-07,Avery Lin,Counsel,Received,50
2023-10-25,Avery Lin,Counsel,Sent,36
2023-10-28,Avery Lin,Counsel,Received,13
2023-10-18,Avery Lin,Counsel,Sent,126
2023-10-29,Avery Lin,Counsel,Received,34
2023-10-22,Avery Lin,Counsel,Received,107
2023-10-18,Avery Lin,Counsel,Received,235
2023-10-13,Avery Lin,Counsel,Received,115
2023-10-31,Avery Lin,Counsel,Sent,14
2023-10-03,Avery Lin,Counsel,Received,82
2023-10-16,Avery Lin,Counsel,Sent,116
2023-10-08,Avery Lin,Counsel,Sent,186
2023-10-09,Avery Lin,Counsel,Sent,262
2023-10-17,Avery Lin,Counsel,Sent,23
2023-10-15,Avery Lin,Counsel,Received,55
2023-10-24,Avery Lin,Counsel,Received,200
2023-10-16,Avery Lin,Counsel,Received,110
2023-10-29,Avery Lin,Counsel,Sent,52
2023-12-15,Avery Lin,Counsel,Received,86
2023-12-15,Avery Lin,Counsel,Received,8
2023-12-05,Avery Lin,Counsel,Sent,38
2023-12-21,Avery Lin,Counsel,Sent,116
2023-12-13,Avery Lin,Counsel,Received,34
2023-12-04,Avery Lin,Counsel,Received,27
2023-12-27,Avery Lin,Counsel,Received,119
2023-12-26,Avery Lin,Counsel,Sent,286
2023-12-08,Avery Lin,Counsel,Received,172
2023-12-05,Avery Lin,Counsel,Sent,129
2023-12-09,Avery Lin,Counsel,Sent,19
2023-12-20,Avery Lin,Counsel,Received,297
2023-12-13,Avery Lin,Counsel,Sent,272
2023-12-01,Avery Lin,Counsel,Received,85
2023-12-21,Avery Lin,Counsel,Sent,905
2023-12-11,Avery Lin,Counsel,Received,99
2023-12-23,Avery Lin,Counsel,Received,75
2023-12-16,Avery Lin,Counsel,Sent,267
2023-12-07,Avery Lin,Counsel,Received,73
2023-12-07,Avery Lin,Counsel,Received,29
2023-12-15,Avery Lin,Counsel,Sent,58
2023-12-14,Avery Lin,Counsel,Sent,152
2023-12-26,Avery Lin,Counsel,Sent,363
2023-12-18,Avery Lin,Counsel,Sent,335
2023-12-26,Avery Lin,Counsel,Sent,39
2023-12-16,Avery Lin,Counsel,Sent,167
2023-12-16,Avery Lin,Counsel,Received,248
2023-12-31,Avery Lin,Counsel,Sent,19
2023-12-30,Avery Lin,Counsel,Sent,153
2023-12-03,Avery Lin,Counsel,Received,41
2023-12-04,Avery Lin,Counsel,Sent,264
2023-12-27,Avery Lin,Counsel,Sent,188
2023-12-25,Avery Lin,Counsel,Sent,8
2023-12-19,Avery Lin,Counsel,Sent,277
2023-12-03,Avery Lin,Counsel,Sent,105
2023-12-05,Avery Lin,Counsel,Received,89
2024-01-24,Avery Lin,Counsel,Received,68
2024-01-22,Avery Lin,Counsel,Received,249
2024-01-22,Avery Lin,Counsel,Received,61
2024-01-19,Avery Lin,Counsel,Received,384
2024-01-04,Avery Lin,Counsel,Sent,111
2024-01-04,Avery Lin,Counsel,Received,291
2024-01-28,Avery Lin,Counsel,Received,185
2024-01-20,Avery Lin,Counsel,Received,99
2024-01-27,Avery Lin,Counsel,Sent,15
2024-01-08,Avery Lin,Counsel,Sent,135
2024-01-09,Avery Lin,Counsel,Sent,83
2024-01-16,Avery Lin,Counsel,Received,45
2024-01-19,Avery Lin,Counsel,Received,42
2024-01-15,Avery Lin,Counsel,Received,8
2024-01-20,Avery Lin,Counsel,Received,87
2024-02-27,Avery Lin,Counsel,Sent,71
2024-02-26,Avery Lin,Counsel,Received,183
2024-02-29,Avery Lin,Counsel,Received,108
2024-02-14,Avery Lin,Counsel,Received,367
2024-02-28,Avery Lin,Counsel,Received,201
2024-02-05,Avery Lin,Counsel,Sent,89
2024-02-26,Avery Lin,Counsel,Received,120
2024-02-04,Avery Lin,Counsel,Received,90
2024-02-06,Avery Lin,Counsel,Sent,132
2024-02-06,Avery Lin,Counsel,Sent,188
2024-02-06,Avery Lin,Counsel,Received,38
2024-02-23,Avery Lin,Counsel,Received,292
2024-02-05,Avery Lin,Counsel,Received,95
2024-02-22,Avery Lin,Counsel,Received,157
2024-02-13,Avery Lin,Counsel,Received,24
2024-02-13,Avery Lin,Counsel,Received,16
2024-02-06,Avery Lin,Counsel,Sent,238
2024-02-05,Avery Lin,Counsel,Received,28
2024-02-16,Avery Lin,Counsel,Sent,101
2024-02-17,Avery Lin,Counsel,Received,34
2024-02-10,Avery Lin,Counsel,Sent,22
2024-02-17,Avery Lin,Counsel,Sent,119
2024-02-07,Avery Lin,Counsel,Received,164
2024-02-01,Avery Lin,Counsel,Sent,16
2024-03-27,Avery Lin,Counsel,Received,59
2024-03-05,Avery Lin,Counsel,Sent,64
2024-03-03,Avery Lin,Counsel,Received,61
2024-03-18,Avery Lin,Counsel,Received,264
2024-03-05,Avery Lin,Counsel,Sent,137
2024-03-16,Avery Lin,Counsel,Received,209
2024-03-01,Avery Lin,Counsel,Sent,318
2024-03-02,Avery Lin,Counsel,Received,210
2024-03-04,Avery Lin,Counsel,Received,102
2024-03-28,Avery Lin,Counsel,Received,120
2024-03-04,Avery Lin,Counsel,Sent,20
2024-03-01,Avery Lin,Counsel,Sent,79
2024-03-15,Avery Lin,Counsel,Received,32
2024-03-05,Avery Lin,Counsel,Sent,25
2024-03-05,Avery Lin,Counsel,Received,3
2024-03-21,Avery Lin,Counsel,Received,156
2024-03-03,Avery Lin,Counsel,Sent,81
2024-03-10,Avery Lin,Counsel,Received,24
2024-03-16,Avery Lin,Counsel,Received,27
2024-03-16,Avery Lin,Counsel,Received,182
2024-03-27,Avery Lin,Counsel,Sent,41
2024-03-22,Avery Lin,Counsel,Received,233
2024-03-05,Avery Lin,Counsel,Received,114
2024-03-20,Avery Lin,Counsel,Received,27
2024-04-19,Avery Lin,Counsel,Received,16
2024-04-06,Avery Lin,Counsel,Received,36
2024-04-13,Avery Lin,Counsel,Sent,69
2024-04-01,Avery Lin,Counsel,Sent,178
2024-04-10,Avery Lin,Counsel,Sent,3
2024-04-04,Avery Lin,Counsel,Received,153
2024-04-30,Avery Lin,Counsel,Received,116
2024-04-04,Avery Lin,Counsel,Received,172
2024-04-09,Avery Lin,Counsel,Received,283
2024-04-20,Avery Lin,Counsel,Sent,171
2024-04-02,Avery Lin,Counsel,Sent,11
2024-04-14,Avery Lin,Counsel,Received,133
2024-04-11,Avery Lin,Counsel,Received,73
2024-04-20,Avery Lin,Counsel,Received,133
2024-05-08,Avery Lin,Counsel,Received,46
2024-05-04,Avery Lin,Counsel,Sent,70
2024-05-02,Avery Lin,Counsel,Received,3
2024-05-11,Avery Lin,Counsel,Received,176
2024-05-05,Avery Lin,Counsel,Received,40
2024-05-19,Avery Lin,Counsel,Received,122
2024-05-19,Avery Lin,Counsel,Received,62
2024-05-22,Avery Lin,Counsel,Sent,49
2024-05-05,Avery Lin,Counsel,Received,230
2024-05-13,Avery Lin,Counsel,Received,144
2024-05-08,Avery Lin,Counsel,Sent,8
2024-05-22,Avery Lin,Counsel,Received,100
2024-05-06,Avery Lin,Counsel,Sent,168
2024-05-13,Avery Lin,Counsel,Sent,13
2024-05-09,Avery Lin,Counsel,Received,91
2024-05-21,Avery Lin,Counsel,Received,35
2024-05-29,Avery Lin,Counsel,Sent,3
2024-05-29,Avery Lin,Counsel,Sent,77
2024-05-15,Avery Lin,Counsel,Received,289
2024-06-28,Avery Lin,Counsel,Sent,105
2024-06-23,Avery Lin,Counsel,Received,58
2024-06-20,Avery Lin,Counsel,Received,59
2024-06-02,Avery Lin,Counsel,Received,86
2024-06-29,Avery Lin,Counsel,Received,173
2024-06-30,Avery Lin,Counsel,Received,25
2024-06-16,Avery Lin,Counsel,Received,116
2024-06-26,Avery Lin,Counsel,Received,71
2024-06-02,Avery Lin,Counsel,Received,28
2024-06-16,Avery Lin,Counsel,Received,30
2024-06-17,Avery Lin,Counsel,Sent,154
2024-06-20,Avery Lin,Counsel,Sent,40
2024-06-01,Avery Lin,Counsel,Received,118
2024-06-12,Avery Lin,Counsel,Received,136
2024-06-12,Avery Lin,Counsel,Sent,9
2024-06-10,Avery Lin,Counsel,Received,7
2024-06-04,Avery Lin,Counsel,Received,3
2024-06-02,Avery Lin,Counsel,Received,19
2024-06-16,Avery Lin,Counsel,Received,86
2024-06-03,Avery Lin,Counsel,Sent,29
2024-06-16,Avery Lin,Counsel,Received,41
2024-06-27,Avery Lin,Counsel,Received,26
2024-06-20,Avery Lin,Counsel,Sent,277
2024-06-05,Avery Lin,Counsel,Sent,130
2024-06-07,Avery Lin,Counsel,Received,171
2024-06-28,Avery Lin,Counsel,Sent,113
2024-06-24,Avery Lin,Counsel,Received,353
2024-06-07,Avery Lin,Counsel,Received,45
2024-06-13,Avery Lin,Counsel,Sent,56
2024-07-03,Avery Lin,Counsel,Sent,342
2024-07-13,Avery Lin,Counsel,Sent,39
2024-07-24,Avery Lin,Counsel,Sent,71
2024-07-21,Avery Lin,Counsel,Received,38
2024-07-03,Avery Lin,Counsel,Received,40
2024-07-11,Avery Lin,Counsel,Sent,123
2024-07-12,Avery Lin,Counsel,Sent,147
2024-07-10,Avery Lin,Counsel,Received,176
2024-07-10,Avery Lin,Counsel,Received,173
2024-07-16,Avery Lin,Counsel,Received,57
2024-07-19,Avery Lin,Counsel,Received,4
2024-07-08,Avery Lin,Counsel,Sent,44
2024-07-12,Avery Lin,Counsel,Received,221
2024-07-20,Avery Lin,Counsel,Received,78
2024-07-08,Avery Lin,Counsel,Received,391
2024-07-18,Avery Lin,Counsel,Sent,218
2024-07-16,Avery Lin,Counsel,Sent,224
2024-07-01,Avery Lin,Counsel,Received,293
2024-07-13,Avery Lin,Counsel,Sent,257
2024-07-01,Avery Lin,Counsel,Sent,105
2024-07-14,Avery Lin,Counsel,Received,3
2024-07-29,Avery Lin,Counsel,Sent,94
2024-07-11,Avery Lin,Counsel,Received,73
2024-07-25,Avery Lin,Counsel,Sent,77
2024-07-24,Avery Lin,Counsel,Sent,3
2024-08-15,Avery Lin,Counsel,Received,266
2024-08-08,Avery Lin,Counsel,Received,102
2024-08-20,Avery Lin,Counsel,Received,169
2024-08-03,Avery Lin,Counsel,Sent,21
2024-08-18,Avery Lin,Counsel,Sent,16
2024-08-06,Avery Lin,Counsel,Sent,235
2024-08-16,Avery Lin,Counsel,Received,52
2024-08-04,Avery Lin,Counsel,Received,3
2024-08-31,Avery Lin,Counsel,Received,82
2024-08-25,Avery Lin,Counsel,Sent,14
2024-08-06,Avery Lin,Counsel,Received,23
2024-08-07,Avery Lin,Counsel,Sent,13
2024-08-04,Avery Lin,Counsel,Received,202
2024-08-16,Avery Lin,Counsel,Received,174
2024-08-28,Avery Lin,Counsel,Received,21
2024-08-24,Avery Lin,Counsel,Sent,151
2024-08-20,Avery Lin,Counsel,Received,31
2024-08-26,Avery Lin,Counsel,Received,113
2024-08-14,Avery Lin,Counsel,Received,158
2024-08-27,Avery Lin,Counsel,Received,138
2024-08-29,Avery Lin,Counsel,Sent,73
2024-08-31,Avery Lin,Counsel,Received,52
2024-08-27,Avery Lin,Counsel,Sent,36
2024-08-28,Avery Lin,Counsel,Sent,71
2024-08-20,Avery Lin,Counsel,Sent,161
2024-08-04,Avery Lin,Counsel,Sent,167
2024-09-29,Avery Lin,Counsel,Received,108
2024-09-08,Avery Lin,Counsel,Received,151
2024-09-23,Avery Lin,Counsel,Received,190
2024-09-15,Avery Lin,Counsel,Sent,38
2024-09-04,Avery Lin,Counsel,Sent,88
2024-09-25,Avery Lin,Counsel,Sent,34
2024-09-17,Avery Lin,Counsel,Sent,5
2024-09-20,Avery Lin,Counsel,Received,237
2024-09-13,Avery Lin,Counsel,Received,5
2024-09-22,Avery Lin,Counsel,Sent,62
2024-09-17,Avery Lin,Counsel,Received,18
2024-09-20,Avery Lin,Counsel,Received,62
2024-09-10,Avery Lin,Counsel,Sent,9
2024-09-06,Avery Lin,Counsel,Received,40
2024-09-20,Avery Lin,Counsel,Sent,9
2024-09-05,Avery Lin,Counsel,Sent,356
2024-09-17,Avery Lin,Counsel,Received,69
2024-09-05,Avery Lin,Counsel,Received,274
2024-09-05,Avery Lin,Counsel,Received,344
2024-09-30,Avery Lin,Counsel,Received,30
2024-09-16,Avery Lin,Counsel,Received,387
2024-09-11,Avery Lin,Counsel,Received,159
2024-09-14,Avery Lin,Counsel,Received,360
2024-09-30,Avery Lin,Counsel,Sent,132
2024-09-27,Avery Lin,Counsel,Received,46
2024-09-24,Avery Lin,Counsel,Sent,17
2024-10-01,Avery Lin,Counsel,Received,456
2024-10-13,Avery Lin,Counsel,Sent,139
2024-10-28,Avery Lin,Counsel,Sent,8
2024-10-22,Avery Lin,Counsel,Sent,294
2024-10-26,Avery Lin,Counsel,Received,197
2024-10-19,Avery Lin,Counsel,Received,64
2024-10-08,Avery Lin,Counsel,Received,75
2024-10-14,Avery Lin,Counsel,Received,23
2024-10-09,Avery Lin,Counsel,Sent,16
2024-10-15,Avery Lin,Counsel,Sent,22
2024-10-24,Avery Lin,Counsel,Received,23
2024-10-14,Avery Lin,Counsel,Sent,16
2024-10-01,Avery Lin,Counsel,Received,79
2024-12-07,Avery Lin,Counsel,Received,48
2024-12-15,Avery Lin,Counsel,Sent,175
2024-12-03,Avery Lin,Counsel,Received,17
2024-12-03,Avery Lin,Counsel,Sent,5
2024-12-31,Avery Lin,Counsel,Received,170
2024-12-26,Avery Lin,Counsel,Sent,294
2024-12-21,Avery Lin,Counsel,Sent,98
2024-12-31,Avery Lin,Counsel,Received,19
2024-12-12,Avery Lin,Counsel,Received,3
2024-12-20,Avery Lin,Counsel,Received,17
2024-12-06,Avery Lin,Counsel,Received,27
2024-12-17,Avery Lin,Counsel,Received,12
2024-12-19,Avery Lin,Counsel,Received,116
2024-12-21,Avery Lin,Counsel,Sent,278
2024-12-20,Avery Lin,Counsel,Received,146
2024-12-18,Avery Lin,Counsel,Sent,79
2019-05-26,Mara Okafor,Researcher,Received,41
2019-05-29,Mara Okafor,Researcher,Sent,3
2019-05-16,Mara Okafor,Researcher,Sent,23
2019-05-04,Mara Okafor,Researcher,Sent,218
2019-05-13,Mara Okafor,Researcher,Sent,3
2019-05-04,Mara Okafor,Researcher,Sent,242
2019-05-15,Mara Okafor,Researcher,Sent,399
2019-05-19,Mara Okafor,Researcher,Received,114
2019-05-06,Mara Okafor,Researcher,Sent,25
2019-05-16,Mara Okafor,Researcher,Received,198
2019-05-29,Mara Okafor,Researcher,Received,120
2019-05-19,Mara Okafor,Researcher,Received,100
2019-06-16,Mara Okafor,Researcher,Sent,405
2019-06-14,Mara Okafor,Researcher,Received,111
2019-06-04,Mara Okafor,Researcher,Received,15
2019-06-29,Mara Okafor,Researcher,Sent,63
2019-06-25,Mara Okafor,Researcher,Sent,33
2019-06-11,Mara Okafor,Researcher,Sent,40
2019-06-07,Mara Okafor,Researcher,Sent,135
2019-06-05,Mara Okafor,Researcher,Sent,141
2019-06-23,Mara Okafor,Researcher,Sent,19
2019-06-15,Mara Okafor,Researcher,Sent,37
2019-06-11,Mara Okafor,Researcher,Sent,39
2019-06-09,Mara Okafor,Researcher,Received,51
2019-06-18,Mara Okafor,Researcher,Received,117
2019-07-24,Mara Okafor,Researcher,Sent,123
2019-07-08,Mara Okafor,Researcher,Sent,10
2019-07-07,Mara Okafor,Researcher,Sent,29
2019-07-30,Mara Okafor,Researcher,Received,136
2019-07-28,Mara Okafor,Researcher,Sent,5
2019-07-31,Mara Okafor,Researcher,Sent,248
2019-07-23,Mara Okafor,Researcher,Received,67
2019-07-08,Mara Okafor,Researcher,Received,70
2019-07-18,Mara Okafor,Researcher,Received,5
2019-07-01,Mara Okafor,Researcher,Sent,281
2019-07-25,Mara Okafor,Researcher,Received,111
2019-07-06,Mara Okafor,Researcher,Sent,48
2019-07-23,Mara Okafor,Researcher,Received,197
2019-07-26,Mara Okafor,Researcher,Received,106
2019-07-07,Mara Okafor,Researcher,Sent,164
2019-09-04,Mara Okafor,Researcher,Sent,151
2019-09-08,Mara Okafor,Researcher,Sent,118
2019-09-28,Mara Okafor,Researcher,Sent,167
2019-09-24,Mara Okafor,Researcher,Received,121
2019-09-20,Mara Okafor,Researcher,Received,118
2019-09-17,Mara Okafor,Researcher,Sent,135
2019-09-04,Mara Okafor,Researcher,Sent,119
2019-09-02,Mara Okafor,Researcher,Sent,66
2019-09-30,Mara Okafor,Researcher,Sent,43
2019-09-15,Mara Okafor,Researcher,Sent,3
2019-09-14,Mara Okafor,Researcher,Sent,140
2019-09-02,Mara Okafor,Researcher,Sent,29
2019-09-24,Mara Okafor,Researcher,Sent,24
2019-09-22,Mara Okafor,Researcher,Received,155
2019-09-07,Mara Okafor,Researcher,Sent,306
2019-09-28,Mara Okafor,Researcher,Sent,26
2019-09-30,Mara Okafor,Researcher,Sent,44
2019-09-19,Mara Okafor,Researcher,Sent,123
2019-09-13,Mara Okafor,Researcher,Sent,150
2019-10-27,Mara Okafor,Researcher,Sent,265
2019-10-15,Mara Okafor,Researcher,Received,42
2019-10-22,Mara Okafor,Researcher,Received,131
2019-10-21,Mara Okafor,Researcher,Received,5
2019-10-31,Mara Okafor,Researcher,Received,95
2019-10-09,Mara Okafor,Researcher,Received,72
2019-10-17,Mara Okafor,Researcher,Sent,85
2019-10-27,Mara Okafor,Researcher,Sent,213
2019-10-31,Mara Okafor,Researcher,Received,212
2019-10-06,Mara Okafor,Researcher,Sent,12
2019-10-23,Mara Okafor,Researcher,Sent,126
2019-10-31,Mara Okafor,Researcher,Received,42
2019-10-01,Mara Okafor,Researcher,Sent,512
2019-10-02,Mara Okafor,Researcher,Sent,166
2019-10-14,Mara Okafor,Researcher,Received,30
2019-10-20,Mara Okafor,Researcher,Received,161
2019-10-07,Mara Okafor,Researcher,Sent,20
2019-11-29,Mara Okafor,Researcher,Sent,37
2019-11-28,Mara Okafor,Researcher,Sent,14
2019-11-23,Mara Okafor,Researcher,Received,5
2019-11-26,Mara Okafor,Researcher,Sent,29
2019-11-20,Mara Okafor,Researcher,Received,125
2019-11-14,Mara Okafor,Researcher,Received,385
2019-11-30,Mara Okafor,Researcher,Received,179
2019-11-03,Mara Okafor,Researcher,Sent,38
2019-11-06,Mara Okafor,Researcher,Sent,78
2019-11-30,Mara Okafor,Researcher,Received,487
2019-11-14,Mara Okafor,Researcher,Sent,13
2019-11-16,Mara Okafor,Researcher,Received,3
2019-11-04,Mara Okafor,Researcher,Sent,137
2019-11-26,Mara Okafor,Researcher,Sent,80
2019-11-03,Mara Okafor,Researcher,Sent,49
2019-12-01,Mara Okafor,Researcher,Sent,17
2019-12-07,Mara Okafor,Researcher,Sent,98
2019-12-13,Mara Okafor,Researcher,Sent,99
2019-12-23,Mara Okafor,Researcher,Sent,78
2019-12-03,Mara Okafor,Researcher,Received,46
2019-12-26,Mara Okafor,Researcher,Sent,7
2019-12-04,Mara Okafor,Researcher,Sent,234
2019-12-17,Mara Okafor,Researcher,Sent,12
2019-12-21,Mara Okafor,Researcher,Received,96
2019-12-22,Mara Okafor,Researcher,Sent,40
2019-12-09,Mara Okafor,Researcher,Sent,73
2019-12-30,Mara Okafor,Researcher,Sent,33
2020-01-30,Mara Okafor,Researcher,Received,13
2020-01-12,Mara Okafor,Researcher,Sent,268
2020-01-16,Mara Okafor,Researcher,Sent,181
2020-01-26,Mara Okafor,Researcher,Sent,120
2020-01-07,Mara Okafor,Researcher,Sent,91
2020-01-28,Mara Okafor,Researcher,Sent,88
2020-01-15,Mara Okafor,Researcher,Sent,100
2020-01-31,Mara Okafor,Researcher,Received,218
2020-01-10,Mara Okafor,Researcher,Received,158
2020-01-12,Mara Okafor,Researcher,Received,90
2020-01-26,Mara Okafor,Researcher,Received,126
2020-01-18,Mara Okafor,Researcher,Sent,31
2020-01-08,Mara Okafor,Researcher,Sent,307
2020-02-13,Mara Okafor,Researcher,Sent,64
2020-02-20,Mara Okafor,Researcher,Sent,108
2020-02-06,Mara Okafor,Researcher,Received,147
2020-02-26,Mara Okafor,Researcher,Received,194
2020-02-03,Mara Okafor,Researcher,Received,47
2020-02-28,Mara Okafor,Researcher,Sent,79
2020-02-20,Mara Okafor,Researcher,Sent,254
2020-02-29,Mara Okafor,Researcher,Received,44
2020-02-08,Mara Okafor,Researcher,Sent,25
2020-02-09,Mara Okafor,Researcher,Received,20
2020-02-29,Mara Okafor,Researcher,Sent,204
2020-02-13,Mara Okafor,Researcher,Received,43
2020-03-03,Mara Okafor,Researcher,Sent,42
2020-03-21,Mara Okafor,Researcher,Sent,138
2020-03-09,Mara Okafor,Researcher,Received,23
2020-03-16,Mara Okafor,Researcher,Sent,9
2020-03-30,Mara Okafor,Researcher,Received,98
2020-03-19,Mara Okafor,Researcher,Received,494
2020-03-15,Mara Okafor,Researcher,Sent,128
2020-03-17,Mara Okafor,Researcher,Sent,239
2020-03-24,Mara Okafor,Researcher,Received,40
2020-03-21,Mara Okafor,Researcher,Sent,134
2020-03-01,Mara Okafor,Researcher,Sent,213
2020-03-26,Mara Okafor,Researcher,Received,12
2020-03-20,Mara Okafor,Researcher,Received,137
2020-03-27,Mara Okafor,Researcher,Sent,49
2020-03-08,Mara Okafor,Researcher,Sent,374
2020-03-16,Mara Okafor,Researcher,Sent,335
2020-03-29,Mara Okafor,Researcher,Sent,62
2020-03-30,Mara Okafor,Researcher,Sent,35
2020-03-23,Mara Okafor,Researcher,Sent,14
2020-03-03,Mara Okafor,Researcher,Received,14
2020-03-13,Mara Okafor,Researcher,Sent,15
2020-03-14,Mara Okafor,Researcher,Received,698
2020-03-18,Mara Okafor,Researcher,Sent,43
2020-03-02,Mara Okafor,Researcher,Sent,271
2020-03-09,Mara Okafor,Researcher,Received,4
2020-04-18,Mara Okafor,Researcher,Sent,204
2020-04-30,Mara Okafor,Researcher,Sent,293
2020-04-28,Mara Okafor,Researcher,Received,110
2020-04-23,Mara Okafor,Researcher,Sent,7
2020-04-14,Mara Okafor,Researcher,Sent,200
2020-04-23,Mara Okafor,Researcher,Sent,199
2020-04-19,Mara Okafor,Researcher,Sent,12
2020-04-18,Mara Okafor,Researcher,Received,383
2020-04-20,Mara Okafor,Researcher,Sent,33
2020-04-26,Mara Okafor,Researcher,Sent,155
2020-04-21,Mara Okafor,Researcher,Sent,47
2020-04-08,Mara Okafor,Researcher,Received,83
2020-04-15,Mara Okafor,Researcher,Received,39
2020-04-30,Mara Okafor,Researcher,Sent,188
2020-04-02,Mara Okafor,Researcher,Sent,131
2020-04-02,Mara Okafor,Researcher,Sent,547
2020-04-18,Mara Okafor,Researcher,Received,72
2020-04-20,Mara Okafor,Researcher,Sent,65
2020-05-09,Mara Okafor,Researcher,Sent,200
2020-05-11,Mara Okafor,Researcher,Sent,23
2020-05-01,Mara Okafor,Researcher,Received,96
2020-05-28,Mara Okafor,Researcher,Received,142
2020-05-11,Mara Okafor,Researcher,Received,210
2020-05-18,Mara Okafor,Researcher,Received,92
2020-05-13,Mara Okafor,Researcher,Sent,218
2020-05-16,Mara Okafor,Researcher,Received,82
2020-05-15,Mara Okafor,Researcher,Sent,88
2020-05-21,Mara Okafor,Researcher,Sent,52
2020-05-19,Mara Okafor,Researcher,Sent,17
2020-05-06,Mara Okafor,Researcher,Received,57
2020-05-05,Mara Okafor,Researcher,Sent,25
2020-05-18,Mara Okafor,Researcher,Sent,221
2020-05-24,Mara Okafor,Researcher,Sent,116
2020-05-07,Mara Okafor,Researcher,Received,448
2020-05-03,Mara Okafor,Researcher,Sent,83
2020-05-14,Mara Okafor,Researcher,Received,49
2020-05-30,Mara Okafor,Researcher,Sent,12
2020-05-07,Mara Okafor,Researcher,Sent,32
2020-06-23,Mara Okafor,Researcher,Sent,62
2020-06-10,Mara Okafor,Researcher,Received,33
2020-06-19,Mara Okafor,Researcher,Sent,92
2020-06-23,Mara Okafor,Researcher,Sent,140
2020-06-15,Mara Okafor,Researcher,Sent,13
2020-06-03,Mara Okafor,Researcher,Sent,6
2020-06-06,Mara Okafor,Researcher,Received,17
2020-06-02,Mara Okafor,Researcher,Received,10
2020-06-20,Mara Okafor,Researcher,Sent,14
2020-06-23,Mara Okafor,Researcher,Sent,36
2020-06-30,Mara Okafor,Researcher,Sent,295
2020-06-01,Mara Okafor,Researcher,Sent,61
2020-06-19,Mara Okafor,Researcher,Sent,16
2020-06-27,Mara Okafor,Researcher,Sent,28
2020-06-29,Mara Okafor,Researcher,Received,106
2020-06-23,Mara Okafor,Researcher,Sent,29
2020-06-27,Mara Okafor,Researcher,Sent,142
2020-06-14,Mara Okafor,Researcher,Received,417
2020-06-28,Mara Okafor,Researcher,Sent,554
2020-06-30,Mara Okafor,Researcher,Sent,44
2020-06-23,Mara Okafor,Researcher,Sent,323
2020-06-28,Mara Okafor,Researcher,Received,246
2020-06-29,Mara Okafor,Researcher,Received,110
2020-06-20,Mara Okafor,Researcher,Received,80
2020-06-14,Mara Okafor,Researcher,Sent,500
2020-06-13,Mara Okafor,Researcher,Sent,44
2020-08-25,Mara Okafor,Researcher,Received,178
2020-08-31,Mara Okafor,Researcher,Sent,173
2020-08-18,Mara Okafor,Researcher,Sent,138
2020-08-01,Mara Okafor,Researcher,Received,24
2020-08-31,Mara Okafor,Researcher,Sent,15
2020-08-12,Mara Okafor,Researcher,Sent,83
2020-08-26,Mara Okafor,Researcher,Received,108
2020-08-14,Mara Okafor,Researcher,Sent,188
2020-08-18,Mara Okafor,Researcher,Sent,220
2020-08-06,Mara Okafor,Researcher,Received,95
2020-08-17,Mara Okafor,Researcher,Received,36
2020-08-01,Mara Okafor,Researcher,Sent,6
2020-08-21,Mara Okafor,Researcher,Sent,16
2020-09-12,Mara Okafor,Researcher,Sent,291
2020-09-06,Mara Okafor,Researcher,Received,200
2020-09-06,Mara Okafor,Researcher,Received,156
2020-09-06,Mara Okafor,Researcher,Sent,71
2020-09-21,Mara Okafor,Researcher,Sent,96
2020-09-18,Mara Okafor,Researcher,Sent,111
2020-09-23,Mara Okafor,Researcher,Received,160
2020-09-19,Mara Okafor,Researcher,Sent,100
2020-09-25,Mara Okafor,Researcher,Received,67
2020-09-23,Mara Okafor,Researcher,Sent,14
2020-09-30,Mara Okafor,Researcher,Sent,18
2020-09-14,Mara Okafor,Researcher,Sent,72
2020-09-24,Mara Okafor,Researcher,Sent,98
2020-09-20,Mara Okafor,Researcher,Sent,25
2020-09-08,Mara Okafor,Researcher,Received,273
2020-09-28,Mara Okafor,Researcher,Received,82
2020-09-14,Mara Okafor,Researcher,Received,23
2020-09-08,Mara Okafor,Researcher,Received,112
2020-09-10,Mara Okafor,Researcher,Sent,85
2020-09-04,Mara Okafor,Researcher,Received,193
2020-09-07,Mara Okafor,Researcher,Received,356
2020-09-13,Mara Okafor,Researcher,Received,251
2020-09-05,Mara Okafor,Researcher,Received,45
2020-09-16,Mara Okafor,Researcher,Received,74
2020-09-16,Mara Okafor,Researcher,Received,446
2020-09-15,Mara Okafor,Researcher,Sent,105
2020-09-23,Mara Okafor,Researcher,Sent,59
2020-09-09,Mara Okafor,Researcher,Received,8
2020-09-02,Mara Okafor,Researcher,Sent,127
2020-09-25,Mara Okafor,Researcher,Received,123
2020-09-03,Mara Okafor,Researcher,Sent,27
2020-09-30,Mara Okafor,Researcher,Received,118
2020-09-27,Mara Okafor,Researcher,Sent,139
2020-09-12,Mara Okafor,Researcher,Sent,80
2020-09-02,Mara Okafor,Researcher,Received,69
2020-09-21,Mara Okafor,Researcher,Sent,23
2020-09-20,Mara Okafor,Researcher,Received,45
2020-09-30,Mara Okafor,Researcher,Sent,194
2020-09-15,Mara Okafor,Researcher,Sent,304
2020-09-22,Mara Okafor,Researcher,Sent,133
2020-09-18,Mara Okafor,Researcher,Received,63
2020-09-10,Mara Okafor,Researcher,Received,27
2020-09-13,Mara Okafor,Researcher,Received,52
2020-09-08,Mara Okafor,Researcher,Received,32
2020-09-23,Mara Okafor,Researcher,Sent,195
2020-09-13,Mara Okafor,Researcher,Sent,39
2020-09-06,Mara Okafor,Researcher,Sent,257
2020-09-07,Mara Okafor,Researcher,Received,304
2020-09-26,Mara Okafor,Researcher,Sent,159
2020-09-18,Mara Okafor,Researcher,Sent,139
2020-09-13,Mara Okafor,Researcher,Sent,23
2020-09-04,Mara Okafor,Researcher,Received,38
2020-09-26,Mara Okafor,Researcher,Received,3
2020-09-14,Mara Okafor,Researcher,Received,184
2020-09-26,Mara Okafor,Researcher,Received,19
2020-09-10,Mara Okafor,Researcher,Sent,106
2020-09-28,Mara Okafor,Researcher,Received,592
2020-09-12,Mara Okafor,Researcher,Sent,3
2020-09-11,Mara Okafor,Researcher,Sent,479
2020-09-14,Mara Okafor,Researcher,Received,174
2020-09-05,Mara Okafor,Researcher,Sent,182
2020-09-21,Mara Okafor,Researcher,Received,151
2020-09-02,Mara Okafor,Researcher,Received,10
2020-09-11,Mara Okafor,Researcher,Received,85
2020-09-12,Mara Okafor,Researcher,Sent,23
2020-09-08,Mara Okafor,Researcher,Received,111
2020-09-30,Mara Okafor,Researcher,Sent,323
2020-09-09,Mara Okafor,Researcher,Received,68
2020-09-09,Mara Okafor,Researcher,Received,73
2020-09-16,Mara Okafor,Researcher,Sent,118
2020-09-01,Mara Okafor,Researcher,Received,74
2020-09-30,Mara Okafor,Researcher,Received,30
2020-09-14,Mara Okafor,Researcher,Received,21
2020-09-09,Mara Okafor,Researcher,Sent,72
2020-09-19,Mara Okafor,Researcher,Sent,631
2020-09-06,Mara Okafor,Researcher,Sent,107
2020-09-27,Mara Okafor,Researcher,Sent,22
2020-09-03,Mara Okafor,Researcher,Received,133
2020-09-29,Mara Okafor,Researcher,Received,452
2020-09-28,Mara Okafor,Researcher,Sent,63
2020-09-28,Mara Okafor,Researcher,Sent,9
2020-09-16,Mara Okafor,Researcher,Received,338
2020-09-27,Mara Okafor,Researcher,Received,305
2020-09-25,Mara Okafor,Researcher,Sent,17
2020-09-08,Mara Okafor,Researcher,Sent,47
2020-09-26,Mara Okafor,Researcher,Received,211
2020-09-29,Mara Okafor,Researcher,Received,54
2020-09-09,Mara Okafor,Researcher,Received,71
2020-09-17,Mara Okafor,Researcher,Received,35
2020-09-20,Mara Okafor,Researcher,Sent,83
2020-09-16,Mara Okafor,Researcher,Sent,212
2020-09-26,Mara Okafor,Researcher,Received,96
2020-09-21,Mara Okafor,Researcher,Sent,47
2020-09-09,Mara Okafor,Researcher,Sent,144
2020-09-07,Mara Okafor,Researcher,Sent,122
2020-09-26,Mara Okafor,Researcher,Sent,31
2020-09-28,Mara Okafor,Researcher,Received,4
2020-09-19,Mara Okafor,Researcher,Received,230
2020-09-02,Mara Okafor,Researcher,Sent,40
2020-09-09,Mara Okafor,Researcher,Sent,139
2020-09-14,Mara Okafor,Researcher,Received,27
2020-09-16,Mara Okafor,Researcher,Sent,29
2020-09-16,Mara Okafor,Researcher,Received,23
2020-09-23,Mara Okafor,Researcher,Sent,7
2020-09-07,Mara Okafor,Researcher,Sent,178
2020-09-12,Mara Okafor,Researcher,Received,17
2020-09-17,Mara Okafor,Researcher,Received,89
2020-09-09,Mara Okafor,Researcher,Sent,54
2020-09-16,Mara Okafor,Researcher,Sent,111
2020-09-06,Mara Okafor,Researcher,Sent,279
2020-09-01,Mara Okafor,Researcher,Sent,38
2020-09-05,Mara Okafor,Researcher,Received,135
2020-09-24,Mara Okafor,Researcher,Sent,199
2020-09-08,Mara Okafor,Researcher,Sent,70
2020-09-05,Mara Okafor,Researcher,Sent,49
2020-09-13,Mara Okafor,Researcher,Sent,54
2020-09-24,Mara Okafor,Researcher,Sent,158
2020-09-19,Mara Okafor,Researcher,Sent,306
2020-09-04,Mara Okafor,Researcher,Sent,167
2020-09-21,Mara Okafor,Researcher,Sent,151
2020-09-10,Mara Okafor,Researcher,Sent,178
2020-09-16,Mara Okafor,Researcher,Received,38
2020-09-14,Mara Okafor,Researcher,Received,240
2020-09-15,Mara Okafor,Researcher,Sent,95
2020-09-24,Mara Okafor,Researcher,Sent,69
2020-09-09,Mara Okafor,Researcher,Sent,171
2020-09-29,Mara Okafor,Researcher,Received,48
2020-09-01,Mara Okafor,Researcher,Sent,56
2020-09-18,Mara Okafor,Researcher,Sent,155
2020-09-10,Mara Okafor,Researcher,Sent,65
2020-09-06,Mara Okafor,Researcher,Sent,269
2020-09-19,Mara Okafor,Researcher,Received,45
2020-09-28,Mara Okafor,Researcher,Received,153
2020-09-28,Mara Okafor,Researcher,Sent,10
2020-09-15,Mara Okafor,Researcher,Sent,562
2020-09-10,Mara Okafor,Researcher,Sent,15
2020-09-09,Mara Okafor,Researcher,Received,166
2020-09-13,Mara Okafor,Researcher,Received,203
2020-09-14,Mara Okafor,Researcher,Sent,21
2020-09-25,Mara Okafor,Researcher,Sent,64
2020-09-22,Mara Okafor,Researcher,Sent,47
2020-09-03,Mara Okafor,Researcher,Sent,255
2020-09-13,Mara Okafor,Researcher,Received,133
2020-09-05,Mara Okafor,Researcher,Received,120
2020-09-04,Mara Okafor,Researcher,Received,45
2020-09-09,Mara Okafor,Researcher,Received,127
2020-09-12,Mara Okafor,Researcher,Received,383
2020-09-25,Mara Okafor,Researcher,Received,219
2020-09-03,Mara Okafor,Researcher,Sent,14
2020-09-01,Mara Okafor,Researcher,Received,26
2020-09-16,Mara Okafor,Researcher,Received,462
2020-09-05,Mara Okafor,Researcher,Received,31
2020-09-03,Mara Okafor,Researcher,Sent,86
2020-09-10,Mara Okafor,Researcher,Sent,24
2020-09-08,Mara Okafor,Researcher,Received,3
2020-09-07,Mara Okafor,Researcher,Sent,94
2020-09-06,Mara Okafor,Researcher,Sent,140
2020-09-17,Mara Okafor,Researcher,Received,9
2020-09-29,Mara Okafor,Researcher,Received,104
2020-09-27,Mara Okafor,Researcher,Sent,52
2020-09-18,Mara Okafor,Researcher,Sent,21
2020-09-13,Mara Okafor,Researcher,Sent,25
2020-09-13,Mara Okafor,Researcher,Sent,208
2020-09-24,Mara Okafor,Researcher,Sent,215
2020-09-12,Mara Okafor,Researcher,Sent,324
2020-10-26,Mara Okafor,Researcher,Sent,122
2020-10-07,Mara Okafor,Researcher,Sent,104
2020-10-22,Mara Okafor,Researcher,Sent,161
2020-10-28,Mara Okafor,Researcher,Sent,370
2020-10-05,Mara Okafor,Researcher,Sent,174
2020-10-29,Mara Okafor,Researcher,Received,50
2020-10-30,Mara Okafor,Researcher,Sent,197
2020-10-12,Mara Okafor,Researcher,Sent,141
2020-10-28,Mara Okafor,Researcher,Sent,80
2020-10-19,Mara Okafor,Researcher,Received,46
2020-10-03,Mara Okafor,Researcher,Received,32
2020-10-11,Mara Okafor,Researcher,Sent,137
2020-10-08,Mara Okafor,Researcher,Received,5
2020-10-17,Mara Okafor,Researcher,Sent,49
2020-10-31,Mara Okafor,Researcher,Sent,109
2020-10-04,Mara Okafor,Researcher,Received,9
2020-10-22,Mara Okafor,Researcher,Sent,222
2020-10-09,Mara Okafor,Researcher,Sent,34
2020-10-21,Mara Okafor,Researcher,Sent,289
2020-10-30,Mara Okafor,Researcher,Received,249
2020-10-09,Mara Okafor,Researcher,Sent,207
2020-10-21,Mara Okafor,Researcher,Sent,90
2020-10-06,Mara Okafor,Researcher,Sent,47
2020-10-23,Mara Okafor,Researcher,Sent,192
2020-10-26,Mara Okafor,Researcher,Received,423
2020-10-01,Mara Okafor,Researcher,Sent,45
2020-10-06,Mara Okafor,Researcher,Sent,148
2020-11-12,Mara Okafor,Researcher,Sent,87
2020-11-08,Mara Okafor,Researcher,Sent,222
2020-11-29,Mara Okafor,Researcher,Received,51
2020-11-28,Mara Okafor,Researcher,Received,39
2020-11-04,Mara Okafor,Researcher,Sent,11
2020-11-30,Mara Okafor,Researcher,Received,187
2020-11-06,Mara Okafor,Researcher,Received,88
2020-11-12,Mara Okafor,Researcher,Received,49
2020-11-21,Mara Okafor,Researcher,Received,75
2020-11-20,Mara Okafor,Researcher,Received,24
2020-11-15,Mara Okafor,Researcher,Sent,326
2020-11-12,Mara Okafor,Researcher,Received,6
2020-11-16,Mara Okafor,Researcher,Sent,6
2020-11-09,Mara Okafor,Researcher,Sent,50
2020-11-16,Mara Okafor,Researcher,Sent,95
2020-11-09,Mara Okafor,Researcher,Sent,18
2020-11-09,Mara Okafor,Researcher,Received,42
2020-11-16,Mara Okafor,Researcher,Sent,15
2020-11-30,Mara Okafor,Researcher,Received,12
2020-11-05,Mara Okafor,Researcher,Sent,73
2020-12-21,Mara Okafor,Researcher,Sent,20
2020-12-26,Mara Okafor,Researcher,Received,207
2020-12-27,Mara Okafor,Researcher,Received,246
2020-12-22,Mara Okafor,Researcher,Sent,171
2020-12-30,Mara Okafor,Researcher,Sent,54
2020-12-02,Mara Okafor,Researcher,Sent,36
2020-12-23,Mara Okafor,Researcher,Sent,45
2020-12-18,Mara Okafor,Researcher,Sent,112
2020-12-23,Mara Okafor,Researcher,Received,16
2020-12-18,Mara Okafor,Researcher,Sent,81
2020-12-11,Mara Okafor,Researcher,Sent,103
2020-12-28,Mara Okafor,Researcher,Sent,55
2020-12-12,Mara Okafor,Researcher,Received,46
2020-12-13,Mara Okafor,Researcher,Received,4
2020-12-08,Mara Okafor,Researcher,Sent,201
2020-12-14,Mara Okafor,Researcher,Received,194
2020-12-22,Mara Okafor,Researcher,Received,127
2020-12-16,Mara Okafor,Researcher,Received,41
2021-02-19,Mara Okafor,Researcher,Received,23
2021-02-13,Mara Okafor,Researcher,Sent,54
2021-02-24,Mara Okafor,Researcher,Sent,267
2021-02-19,Mara Okafor,Researcher,Sent,411
2021-02-17,Mara Okafor,Researcher,Sent,218
2021-02-05,Mara Okafor,Researcher,Sent,12
2021-02-19,Mara Okafor,Researcher,Sent,44
2021-02-13,Mara Okafor,Researcher,Sent,147
2021-02-21,Mara Okafor,Researcher,Received,30
2021-02-28,Mara Okafor,Researcher,Sent,102
2021-02-08,Mara Okafor,Researcher,Sent,249
2021-02-20,Mara Okafor,Researcher,Received,88
2021-02-05,Mara Okafor,Researcher,Received,111
2021-02-23,Mara Okafor,Researcher,Sent,4
2021-02-25,Mara Okafor,Researcher,Sent,96
2021-02-26,Mara Okafor,Researcher,Sent,109
2021-02-11,Mara Okafor,Researcher,Sent,3
2021-03-31,Mara Okafor,Researcher,Sent,72
2021-03-12,Mara Okafor,Researcher,Sent,53
2021-03-09,Mara Okafor,Researcher,Sent,137
2021-03-20,Mara Okafor,Researcher,Received,3
2021-03-23,Mara Okafor,Researcher,Sent,44
2021-03-14,Mara Okafor,Researcher,Sent,88
2021-03-05,Mara Okafor,Researcher,Sent,336
2021-03-31,Mara Okafor,Researcher,Sent,71
2021-03-19,Mara Okafor,Researcher,Received,77
2021-03-03,Mara Okafor,Researcher,Received,214
2021-03-28,Mara Okafor,Researcher,Sent,3
2021-03-27,Mara Okafor,Researcher,Received,121
2021-03-31,Mara Okafor,Researcher,Sent,94
2021-03-30,Mara Okafor,Researcher,Sent,42
2021-03-31,Mara Okafor,Researcher,Received,54
2021-03-11,Mara Okafor,Researcher,Sent,19
2021-03-21,Mara Okafor,Researcher,Received,269
2021-03-24,Mara Okafor,Researcher,Received,312
2021-03-19,Mara Okafor,Researcher,Sent,76
2021-03-14,Mara Okafor,Researcher,Sent,223
2021-05-02,Mara Okafor,Researcher,Received,138
2021-05-10,Mara Okafor,Researcher,Sent,216
2021-05-05,Mara Okafor,Researcher,Received,24
2021-05-18,Mara Okafor,Researcher,Sent,527
2021-05-18,Mara Okafor,Researcher,Received,136
2021-05-23,Mara Okafor,Researcher,Received,288
2021-05-06,Mara Okafor,Researcher,Received,33
2021-05-04,Mara Okafor,Researcher,Received,4
2021-05-09,Mara Okafor,Researcher,Received,438
2021-05-13,Mara Okafor,Researcher,Received,141
2021-05-15,Mara Okafor,Researcher,Sent,56
2021-05-29,Mara Okafor,Researcher,Sent,462
2021-05-27,Mara Okafor,Researcher,Sent,61
2021-05-25,Mara Okafor,Researcher,Sent,72
2021-05-11,Mara Okafor,Researcher,Sent,15
2021-05-05,Mara Okafor,Researcher,Received,11
2021-05-24,Mara Okafor,Researcher,Sent,20
2021-05-07,Mara Okafor,Researcher,Received,8
2021-05-21,Mara Okafor,Researcher,Sent,100
2021-05-24,Mara Okafor,Researcher,Sent,158
2021-05-03,Mara Okafor,Researcher,Sent,180
2021-05-18,Mara Okafor,Researcher,Sent,307
2021-05-29,Mara Okafor,Researcher,Sent,100
2021-05-28,Mara Okafor,Researcher,Received,85
2021-05-24,Mara Okafor,Researcher,Sent,11
2021-05-29,Mara Okafor,Researcher,Sent,206
2021-05-15,Mara Okafor,Researcher,Sent,16
2021-05-26,Mara Okafor,Researcher,Sent,134
2021-05-21,Mara Okafor,Researcher,Sent,84
2021-05-15,Mara Okafor,Researcher,Sent,30
2021-05-26,Mara Okafor,Researcher,Sent,98
2021-05-15,Mara Okafor,Researcher,Received,54
2021-05-27,Mara Okafor,Researcher,Received,73
2021-05-07,Mara Okafor,Researcher,Received,51
2021-05-15,Mara Okafor,Researcher,Received,45
2021-05-23,Mara Okafor,Researcher,Sent,35
2021-05-18,Mara Okafor,Researcher,Sent,3
2021-05-28,Mara Okafor,Researcher,Sent,145
2021-05-17,Mara Okafor,Researcher,Received,218
2021-05-02,Mara Okafor,Researcher,Received,177
2021-05-13,Mara Okafor,Researcher,Sent,46
2021-05-30,Mara Okafor,Researcher,Sent,52
2021-05-01,Mara Okafor,Researcher,Sent,34
2021-05-21,Mara Okafor,Researcher,Sent,96
2021-05-31,Mara Okafor,Researcher,Sent,25
2021-06-07,Mara Okafor,Researcher,Sent,17
2021-06-05,Mara Okafor,Researcher,Received,239
2021-06-22,Mara Okafor,Researcher,Received,39
2021-06-20,Mara Okafor,Researcher,Received,54
2021-06-08,Mara Okafor,Researcher,Received,242
2021-06-27,Mara Okafor,Researcher,Sent,145
2021-06-04,Mara Okafor,Researcher,Sent,136
2021-06-09,Mara Okafor,Researcher,Sent,34
2021-06-30,Mara Okafor,Researcher,Sent,68
2021-06-17,Mara Okafor,Researcher,Sent,231
2021-06-12,Mara Okafor,Researcher,Received,116
2021-06-08,Mara Okafor,Researcher,Sent,9
2021-06-11,Mara Okafor,Researcher,Received,54
2021-06-21,Mara Okafor,Researcher,Received,286
2021-06-20,Mara Okafor,Researcher,Sent,54
2021-06-27,Mara Okafor,Researcher,Sent,177
2021-06-21,Mara Okafor,Researcher,Received,7
2021-06-13,Mara Okafor,Researcher,Received,114
2021-06-02,Mara Okafor,Researcher,Sent,92
2021-06-10,Mara Okafor,Researcher,Sent,255
2021-06-21,Mara Okafor,Researcher,Received,50
2021-06-17,Mara Okafor,Researcher,Sent,95
2021-07-28,Mara Okafor,Researcher,Sent,34
2021-07-27,Mara Okafor,Researcher,Sent,24
2021-07-10,Mara Okafor,Researcher,Received,111
2021-07-16,Mara Okafor,Researcher,Sent,54
2021-07-25,Mara Okafor,Researcher,Received,18
2021-07-31,Mara Okafor,Researcher,Sent,6
2021-07-07,Mara Okafor,Researcher,Sent,18
2021-07-03,Mara Okafor,Researcher,Sent,55
2021-07-01,Mara Okafor,Researcher,Received,69
2021-07-07,Mara Okafor,Researcher,Sent,54
2021-07-30,Mara Okafor,Researcher,Sent,158
2021-07-15,Mara Okafor,Researcher,Sent,16
2021-07-19,Mara Okafor,Researcher,Received,65
2021-07-24,Mara Okafor,Researcher,Received,4
2021-07-17,Mara Okafor,Researcher,Received,69
2021-07-15,Mara Okafor,Researcher,Sent,7
2021-07-18,Mara Okafor,Researcher,Sent,64
2021-07-28,Mara Okafor,Researcher,Received,365
2021-07-31,Mara Okafor,Researcher,Sent,43
2021-07-06,Mara Okafor,Researcher,Received,19
2021-07-04,Mara Okafor,Researcher,Sent,29
2021-07-14,Mara Okafor,Researcher,Sent,239
2021-07-05,Mara Okafor,Researcher,Received,61
2021-07-10,Mara Okafor,Researcher,Received,275
2021-07-24,Mara Okafor,Researcher,Received,417
2021-07-15,Mara Okafor,Researcher,Sent,203
2021-07-06,Mara Okafor,Researcher,Received,126
2021-08-02,Mara Okafor,Researcher,Sent,27
2021-08-09,Mara Okafor,Researcher,Received,180
2021-08-18,Mara Okafor,Researcher,Sent,399
2021-08-07,Mara Okafor,Researcher,Received,29
2021-08-24,Mara Okafor,Researcher,Received,27
2021-08-01,Mara Okafor,Researcher,Sent,41
2021-08-29,Mara Okafor,Researcher,Sent,138
2021-08-27,Mara Okafor,Researcher,Sent,74
2021-08-26,Mara Okafor,Researcher,Received,218
2021-08-16,Mara Okafor,Researcher,Received,20
2021-08-04,Mara Okafor,Researcher,Sent,95
2021-08-03,Mara Okafor,Researcher,Received,21
2021-08-27,Mara Okafor,Researcher,Received,5
2021-08-15,Mara Okafor,Researcher,Received,129
2021-08-21,Mara Okafor,Researcher,Sent,371
2021-08-08,Mara Okafor,Researcher,Sent,110
2021-08-26,Mara Okafor,Researcher,Received,65
2021-08-07,Mara Okafor,Researcher,Sent,509
2021-08-07,Mara Okafor,Researcher,Sent,443
2021-08-19,Mara Okafor,Researcher,Received,3
2021-08-26,Mara Okafor,Researcher,Sent,206
2021-09-20,Mara Okafor,Researcher,Received,25
2021-09-19,Mara Okafor,Researcher,Sent,175
2021-09-27,Mara Okafor,Researcher,Sent,31
2021-09-02,Mara Okafor,Researcher,Received,7
2021-09-13,Mara Okafor,Researcher,Sent,13
2021-09-18,Mara Okafor,Researcher,Sent,248
2021-09-24,Mara Okafor,Researcher,Received,44
2021-09-06,Mara Okafor,Researcher,Sent,54
2021-09-24,Mara Okafor,Researcher,Received,44
2021-09-02,Mara Okafor,Researcher,Sent,18
2021-09-05,Mara Okafor,Researcher,Received,115
2021-09-03,Mara Okafor,Researcher,Received,203
2021-09-16,Mara Okafor,Researcher,Received,110
2021-09-20,Mara Okafor,Researcher,Sent,313
2021-09-26,Mara Okafor,Researcher,Received,178
2021-09-08,Mara Okafor,Researcher,Received,21
2021-09-06,Mara Okafor,Researcher,Received,13
2021-09-30,Mara Okafor,Researcher,Sent,464
2021-09-27,Mara Okafor,Researcher,Received,31
2021-09-22,Mara Okafor,Researcher,Received,123
2021-09-18,Mara Okafor,Researcher,Sent,219
2021-09-25,Mara Okafor,Researcher,Received,217
2021-09-13,Mara Okafor,Researcher,Received,51
2021-09-13,Mara Okafor,Researcher,Sent,76
2021-09-06,Mara Okafor,Researcher,Received,158
2021-09-11,Mara Okafor,Researcher,Sent,34
2021-09-18,Mara Okafor,Researcher,Received,167
2021-09-22,Mara Okafor,Researcher,Sent,72
2021-09-01,Mara Okafor,Researcher,Received,112
2021-09-23,Mara Okafor,Researcher,Sent,69
2021-11-15,Mara Okafor,Researcher,Received,73
2021-11-17,Mara Okafor,Researcher,Received,68
2021-11-01,Mara Okafor,Researcher,Received,19
2021-11-06,Mara Okafor,Researcher,Sent,69
2021-11-18,Mara Okafor,Researcher,Received,56
2021-11-10,Mara Okafor,Researcher,Received,31
2021-11-01,Mara Okafor,Researcher,Received,30
2021-11-17,Mara Okafor,Researcher,Sent,66
2021-11-25,Mara Okafor,Researcher,Received,240
2021-11-11,Mara Okafor,Researcher,Sent,168
2021-11-29,Mara Okafor,Researcher,Received,115
2021-11-20,Mara Okafor,Researcher,Received,67
2021-11-21,Mara Okafor,Researcher,Sent,67
2021-11-09,Mara Okafor,Researcher,Sent,50
2021-11-26,Mara Okafor,Researcher,Sent,28
2021-11-21,Mara Okafor,Researcher,Sent,297
2021-11-03,Mara Okafor,Researcher,Sent,62
2021-11-14,Mara Okafor,Researcher,Sent,162
2021-11-17,Mara Okafor,Researcher,Received,104
2021-11-21,Mara Okafor,Researcher,Sent,68
2021-11-05,Mara Okafor,Researcher,Sent,130
2021-12-10,Mara Okafor,Researcher,Received,149
2021-12-01,Mara Okafor,Researcher,Received,3
2021-12-09,Mara Okafor,Researcher,Sent,76
2021-12-14,Mara Okafor,Researcher,Received,44
2021-12-19,Mara Okafor,Researcher,Received,216
2021-12-07,Mara Okafor,Researcher,Sent,128
2021-12-10,Mara Okafor,Researcher,Sent,57
2021-12-31,Mara Okafor,Researcher,Sent,30
2021-12-16,Mara Okafor,Researcher,Sent,235
2021-12-31,Mara Okafor,Researcher,Sent,30
2021-12-31,Mara Okafor,Researcher,Sent,68
2021-12-05,Mara Okafor,Researcher,Received,137
2021-12-19,Mara Okafor,Researcher,Sent,32
2021-12-31,Mara Okafor,Researcher,Received,143
2021-12-03,Mara Okafor,Researcher,Sent,78
2021-12-31,Mara Okafor,Researcher,Received,87
2021-12-21,Mara Okafor,Researcher,Sent,266
2021-12-05,Mara Okafor,Researcher,Received,86
2021-12-10,Mara Okafor,Researcher,Sent,374
2021-12-19,Mara Okafor,Researcher,Received,619
2021-12-01,Mara Okafor,Researcher,Received,63
2021-12-17,Mara Okafor,Researcher,Sent,95
2021-12-29,Mara Okafor,Researcher,Received,323
2021-12-26,Mara Okafor,Researcher,Received,143
2021-12-18,Mara Okafor,Researcher,Received,27
2021-12-23,Mara Okafor,Researcher,Sent,123
2021-12-28,Mara Okafor,Researcher,Received,87
2021-12-12,Mara Okafor,Researcher,Received,151
2021-12-31,Mara Okafor,Researcher,Received,20
2022-02-13,Mara Okafor,Researcher,Received,7
2022-02-11,Mara Okafor,Researcher,Received,29
2022-02-18,Mara Okafor,Researcher,Received,129
2022-02-11,Mara Okafor,Researcher,Sent,181
2022-02-09,Mara Okafor,Researcher,Received,26
2022-02-20,Mara Okafor,Researcher,Received,56
2022-02-13,Mara Okafor,Researcher,Sent,176
2022-02-22,Mara Okafor,Researcher,Received,97
2022-02-18,Mara Okafor,Researcher,Sent,94
2022-02-03,Mara Okafor,Researcher,Sent,60
2022-02-04,Mara Okafor,Researcher,Sent,58
2022-02-16,Mara Okafor,Researcher,Sent,59
2022-02-07,Mara Okafor,Researcher,Received,49
2022-02-26,Mara Okafor,Researcher,Received,21
2022-02-15,Mara Okafor,Researcher,Received,88
2022-02-17,Mara Okafor,Researcher,Received,317
2022-02-09,Mara Okafor,Researcher,Sent,12
2022-02-28,Mara Okafor,Researcher,Received,201
2022-02-11,Mara Okafor,Researcher,Received,37
2022-02-02,Mara Okafor,Researcher,Received,134
2022-02-16,Mara Okafor,Researcher,Sent,47
2022-02-06,Mara Okafor,Researcher,Sent,9
2022-02-03,Mara Okafor,Researcher,Sent,159
2022-02-07,Mara Okafor,Researcher,Received,13
2022-02-27,Mara Okafor,Researcher,Sent,227
2022-02-05,Mara Okafor,Researcher,Sent,21
2022-02-06,Mara Okafor,Researcher,Received,27
2022-02-11,Mara Okafor,Researcher,Received,306
2022-02-13,Mara Okafor,Researcher,Received,37
2022-02-09,Mara Okafor,Researcher,Received,40
2022-02-26,Mara Okafor,Researcher,Sent,214
2022-02-16,Mara Okafor,Researcher,Sent,24
2022-02-15,Mara Okafor,Researcher,Received,18
2022-02-14,Mara Okafor,Researcher,Received,15
2022-02-20,Mara Okafor,Researcher,Sent,98
2022-03-21,Mara Okafor,Researcher,Received,341
2022-03-19,Mara Okafor,Researcher,Received,98
2022-03-24,Mara Okafor,Researcher,Received,58
2022-03-13,Mara Okafor,Researcher,Sent,482
2022-03-08,Mara Okafor,Researcher,Received,11
2022-03-06,Mara Okafor,Researcher,Sent,108
2022-03-03,Mara Okafor,Researcher,Received,134
2022-03-08,Mara Okafor,Researcher,Received,268
2022-03-25,Mara Okafor,Researcher,Received,35
2022-03-26,Mara Okafor,Researcher,Received,189
2022-03-15,Mara Okafor,Researcher,Received,152
2022-03-04,Mara Okafor,Researcher,Received,258
2022-03-25,Mara Okafor,Researcher,Received,141
2022-03-15,Mara Okafor,Researcher,Sent,89
2022-03-11,Mara Okafor,Researcher,Received,46
2022-03-27,Mara Okafor,Researcher,Sent,37
2022-03-02,Mara Okafor,Researcher,Sent,35
2022-03-04,Mara Okafor,Researcher,Sent,70
2022-03-07,Mara Okafor,Researcher,Received,63
2022-03-15,Mara Okafor,Researcher,Received,304
2022-03-31,Mara Okafor,Researcher,Received,59
2022-03-02,Mara Okafor,Researcher,Sent,7
2022-03-24,Mara Okafor,Researcher,Received,83
2022-03-02,Mara Okafor,Researcher,Received,160
2022-03-14,Mara Okafor,Researcher,Sent,19
2022-03-06,Mara Okafor,Researcher,Sent,22
2022-03-24,Mara Okafor,Researcher,Sent,12
2022-03-01,Mara Okafor,Researcher,Sent,194
2022-03-17,Mara Okafor,Researcher,Sent,277
2022-03-14,Mara Okafor,Researcher,Received,162
2022-03-20,Mara Okafor,Researcher,Sent,100
2022-03-13,Mara Okafor,Researcher,Sent,193
2022-03-14,Mara Okafor,Researcher,Sent,10
2022-03-28,Mara Okafor,Researcher,Received,93
2022-03-13,Mara Okafor,Researcher,Received,261
2022-03-13,Mara Okafor,Researcher,Sent,279
2022-03-08,Mara Okafor,Researcher,Sent,38
2022-03-26,Mara Okafor,Researcher,Sent,33
2022-03-29,Mara Okafor,Researcher,Sent,183
2022-03-25,Mara Okafor,Researcher,Sent,184
2022-03-28,Mara Okafor,Researcher,Sent,239
2022-03-01,Mara Okafor,Researcher,Received,14
2022-03-10,Mara Okafor,Researcher,Received,68
2022-03-08,Mara Okafor,Researcher,Received,209
2022-03-21,Mara Okafor,Researcher,Sent,180
2022-04-01,Mara Okafor,Researcher,Received,160
2022-04-14,Mara Okafor,Researcher,Sent,317
2022-04-30,Mara Okafor,Researcher,Sent,92
2022-04-23,Mara Okafor,Researcher,Sent,20
2022-04-24,Mara Okafor,Researcher,Received,10
2022-04-07,Mara Okafor,Researcher,Sent,121
2022-04-22,Mara Okafor,Researcher,Received,71
2022-04-16,Mara Okafor,Researcher,Received,26
2022-04-20,Mara Okafor,Researcher,Received,202
2022-04-18,Mara Okafor,Researcher,Received,23
2022-04-19,Mara Okafor,Researcher,Received,253
2022-04-15,Mara Okafor,Researcher,Sent,60
2022-04-11,Mara Okafor,Researcher,Received,59
2022-04-24,Mara Okafor,Researcher,Sent,48
2022-04-23,Mara Okafor,Researcher,Received,28
2022-04-22,Mara Okafor,Researcher,Received,26
2022-04-27,Mara Okafor,Researcher,Sent,135
2022-04-19,Mara Okafor,Researcher,Sent,10
2022-04-27,Mara Okafor,Researcher,Received,8
2022-04-16,Mara Okafor,Researcher,Sent,85
2022-04-17,Mara Okafor,Researcher,Sent,286
2022-04-23,Mara Okafor,Researcher,Sent,59
2022-04-01,Mara Okafor,Researcher,Sent,72
2022-04-01,Mara Okafor,Researcher,Sent,48
2022-04-29,Mara Okafor,Researcher,Sent,93
2022-05-09,Mara Okafor,Researcher,Sent,89
2022-05-11,Mara Okafor,Researcher,Sent,40
2022-05-04,Mara Okafor,Researcher,Sent,43
2022-05-04,Mara Okafor,Researcher,Received,11
2022-05-29,Mara Okafor,Researcher,Received,12
2022-05-15,Mara Okafor,Researcher,Sent,72
2022-05-28,Mara Okafor,Researcher,Received,145
2022-05-27,Mara Okafor,Researcher,Received,263
2022-05-28,Mara Okafor,Researcher,Sent,248
2022-05-18,Mara Okafor,Researcher,Sent,159
2022-05-13,Mara Okafor,Researcher,Received,60
2022-05-20,Mara Okafor,Researcher,Sent,51
2022-05-04,Mara Okafor,Researcher,Sent,182
2022-05-23,Mara Okafor,Researcher,Sent,221
2022-05-23,Mara Okafor,Researcher,Received,647
2022-05-25,Mara Okafor,Researcher,Received,40
2022-05-19,Mara Okafor,Researcher,Sent,109
2022-05-19,Mara Okafor,Researcher,Received,132
2022-05-11,Mara Okafor,Researcher,Received,49
2022-05-12,Mara Okafor,Researcher,Received,117
2022-05-10,Mara Okafor,Researcher,Received,117
2022-05-21,Mara Okafor,Researcher,Received,45
2022-05-26,Mara Okafor,Researcher,Received,86
2022-05-26,Mara Okafor,Researcher,Sent,73
2022-06-30,Mara Okafor,Researcher,Received,43
2022-06-19,Mara Okafor,Researcher,Received,222
2022-06-08,Mara Okafor,Researcher,Sent,153
2022-06-24,Mara Okafor,Researcher,Sent,76
2022-06-21,Mara Okafor,Researcher,Sent,61
2022-06-19,Mara Okafor,Researcher,Received,29
2022-06-09,Mara Okafor,Researcher,Received,35
2022-06-08,Mara Okafor,Researcher,Sent,413
2022-06-09,Mara Okafor,Researcher,Sent,252
2022-06-03,Mara Okafor,Researcher,Received,37
2022-06-03,Mara Okafor,Researcher,Sent,103
2022-06-18,Mara Okafor,Researcher,Received,20
2022-06-03,Mara Okafor,Researcher,Sent,154
2022-06-09,Mara Okafor,Researcher,Sent,523
2022-06-08,Mara Okafor,Researcher,Sent,89
2022-06-15,Mara Okafor,Researcher,Received,200
2022-06-24,Mara Okafor,Researcher,Received,7
2022-06-16,Mara Okafor,Researcher,Sent,133
2022-06-27,Mara Okafor,Researcher,Received,105
2022-06-28,Mara Okafor,Researcher,Sent,79
2022-06-28,Mara Okafor,Researcher,Sent,107
2022-06-02,Mara Okafor,Researcher,Sent,48
2022-06-08,Mara Okafor,Researcher,Received,6
2022-06-10,Mara Okafor,Researcher,Received,59
2022-06-07,Mara Okafor,Researcher,Sent,95
2022-06-08,Mara Okafor,Researcher,Received,51
2022-06-05,Mara Okafor,Researcher,Sent,114
2022-06-15,Mara Okafor,Researcher,Sent,381
2022-06-26,Mara Okafor,Researcher,Sent,31
2022-06-11,Mara Okafor,Researcher,Sent,383
2022-06-14,Mara Okafor,Researcher,Sent,136
2022-06-05,Mara Okafor,Researcher,Sent,160
2022-07-20,Mara Okafor,Researcher,Sent,267
2022-07-30,Mara Okafor,Researcher,Sent,212
2022-07-13,Mara Okafor,Researcher,Sent,60
2022-07-10,Mara Okafor,Researcher,Sent,6
2022-07-17,Mara Okafor,Researcher,Received,155
2022-07-05,Mara Okafor,Researcher,Sent,92
2022-07-12,Mara Okafor,Researcher,Sent,47
2022-07-05,Mara Okafor,Researcher,Received,37
2022-07-17,Mara Okafor,Researcher,Sent,34
2022-07-28,Mara Okafor,Researcher,Received,145
2022-07-24,Mara Okafor,Researcher,Sent,31
2022-07-09,Mara Okafor,Researcher,Sent,81
2022-07-27,Mara Okafor,Researcher,Sent,195
2022-07-08,Mara Okafor,Researcher,Sent,42
2022-07-14,Mara Okafor,Researcher,Sent,27
2022-07-04,Mara Okafor,Researcher,Received,58
2022-07-04,Mara Okafor,Researcher,Received,230
2022-07-16,Mara Okafor,Researcher,Sent,50
2022-07-02,Mara Okafor,Researcher,Sent,163
2022-07-26,Mara Okafor,Researcher,Received,60
2022-07-29,Mara Okafor,Researcher,Sent,44
2022-07-03,Mara Okafor,Researcher,Sent,67
2022-08-07,Mara Okafor,Researcher,Sent,95
2022-08-04,Mara Okafor,Researcher,Sent,15
2022-08-03,Mara Okafor,Researcher,Sent,95
2022-08-08,Mara Okafor,Researcher,Sent,18
2022-08-24,Mara Okafor,Researcher,Sent,356
2022-08-27,Mara Okafor,Researcher,Received,8
2022-08-21,Mara Okafor,Researcher,Received,49
2022-08-01,Mara Okafor,Researcher,Sent,55
2022-08-17,Mara Okafor,Researcher,Received,118
2022-08-19,Mara Okafor,Researcher,Sent,182
2022-08-17,Mara Okafor,Researcher,Sent,222
2022-08-23,Mara Okafor,Researcher,Sent,70
2022-08-28,Mara Okafor,Researcher,Sent,474
2022-08-03,Mara Okafor,Researcher,Received,118
2022-08-22,Mara Okafor,Researcher,Received,22
2022-08-18,Mara Okafor,Researcher,Received,36
2022-08-29,Mara Okafor,Researcher,Received,72
2022-08-03,Mara Okafor,Researcher,Received,15
2022-08-05,Mara Okafor,Researcher,Sent,41
2022-08-01,Mara Okafor,Researcher,Sent,45
2022-08-07,Mara Okafor,Researcher,Received,129
2022-08-03,Mara Okafor,Researcher,Sent,21
2022-08-31,Mara Okafor,Researcher,Received,9
2022-08-06,Mara Okafor,Researcher,Sent,27
2022-08-20,Mara Okafor,Researcher,Received,199
2022-08-27,Mara Okafor,Researcher,Sent,55
2022-08-25,Mara Okafor,Researcher,Received,26
2022-08-31,Mara Okafor,Researcher,Sent,13
2022-08-07,Mara Okafor,Researcher,Sent,129
2022-08-20,Mara Okafor,Researcher,Sent,11
2022-08-04,Mara Okafor,Researcher,Received,60
2022-08-08,Mara Okafor,Researcher,Received,341
2022-09-25,Mara Okafor,Researcher,Sent,161
2022-09-28,Mara Okafor,Researcher,Received,59
2022-09-07,Mara Okafor,Researcher,Sent,60
2022-09-23,Mara Okafor,Researcher,Sent,27
2022-09-18,Mara Okafor,Researcher,Received,85
2022-09-25,Mara Okafor,Researcher,Received,53
2022-09-30,Mara Okafor,Researcher,Received,15
2022-09-09,Mara Okafor,Researcher,Sent,190
2022-09-08,Mara Okafor,Researcher,Sent,151
2022-09-19,Mara Okafor,Researcher,Sent,322
2022-09-02,Mara Okafor,Researcher,Sent,13
2022-09-13,Mara Okafor,Researcher,Sent,228
2022-09-19,Mara Okafor,Researcher,Sent,210
2022-09-05,Mara Okafor,Researcher,Sent,247
2022-09-12,Mara Okafor,Researcher,Sent,443
2022-09-14,Mara Okafor,Researcher,Received,162
2022-09-17,Mara Okafor,Researcher,Sent,110
2022-09-09,Mara Okafor,Researcher,Received,342
2022-09-19,Mara Okafor,Researcher,Sent,38
2022-09-07,Mara Okafor,Researcher,Sent,357
2022-09-22,Mara Okafor,Researcher,Sent,44
2022-09-19,Mara Okafor,Researcher,Sent,94
2022-09-25,Mara Okafor,Researcher,Received,95
2022-09-12,Mara Okafor,Researcher,Received,39
2022-09-03,Mara Okafor,Researcher,Sent,52
2022-09-12,Mara Okafor,Researcher,Received,338
2022-09-24,Mara Okafor,Researcher,Sent,130
2022-09-11,Mara Okafor,Researcher,Sent,188
2022-09-15,Mara Okafor,Researcher,Received,129
2022-09-09,Mara Okafor,Researcher,Received,203
2022-09-18,Mara Okafor,Researcher,Received,99
2022-09-15,Mara Okafor,Researcher,Received,113
2022-09-21,Mara Okafor,Researcher,Received,78
2022-09-28,Mara Okafor,Researcher,Sent,292
2022-09-21,Mara Okafor,Researcher,Received,8
2022-09-15,Mara Okafor,Researcher,Sent,33
2022-09-12,Mara Okafor,Researcher,Received,228
2022-09-25,Mara Okafor,Researcher,Received,272
2022-09-19,Mara Okafor,Researcher,Received,57
2022-09-12,Mara Okafor,Researcher,Sent,88
2022-09-02,Mara Okafor,Researcher,Received,12
2022-09-10,Mara Okafor,Researcher,Sent,63
2022-09-18,Mara Okafor,Researcher,Sent,30
2022-09-03,Mara Okafor,Researcher,Sent,40
2022-09-13,Mara Okafor,Researcher,Received,14
2022-09-03,Mara Okafor,Researcher,Received,33
2022-09-26,Mara Okafor,Researcher,Received,15
2022-09-23,Mara Okafor,Researcher,Received,315
2022-09-05,Mara Okafor,Researcher,Received,32
2022-09-07,Mara Okafor,Researcher,Received,450
2022-09-18,Mara Okafor,Researcher,Received,66
2022-09-01,Mara Okafor,Researcher,Received,165
2022-09-29,Mara Okafor,Researcher,Sent,208
2022-09-27,Mara Okafor,Researcher,Received,130
2022-09-25,Mara Okafor,Researcher,Received,19
2022-09-29,Mara Okafor,Researcher,Received,135
2022-09-24,Mara Okafor,Researcher,Received,304
2022-09-03,Mara Okafor,Researcher,Sent,13
2022-09-19,Mara Okafor,Researcher,Sent,39
2022-09-18,Mara Okafor,Researcher,Sent,65
2022-09-11,Mara Okafor,Researcher,Received,92
2022-09-13,Mara Okafor,Researcher,Sent,134
2022-09-28,Mara Okafor,Researcher,Sent,25
2022-09-07,Mara Okafor,Researcher,Received,283
2022-09-01,Mara Okafor,Researcher,Received,157
2022-09-18,Mara Okafor,Researcher,Sent,200
2022-09-19,Mara Okafor,Researcher,Received,44
2022-09-18,Mara Okafor,Researcher,Received,142
2022-09-13,Mara Okafor,Researcher,Sent,269
2022-09-20,Mara Okafor,Researcher,Sent,303
2022-09-21,Mara Okafor,Researcher,Sent,22
2022-09-05,Mara Okafor,Researcher,Sent,64
2022-09-19,Mara Okafor,Researcher,Sent,86
2022-09-16,Mara Okafor,Researcher,Sent,64
2022-09-27,Mara Okafor,Researcher,Received,251
2022-09-22,Mara Okafor,Researcher,Received,142
2022-09-05,Mara Okafor,Researcher,Sent,170
2022-09-05,Mara Okafor,Researcher,Received,19
2022-09-27,Mara Okafor,Researcher,Received,6
2022-09-02,Mara Okafor,Researcher,Received,41
2022-09-23,Mara Okafor,Researcher,Received,163
2022-09-22,Mara Okafor,Researcher,Sent,107
2022-09-25,Mara Okafor,Researcher,Sent,179
2022-09-14,Mara Okafor,Researcher,Received,4
2022-09-04,Mara Okafor,Researcher,Sent,82
2022-09-29,Mara Okafor,Researcher,Sent,574
2022-09-01,Mara Okafor,Researcher,Sent,11
2022-09-09,Mara Okafor,Researcher,Sent,24
2022-09-22,Mara Okafor,Researcher,Sent,67
2022-09-24,Mara Okafor,Researcher,Sent,846
2022-09-08,Mara Okafor,Researcher,Sent,70
2022-09-28,Mara Okafor,Researcher,Sent,22
2022-09-12,Mara Okafor,Researcher,Sent,201
2022-09-30,Mara Okafor,Researcher,Received,90
2022-09-18,Mara Okafor,Researcher,Received,25
2022-09-11,Mara Okafor,Researcher,Received,50
2022-09-08,Mara Okafor,Researcher,Received,260
2022-09-16,Mara Okafor,Researcher,Sent,30
2022-09-29,Mara Okafor,Researcher,Sent,352
2022-09-21,Mara Okafor,Researcher,Received,153
2022-09-06,Mara Okafor,Researcher,Sent,21
2022-09-04,Mara Okafor,Researcher,Received,188
2022-09-20,Mara Okafor,Researcher,Sent,97
2022-09-20,Mara Okafor,Researcher,Received,119
2022-09-16,Mara Okafor,Researcher,Received,36
2022-09-30,Mara Okafor,Researcher,Sent,52
2022-09-27,Mara Okafor,Researcher,Sent,19
2022-09-09,Mara Okafor,Researcher,Sent,92
2022-09-10,Mara Okafor,Researcher,Sent,26
2022-09-29,Mara Okafor,Researcher,Received,30
2022-09-22,Mara Okafor,Researcher,Sent,285
2022-09-10,Mara Okafor,Researcher,Sent,308
2022-09-14,Mara Okafor,Researcher,Received,393
2022-09-15,Mara Okafor,Researcher,Received,16
2022-09-11,Mara Okafor,Researcher,Received,293
2022-09-19,Mara Okafor,Researcher,Received,39
2022-09-11,Mara Okafor,Researcher,Sent,303
2022-09-17,Mara Okafor,Researcher,Sent,26
2022-09-23,Mara Okafor,Researcher,Sent,102
2022-09-20,Mara Okafor,Researcher,Sent,235
2022-09-16,Mara Okafor,Researcher,Sent,201
2022-09-10,Mara Okafor,Researcher,Sent,424
2022-09-13,Mara Okafor,Researcher,Sent,283
2022-09-06,Mara Okafor,Researcher,Sent,33
2022-09-19,Mara Okafor,Researcher,Received,63
2022-09-30,Mara Okafor,Researcher,Received,66
2022-09-17,Mara Okafor,Researcher,Sent,9
2022-09-24,Mara Okafor,Researcher,Received,193
2022-09-19,Mara Okafor,Researcher,Received,49
2022-09-10,Mara Okafor,Researcher,Sent,136
2022-09-18,Mara Okafor,Researcher,Received,169
2022-09-20,Mara Okafor,Researcher,Received,33
2022-09-06,Mara Okafor,Researcher,Sent,34
2022-09-17,Mara Okafor,Researcher,Sent,81
2022-09-30,Mara Okafor,Researcher,Received,107
2022-09-21,Mara Okafor,Researcher,Sent,222
2022-09-20,Mara Okafor,Researcher,Received,116
2022-09-28,Mara Okafor,Researcher,Sent,424
2022-09-24,Mara Okafor,Researcher,Sent,5
2022-09-21,Mara Okafor,Researcher,Received,97
2022-09-04,Mara Okafor,Researcher,Sent,90
2022-09-08,Mara Okafor,Researcher,Received,108
2022-09-08,Mara Okafor,Researcher,Sent,17
2022-09-21,Mara Okafor,Researcher,Sent,36
2022-09-24,Mara Okafor,Researcher,Sent,88
2022-09-02,Mara Okafor,Researcher,Received,45
2022-09-27,Mara Okafor,Researcher,Sent,6
2022-09-11,Mara Okafor,Researcher,Sent,52
2022-09-25,Mara Okafor,Researcher,Received,112
2022-09-01,Mara Okafor,Researcher,Sent,399
2022-09-17,Mara Okafor,Researcher,Sent,73
2022-09-21,Mara Okafor,Researcher,Sent,480
2022-09-25,Mara Okafor,Researcher,Received,293
2022-09-11,Mara Okafor,Researcher,Sent,76
2022-09-01,Mara Okafor,Researcher,Received,18
2022-09-20,Mara Okafor,Researcher,Received,56
2022-09-12,Mara Okafor,Researcher,Sent,489
2022-09-12,Mara Okafor,Researcher,Received,25
2022-09-17,Mara Okafor,Researcher,Sent,52
2022-09-28,Mara Okafor,Researcher,Received,90
2022-09-23,Mara Okafor,Researcher,Sent,152
2022-09-01,Mara Okafor,Researcher,Sent,20
2022-09-23,Mara Okafor,Researcher,Sent,182
2022-09-14,Mara Okafor,Researcher,Sent,219
2022-09-15,Mara Okafor,Researcher,Sent,21
2022-09-23,Mara Okafor,Researcher,Sent,19
2022-09-12,Mara Okafor,Researcher,Sent,15
2022-09-26,Mara Okafor,Researcher,Sent,45
2022-09-09,Mara Okafor,Researcher,Sent,93
2022-09-07,Mara Okafor,Researcher,Sent,131
2022-09-16,Mara Okafor,Researcher,Sent,3
2022-09-08,Mara Okafor,Researcher,Sent,93
2022-09-15,Mara Okafor,Researcher,Sent,25
2022-09-23,Mara Okafor,Researcher,Received,126
2022-09-01,Mara Okafor,Researcher,Sent,3
2022-09-26,Mara Okafor,Researcher,Sent,20
2022-09-05,Mara Okafor,Researcher,Received,6
2022-09-12,Mara Okafor,Researcher,Received,19
2022-09-29,Mara Okafor,Researcher,Sent,266
2022-09-24,Mara Okafor,Researcher,Sent,4
2022-09-22,Mara Okafor,Researcher,Received,138
2022-09-20,Mara Okafor,Researcher,Received,16
2022-09-23,Mara Okafor,Researcher,Sent,51
2022-09-21,Mara Okafor,Researcher,Received,103
2022-09-24,Mara Okafor,Researcher,Sent,466
2022-09-26,Mara Okafor,Researcher,Sent,48
2022-09-26,Mara Okafor,Researcher,Sent,99
2022-09-24,Mara Okafor,Researcher,Received,371
2022-09-26,Mara Okafor,Researcher,Received,65
2022-09-18,Mara Okafor,Researcher,Sent,116
2022-09-16,Mara Okafor,Researcher,Received,124
2022-09-14,Mara Okafor,Researcher,Received,10
2022-09-24,Mara Okafor,Researcher,Received,233
2022-09-26,Mara Okafor,Researcher,Sent,217
2022-09-29,Mara Okafor,Researcher,Sent,125
2022-09-02,Mara Okafor,Researcher,Received,36
2022-09-22,Mara Okafor,Researcher,Received,7
2022-09-09,Mara Okafor,Researcher,Sent,31
2022-09-22,Mara Okafor,Researcher,Received,140
2022-09-06,Mara Okafor,Researcher,Sent,31
2022-09-06,Mara Okafor,Researcher,Received,150
2022-09-21,Mara Okafor,Researcher,Received,151
2022-09-25,Mara Okafor,Researcher,Received,143
2022-09-30,Mara Okafor,Researcher,Received,305
2022-09-28,Mara Okafor,Researcher,Sent,62
2022-09-25,Mara Okafor,Researcher,Received,27
2022-09-04,Mara Okafor,Researcher,Received,55
2022-09-05,Mara Okafor,Researcher,Received,117
2022-09-26,Mara Okafor,Researcher,Received,138
2022-09-24,Mara Okafor,Researcher,Received,3
2022-09-13,Mara Okafor,Researcher,Received,19
2022-09-23,Mara Okafor,Researcher,Sent,94
2022-09-30,Mara Okafor,Researcher,Sent,9
2022-09-27,Mara Okafor,Researcher,Received,562
2022-09-19,Mara Okafor,Researcher,Sent,66
2022-09-14,Mara Okafor,Researcher,Received,126
2022-09-23,Mara Okafor,Researcher,Sent,210
2022-09-18,Mara Okafor,Researcher,Sent,8
2022-09-04,Mara Okafor,Researcher,Sent,279
2022-09-24,Mara Okafor,Researcher,Sent,183
2022-09-02,Mara Okafor,Researcher,Received,21
2022-09-06,Mara Okafor,Researcher,Received,37
2022-09-25,Mara Okafor,Researcher,Received,81
2022-09-02,Mara Okafor,Researcher,Received,494
2022-09-25,Mara Okafor,Researcher,Received,61
2022-09-19,Mara Okafor,Researcher,Received,13
2022-09-20,Mara Okafor,Researcher,Sent,165
2022-09-14,Mara Okafor,Researcher,Sent,119
2022-09-24,Mara Okafor,Researcher,Received,19
2022-09-03,Mara Okafor,Researcher,Received,45
2022-09-28,Mara Okafor,Researcher,Received,6
2022-09-24,Mara Okafor,Researcher,Received,41
2022-09-10,Mara Okafor,Researcher,Received,163
2022-09-10,Mara Okafor,Researcher,Sent,182
2022-09-26,Mara Okafor,Researcher,Sent,30
2022-09-03,Mara Okafor,Researcher,Sent,471
2022-09-03,Mara Okafor,Researcher,Received,178
2022-10-09,Mara Okafor,Researcher,Sent,61
2022-10-11,Mara Okafor,Researcher,Sent,216
2022-10-28,Mara Okafor,Researcher,Received,61
2022-10-31,Mara Okafor,Researcher,Received,42
2022-10-21,Mara Okafor,Researcher,Sent,3
2022-10-27,Mara Okafor,Researcher,Sent,96
2022-10-22,Mara Okafor,Researcher,Received,52
2022-10-12,Mara Okafor,Researcher,Received,19
2022-10-17,Mara Okafor,Researcher,Received,244
2022-10-23,Mara Okafor,Researcher,Sent,7
2022-10-14,Mara Okafor,Researcher,Received,67
2022-10-19,Mara Okafor,Researcher,Sent,3
2022-10-15,Mara Okafor,Researcher,Received,237
2022-10-09,Mara Okafor,Researcher,Received,14
2022-10-10,Mara Okafor,Researcher,Received,77
2022-10-18,Mara Okafor,Researcher,Sent,178
2022-10-18,Mara Okafor,Researcher,Sent,156
2022-10-26,Mara Okafor,Researcher,Sent,17
2022-10-11,Mara Okafor,Researcher,Sent,3
2022-11-27,Mara Okafor,Researcher,Sent,28
2022-11-01,Mara Okafor,Researcher,Sent,226
2022-11-23,Mara Okafor,Researcher,Sent,291
2022-11-01,Mara Okafor,Researcher,Sent,364
2022-11-22,Mara Okafor,Researcher,Received,28
2022-11-10,Mara Okafor,Researcher,Sent,38
2022-11-04,Mara Okafor,Researcher,Received,323
2022-11-12,Mara Okafor,Researcher,Received,23
2022-11-25,Mara Okafor,Researcher,Received,22
2022-11-09,Mara Okafor,Researcher,Received,134
2022-11-24,Mara Okafor,Researcher,Sent,50
2022-11-01,Mara Okafor,Researcher,Sent,160
2022-11-09,Mara Okafor,Researcher,Sent,70
2022-11-22,Mara Okafor,Researcher,Sent,19
2022-11-23,Mara Okafor,Researcher,Received,3
2022-11-28,Mara Okafor,Researcher,Received,29
2022-11-02,Mara Okafor,Researcher,Sent,17
2022-11-08,Mara Okafor,Researcher,Received,59
2022-11-12,Mara Okafor,Researcher,Received,81
2022-11-24,Mara Okafor,Researcher,Sent,144
2022-11-20,Mara Okafor,Researcher,Received,123
2022-11-15,Mara Okafor,Researcher,Sent,207
2022-11-25,Mara Okafor,Researcher,Sent,27
2022-11-19,Mara Okafor,Researcher,Received,14
2022-11-14,Mara Okafor,Researcher,Sent,100
2022-11-30,Mara Okafor,Researcher,Sent,81
2022-11-09,Mara Okafor,Researcher,Received,102
2022-11-28,Mara Okafor,Researcher,Sent,3
2022-11-30,Mara Okafor,Researcher,Sent,195
2022-11-02,Mara Okafor,Researcher,Sent,41
2022-11-16,Mara Okafor,Researcher,Received,12
2022-11-30,Mara Okafor,Researcher,Sent,399
2022-11-29,Mara Okafor,Researcher,Received,85
2022-11-15,Mara Okafor,Researcher,Sent,243
2022-11-04,Mara Okafor,Researcher,Sent,101
2022-11-06,Mara Okafor,Researcher,Received,108
2022-11-23,Mara Okafor,Researcher,Sent,453
2022-11-27,Mara Okafor,Researcher,Sent,685
2022-11-08,Mara Okafor,Researcher,Received,39
2022-11-17,Mara Okafor,Researcher,Received,269
2022-11-12,Mara Okafor,Researcher,Sent,18
2022-11-24,Mara Okafor,Researcher,Sent,6
2022-12-01,Mara Okafor,Researcher,Sent,130
2022-12-25,Mara Okafor,Researcher,Sent,127
2022-12-02,Mara Okafor,Researcher,Sent,43
2022-12-14,Mara Okafor,Researcher,Received,89
2022-12-28,Mara Okafor,Researcher,Sent,99
2022-12-31,Mara Okafor,Researcher,Sent,402
2022-12-09,Mara Okafor,Researcher,Received,290
2022-12-02,Mara Okafor,Researcher,Received,195
2022-12-26,Mara Okafor,Researcher,Received,159
2022-12-23,Mara Okafor,Researcher,Received,7
2022-12-11,Mara Okafor,Researcher,Received,154
2022-12-11,Mara Okafor,Researcher,Sent,121
2022-12-23,Mara Okafor,Researcher,Sent,183
2022-12-05,Mara Okafor,Researcher,Sent,125
2022-12-15,Mara Okafor,Researcher,Sent,67
2022-12-04,Mara Okafor,Researcher,Sent,4
2022-12-22,Mara Okafor,Researcher,Sent,81
2022-12-29,Mara Okafor,Researcher,Sent,237
2022-12-11,Mara Okafor,Researcher,Sent,19
2022-12-11,Mara Okafor,Researcher,Sent,111
2022-12-01,Mara Okafor,Researcher,Sent,241
2022-12-08,Mara Okafor,Researcher,Sent,85
2022-12-12,Mara Okafor,Researcher,Received,16
2022-12-01,Mara Okafor,Researcher,Received,234
2022-12-03,Mara Okafor,Researcher,Sent,218
2022-12-25,Mara Okafor,Researcher,Received,28
2022-12-31,Mara Okafor,Researcher,Sent,25
2022-12-25,Mara Okafor,Researcher,Sent,100
2022-12-25,Mara Okafor,Researcher,Sent,65
2022-12-01,Mara Okafor,Researcher,Sent,80
2022-12-26,Mara Okafor,Researcher,Sent,143
2022-12-05,Mara Okafor,Researcher,Sent,33
2022-12-10,Mara Okafor,Researcher,Received,16
2022-12-26,Mara Okafor,Researcher,Sent,70
2022-12-21,Mara Okafor,Researcher,Received,15
2022-12-06,Mara Okafor,Researcher,Sent,118
2022-12-25,Mara Okafor,Researcher,Received,30
2022-12-21,Mara Okafor,Researcher,Sent,94
2022-12-25,Mara Okafor,Researcher,Received,25
2022-12-21,Mara Okafor,Researcher,Received,28
2022-12-02,Mara Okafor,Researcher,Sent,3
2023-01-11,Mara Okafor,Researcher,Sent,100
2023-01-01,Mara Okafor,Researcher,Sent,29
2023-01-04,Mara Okafor,Researcher,Sent,296
2023-01-07,Mara Okafor,Researcher,Sent,101
2023-01-09,Mara Okafor,Researcher,Sent,155
2023-01-11,Mara Okafor,Researcher,Sent,67
2023-01-23,Mara Okafor,Researcher,Sent,90
2023-01-09,Mara Okafor,Researcher,Sent,22
2023-01-16,Mara Okafor,Researcher,Sent,107
2023-01-14,Mara Okafor,Researcher,Received,115
2023-01-29,Mara Okafor,Researcher,Sent,576
2023-01-14,Mara Okafor,Researcher,Sent,30
2023-01-11,Mara Okafor,Researcher,Received,3
2023-01-25,Mara Okafor,Researcher,Sent,129
2023-01-03,Mara Okafor,Researcher,Sent,24
2023-01-14,Mara Okafor,Researcher,Sent,4
2023-01-04,Mara Okafor,Researcher,Received,133
2023-01-08,Mara Okafor,Researcher,Sent,142
2023-01-03,Mara Okafor,Researcher,Received,67
2023-01-23,Mara Okafor,Researcher,Received,237
2023-01-25,Mara Okafor,Researcher,Sent,58
2023-01-07,Mara Okafor,Researcher,Sent,432
2023-01-25,Mara Okafor,Researcher,Sent,176
2023-01-30,Mara Okafor,Researcher,Received,361
2023-01-18,Mara Okafor,Researcher,Received,21
2023-01-17,Mara Okafor,Researcher,Received,242
2023-01-28,Mara Okafor,Researcher,Sent,43
2023-01-07,Mara Okafor,Researcher,Sent,10
2023-02-09,Mara Okafor,Researcher,Received,49
2023-02-04,Mara Okafor,Researcher,Sent,157
2023-02-13,Mara Okafor,Researcher,Sent,72
2023-02-07,Mara Okafor,Researcher,Sent,62
2023-02-06,Mara Okafor,Researcher,Received,53
2023-02-27,Mara Okafor,Researcher,Sent,49
2023-02-06,Mara Okafor,Researcher,Received,58
2023-02-22,Mara Okafor,Researcher,Sent,30
2023-02-11,Mara Okafor,Researcher,Sent,18
2023-02-22,Mara Okafor,Researcher,Sent,98
2023-02-18,Mara Okafor,Researcher,Sent,3
2023-02-07,Mara Okafor,Researcher,Sent,17
2023-02-20,Mara Okafor,Researcher,Received,95
2023-02-25,Mara Okafor,Researcher,Received,5
2023-02-11,Mara Okafor,Researcher,Received,20
2023-02-01,Mara Okafor,Researcher,Sent,246
2023-02-17,Mara Okafor,Researcher,Sent,124
2023-02-06,Mara Okafor,Researcher,Received,97
2023-02-06,Mara Okafor,Researcher,Sent,139
2023-02-18,Mara Okafor,Researcher,Sent,6
2023-02-15,Mara Okafor,Researcher,Received,225
2023-02-16,Mara Okafor,Researcher,Sent,25
2023-02-08,Mara Okafor,Researcher,Sent,129
2023-02-09,Mara Okafor,Researcher,Sent,203
2023-02-10,Mara Okafor,Researcher,Sent,44
2023-02-14,Mara Okafor,Researcher,Sent,271
2023-02-12,Mara Okafor,Researcher,Received,261
2023-02-07,Mara Okafor,Researcher,Sent,9
2023-02-18,Mara Okafor,Researcher,Sent,75
2023-02-08,Mara Okafor,Researcher,Sent,33
2023-02-08,Mara Okafor,Researcher,Sent,5
2023-02-27,Mara Okafor,Researcher,Received,91
2023-02-12,Mara Okafor,Researcher,Received,264
2023-02-13,Mara Okafor,Researcher,Received,52
2023-02-25,Mara Okafor,Researcher,Received,104
2023-02-03,Mara Okafor,Researcher,Received,30
2023-02-06,Mara Okafor,Researcher,Received,240
2023-02-15,Mara Okafor,Researcher,Received,30
2023-02-12,Mara Okafor,Researcher,Sent,66
2023-02-03,Mara Okafor,Researcher,Sent,106
2023-03-31,Mara Okafor,Researcher,Sent,52
2023-03-10,Mara Okafor,Researcher,Received,16
2023-03-08,Mara Okafor,Researcher,Received,64
2023-03-31,Mara Okafor,Researcher,Sent,85
2023-03-02,Mara Okafor,Researcher,Received,36
2023-03-18,Mara Okafor,Researcher,Sent,313
2023-03-13,Mara Okafor,Researcher,Sent,324
2023-03-16,Mara Okafor,Researcher,Sent,11
2023-03-01,Mara Okafor,Researcher,Sent,17
2023-03-05,Mara Okafor,Researcher,Sent,80
2023-03-01,Mara Okafor,Researcher,Sent,157
2023-03-01,Mara Okafor,Researcher,Received,12
2023-03-31,Mara Okafor,Researcher,Sent,176
2023-03-12,Mara Okafor,Researcher,Received,3
2023-03-20,Mara Okafor,Researcher,Received,31
2023-03-27,Mara Okafor,Researcher,Received,62
2023-03-20,Mara Okafor,Researcher,Sent,29
2023-03-18,Mara Okafor,Researcher,Received,116
2023-03-23,Mara Okafor,Researcher,Received,317
2023-03-05,Mara Okafor,Researcher,Sent,18
2023-03-26,Mara Okafor,Researcher,Sent,38
2023-03-25,Mara Okafor,Researcher,Sent,56
2023-03-13,Mara Okafor,Researcher,Received,36
2023-03-15,Mara Okafor,Researcher,Received,10
2023-03-27,Mara Okafor,Researcher,Received,103
2023-03-10,Mara Okafor,Researcher,Sent,44
2023-06-28,Mara Okafor,Researcher,Sent,28
2023-06-21,Mara Okafor,Researcher,Received,5
2023-06-18,Mara Okafor,Researcher,Received,15
2023-06-04,Mara Okafor,Researcher,Sent,102
2023-06-29,Mara Okafor,Researcher,Sent,95
2023-06-21,Mara Okafor,Researcher,Received,86
2023-06-06,Mara Okafor,Researcher,Received,15
2023-06-18,Mara Okafor,Researcher,Received,84
2023-06-14,Mara Okafor,Researcher,Received,346
2023-06-18,Mara Okafor,Researcher,Sent,135
2023-06-20,Mara Okafor,Researcher,Received,88
2023-06-21,Mara Okafor,Researcher,Received,24
2023-06-22,Mara Okafor,Researcher,Sent,51
2023-06-19,Mara Okafor,Researcher,Received,95
2023-06-30,Mara Okafor,Researcher,Received,105
2023-06-27,Mara Okafor,Researcher,Sent,60
2023-06-12,Mara Okafor,Researcher,Received,40
2023-06-01,Mara Okafor,Researcher,Received,3
2023-06-21,Mara Okafor,Researcher,Sent,365
2023-08-09,Mara Okafor,Researcher,Received,487
2023-08-23,Mara Okafor,Researcher,Sent,59
2023-08-22,Mara Okafor,Researcher,Sent,82
2023-08-15,Mara Okafor,Researcher,Sent,61
2023-08-20,Mara Okafor,Researcher,Sent,79
2023-08-19,Mara Okafor,Researcher,Sent,73
2023-08-26,Mara Okafor,Researcher,Sent,52
2023-08-04,Mara Okafor,Researcher,Received,47
2023-08-14,Mara Okafor,Researcher,Sent,3
2023-08-28,Mara Okafor,Researcher,Received,65
2023-08-29,Mara Okafor,Researcher,Sent,217
2023-08-07,Mara Okafor,Researcher,Sent,18
2023-08-15,Mara Okafor,Researcher,Received,31
2023-08-19,Mara Okafor,Researcher,Sent,48
2023-10-09,Mara Okafor,Researcher,Sent,7
2023-10-25,Mara Okafor,Researcher,Sent,12
2023-10-17,Mara Okafor,Researcher,Sent,218
2023-10-07,Mara Okafor,Researcher,Sent,606
2023-10-16,Mara Okafor,Researcher,Sent,16
2023-10-03,Mara Okafor,Researcher,Sent,37
2023-10-05,Mara Okafor,Researcher,Sent,55
2023-10-10,Mara Okafor,Researcher,Sent,191
2023-10-14,Mara Okafor,Researcher,Received,24
2023-10-14,Mara Okafor,Researcher,Received,112
2023-10-29,Mara Okafor,Researcher,Sent,313
2023-10-16,Mara Okafor,Researcher,Received,54
2023-10-07,Mara Okafor,Researcher,Sent,34
2023-10-22,Mara Okafor,Researcher,Sent,72
2023-10-20,Mara Okafor,Researcher,Sent,47
2023-10-25,Mara Okafor,Researcher,Received,42
2023-10-19,Mara Okafor,Researcher,Sent,86
2023-10-03,Mara Okafor,Researcher,Sent,3
2023-10-03,Mara Okafor,Researcher,Received,95
2023-10-29,Mara Okafor,Researcher,Received,38
2023-10-03,Mara Okafor,Researcher,Sent,390
2023-10-10,Mara Okafor,Researcher,Sent,31
2023-10-21,Mara Okafor,Researcher,Sent,119
2023-10-23,Mara Okafor,Researcher,Received,64
2023-10-26,Mara Okafor,Researcher,Received,481
2023-10-16,Mara Okafor,Researcher,Received,92
2023-10-21,Mara Okafor,Researcher,Sent,80
2023-10-28,Mara Okafor,Researcher,Received,68
2023-10-23,Mara Okafor,Researcher,Received,170
2023-11-20,Mara Okafor,Researcher,Sent,119
2023-11-11,Mara Okafor,Researcher,Received,97
2023-11-02,Mara Okafor,Researcher,Sent,110
2023-11-07,Mara Okafor,Researcher,Sent,555
2023-11-16,Mara Okafor,Researcher,Sent,3
2023-11-12,Mara Okafor,Researcher,Received,131
2023-11-25,Mara Okafor,Researcher,Received,61
2023-11-29,Mara Okafor,Researcher,Received,129
2023-11-21,Mara Okafor,Researcher,Received,128
2023-11-04,Mara Okafor,Researcher,Sent,182
2023-11-06,Mara Okafor,Researcher,Sent,4
2023-11-15,Mara Okafor,Researcher,Received,150
2023-12-21,Mara Okafor,Researcher,Sent,29
2023-12-23,Mara Okafor,Researcher,Sent,75
2023-12-20,Mara Okafor,Researcher,Sent,295
2023-12-11,Mara Okafor,Researcher,Received,63
2023-12-09,Mara Okafor,Researcher,Sent,298
2023-12-11,Mara Okafor,Researcher,Received,106
2023-12-07,Mara Okafor,Researcher,Received,14
2023-12-05,Mara Okafor,Researcher,Received,242
2023-12-20,Mara Okafor,Researcher,Received,131
2023-12-14,Mara Okafor,Researcher,Sent,254
2023-12-03,Mara Okafor,Researcher,Received,6
2023-12-14,Mara Okafor,Researcher,Sent,114
2023-12-02,Mara Okafor,Researcher,Sent,40
2023-12-02,Mara Okafor,Researcher,Sent,75
2023-12-17,Mara Okafor,Researcher,Sent,16
2023-12-12,Mara Okafor,Researcher,Received,37
2024-01-20,Mara Okafor,Researcher,Received,25
2024-01-10,Mara Okafor,Researcher,Sent,10
2024-01-29,Mara Okafor,Researcher,Received,12
2024-01-20,Mara Okafor,Researcher,Sent,57
2024-01-29,Mara Okafor,Researcher,Sent,66
2024-01-20,Mara Okafor,Researcher,Received,222
2024-01-14,Mara Okafor,Researcher,Sent,291
2024-01-12,Mara Okafor,Researcher,Sent,221
2024-01-14,Mara Okafor,Researcher,Received,56
2024-01-07,Mara Okafor,Researcher,Sent,88
2024-01-03,Mara Okafor,Researcher,Received,42
2024-01-07,Mara Okafor,Researcher,Sent,239
2024-01-15,Mara Okafor,Researcher,Sent,153
2024-01-05,Mara Okafor,Researcher,Sent,180
2024-01-09,Mara Okafor,Researcher,Sent,157
2024-01-20,Mara Okafor,Researcher,Sent,60
2024-01-09,Mara Okafor,Researcher,Sent,3
2024-01-16,Mara Okafor,Researcher,Received,91
2024-01-14,Mara Okafor,Researcher,Received,201
2024-02-24,Mara Okafor,Researcher,Sent,107
2024-02-06,Mara Okafor,Researcher,Sent,198
2024-02-15,Mara Okafor,Researcher,Sent,157
2024-02-14,Mara Okafor,Researcher,Sent,120
2024-02-12,Mara Okafor,Researcher,Received,255
2024-02-01,Mara Okafor,Researcher,Sent,415
2024-02-14,Mara Okafor,Researcher,Sent,84
2024-02-02,Mara Okafor,Researcher,Received,3
2024-02-12,Mara Okafor,Researcher,Received,52
2024-02-02,Mara Okafor,Researcher,Received,3
2024-02-03,Mara Okafor,Researcher,Received,356
2024-02-20,Mara Okafor,Researcher,Sent,38
2024-02-10,Mara Okafor,Researcher,Received,212
2024-02-01,Mara Okafor,Researcher,Received,9
2024-02-24,Mara Okafor,Researcher,Received,36
2024-02-15,Mara Okafor,Researcher,Sent,146
2024-03-17,Mara Okafor,Researcher,Received,105
2024-03-09,Mara Okafor,Researcher,Sent,238
2024-03-08,Mara Okafor,Researcher,Received,31
2024-03-17,Mara Okafor,Researcher,Sent,203
2024-03-29,Mara Okafor,Researcher,Sent,266
2024-03-02,Mara Okafor,Researcher,Sent,86
2024-03-21,Mara Okafor,Researcher,Received,5
2024-03-31,Mara Okafor,Researcher,Sent,50
2024-04-17,Mara Okafor,Researcher,Received,33
2024-04-30,Mara Okafor,Researcher,Sent,44
2024-04-23,Mara Okafor,Researcher,Sent,71
2024-04-23,Mara Okafor,Researcher,Sent,217
2024-04-15,Mara Okafor,Researcher,Sent,241
2024-04-16,Mara Okafor,Researcher,Sent,4
2024-04-09,Mara Okafor,Researcher,Received,8
2024-04-22,Mara Okafor,Researcher,Sent,162
2024-04-14,Mara Okafor,Researcher,Received,182
2024-04-26,Mara Okafor,Researcher,Sent,122
2024-04-06,Mara Okafor,Researcher,Received,21
2024-04-02,Mara Okafor,Researcher,Sent,40
2024-04-08,Mara Okafor,Researcher,Sent,253
2024-04-24,Mara Okafor,Researcher,Sent,280
2024-04-16,Mara Okafor,Researcher,Sent,645
2024-04-10,Mara Okafor,Researcher,Sent,127
2024-04-18,Mara Okafor,Researcher,Received,119
2024-04-09,Mara Okafor,Researcher,Received,118
2024-04-30,Mara Okafor,Researcher,Received,99
2024-04-28,Mara Okafor,Researcher,Sent,259
2024-05-23,Mara Okafor,Researcher,Sent,16
2024-05-30,Mara Okafor,Researcher,Sent,91
2024-05-07,Mara Okafor,Researcher,Received,82
2024-05-15,Mara Okafor,Researcher,Sent,76
2024-05-21,Mara Okafor,Researcher,Sent,60
2024-05-03,Mara Okafor,Researcher,Received,22
2024-05-30,Mara Okafor,Researcher,Sent,717
2024-05-27,Mara Okafor,Researcher,Received,103
2024-05-06,Mara Okafor,Researcher,Received,110
2024-05-19,Mara Okafor,Researcher,Received,16
2024-05-12,Mara Okafor,Researcher,Sent,159
2024-05-26,Mara Okafor,Researcher,Received,50
2024-05-10,Mara Okafor,Researcher,Sent,173
2024-05-06,Mara Okafor,Researcher,Received,529
2024-05-30,Mara Okafor,Researcher,Received,45
2024-05-20,Mara Okafor,Researcher,Received,12
2024-06-30,Mara Okafor,Researcher,Sent,48
2024-06-27,Mara Okafor,Researcher,Sent,37
2024-06-08,Mara Okafor,Researcher,Sent,123
2024-06-28,Mara Okafor,Researcher,Sent,266
2024-06-08,Mara Okafor,Researcher,Sent,44
2024-06-17,Mara Okafor,Researcher,Sent,62
2024-06-28,Mara Okafor,Researcher,Received,67
2024-06-22,Mara Okafor,Researcher,Sent,81
2024-06-22,Mara Okafor,Researcher,Sent,23
2024-07-07,Mara Okafor,Researcher,Sent,48
2024-07-05,Mara Okafor,Researcher,Sent,524
2024-07-24,Mara Okafor,Researcher,Received,10
2024-07-19,Mara Okafor,Researcher,Sent,9
2024-07-24,Mara Okafor,Researcher,Sent,341
2024-07-28,Mara Okafor,Researcher,Received,81
2024-07-13,Mara Okafor,Researcher,Sent,83
2024-07-04,Mara Okafor,Researcher,Received,91
2024-07-27,Mara Okafor,Researcher,Received,392
2024-07-16,Mara Okafor,Researcher,Received,67
2024-07-11,Mara Okafor,Researcher,Sent,18
2024-07-16,Mara Okafor,Researcher,Sent,11
2024-07-22,Mara Okafor,Researcher,Sent,143
2024-07-05,Mara Okafor,Researcher,Sent,204
2024-07-18,Mara Okafor,Researcher,Received,109
2024-07-20,Mara Okafor,Researcher,Sent,200
2019-11-23,Jonas Weber,Banker,Sent,4
2019-11-10,Jonas Weber,Banker,Received,337
2019-11-11,Jonas Weber,Banker,Sent,90
2019-11-05,Jonas Weber,Banker,Sent,92
2019-11-16,Jonas Weber,Banker,Received,28
2019-11-18,Jonas Weber,Banker,Sent,39
2019-11-06,Jonas Weber,Banker,Received,66
2019-11-25,Jonas Weber,Banker,Received,189
2019-11-14,Jonas Weber,Banker,Sent,204
2020-01-24,Jonas Weber,Banker,Received,176
2020-01-14,Jonas Weber,Banker,Sent,88
2020-01-30,Jonas Weber,Banker,Received,99
2020-01-15,Jonas Weber,Banker,Sent,361
2020-01-14,Jonas Weber,Banker,Received,110
2020-01-11,Jonas Weber,Banker,Received,25
2020-01-17,Jonas Weber,Banker,Received,29
2020-01-07,Jonas Weber,Banker,Sent,58
2020-01-02,Jonas Weber,Banker,Received,313
2020-02-09,Jonas Weber,Banker,Sent,16
2020-02-07,Jonas Weber,Banker,Sent,214
2020-02-20,Jonas Weber,Banker,Received,63
2020-02-26,Jonas Weber,Banker,Sent,7
2020-02-12,Jonas Weber,Banker,Sent,48
2020-02-01,Jonas Weber,Banker,Received,64
2020-02-12,Jonas Weber,Banker,Received,185
2020-02-11,Jonas Weber,Banker,Sent,118
2020-02-14,Jonas Weber,Banker,Received,170
2020-02-07,Jonas Weber,Banker,Sent,46
2020-02-28,Jonas Weber,Banker,Sent,44
2020-02-08,Jonas Weber,Banker,Sent,239
2020-02-13,Jonas Weber,Banker,Sent,245
2020-02-05,Jonas Weber,Banker,Sent,3
2020-02-13,Jonas Weber,Banker,Received,174
2020-02-03,Jonas Weber,Banker,Sent,67
2020-03-07,Jonas Weber,Banker,Sent,86
2020-03-07,Jonas Weber,Banker,Sent,109
2020-03-22,Jonas Weber,Banker,Sent,38
2020-03-29,Jonas Weber,Banker,Received,136
2020-03-15,Jonas Weber,Banker,Sent,152
2020-03-29,Jonas Weber,Banker,Sent,104
2020-03-19,Jonas Weber,Banker,Received,119
2020-04-26,Jonas Weber,Banker,Sent,94
2020-04-10,Jonas Weber,Banker,Sent,199
2020-04-07,Jonas Weber,Banker,Sent,79
2020-04-23,Jonas Weber,Banker,Sent,240
2020-04-21,Jonas Weber,Banker,Sent,37
2020-04-25,Jonas Weber,Banker,Received,44
2020-04-09,Jonas Weber,Banker,Sent,404
2020-04-15,Jonas Weber,Banker,Sent,374
2020-04-11,Jonas Weber,Banker,Sent,29
2020-04-18,Jonas Weber,Banker,Sent,266
2020-05-26,Jonas Weber,Banker,Sent,3
2020-05-18,Jonas Weber,Banker,Sent,17
2020-05-27,Jonas Weber,Banker,Sent,262
2020-05-29,Jonas Weber,Banker,Sent,5
2020-05-27,Jonas Weber,Banker,Sent,99
2020-05-03,Jonas Weber,Banker,Received,73
2020-05-28,Jonas Weber,Banker,Sent,128
2020-05-08,Jonas Weber,Banker,Sent,33
2020-05-16,Jonas Weber,Banker,Sent,23
2020-05-20,Jonas Weber,Banker,Received,73
2020-05-14,Jonas Weber,Banker,Received,233
2020-05-09,Jonas Weber,Banker,Sent,5
2020-05-22,Jonas Weber,Banker,Sent,32
2020-05-26,Jonas Weber,Banker,Received,11
2020-05-27,Jonas Weber,Banker,Sent,3
2020-05-13,Jonas Weber,Banker,Received,28
2020-05-14,Jonas Weber,Banker,Sent,134
2020-05-11,Jonas Weber,Banker,Sent,21
2020-05-04,Jonas Weber,Banker,Sent,115
2020-05-01,Jonas Weber,Banker,Sent,358
2020-06-10,Jonas Weber,Banker,Sent,36
2020-06-06,Jonas Weber,Banker,Sent,53
2020-06-16,Jonas Weber,Banker,Sent,144
2020-06-14,Jonas Weber,Banker,Received,219
2020-06-20,Jonas Weber,Banker,Sent,263
2020-06-21,Jonas Weber,Banker,Received,84
2020-06-14,Jonas Weber,Banker,Sent,31
2020-06-27,Jonas Weber,Banker,Sent,196
2020-06-12,Jonas Weber,Banker,Sent,147
2020-07-17,Jonas Weber,Banker,Sent,22
2020-07-23,Jonas Weber,Banker,Sent,333
2020-07-04,Jonas Weber,Banker,Sent,120
2020-07-20,Jonas Weber,Banker,Received,3
2020-07-22,Jonas Weber,Banker,Sent,121
2020-07-25,Jonas Weber,Banker,Sent,36
2020-07-21,Jonas Weber,Banker,Sent,353
2020-07-02,Jonas Weber,Banker,Sent,169
2020-07-09,Jonas Weber,Banker,Sent,13
2020-07-28,Jonas Weber,Banker,Sent,72
2020-07-06,Jonas Weber,Banker,Sent,94
2020-07-27,Jonas Weber,Banker,Sent,120
2020-07-22,Jonas Weber,Banker,Sent,27
2020-07-20,Jonas Weber,Banker,Sent,283
2020-07-06,Jonas Weber,Banker,Received,108
2020-07-12,Jonas Weber,Banker,Sent,53
2020-07-10,Jonas Weber,Banker,Sent,133
2020-09-04,Jonas Weber,Banker,Sent,287
2020-09-25,Jonas Weber,Banker,Received,164
2020-09-02,Jonas Weber,Banker,Sent,367
2020-09-28,Jonas Weber,Banker,Sent,94
2020-09-27,Jonas Weber,Banker,Sent,200
2020-09-20,Jonas Weber,Banker,Received,15
2020-09-09,Jonas Weber,Banker,Sent,108
2020-09-17,Jonas Weber,Banker,Sent,30
2020-09-19,Jonas Weber,Banker,Sent,34
2020-09-22,Jonas Weber,Banker,Sent,150
2020-09-09,Jonas Weber,Banker,Received,176
2020-09-10,Jonas Weber,Banker,Sent,162
2020-09-04,Jonas Weber,Banker,Sent,85
2020-09-29,Jonas Weber,Banker,Sent,12
2020-09-25,Jonas Weber,Banker,Sent,102
2020-09-29,Jonas Weber,Banker,Sent,51
2020-09-08,Jonas Weber,Banker,Received,6
2020-09-23,Jonas Weber,Banker,Received,32
2020-09-01,Jonas Weber,Banker,Sent,23
2020-09-23,Jonas Weber,Banker,Sent,75
2020-09-28,Jonas Weber,Banker,Sent,16
2020-09-06,Jonas Weber,Banker,Received,449
2020-09-09,Jonas Weber,Banker,Sent,40
2020-09-11,Jonas Weber,Banker,Sent,252
2020-10-24,Jonas Weber,Banker,Received,61
2020-10-13,Jonas Weber,Banker,Sent,4
2020-10-05,Jonas Weber,Banker,Sent,119
2020-10-28,Jonas Weber,Banker,Sent,91
2020-10-31,Jonas Weber,Banker,Sent,349
2020-10-02,Jonas Weber,Banker,Sent,5
2020-10-16,Jonas Weber,Banker,Sent,17
2020-10-12,Jonas Weber,Banker,Sent,29
2020-10-01,Jonas Weber,Banker,Sent,131
2020-10-29,Jonas Weber,Banker,Sent,128
2020-10-26,Jonas Weber,Banker,Received,37
2020-10-04,Jonas Weber,Banker,Received,71
2020-10-02,Jonas Weber,Banker,Received,100
2020-10-02,Jonas Weber,Banker,Sent,128
2020-10-05,Jonas Weber,Banker,Sent,385
2020-10-15,Jonas Weber,Banker,Sent,187
2020-10-30,Jonas Weber,Banker,Sent,47
2020-10-23,Jonas Weber,Banker,Sent,213
2020-10-16,Jonas Weber,Banker,Sent,105
2020-10-01,Jonas Weber,Banker,Sent,387
2020-10-27,Jonas Weber,Banker,Received,10
2020-10-22,Jonas Weber,Banker,Sent,65
2020-10-25,Jonas Weber,Banker,Received,18
2020-10-21,Jonas Weber,Banker,Sent,4
2020-11-22,Jonas Weber,Banker,Received,71
2020-11-20,Jonas Weber,Banker,Received,98
2020-11-23,Jonas Weber,Banker,Received,31
2020-11-06,Jonas Weber,Banker,Sent,94
2020-11-03,Jonas Weber,Banker,Received,49
2020-11-24,Jonas Weber,Banker,Sent,85
2020-11-14,Jonas Weber,Banker,Sent,98
2020-11-15,Jonas Weber,Banker,Sent,55
2020-11-16,Jonas Weber,Banker,Received,103
2020-11-12,Jonas Weber,Banker,Sent,158
2020-11-13,Jonas Weber,Banker,Received,248
2020-11-15,Jonas Weber,Banker,Received,539
2020-11-30,Jonas Weber,Banker,Received,63
2020-11-07,Jonas Weber,Banker,Sent,25
2020-11-25,Jonas Weber,Banker,Sent,216
2020-12-13,Jonas Weber,Banker,Sent,170
2020-12-28,Jonas Weber,Banker,Sent,58
2020-12-26,Jonas Weber,Banker,Received,3
2020-12-05,Jonas Weber,Banker,Received,126
2020-12-08,Jonas Weber,Banker,Sent,190
2020-12-30,Jonas Weber,Banker,Received,47
2020-12-15,Jonas Weber,Banker,Sent,98
2020-12-11,Jonas Weber,Banker,Sent,351
2020-12-21,Jonas Weber,Banker,Sent,71
2020-12-24,Jonas Weber,Banker,Sent,39
2020-12-30,Jonas Weber,Banker,Sent,56
2020-12-01,Jonas Weber,Banker,Received,6
2020-12-21,Jonas Weber,Banker,Sent,33
2020-12-21,Jonas Weber,Banker,Sent,146
2020-12-24,Jonas Weber,Banker,Sent,97
2020-12-14,Jonas Weber,Banker,Received,42
2020-12-14,Jonas Weber,Banker,Received,32
2020-12-01,Jonas Weber,Banker,Sent,12
2021-02-16,Jonas Weber,Banker,Received,844
2021-02-10,Jonas Weber,Banker,Sent,52
2021-02-12,Jonas Weber,Banker,Sent,263
2021-02-19,Jonas Weber,Banker,Sent,47
2021-02-14,Jonas Weber,Banker,Sent,18
2021-02-08,Jonas Weber,Banker,Sent,7
2021-02-08,Jonas Weber,Banker,Received,27
2021-02-08,Jonas Weber,Banker,Received,124
2021-02-06,Jonas Weber,Banker,Sent,18
2021-02-13,Jonas Weber,Banker,Received,84
2021-02-18,Jonas Weber,Banker,Received,87
2021-02-05,Jonas Weber,Banker,Sent,251
2021-02-16,Jonas Weber,Banker,Sent,3
2021-02-04,Jonas Weber,Banker,Received,219
2021-02-25,Jonas Weber,Banker,Sent,31
2021-02-18,Jonas Weber,Banker,Received,33
2021-02-02,Jonas Weber,Banker,Sent,145
2021-02-17,Jonas Weber,Banker,Received,199
2021-02-17,Jonas Weber,Banker,Sent,125
2021-02-01,Jonas Weber,Banker,Received,76
2021-02-07,Jonas Weber,Banker,Sent,65
2021-02-21,Jonas Weber,Banker,Sent,96
2021-02-12,Jonas Weber,Banker,Received,25
2021-02-17,Jonas Weber,Banker,Received,107
2021-02-03,Jonas Weber,Banker,Received,172
2021-02-08,Jonas Weber,Banker,Received,112
2021-03-02,Jonas Weber,Banker,Received,8
2021-03-26,Jonas Weber,Banker,Sent,86
2021-03-12,Jonas Weber,Banker,Sent,17
2021-03-14,Jonas Weber,Banker,Received,55
2021-03-27,Jonas Weber,Banker,Sent,136
2021-03-04,Jonas Weber,Banker,Sent,278
2021-03-22,Jonas Weber,Banker,Sent,32
2021-03-23,Jonas Weber,Banker,Sent,3
2021-03-17,Jonas Weber,Banker,Sent,90
2021-03-24,Jonas Weber,Banker,Received,106
2021-03-25,Jonas Weber,Banker,Sent,34
2021-03-11,Jonas Weber,Banker,Sent,263
2021-03-16,Jonas Weber,Banker,Sent,215
2021-03-11,Jonas Weber,Banker,Sent,138
2021-03-06,Jonas Weber,Banker,Sent,122
2021-03-30,Jonas Weber,Banker,Received,375
2021-03-03,Jonas Weber,Banker,Sent,126
2021-03-29,Jonas Weber,Banker,Sent,180
2021-03-22,Jonas Weber,Banker,Sent,13
2021-03-12,Jonas Weber,Banker,Sent,57
2021-03-03,Jonas Weber,Banker,Sent,101
2021-03-16,Jonas Weber,Banker,Received,163
2021-04-18,Jonas Weber,Banker,Sent,489
2021-04-02,Jonas Weber,Banker,Received,303
2021-04-30,Jonas Weber,Banker,Received,356
2021-04-06,Jonas Weber,Banker,Sent,179
2021-04-29,Jonas Weber,Banker,Sent,11
2021-04-24,Jonas Weber,Banker,Sent,3
2021-04-01,Jonas Weber,Banker,Sent,39
2021-04-22,Jonas Weber,Banker,Sent,95
2021-04-09,Jonas Weber,Banker,Received,76
2021-04-17,Jonas Weber,Banker,Received,58
2021-04-23,Jonas Weber,Banker,Sent,123
2021-04-18,Jonas Weber,Banker,Sent,121
2021-04-20,Jonas Weber,Banker,Sent,121
2021-04-17,Jonas Weber,Banker,Sent,68
2021-04-08,Jonas Weber,Banker,Received,5
2021-04-07,Jonas Weber,Banker,Received,5
2021-04-05,Jonas Weber,Banker,Received,23
2021-04-26,Jonas Weber,Banker,Received,12
2021-04-23,Jonas Weber,Banker,Received,28
2021-04-04,Jonas Weber,Banker,Sent,89
2021-04-09,Jonas Weber,Banker,Sent,375
2021-04-26,Jonas Weber,Banker,Sent,540
2021-04-05,Jonas Weber,Banker,Sent,8
2021-04-17,Jonas Weber,Banker,Received,16
2021-04-01,Jonas Weber,Banker,Received,186
2021-04-24,Jonas Weber,Banker,Sent,94
2021-05-07,Jonas Weber,Banker,Sent,168
2021-05-11,Jonas Weber,Banker,Received,134
2021-05-15,Jonas Weber,Banker,Sent,25
2021-05-23,Jonas Weber,Banker,Received,30
2021-05-23,Jonas Weber,Banker,Received,34
2021-05-11,Jonas Weber,Banker,Sent,29
2021-05-07,Jonas Weber,Banker,Sent,39
2021-05-18,Jonas Weber,Banker,Sent,106
2021-05-28,Jonas Weber,Banker,Sent,159
2021-05-17,Jonas Weber,Banker,Received,169
2021-05-27,Jonas Weber,Banker,Sent,149
2021-05-11,Jonas Weber,Banker,Received,37
2021-05-31,Jonas Weber,Banker,Sent,182
2021-05-18,Jonas Weber,Banker,Sent,93
2021-05-22,Jonas Weber,Banker,Sent,147
2021-05-10,Jonas Weber,Banker,Sent,111
2021-06-14,Jonas Weber,Banker,Sent,288
2021-06-23,Jonas Weber,Banker,Received,118
2021-06-23,Jonas Weber,Banker,Sent,38
2021-06-15,Jonas Weber,Banker,Sent,108
2021-06-07,Jonas Weber,Banker,Received,164
2021-06-18,Jonas Weber,Banker,Sent,22
2021-06-16,Jonas Weber,Banker,Sent,103
2021-06-22,Jonas Weber,Banker,Received,114
2021-06-28,Jonas Weber,Banker,Sent,167
2021-06-02,Jonas Weber,Banker,Sent,25
2021-06-29,Jonas Weber,Banker,Received,50
2021-06-18,Jonas Weber,Banker,Sent,714
2021-06-04,Jonas Weber,Banker,Sent,40
2021-06-25,Jonas Weber,Banker,Sent,47
2021-06-17,Jonas Weber,Banker,Received,18
2021-06-26,Jonas Weber,Banker,Received,62
2021-06-14,Jonas Weber,Banker,Sent,44
2021-06-10,Jonas Weber,Banker,Received,336
2021-06-15,Jonas Weber,Banker,Received,106
2021-07-11,Jonas Weber,Banker,Sent,101
2021-07-31,Jonas Weber,Banker,Sent,608
2021-07-17,Jonas Weber,Banker,Sent,24
2021-07-19,Jonas Weber,Banker,Sent,91
2021-07-02,Jonas Weber,Banker,Received,188
2021-07-13,Jonas Weber,Banker,Sent,64
2021-07-29,Jonas Weber,Banker,Sent,91
2021-07-12,Jonas Weber,Banker,Sent,156
2021-07-29,Jonas Weber,Banker,Sent,156
2021-07-24,Jonas Weber,Banker,Received,89
2021-07-19,Jonas Weber,Banker,Received,48
2021-07-31,Jonas Weber,Banker,Sent,7
2021-07-29,Jonas Weber,Banker,Received,39
2021-07-18,Jonas Weber,Banker,Received,87
2021-07-11,Jonas Weber,Banker,Sent,6
2021-07-13,Jonas Weber,Banker,Received,105
2021-07-02,Jonas Weber,Banker,Received,98
2021-07-26,Jonas Weber,Banker,Sent,99
2021-07-22,Jonas Weber,Banker,Sent,69
2021-07-21,Jonas Weber,Banker,Received,443
2021-07-28,Jonas Weber,Banker,Sent,92
2021-07-06,Jonas Weber,Banker,Received,98
2021-09-03,Jonas Weber,Banker,Sent,76
2021-09-29,Jonas Weber,Banker,Sent,200
2021-09-09,Jonas Weber,Banker,Sent,85
2021-09-13,Jonas Weber,Banker,Sent,291
2021-09-14,Jonas Weber,Banker,Sent,11
2021-09-25,Jonas Weber,Banker,Sent,34
2021-09-17,Jonas Weber,Banker,Sent,31
2021-09-29,Jonas Weber,Banker,Sent,283
2021-09-06,Jonas Weber,Banker,Received,392
2021-09-05,Jonas Weber,Banker,Sent,226
2021-09-13,Jonas Weber,Banker,Sent,24
2021-09-19,Jonas Weber,Banker,Sent,72
2021-09-21,Jonas Weber,Banker,Received,18
2021-09-12,Jonas Weber,Banker,Received,88
2021-09-06,Jonas Weber,Banker,Sent,199
2021-09-14,Jonas Weber,Banker,Sent,49
2021-09-19,Jonas Weber,Banker,Sent,162
2021-09-09,Jonas Weber,Banker,Sent,519
2021-09-30,Jonas Weber,Banker,Sent,12
2021-09-08,Jonas Weber,Banker,Sent,103
2021-09-26,Jonas Weber,Banker,Sent,219
2021-09-17,Jonas Weber,Banker,Sent,29
2021-09-21,Jonas Weber,Banker,Sent,20
2021-09-20,Jonas Weber,Banker,Sent,7
2021-09-22,Jonas Weber,Banker,Received,132
2021-10-28,Jonas Weber,Banker,Sent,237
2021-10-29,Jonas Weber,Banker,Sent,72
2021-10-27,Jonas Weber,Banker,Sent,323
2021-10-10,Jonas Weber,Banker,Received,103
2021-10-16,Jonas Weber,Banker,Sent,22
2021-10-28,Jonas Weber,Banker,Received,89
2021-10-18,Jonas Weber,Banker,Sent,152
2021-10-09,Jonas Weber,Banker,Sent,64
2021-10-25,Jonas Weber,Banker,Sent,122
2021-10-02,Jonas Weber,Banker,Sent,24
2021-10-10,Jonas Weber,Banker,Sent,205
2021-10-24,Jonas Weber,Banker,Sent,194
2021-10-05,Jonas Weber,Banker,Received,81
2021-10-31,Jonas Weber,Banker,Sent,178
2021-10-13,Jonas Weber,Banker,Sent,192
2021-11-06,Jonas Weber,Banker,Received,190
2021-11-01,Jonas Weber,Banker,Sent,5
2021-11-24,Jonas Weber,Banker,Received,299
2021-11-04,Jonas Weber,Banker,Received,195
2021-11-04,Jonas Weber,Banker,Sent,16
2021-11-29,Jonas Weber,Banker,Sent,10
2021-11-09,Jonas Weber,Banker,Sent,307
2021-11-14,Jonas Weber,Banker,Sent,162
2021-11-04,Jonas Weber,Banker,Sent,87
2021-11-30,Jonas Weber,Banker,Sent,11
2021-11-29,Jonas Weber,Banker,Sent,247
2021-11-24,Jonas Weber,Banker,Sent,500
2021-11-08,Jonas Weber,Banker,Sent,6
2021-11-03,Jonas Weber,Banker,Received,115
2021-11-10,Jonas Weber,Banker,Received,210
2021-11-05,Jonas Weber,Banker,Sent,88
2021-12-23,Jonas Weber,Banker,Sent,11
2021-12-11,Jonas Weber,Banker,Sent,111
2021-12-15,Jonas Weber,Banker,Sent,39
2021-12-05,Jonas Weber,Banker,Sent,453
2021-12-17,Jonas Weber,Banker,Received,103
2021-12-10,Jonas Weber,Banker,Received,26
2021-12-01,Jonas Weber,Banker,Sent,28
2021-12-05,Jonas Weber,Banker,Sent,44
2021-12-11,Jonas Weber,Banker,Sent,139
2021-12-29,Jonas Weber,Banker,Sent,21
2021-12-06,Jonas Weber,Banker,Sent,341
2021-12-25,Jonas Weber,Banker,Sent,60
2021-12-07,Jonas Weber,Banker,Sent,20
2021-12-12,Jonas Weber,Banker,Sent,330
2021-12-02,Jonas Weber,Banker,Sent,42
2021-12-30,Jonas Weber,Banker,Sent,132
2021-12-07,Jonas Weber,Banker,Sent,84
2021-12-04,Jonas Weber,Banker,Sent,35
2021-12-27,Jonas Weber,Banker,Sent,53
2021-12-24,Jonas Weber,Banker,Sent,57
2022-01-31,Jonas Weber,Banker,Received,177
2022-01-12,Jonas Weber,Banker,Received,105
2022-01-27,Jonas Weber,Banker,Sent,17
2022-01-18,Jonas Weber,Banker,Received,154
2022-01-22,Jonas Weber,Banker,Sent,150
2022-01-28,Jonas Weber,Banker,Sent,32
2022-01-19,Jonas Weber,Banker,Received,68
2022-01-24,Jonas Weber,Banker,Sent,111
2022-01-20,Jonas Weber,Banker,Sent,47
2022-01-20,Jonas Weber,Banker,Sent,86
2022-01-21,Jonas Weber,Banker,Received,46
2022-01-22,Jonas Weber,Banker,Sent,423
2022-01-13,Jonas Weber,Banker,Sent,12
2022-01-13,Jonas Weber,Banker,Sent,117
2022-01-23,Jonas Weber,Banker,Sent,185
2022-01-02,Jonas Weber,Banker,Sent,112
2022-01-29,Jonas Weber,Banker,Sent,97
2022-01-01,Jonas Weber,Banker,Sent,61
2022-01-06,Jonas Weber,Banker,Sent,188
2022-01-10,Jonas Weber,Banker,Sent,44
2022-01-23,Jonas Weber,Banker,Received,24
2022-01-11,Jonas Weber,Banker,Sent,37
2022-01-07,Jonas Weber,Banker,Sent,45
2022-01-31,Jonas Weber,Banker,Sent,30
2022-01-19,Jonas Weber,Banker,Sent,104
2022-01-13,Jonas Weber,Banker,Sent,72
2022-02-07,Jonas Weber,Banker,Received,46
2022-02-11,Jonas Weber,Banker,Received,111
2022-02-12,Jonas Weber,Banker,Received,80
2022-02-14,Jonas Weber,Banker,Received,53
2022-02-07,Jonas Weber,Banker,Sent,317
2022-02-25,Jonas Weber,Banker,Received,13
2022-02-01,Jonas Weber,Banker,Received,144
2022-02-09,Jonas Weber,Banker,Received,14
2022-02-28,Jonas Weber,Banker,Received,47
2022-02-12,Jonas Weber,Banker,Sent,5
2022-02-07,Jonas Weber,Banker,Sent,51
2022-02-12,Jonas Weber,Banker,Received,237
2022-02-11,Jonas Weber,Banker,Sent,40
2022-02-21,Jonas Weber,Banker,Sent,64
2022-02-03,Jonas Weber,Banker,Sent,29
2022-02-27,Jonas Weber,Banker,Received,97
2022-02-25,Jonas Weber,Banker,Received,39
2022-02-10,Jonas Weber,Banker,Sent,45
2022-02-16,Jonas Weber,Banker,Sent,33
2022-02-02,Jonas Weber,Banker,Sent,145
2022-02-12,Jonas Weber,Banker,Sent,448
2022-02-05,Jonas Weber,Banker,Sent,54
2022-02-13,Jonas Weber,Banker,Received,91
2022-02-04,Jonas Weber,Banker,Sent,130
2022-02-22,Jonas Weber,Banker,Sent,97
2022-02-19,Jonas Weber,Banker,Sent,129
2022-02-21,Jonas Weber,Banker,Received,10
2022-02-11,Jonas Weber,Banker,Sent,451
2022-03-26,Jonas Weber,Banker,Sent,162
2022-03-09,Jonas Weber,Banker,Sent,28
2022-03-26,Jonas Weber,Banker,Received,126
2022-03-22,Jonas Weber,Banker,Sent,16
2022-03-19,Jonas Weber,Banker,Sent,536
2022-03-14,Jonas Weber,Banker,Sent,14
2022-03-22,Jonas Weber,Banker,Received,61
2022-03-11,Jonas Weber,Banker,Sent,174
2022-03-20,Jonas Weber,Banker,Sent,228
2022-03-06,Jonas Weber,Banker,Sent,73
2022-03-31,Jonas Weber,Banker,Received,49
2022-03-09,Jonas Weber,Banker,Received,10
2022-03-25,Jonas Weber,Banker,Sent,8
2022-03-24,Jonas Weber,Banker,Sent,74
2022-03-17,Jonas Weber,Banker,Sent,27
2022-03-25,Jonas Weber,Banker,Sent,130
2022-03-22,Jonas Weber,Banker,Sent,38
2022-03-07,Jonas Weber,Banker,Sent,58
2022-03-15,Jonas Weber,Banker,Sent,89
2022-03-24,Jonas Weber,Banker,Sent,22
2022-03-05,Jonas Weber,Banker,Sent,9
2022-03-31,Jonas Weber,Banker,Sent,104
2022-03-05,Jonas Weber,Banker,Received,137
2022-03-06,Jonas Weber,Banker,Received,205
2022-04-06,Jonas Weber,Banker,Sent,31
2022-04-03,Jonas Weber,Banker,Received,24
2022-04-28,Jonas Weber,Banker,Sent,9
2022-04-19,Jonas Weber,Banker,Received,34
2022-04-14,Jonas Weber,Banker,Sent,26
2022-04-23,Jonas Weber,Banker,Sent,15
2022-04-21,Jonas Weber,Banker,Sent,215
2022-04-10,Jonas Weber,Banker,Sent,120
2022-04-16,Jonas Weber,Banker,Sent,560
2022-04-09,Jonas Weber,Banker,Sent,262
2022-04-01,Jonas Weber,Banker,Sent,137
2022-04-12,Jonas Weber,Banker,Received,20
2022-04-22,Jonas Weber,Banker,Sent,73
2022-04-07,Jonas Weber,Banker,Sent,142
2022-04-27,Jonas Weber,Banker,Received,9
2022-04-05,Jonas Weber,Banker,Sent,316
2022-04-21,Jonas Weber,Banker,Sent,37
2022-04-22,Jonas Weber,Banker,Sent,97
2022-04-06,Jonas Weber,Banker,Sent,19
2022-04-04,Jonas Weber,Banker,Sent,74
2022-04-08,Jonas Weber,Banker,Sent,17
2022-04-14,Jonas Weber,Banker,Sent,52
2022-04-11,Jonas Weber,Banker,Sent,43
2022-04-01,Jonas Weber,Banker,Sent,31
2022-04-17,Jonas Weber,Banker,Sent,54
2022-04-23,Jonas Weber,Banker,Sent,4
2022-04-30,Jonas Weber,Banker,Received,146
2022-04-07,Jonas Weber,Banker,Sent,89
2022-04-07,Jonas Weber,Banker,Received,25
2022-04-25,Jonas Weber,Banker,Sent,379
2022-04-13,Jonas Weber,Banker,Sent,131
2022-04-28,Jonas Weber,Banker,Sent,3
2022-04-26,Jonas Weber,Banker,Received,169
2022-04-23,Jonas Weber,Banker,Sent,50
2022-04-13,Jonas Weber,Banker,Sent,101
2022-06-30,Jonas Weber,Banker,Sent,27
2022-06-01,Jonas Weber,Banker,Sent,140
2022-06-06,Jonas Weber,Banker,Sent,3
2022-06-23,Jonas Weber,Banker,Sent,240
2022-06-11,Jonas Weber,Banker,Received,154
2022-06-22,Jonas Weber,Banker,Sent,97
2022-06-24,Jonas Weber,Banker,Sent,23
2022-06-06,Jonas Weber,Banker,Sent,118
2022-06-08,Jonas Weber,Banker,Received,55
2022-06-25,Jonas Weber,Banker,Received,36
2022-06-20,Jonas Weber,Banker,Sent,8
2022-06-29,Jonas Weber,Banker,Received,260
2022-06-28,Jonas Weber,Banker,Sent,15
2022-06-11,Jonas Weber,Banker,Sent,86
2022-06-10,Jonas Weber,Banker,Sent,30
2022-06-25,Jonas Weber,Banker,Received,114
2022-06-03,Jonas Weber,Banker,Sent,18
2022-06-16,Jonas Weber,Banker,Sent,92
2022-06-14,Jonas Weber,Banker,Sent,12
2022-07-09,Jonas Weber,Banker,Sent,315
2022-07-24,Jonas Weber,Banker,Sent,174
2022-07-18,Jonas Weber,Banker,Received,152
2022-07-08,Jonas Weber,Banker,Sent,172
2022-07-23,Jonas Weber,Banker,Received,79
2022-07-16,Jonas Weber,Banker,Sent,78
2022-07-01,Jonas Weber,Banker,Sent,259
2022-07-16,Jonas Weber,Banker,Received,32
2022-07-06,Jonas Weber,Banker,Sent,43
2022-07-30,Jonas Weber,Banker,Received,53
2022-07-06,Jonas Weber,Banker,Sent,261
2022-07-10,Jonas Weber,Banker,Sent,338
2022-07-27,Jonas Weber,Banker,Sent,7
2022-07-19,Jonas Weber,Banker,Received,150
2022-07-17,Jonas Weber,Banker,Sent,129
2022-07-20,Jonas Weber,Banker,Sent,83
2022-07-26,Jonas Weber,Banker,Sent,46
2022-07-14,Jonas Weber,Banker,Sent,32
2022-07-20,Jonas Weber,Banker,Sent,505
2022-07-19,Jonas Weber,Banker,Sent,35
2022-07-21,Jonas Weber,Banker,Sent,143
2022-08-22,Jonas Weber,Banker,Sent,42
2022-08-04,Jonas Weber,Banker,Sent,81
2022-08-17,Jonas Weber,Banker,Sent,121
2022-08-30,Jonas Weber,Banker,Sent,276
2022-08-02,Jonas Weber,Banker,Sent,172
2022-08-26,Jonas Weber,Banker,Sent,268
2022-08-07,Jonas Weber,Banker,Sent,226
2022-08-14,Jonas Weber,Banker,Received,73
2022-08-14,Jonas Weber,Banker,Sent,180
2022-08-01,Jonas Weber,Banker,Received,36
2022-08-21,Jonas Weber,Banker,Received,107
2022-08-12,Jonas Weber,Banker,Sent,4
2022-08-06,Jonas Weber,Banker,Sent,242
2022-08-11,Jonas Weber,Banker,Sent,13
2022-08-12,Jonas Weber,Banker,Received,32
2022-08-26,Jonas Weber,Banker,Sent,192
2022-08-13,Jonas Weber,Banker,Sent,11
2022-08-10,Jonas Weber,Banker,Sent,69
2022-08-03,Jonas Weber,Banker,Sent,22
2022-08-14,Jonas Weber,Banker,Sent,49
2022-08-26,Jonas Weber,Banker,Sent,72
2022-08-20,Jonas Weber,Banker,Sent,316
2022-08-07,Jonas Weber,Banker,Sent,94
2022-08-15,Jonas Weber,Banker,Sent,105
2022-08-15,Jonas Weber,Banker,Sent,113
2022-09-01,Jonas Weber,Banker,Sent,71
2022-09-11,Jonas Weber,Banker,Sent,33
2022-09-07,Jonas Weber,Banker,Sent,62
2022-09-19,Jonas Weber,Banker,Sent,18
2022-09-08,Jonas Weber,Banker,Sent,165
2022-09-05,Jonas Weber,Banker,Sent,116
2022-09-26,Jonas Weber,Banker,Sent,26
2022-09-06,Jonas Weber,Banker,Sent,61
2022-09-07,Jonas Weber,Banker,Sent,138
2022-09-15,Jonas Weber,Banker,Received,141
2022-09-16,Jonas Weber,Banker,Sent,4
2022-09-12,Jonas Weber,Banker,Sent,367
2022-09-01,Jonas Weber,Banker,Sent,40
2022-09-06,Jonas Weber,Banker,Sent,339
2022-09-23,Jonas Weber,Banker,Sent,57
2022-09-01,Jonas Weber,Banker,Received,5
2022-09-05,Jonas Weber,Banker,Sent,23
2022-09-07,Jonas Weber,Banker,Sent,103
2022-11-28,Jonas Weber,Banker,Received,44
2022-11-16,Jonas Weber,Banker,Sent,42
2022-11-10,Jonas Weber,Banker,Sent,261
2022-11-28,Jonas Weber,Banker,Received,117
2022-11-05,Jonas Weber,Banker,Received,189
2022-11-07,Jonas Weber,Banker,Sent,29
2022-11-22,Jonas Weber,Banker,Sent,151
2022-11-11,Jonas Weber,Banker,Received,54
2022-11-17,Jonas Weber,Banker,Sent,16
2022-11-06,Jonas Weber,Banker,Sent,52
2022-11-25,Jonas Weber,Banker,Sent,29
2022-11-26,Jonas Weber,Banker,Sent,3
2022-11-14,Jonas Weber,Banker,Sent,228
2022-11-29,Jonas Weber,Banker,Sent,282
2022-11-03,Jonas Weber,Banker,Sent,420
2022-11-08,Jonas Weber,Banker,Sent,64
2022-11-04,Jonas Weber,Banker,Sent,157
2022-11-07,Jonas Weber,Banker,Sent,212
2022-11-05,Jonas Weber,Banker,Received,200
2022-11-15,Jonas Weber,Banker,Sent,34
2022-11-16,Jonas Weber,Banker,Sent,187
2022-11-09,Jonas Weber,Banker,Sent,52
2022-11-13,Jonas Weber,Banker,Sent,7
2022-11-19,Jonas Weber,Banker,Received,23
2022-11-28,Jonas Weber,Banker,Sent,39
2022-11-10,Jonas Weber,Banker,Received,231
2022-11-29,Jonas Weber,Banker,Sent,42
2022-11-18,Jonas Weber,Banker,Sent,27
2022-11-13,Jonas Weber,Banker,Sent,65
2022-11-30,Jonas Weber,Banker,Received,323
2022-11-17,Jonas Weber,Banker,Sent,40
2022-11-10,Jonas Weber,Banker,Received,263
2022-11-02,Jonas Weber,Banker,Received,250
2022-11-22,Jonas Weber,Banker,Sent,32
2022-12-21,Jonas Weber,Banker,Sent,33
2022-12-22,Jonas Weber,Banker,Sent,219
2022-12-01,Jonas Weber,Banker,Sent,126
2022-12-09,Jonas Weber,Banker,Received,67
2022-12-17,Jonas Weber,Banker,Received,61
2022-12-16,Jonas Weber,Banker,Sent,178
2022-12-30,Jonas Weber,Banker,Sent,124
2022-12-07,Jonas Weber,Banker,Sent,449
2022-12-18,Jonas Weber,Banker,Received,4
2022-12-29,Jonas Weber,Banker,Sent,11
2022-12-16,Jonas Weber,Banker,Sent,171
2022-12-09,Jonas Weber,Banker,Received,30
2022-12-18,Jonas Weber,Banker,Sent,172
2022-12-23,Jonas Weber,Banker,Sent,25
2022-12-27,Jonas Weber,Banker,Sent,118
2022-12-01,Jonas Weber,Banker,Sent,113
2022-12-16,Jonas Weber,Banker,Sent,6
2022-12-28,Jonas Weber,Banker,Received,3
2022-12-30,Jonas Weber,Banker,Sent,204
2022-12-07,Jonas Weber,Banker,Received,43
2022-12-03,Jonas Weber,Banker,Sent,97
2022-12-13,Jonas Weber,Banker,Sent,96
2022-12-19,Jonas Weber,Banker,Received,49
2022-12-03,Jonas Weber,Banker,Sent,140
2022-12-18,Jonas Weber,Banker,Sent,445
2022-12-24,Jonas Weber,Banker,Sent,20
2022-12-08,Jonas Weber,Banker,Sent,89
2022-12-21,Jonas Weber,Banker,Sent,53
2023-01-24,Jonas Weber,Banker,Sent,29
2023-01-12,Jonas Weber,Banker,Received,443
2023-01-14,Jonas Weber,Banker,Sent,23
2023-01-20,Jonas Weber,Banker,Sent,420
2023-01-25,Jonas Weber,Banker,Sent,65
2023-01-28,Jonas Weber,Banker,Sent,114
2023-01-14,Jonas Weber,Banker,Sent,74
2023-01-22,Jonas Weber,Banker,Received,181
2023-01-05,Jonas Weber,Banker,Sent,36
2023-01-15,Jonas Weber,Banker,Sent,460
2023-01-20,Jonas Weber,Banker,Sent,69
2023-01-04,Jonas Weber,Banker,Sent,93
2023-01-12,Jonas Weber,Banker,Sent,185
2023-01-25,Jonas Weber,Banker,Sent,153
2023-01-06,Jonas Weber,Banker,Sent,160
2023-01-10,Jonas Weber,Banker,Sent,168
2023-01-19,Jonas Weber,Banker,Sent,52
2023-01-30,Jonas Weber,Banker,Sent,56
2023-02-17,Jonas Weber,Banker,Sent,354
2023-02-24,Jonas Weber,Banker,Sent,34
2023-02-04,Jonas Weber,Banker,Received,86
2023-02-04,Jonas Weber,Banker,Sent,73
2023-02-11,Jonas Weber,Banker,Sent,35
2023-02-10,Jonas Weber,Banker,Received,291
2023-02-17,Jonas Weber,Banker,Sent,48
2023-02-07,Jonas Weber,Banker,Sent,136
2023-02-13,Jonas Weber,Banker,Sent,44
2023-02-20,Jonas Weber,Banker,Received,61
2023-02-10,Jonas Weber,Banker,Sent,74
2023-02-25,Jonas Weber,Banker,Sent,59
2023-02-02,Jonas Weber,Banker,Sent,231
2023-02-17,Jonas Weber,Banker,Sent,55
2023-02-15,Jonas Weber,Banker,Received,69
2023-02-26,Jonas Weber,Banker,Sent,47
2023-02-13,Jonas Weber,Banker,Sent,58
2023-02-22,Jonas Weber,Banker,Sent,59
2023-02-14,Jonas Weber,Banker,Received,40
2023-02-15,Jonas Weber,Banker,Sent,51
2023-02-25,Jonas Weber,Banker,Received,241
2023-02-11,Jonas Weber,Banker,Sent,75
2023-02-23,Jonas Weber,Banker,Received,56
2023-02-24,Jonas Weber,Banker,Received,18
2023-02-12,Jonas Weber,Banker,Sent,167
2023-02-26,Jonas Weber,Banker,Sent,14
2023-02-05,Jonas Weber,Banker,Sent,211
2023-02-21,Jonas Weber,Banker,Received,6
2023-02-20,Jonas Weber,Banker,Received,57
2023-02-01,Jonas Weber,Banker,Received,19
2023-02-02,Jonas Weber,Banker,Sent,192
2023-02-05,Jonas Weber,Banker,Sent,652
2023-02-03,Jonas Weber,Banker,Received,15
2023-02-03,Jonas Weber,Banker,Sent,3
2023-02-06,Jonas Weber,Banker,Sent,106
2023-02-01,Jonas Weber,Banker,Sent,27
2023-03-17,Jonas Weber,Banker,Received,22
2023-03-14,Jonas Weber,Banker,Sent,41
2023-03-12,Jonas Weber,Banker,Sent,305
2023-03-02,Jonas Weber,Banker,Sent,58
2023-03-23,Jonas Weber,Banker,Sent,337
2023-03-05,Jonas Weber,Banker,Sent,85
2023-03-18,Jonas Weber,Banker,Received,99
2023-03-14,Jonas Weber,Banker,Received,260
2023-03-09,Jonas Weber,Banker,Sent,177
2023-03-10,Jonas Weber,Banker,Received,4
2023-03-01,Jonas Weber,Banker,Sent,148
2023-03-20,Jonas Weber,Banker,Sent,23
2023-03-06,Jonas Weber,Banker,Received,20
2023-03-31,Jonas Weber,Banker,Received,38
2023-03-05,Jonas Weber,Banker,Sent,41
2023-03-13,Jonas Weber,Banker,Received,41
2023-03-24,Jonas Weber,Banker,Received,372
2023-03-20,Jonas Weber,Banker,Received,53
2023-03-22,Jonas Weber,Banker,Sent,53
2023-03-28,Jonas Weber,Banker,Sent,9
2023-03-16,Jonas Weber,Banker,Received,147
2023-04-05,Jonas Weber,Banker,Sent,5
2023-04-08,Jonas Weber,Banker,Received,100
2023-04-29,Jonas Weber,Banker,Sent,88
2023-04-03,Jonas Weber,Banker,Received,5
2023-04-23,Jonas Weber,Banker,Sent,294
2023-04-29,Jonas Weber,Banker,Received,39
2023-04-22,Jonas Weber,Banker,Received,96
2023-04-03,Jonas Weber,Banker,Sent,395
2023-04-16,Jonas Weber,Banker,Sent,211
2023-04-30,Jonas Weber,Banker,Sent,37
2023-04-23,Jonas Weber,Banker,Sent,18
2023-04-09,Jonas Weber,Banker,Sent,289
2023-04-26,Jonas Weber,Banker,Sent,61
2023-04-25,Jonas Weber,Banker,Sent,164
2023-04-11,Jonas Weber,Banker,Sent,52
2023-04-26,Jonas Weber,Banker,Received,367
2023-04-17,Jonas Weber,Banker,Sent,178
2023-05-06,Jonas Weber,Banker,Sent,25
2023-05-12,Jonas Weber,Banker,Sent,54
2023-05-18,Jonas Weber,Banker,Sent,34
2023-05-29,Jonas Weber,Banker,Received,3
2023-05-02,Jonas Weber,Banker,Received,182
2023-05-17,Jonas Weber,Banker,Sent,19
2023-05-27,Jonas Weber,Banker,Sent,336
2023-05-27,Jonas Weber,Banker,Sent,43
2023-05-31,Jonas Weber,Banker,Received,3
2023-05-10,Jonas Weber,Banker,Received,9
2023-05-16,Jonas Weber,Banker,Received,45
2023-05-31,Jonas Weber,Banker,Sent,106
2023-05-13,Jonas Weber,Banker,Sent,166
2023-05-27,Jonas Weber,Banker,Sent,122
2023-05-02,Jonas Weber,Banker,Sent,236
2023-06-21,Jonas Weber,Banker,Sent,15
2023-06-06,Jonas Weber,Banker,Sent,47
2023-06-20,Jonas Weber,Banker,Sent,3
2023-06-09,Jonas Weber,Banker,Sent,85
2023-06-08,Jonas Weber,Banker,Sent,14
2023-06-08,Jonas Weber,Banker,Sent,14
2023-06-16,Jonas Weber,Banker,Sent,132
2023-06-02,Jonas Weber,Banker,Received,300
2023-06-17,Jonas Weber,Banker,Sent,137
2023-06-11,Jonas Weber,Banker,Received,79
2023-06-12,Jonas Weber,Banker,Sent,112
2023-06-11,Jonas Weber,Banker,Sent,198
2023-06-18,Jonas Weber,Banker,Sent,416
2023-06-29,Jonas Weber,Banker,Sent,69
2023-06-21,Jonas Weber,Banker,Received,166
2023-06-26,Jonas Weber,Banker,Sent,105
2023-06-18,Jonas Weber,Banker,Received,126
2023-06-27,Jonas Weber,Banker,Sent,86
2023-06-28,Jonas Weber,Banker,Sent,205
2023-06-04,Jonas Weber,Banker,Sent,8
2023-06-04,Jonas Weber,Banker,Sent,103
2023-06-22,Jonas Weber,Banker,Sent,173
2023-06-22,Jonas Weber,Banker,Received,22
2023-06-27,Jonas Weber,Banker,Received,284
2023-06-26,Jonas Weber,Banker,Received,163
2023-06-14,Jonas Weber,Banker,Received,166
2023-07-06,Jonas Weber,Banker,Sent,199
2023-07-07,Jonas Weber,Banker,Received,61
2023-07-02,Jonas Weber,Banker,Sent,60
2023-07-29,Jonas Weber,Banker,Sent,212
2023-07-23,Jonas Weber,Banker,Received,254
2023-07-15,Jonas Weber,Banker,Sent,48
2023-07-12,Jonas Weber,Banker,Sent,281
2023-07-03,Jonas Weber,Banker,Sent,203
2023-07-29,Jonas Weber,Banker,Sent,331
2023-07-21,Jonas Weber,Banker,Received,72
2023-07-05,Jonas Weber,Banker,Sent,79
2023-07-27,Jonas Weber,Banker,Sent,3
2023-07-10,Jonas Weber,Banker,Sent,16
2023-07-12,Jonas Weber,Banker,Sent,41
2023-07-19,Jonas Weber,Banker,Sent,56
2023-07-05,Jonas Weber,Banker,Received,26
2023-07-12,Jonas Weber,Banker,Sent,3
2023-07-03,Jonas Weber,Banker,Sent,285
2023-07-01,Jonas Weber,Banker,Received,277
2023-07-09,Jonas Weber,Banker,Sent,140
2023-07-08,Jonas Weber,Banker,Sent,173
2023-07-16,Jonas Weber,Banker,Sent,205
2023-07-20,Jonas Weber,Banker,Received,88
2023-07-24,Jonas Weber,Banker,Sent,246
2023-07-05,Jonas Weber,Banker,Sent,252
2023-07-28,Jonas Weber,Banker,Sent,192
2023-07-07,Jonas Weber,Banker,Received,184
2023-08-07,Jonas Weber,Banker,Received,45
2023-08-27,Jonas Weber,Banker,Sent,7
2023-08-12,Jonas Weber,Banker,Sent,152
2023-08-01,Jonas Weber,Banker,Sent,55
2023-08-12,Jonas Weber,Banker,Received,187
2023-08-15,Jonas Weber,Banker,Sent,7
2023-08-15,Jonas Weber,Banker,Sent,93
2023-08-18,Jonas Weber,Banker,Sent,341
2023-08-27,Jonas Weber,Banker,Sent,119
2023-08-18,Jonas Weber,Banker,Sent,82
2023-08-26,Jonas Weber,Banker,Sent,185
2023-08-11,Jonas Weber,Banker,Received,15
2023-08-29,Jonas Weber,Banker,Sent,38
2023-08-08,Jonas Weber,Banker,Sent,198
2023-08-27,Jonas Weber,Banker,Received,14
2023-08-06,Jonas Weber,Banker,Sent,82
2023-08-13,Jonas Weber,Banker,Received,3
2023-08-01,Jonas Weber,Banker,Sent,128
2023-08-13,Jonas Weber,Banker,Received,247
2023-08-04,Jonas Weber,Banker,Sent,18
2023-08-06,Jonas Weber,Banker,Sent,28
2023-08-29,Jonas Weber,Banker,Sent,119
2023-09-25,Jonas Weber,Banker,Sent,11
2023-09-05,Jonas Weber,Banker,Sent,31
2023-09-04,Jonas Weber,Banker,Sent,84
2023-09-18,Jonas Weber,Banker,Sent,122
2023-09-27,Jonas Weber,Banker,Sent,11
2023-09-05,Jonas Weber,Banker,Received,58
2023-09-16,Jonas Weber,Banker,Sent,148
2023-09-23,Jonas Weber,Banker,Sent,552
2023-09-19,Jonas Weber,Banker,Received,5
2023-09-13,Jonas Weber,Banker,Sent,150
2023-09-17,Jonas Weber,Banker,Sent,7
2023-09-06,Jonas Weber,Banker,Received,4
2023-09-16,Jonas Weber,Banker,Sent,128
2023-09-15,Jonas Weber,Banker,Sent,152
2023-09-24,Jonas Weber,Banker,Received,13
2023-09-04,Jonas Weber,Banker,Sent,16
2023-09-18,Jonas Weber,Banker,Sent,150
2023-09-19,Jonas Weber,Banker,Received,245
2023-09-20,Jonas Weber,Banker,Received,3
2023-09-04,Jonas Weber,Banker,Sent,125
2023-09-14,Jonas Weber,Banker,Sent,101
2023-09-15,Jonas Weber,Banker,Received,6
2023-09-20,Jonas Weber,Banker,Received,3
2023-09-01,Jonas Weber,Banker,Received,214
2023-09-15,Jonas Weber,Banker,Sent,73
2023-09-14,Jonas Weber,Banker,Sent,63
2023-09-17,Jonas Weber,Banker,Sent,173
2023-09-03,Jonas Weber,Banker,Sent,62
2023-10-21,Jonas Weber,Banker,Sent,177
2023-10-16,Jonas Weber,Banker,Sent,7
2023-10-03,Jonas Weber,Banker,Sent,57
2023-10-08,Jonas Weber,Banker,Sent,352
2023-10-02,Jonas Weber,Banker,Received,134
2023-10-21,Jonas Weber,Banker,Received,309
2023-10-09,Jonas Weber,Banker,Sent,32
2023-10-02,Jonas Weber,Banker,Received,201
2023-10-29,Jonas Weber,Banker,Sent,225
2023-10-17,Jonas Weber,Banker,Sent,15
2023-10-04,Jonas Weber,Banker,Sent,45
2023-10-05,Jonas Weber,Banker,Sent,50
2023-10-27,Jonas Weber,Banker,Sent,86
2023-10-12,Jonas Weber,Banker,Received,260
2023-10-11,Jonas Weber,Banker,Sent,74
2023-10-05,Jonas Weber,Banker,Received,104
2023-10-17,Jonas Weber,Banker,Sent,65
2023-10-09,Jonas Weber,Banker,Received,30
2023-10-27,Jonas Weber,Banker,Received,175
2023-10-01,Jonas Weber,Banker,Received,474
2023-10-22,Jonas Weber,Banker,Sent,118
2023-10-22,Jonas Weber,Banker,Received,5
2023-10-08,Jonas Weber,Banker,Sent,103
2023-10-18,Jonas Weber,Banker,Sent,9
2023-10-29,Jonas Weber,Banker,Sent,261
2023-10-15,Jonas Weber,Banker,Sent,22
2023-10-01,Jonas Weber,Banker,Received,6
2023-10-14,Jonas Weber,Banker,Sent,80
2023-10-16,Jonas Weber,Banker,Received,27
2023-11-14,Jonas Weber,Banker,Received,34
2023-11-13,Jonas Weber,Banker,Sent,313
2023-11-20,Jonas Weber,Banker,Sent,179
2023-11-29,Jonas Weber,Banker,Received,141
2023-11-21,Jonas Weber,Banker,Sent,336
2023-11-25,Jonas Weber,Banker,Received,131
2023-11-05,Jonas Weber,Banker,Sent,366
2023-11-20,Jonas Weber,Banker,Sent,210
2023-11-20,Jonas Weber,Banker,Received,8
2023-11-19,Jonas Weber,Banker,Sent,24
2023-11-29,Jonas Weber,Banker,Received,8
2023-11-17,Jonas Weber,Banker,Received,185
2023-11-27,Jonas Weber,Banker,Sent,98
2023-11-04,Jonas Weber,Banker,Sent,73
2023-11-16,Jonas Weber,Banker,Sent,6
2023-11-01,Jonas Weber,Banker,Received,38
2023-11-26,Jonas Weber,Banker,Sent,118
2023-11-10,Jonas Weber,Banker,Sent,57
2023-11-17,Jonas Weber,Banker,Received,253
2023-11-25,Jonas Weber,Banker,Received,42
2023-11-24,Jonas Weber,Banker,Sent,401
2023-11-18,Jonas Weber,Banker,Sent,28
2023-11-25,Jonas Weber,Banker,Sent,20
2023-11-18,Jonas Weber,Banker,Sent,146
2023-11-26,Jonas Weber,Banker,Sent,297
2023-11-05,Jonas Weber,Banker,Sent,41
2023-11-08,Jonas Weber,Banker,Received,182
2023-11-28,Jonas Weber,Banker,Sent,92
2023-11-27,Jonas Weber,Banker,Sent,58
2023-11-27,Jonas Weber,Banker,Sent,130
2023-11-02,Jonas Weber,Banker,Sent,47
2023-11-28,Jonas Weber,Banker,Sent,29
2023-11-01,Jonas Weber,Banker,Sent,82
2023-11-19,Jonas Weber,Banker,Sent,41
2023-11-05,Jonas Weber,Banker,Received,343
2023-11-16,Jonas Weber,Banker,Received,103
2023-11-19,Jonas Weber,Banker,Sent,12
2023-11-08,Jonas Weber,Banker,Sent,76
2023-11-13,Jonas Weber,Banker,Sent,133
2023-11-19,Jonas Weber,Banker,Sent,23
2023-11-10,Jonas Weber,Banker,Sent,16
2023-11-16,Jonas Weber,Banker,Sent,189
2023-11-02,Jonas Weber,Banker,Received,144
2023-11-16,Jonas Weber,Banker,Sent,3
2023-11-29,Jonas Weber,Banker,Sent,35
2023-11-23,Jonas Weber,Banker,Received,165
2023-11-14,Jonas Weber,Banker,Received,398
2023-11-17,Jonas Weber,Banker,Sent,258
2023-11-17,Jonas Weber,Banker,Sent,271
2023-11-22,Jonas Weber,Banker,Sent,46
2023-11-06,Jonas Weber,Banker,Sent,96
2023-11-20,Jonas Weber,Banker,Sent,31
2023-11-05,Jonas Weber,Banker,Sent,95
2023-11-21,Jonas Weber,Banker,Sent,200
2023-11-23,Jonas Weber,Banker,Sent,7
2023-11-28,Jonas Weber,Banker,Sent,8
2023-11-15,Jonas Weber,Banker,Sent,72
2023-11-30,Jonas Weber,Banker,Sent,95
2023-11-27,Jonas Weber,Banker,Sent,230
2023-11-17,Jonas Weber,Banker,Received,13
2023-11-09,Jonas Weber,Banker,Sent,101
2023-11-20,Jonas Weber,Banker,Received,136
2023-11-26,Jonas Weber,Banker,Sent,32
2023-11-28,Jonas Weber,Banker,Sent,138
2023-11-26,Jonas Weber,Banker,Sent,52
2023-11-15,Jonas Weber,Banker,Sent,365
2023-11-18,Jonas Weber,Banker,Sent,134
2023-11-17,Jonas Weber,Banker,Received,7
2023-11-24,Jonas Weber,Banker,Sent,125
2023-12-21,Jonas Weber,Banker,Sent,275
2023-12-11,Jonas Weber,Banker,Sent,131
2023-12-14,Jonas Weber,Banker,Received,100
2023-12-01,Jonas Weber,Banker,Received,87
2023-12-13,Jonas Weber,Banker,Sent,41
2023-12-25,Jonas Weber,Banker,Sent,86
2023-12-03,Jonas Weber,Banker,Sent,305
2023-12-24,Jonas Weber,Banker,Sent,205
2023-12-16,Jonas Weber,Banker,Sent,307
2023-12-11,Jonas Weber,Banker,Sent,90
2023-12-07,Jonas Weber,Banker,Received,101
2023-12-27,Jonas Weber,Banker,Sent,86
2023-12-25,Jonas Weber,Banker,Received,17
2023-12-09,Jonas Weber,Banker,Sent,25
2023-12-14,Jonas Weber,Banker,Sent,119
2023-12-30,Jonas Weber,Banker,Received,27
2023-12-07,Jonas Weber,Banker,Sent,47
2023-12-19,Jonas Weber,Banker,Sent,138
2023-12-30,Jonas Weber,Banker,Sent,143
2023-12-26,Jonas Weber,Banker,Sent,33
2023-12-06,Jonas Weber,Banker,Sent,156
2023-12-14,Jonas Weber,Banker,Sent,188
2023-12-13,Jonas Weber,Banker,Sent,50
2023-12-27,Jonas Weber,Banker,Sent,131
2023-12-02,Jonas Weber,Banker,Received,46
2023-12-09,Jonas Weber,Banker,Sent,31
2023-12-17,Jonas Weber,Banker,Sent,41
2023-12-16,Jonas Weber,Banker,Sent,188
2023-12-30,Jonas Weber,Banker,Received,63
2023-12-07,Jonas Weber,Banker,Sent,165
2023-12-25,Jonas Weber,Banker,Sent,178
2023-12-11,Jonas Weber,Banker,Sent,94
2023-12-22,Jonas Weber,Banker,Received,182
2023-12-16,Jonas Weber,Banker,Sent,45
2023-12-22,Jonas Weber,Banker,Received,68
2023-12-23,Jonas Weber,Banker,Sent,52
2023-12-05,Jonas Weber,Banker,Received,167
2023-12-21,Jonas Weber,Banker,Sent,3
2023-12-18,Jonas Weber,Banker,Received,117
2023-12-25,Jonas Weber,Banker,Sent,71
2023-12-17,Jonas Weber,Banker,Sent,3
2023-12-29,Jonas Weber,Banker,Received,272
2023-12-25,Jonas Weber,Banker,Sent,29
2023-12-16,Jonas Weber,Banker,Received,243
2023-12-26,Jonas Weber,Banker,Sent,103
2023-12-23,Jonas Weber,Banker,Received,106
2023-12-07,Jonas Weber,Banker,Sent,201
2023-12-13,Jonas Weber,Banker,Received,61
2023-12-08,Jonas Weber,Banker,Sent,158
2023-12-21,Jonas Weber,Banker,Sent,60
2023-12-04,Jonas Weber,Banker,Sent,77
2023-12-26,Jonas Weber,Banker,Received,17
2023-12-06,Jonas Weber,Banker,Sent,549
2023-12-29,Jonas Weber,Banker,Received,10
2023-12-21,Jonas Weber,Banker,Sent,239
2023-12-13,Jonas Weber,Banker,Sent,229
2023-12-19,Jonas Weber,Banker,Received,238
2023-12-26,Jonas Weber,Banker,Sent,29
2023-12-13,Jonas Weber,Banker,Sent,248
2023-12-07,Jonas Weber,Banker,Sent,371
2023-12-24,Jonas Weber,Banker,Received,38
2023-12-06,Jonas Weber,Banker,Sent,172
2023-12-24,Jonas Weber,Banker,Sent,92
2023-12-09,Jonas Weber,Banker,Received,196
2023-12-16,Jonas Weber,Banker,Received,74
2023-12-31,Jonas Weber,Banker,Sent,38
2023-12-27,Jonas Weber,Banker,Sent,76
2023-12-19,Jonas Weber,Banker,Received,5
2023-12-05,Jonas Weber,Banker,Received,53
2023-12-19,Jonas Weber,Banker,Sent,38
2023-12-15,Jonas Weber,Banker,Sent,121
2023-12-28,Jonas Weber,Banker,Sent,270
2023-12-28,Jonas Weber,Banker,Received,316
2023-12-17,Jonas Weber,Banker,Sent,32
2023-12-31,Jonas Weber,Banker,Sent,113
2023-12-10,Jonas Weber,Banker,Sent,488
2023-12-30,Jonas Weber,Banker,Received,38
2023-12-18,Jonas Weber,Banker,Sent,61
2023-12-14,Jonas Weber,Banker,Sent,287
2023-12-12,Jonas Weber,Banker,Received,110
2023-12-17,Jonas Weber,Banker,Received,96
2023-12-29,Jonas Weber,Banker,Sent,52
2023-12-06,Jonas Weber,Banker,Sent,37
2023-12-22,Jonas Weber,Banker,Sent,28
2023-12-03,Jonas Weber,Banker,Sent,66
2023-12-04,Jonas Weber,Banker,Received,234
2023-12-13,Jonas Weber,Banker,Received,38
2023-12-12,Jonas Weber,Banker,Sent,32
2023-12-11,Jonas Weber,Banker,Sent,84
2023-12-02,Jonas Weber,Banker,Received,119
2023-12-05,Jonas Weber,Banker,Received,117
2023-12-26,Jonas Weber,Banker,Received,49
2023-12-29,Jonas Weber,Banker,Received,32
2023-12-09,Jonas Weber,Banker,Sent,89
2023-12-13,Jonas Weber,Banker,Sent,3
2023-12-07,Jonas Weber,Banker,Sent,47
2023-12-10,Jonas Weber,Banker,Sent,347
2023-12-02,Jonas Weber,Banker,Sent,120
2023-12-10,Jonas Weber,Banker,Sent,44
2023-12-17,Jonas Weber,Banker,Received,72
2023-12-18,Jonas Weber,Banker,Sent,231
2023-12-05,Jonas Weber,Banker,Sent,78
2023-12-06,Jonas Weber,Banker,Sent,22
2023-12-17,Jonas Weber,Banker,Received,295
2023-12-05,Jonas Weber,Banker,Sent,406
2023-12-06,Jonas Weber,Banker,Received,45
2023-12-08,Jonas Weber,Banker,Sent,90
2023-12-05,Jonas Weber,Banker,Sent,21
2023-12-26,Jonas Weber,Banker,Received,329
2023-12-31,Jonas Weber,Banker,Received,108
2023-12-27,Jonas Weber,Banker,Sent,34
2023-12-10,Jonas Weber,Banker,Received,202
2023-12-07,Jonas Weber,Banker,Received,261
2023-12-06,Jonas Weber,Banker,Sent,88
2023-12-27,Jonas Weber,Banker,Received,118
2023-12-25,Jonas Weber,Banker,Sent,59
2023-12-19,Jonas Weber,Banker,Sent,117
2023-12-24,Jonas Weber,Banker,Sent,23
2023-12-30,Jonas Weber,Banker,Sent,191
2023-12-07,Jonas Weber,Banker,Received,4
2023-12-20,Jonas Weber,Banker,Sent,76
2023-12-07,Jonas Weber,Banker,Sent,81
2023-12-25,Jonas Weber,Banker,Sent,139
2023-12-05,Jonas Weber,Banker,Sent,100
2023-12-15,Jonas Weber,Banker,Sent,180
2023-12-18,Jonas Weber,Banker,Received,51
2023-12-31,Jonas Weber,Banker,Sent,7
2023-12-31,Jonas Weber,Banker,Received,11
2023-12-25,Jonas Weber,Banker,Sent,3
2023-12-18,Jonas Weber,Banker,Sent,117
2023-12-24,Jonas Weber,Banker,Sent,30
2023-12-05,Jonas Weber,Banker,Received,3
2023-12-31,Jonas Weber,Banker,Sent,34
2023-12-02,Jonas Weber,Banker,Sent,345
2023-12-02,Jonas Weber,Banker,Received,24
2023-12-15,Jonas Weber,Banker,Received,192
2023-12-01,Jonas Weber,Banker,Sent,128
2023-12-29,Jonas Weber,Banker,Sent,12
2023-12-21,Jonas Weber,Banker,Sent,293
2023-12-22,Jonas Weber,Banker,Sent,46
2023-12-21,Jonas Weber,Banker,Received,158
2023-12-12,Jonas Weber,Banker,Received,109
2023-12-02,Jonas Weber,Banker,Received,129
2023-12-27,Jonas Weber,Banker,Sent,109
2023-12-09,Jonas Weber,Banker,Sent,46
2024-01-11,Jonas Weber,Banker,Sent,11
2024-01-23,Jonas Weber,Banker,Sent,18
2024-01-01,Jonas Weber,Banker,Sent,110
2024-01-17,Jonas Weber,Banker,Received,7
2024-01-07,Jonas Weber,Banker,Sent,31
2024-01-24,Jonas Weber,Banker,Sent,435
2024-01-06,Jonas Weber,Banker,Sent,26
2024-01-16,Jonas Weber,Banker,Received,27
2024-01-06,Jonas Weber,Banker,Received,104
2024-01-19,Jonas Weber,Banker,Received,88
2024-01-03,Jonas Weber,Banker,Received,50
2024-01-15,Jonas Weber,Banker,Sent,121
2024-01-24,Jonas Weber,Banker,Received,102
2024-01-21,Jonas Weber,Banker,Sent,253
2024-01-05,Jonas Weber,Banker,Received,160
2024-01-08,Jonas Weber,Banker,Sent,284
2024-01-18,Jonas Weber,Banker,Received,78
2024-01-05,Jonas Weber,Banker,Sent,81
2024-01-03,Jonas Weber,Banker,Sent,10
2024-01-11,Jonas Weber,Banker,Received,134
2024-01-20,Jonas Weber,Banker,Sent,206
2024-01-12,Jonas Weber,Banker,Sent,109
2024-01-01,Jonas Weber,Banker,Sent,21
2024-01-16,Jonas Weber,Banker,Sent,63
2024-01-17,Jonas Weber,Banker,Sent,45
2024-01-24,Jonas Weber,Banker,Sent,240
2024-01-23,Jonas Weber,Banker,Sent,141
2024-01-11,Jonas Weber,Banker,Received,48
2024-01-07,Jonas Weber,Banker,Sent,113
2024-01-09,Jonas Weber,Banker,Received,167
2024-01-01,Jonas Weber,Banker,Received,24
2024-01-18,Jonas Weber,Banker,Sent,90
2024-01-12,Jonas Weber,Banker,Sent,15
2024-01-30,Jonas Weber,Banker,Sent,3
2024-01-23,Jonas Weber,Banker,Sent,117
2024-01-25,Jonas Weber,Banker,Sent,213
2024-01-02,Jonas Weber,Banker,Received,145
2024-01-20,Jonas Weber,Banker,Sent,34
2024-01-05,Jonas Weber,Banker,Sent,96
2024-01-19,Jonas Weber,Banker,Received,196
2024-01-10,Jonas Weber,Banker,Sent,38
2024-01-04,Jonas Weber,Banker,Sent,127
2024-01-27,Jonas Weber,Banker,Sent,206
2024-01-16,Jonas Weber,Banker,Received,27
2024-01-17,Jonas Weber,Banker,Sent,48
2024-01-25,Jonas Weber,Banker,Sent,310
2024-01-25,Jonas Weber,Banker,Sent,604
2024-01-16,Jonas Weber,Banker,Sent,307
2024-01-15,Jonas Weber,Banker,Received,33
2024-01-04,Jonas Weber,Banker,Sent,121
2024-01-07,Jonas Weber,Banker,Sent,62
2024-01-18,Jonas Weber,Banker,Sent,55
2024-01-19,Jonas Weber,Banker,Sent,56
2024-01-30,Jonas Weber,Banker,Sent,83
2024-01-21,Jonas Weber,Banker,Sent,18
2024-01-09,Jonas Weber,Banker,Received,259
2024-01-22,Jonas Weber,Banker,Received,118
2024-01-13,Jonas Weber,Banker,Sent,139
2024-01-15,Jonas Weber,Banker,Sent,8
2024-01-23,Jonas Weber,Banker,Sent,74
2024-01-29,Jonas Weber,Banker,Sent,177
2024-01-27,Jonas Weber,Banker,Received,72
2024-01-29,Jonas Weber,Banker,Sent,242
2024-01-31,Jonas Weber,Banker,Sent,367
2024-01-11,Jonas Weber,Banker,Sent,56
2024-01-06,Jonas Weber,Banker,Received,144
2024-01-01,Jonas Weber,Banker,Sent,367
2024-01-11,Jonas Weber,Banker,Sent,233
2024-01-29,Jonas Weber,Banker,Sent,3
2024-01-03,Jonas Weber,Banker,Sent,4
2024-01-02,Jonas Weber,Banker,Sent,306
2024-01-05,Jonas Weber,Banker,Sent,121
2024-01-07,Jonas Weber,Banker,Sent,14
2024-01-29,Jonas Weber,Banker,Sent,97
2024-01-04,Jonas Weber,Banker,Sent,382
2024-01-27,Jonas Weber,Banker,Sent,211
2024-01-16,Jonas Weber,Banker,Received,88
2024-01-10,Jonas Weber,Banker,Sent,305
2024-01-27,Jonas Weber,Banker,Sent,5
2024-01-25,Jonas Weber,Banker,Sent,177
2024-01-30,Jonas Weber,Banker,Sent,21
2024-01-01,Jonas Weber,Banker,Sent,3
2024-02-10,Jonas Weber,Banker,Received,44
2024-02-10,Jonas Weber,Banker,Received,50
2024-02-27,Jonas Weber,Banker,Sent,61
2024-02-19,Jonas Weber,Banker,Sent,171
2024-02-23,Jonas Weber,Banker,Sent,41
2024-02-13,Jonas Weber,Banker,Received,126
2024-02-09,Jonas Weber,Banker,Sent,3
2024-02-15,Jonas Weber,Banker,Received,30
2024-02-02,Jonas Weber,Banker,Sent,5
2024-02-10,Jonas Weber,Banker,Sent,16
2024-02-20,Jonas Weber,Banker,Received,104
2024-02-07,Jonas Weber,Banker,Received,171
2024-02-11,Jonas Weber,Banker,Sent,50
2024-02-07,Jonas Weber,Banker,Sent,3
2024-02-01,Jonas Weber,Banker,Received,20
2024-02-02,Jonas Weber,Banker,Sent,53
2024-02-10,Jonas Weber,Banker,Received,71
2024-02-16,Jonas Weber,Banker,Sent,229
2024-03-16,Jonas Weber,Banker,Sent,47
2024-03-12,Jonas Weber,Banker,Received,111
2024-03-04,Jonas Weber,Banker,Sent,70
2024-03-29,Jonas Weber,Banker,Sent,15
2024-03-01,Jonas Weber,Banker,Sent,199
2024-03-31,Jonas Weber,Banker,Sent,123
2024-03-02,Jonas Weber,Banker,Sent,125
2024-03-21,Jonas Weber,Banker,Sent,279
2024-03-17,Jonas Weber,Banker,Sent,102
2024-03-03,Jonas Weber,Banker,Sent,130
2024-03-30,Jonas Weber,Banker,Sent,369
2024-03-24,Jonas Weber,Banker,Received,87
2024-03-27,Jonas Weber,Banker,Sent,647
2024-03-09,Jonas Weber,Banker,Sent,31
2024-03-26,Jonas Weber,Banker,Sent,62
2024-03-05,Jonas Weber,Banker,Received,350
2024-03-21,Jonas Weber,Banker,Sent,82
2024-03-14,Jonas Weber,Banker,Received,60
2024-03-07,Jonas Weber,Banker,Sent,156
2024-03-26,Jonas Weber,Banker,Sent,369
2024-03-20,Jonas Weber,Banker,Sent,292
2024-03-29,Jonas Weber,Banker,Sent,12
2024-03-08,Jonas Weber,Banker,Sent,30
2024-03-01,Jonas Weber,Banker,Received,206
2024-04-18,Jonas Weber,Banker,Received,29
2024-04-24,Jonas Weber,Banker,Sent,81
2024-04-09,Jonas Weber,Banker,Sent,6
2024-04-05,Jonas Weber,Banker,Sent,121
2024-04-15,Jonas Weber,Banker,Received,48
2024-04-09,Jonas Weber,Banker,Received,24
2024-04-02,Jonas Weber,Banker,Sent,148
2024-04-20,Jonas Weber,Banker,Sent,94
2024-04-24,Jonas Weber,Banker,Sent,6
2024-04-10,Jonas Weber,Banker,Sent,35
2024-04-14,Jonas Weber,Banker,Sent,59
2024-04-04,Jonas Weber,Banker,Received,114
2024-04-18,Jonas Weber,Banker,Sent,177
2024-04-30,Jonas Weber,Banker,Sent,37
2024-04-15,Jonas Weber,Banker,Received,214
2024-04-09,Jonas Weber,Banker,Sent,251
2024-04-10,Jonas Weber,Banker,Received,166
2024-04-24,Jonas Weber,Banker,Sent,16
2024-05-01,Jonas Weber,Banker,Sent,106
2024-05-11,Jonas Weber,Banker,Sent,140
2024-05-29,Jonas Weber,Banker,Sent,73
2024-05-14,Jonas Weber,Banker,Received,25
2024-05-22,Jonas Weber,Banker,Sent,21
2024-05-11,Jonas Weber,Banker,Sent,69
2024-05-05,Jonas Weber,Banker,Sent,86
2024-05-27,Jonas Weber,Banker,Sent,429
2024-05-30,Jonas Weber,Banker,Sent,194
2024-05-13,Jonas Weber,Banker,Received,40
2024-05-23,Jonas Weber,Banker,Received,158
2024-05-13,Jonas Weber,Banker,Sent,316
2024-05-14,Jonas Weber,Banker,Sent,358
2024-05-04,Jonas Weber,Banker,Received,21
2024-05-21,Jonas Weber,Banker,Sent,331
2024-05-06,Jonas Weber,Banker,Sent,165
2024-05-03,Jonas Weber,Banker,Received,30
2024-05-13,Jonas Weber,Banker,Received,25
2024-06-24,Jonas Weber,Banker,Sent,111
2024-06-09,Jonas Weber,Banker,Received,214
2024-06-20,Jonas Weber,Banker,Received,21
2024-06-22,Jonas Weber,Banker,Sent,307
2024-06-07,Jonas Weber,Banker,Sent,105
2024-06-20,Jonas Weber,Banker,Sent,30
2024-06-30,Jonas Weber,Banker,Sent,16
2024-06-06,Jonas Weber,Banker,Sent,23
2024-07-25,Jonas Weber,Banker,Sent,117
2024-07-16,Jonas Weber,Banker,Sent,93
2024-07-11,Jonas Weber,Banker,Sent,4
2024-07-23,Jonas Weber,Banker,Received,34
2024-07-05,Jonas Weber,Banker,Sent,139
2024-07-18,Jonas Weber,Banker,Sent,16
2024-07-01,Jonas Weber,Banker,Sent,111
2024-07-27,Jonas Weber,Banker,Sent,26
2024-07-03,Jonas Weber,Banker,Received,174
2024-07-27,Jonas Weber,Banker,Received,66
2024-07-28,Jonas Weber,Banker,Sent,40
2024-07-01,Jonas Weber,Banker,Sent,44
2024-07-22,Jonas Weber,Banker,Sent,183
2024-08-21,Jonas Weber,Banker,Received,262
2024-08-29,Jonas Weber,Banker,Sent,537
2024-08-24,Jonas Weber,Banker,Sent,317
2024-08-13,Jonas Weber,Banker,Sent,158
2024-08-01,Jonas Weber,Banker,Received,167
2024-08-11,Jonas Weber,Banker,Sent,88
2024-08-12,Jonas Weber,Banker,Sent,58
2024-08-15,Jonas Weber,Banker,Sent,66
2024-08-14,Jonas Weber,Banker,Sent,143
2024-08-10,Jonas Weber,Banker,Received,70
2024-08-05,Jonas Weber,Banker,Received,28
2024-08-25,Jonas Weber,Banker,Sent,258
2024-08-22,Jonas Weber,Banker,Received,42
2024-08-16,Jonas Weber,Banker,Sent,264
2024-08-03,Jonas Weber,Banker,Sent,31
2024-08-08,Jonas Weber,Banker,Sent,379
2024-08-22,Jonas Weber,Banker,Sent,196
2024-09-06,Jonas Weber,Banker,Sent,4
2024-09-02,Jonas Weber,Banker,Sent,219
2024-09-09,Jonas Weber,Banker,Received,22
2024-09-13,Jonas Weber,Banker,Received,260
2024-09-01,Jonas Weber,Banker,Sent,36
2024-09-10,Jonas Weber,Banker,Sent,168
2024-09-25,Jonas Weber,Banker,Sent,81
2024-09-30,Jonas Weber,Banker,Sent,92
2024-09-16,Jonas Weber,Banker,Sent,263
2024-09-24,Jonas Weber,Banker,Sent,6
2024-09-27,Jonas Weber,Banker,Received,251
2024-09-13,Jonas Weber,Banker,Sent,209
2024-09-11,Jonas Weber,Banker,Sent,568
2024-09-03,Jonas Weber,Banker,Sent,18
2024-09-04,Jonas Weber,Banker,Sent,26
2024-09-13,Jonas Weber,Banker,Received,114
2024-09-20,Jonas Weber,Banker,Sent,46
2024-10-20,Jonas Weber,Banker,Sent,184
2024-10-20,Jonas Weber,Banker,Received,22
2024-10-29,Jonas Weber,Banker,Sent,21
2024-10-01,Jonas Weber,Banker,Sent,10
2024-10-28,Jonas Weber,Banker,Received,114
2024-10-01,Jonas Weber,Banker,Sent,25
2024-10-24,Jonas Weber,Banker,Received,64
2024-10-21,Jonas Weber,Banker,Received,32
2024-10-09,Jonas Weber,Banker,Sent,140
2024-10-18,Jonas Weber,Banker,Sent,75
2024-10-10,Jonas Weber,Banker,Sent,63
2024-10-15,Jonas Weber,Banker,Received,18
2024-10-05,Jonas Weber,Banker,Received,168
2024-10-02,Jonas Weber,Banker,Received,42
2024-10-08,Jonas Weber,Banker,Sent,15
2024-11-12,Jonas Weber,Banker,Sent,35
2024-11-04,Jonas Weber,Banker,Sent,91
2024-11-10,Jonas Weber,Banker,Sent,626
2024-11-25,Jonas Weber,Banker,Sent,63
2024-11-26,Jonas Weber,Banker,Sent,28
2024-11-24,Jonas Weber,Banker,Received,54
2024-11-08,Jonas Weber,Banker,Received,137
2024-11-18,Jonas Weber,Banker,Received,200
2024-11-18,Jonas Weber,Banker,Received,3
2024-11-17,Jonas Weber,Banker,Sent,36
2024-11-26,Jonas Weber,Banker,Sent,109
2024-11-08,Jonas Weber,Banker,Sent,7
2024-12-07,Jonas Weber,Banker,Sent,72
2024-12-09,Jonas Weber,Banker,Received,3
2024-12-04,Jonas Weber,Banker,Sent,95
2024-12-17,Jonas Weber,Banker,Sent,19
2024-12-28,Jonas Weber,Banker,Sent,33
2019-01-18,Priya Raman,Executive,Sent,34
2019-01-23,Priya Raman,Executive,Sent,129
2019-01-27,Priya Raman,Executive,Sent,152
2019-01-15,Priya Raman,Executive,Sent,23
2019-01-27,Priya Raman,Executive,Received,33
2019-01-02,Priya Raman,Executive,Received,81
2019-01-13,Priya Raman,Executive,Received,78
2019-01-05,Priya Raman,Executive,Sent,9
2019-01-18,Priya Raman,Executive,Received,141
2019-02-23,Priya Raman,Executive,Received,120
2019-02-16,Priya Raman,Executive,Received,85
2019-02-28,Priya Raman,Executive,Received,218
2019-02-27,Priya Raman,Executive,Received,120
2019-02-06,Priya Raman,Executive,Received,82
2019-02-26,Priya Raman,Executive,Sent,17
2019-02-04,Priya Raman,Executive,Sent,214
2019-02-22,Priya Raman,Executive,Sent,18
2019-02-20,Priya Raman,Executive,Sent,467
2019-02-22,Priya Raman,Executive,Sent,178
2019-02-27,Priya Raman,Executive,Received,365
2019-02-03,Priya Raman,Executive,Received,12
2019-03-25,Priya Raman,Executive,Sent,407
2019-03-03,Priya Raman,Executive,Sent,339
2019-03-06,Priya Raman,Executive,Received,201
2019-03-12,Priya Raman,Executive,Received,132
2019-03-01,Priya Raman,Executive,Received,173
2019-03-30,Priya Raman,Executive,Received,148
2019-03-01,Priya Raman,Executive,Sent,21
2019-03-09,Priya Raman,Executive,Received,176
2019-03-15,Priya Raman,Executive,Received,14
2019-03-30,Priya Raman,Executive,Sent,258
2019-03-14,Priya Raman,Executive,Received,44
2019-03-12,Priya Raman,Executive,Received,4
2019-03-05,Priya Raman,Executive,Received,49
2019-03-04,Priya Raman,Executive,Sent,36
2019-03-31,Priya Raman,Executive,Received,8
2019-03-24,Priya Raman,Executive,Received,439
2019-03-27,Priya Raman,Executive,Sent,44
2019-04-08,Priya Raman,Executive,Sent,262
2019-04-21,Priya Raman,Executive,Sent,21
2019-04-09,Priya Raman,Executive,Received,187
2019-04-13,Priya Raman,Executive,Sent,80
2019-04-03,Priya Raman,Executive,Received,3
2019-04-24,Priya Raman,Executive,Sent,466
2019-04-24,Priya Raman,Executive,Received,57
2019-04-16,Priya Raman,Executive,Received,101
2019-04-15,Priya Raman,Executive,Sent,183
2019-04-27,Priya Raman,Executive,Received,62
2019-04-21,Priya Raman,Executive,Received,13
2019-04-13,Priya Raman,Executive,Sent,14
2019-04-04,Priya Raman,Executive,Received,258
2019-04-27,Priya Raman,Executive,Sent,5
2019-04-21,Priya Raman,Executive,Received,20
2019-04-28,Priya Raman,Executive,Sent,36
2019-04-21,Priya Raman,Executive,Received,137
2019-06-12,Priya Raman,Executive,Sent,25
2019-06-09,Priya Raman,Executive,Sent,40
2019-06-05,Priya Raman,Executive,Sent,18
2019-06-05,Priya Raman,Executive,Received,357
2019-06-14,Priya Raman,Executive,Received,19
2019-06-22,Priya Raman,Executive,Received,49
2019-06-18,Priya Raman,Executive,Received,36
2019-06-26,Priya Raman,Executive,Received,91
2019-06-20,Priya Raman,Executive,Received,172
2019-06-16,Priya Raman,Executive,Sent,17
2019-06-18,Priya Raman,Executive,Received,20
2019-06-20,Priya Raman,Executive,Sent,34
2019-06-14,Priya Raman,Executive,Sent,9
2019-07-03,Priya Raman,Executive,Received,768
2019-07-06,Priya Raman,Executive,Sent,92
2019-07-06,Priya Raman,Executive,Received,101
2019-07-27,Priya Raman,Executive,Received,116
2019-07-03,Priya Raman,Executive,Received,43
2019-07-05,Priya Raman,Executive,Received,45
2019-07-22,Priya Raman,Executive,Sent,142
2019-07-04,Priya Raman,Executive,Sent,54
2019-07-21,Priya Raman,Executive,Sent,174
2019-07-05,Priya Raman,Executive,Received,76
2019-07-15,Priya Raman,Executive,Sent,362
2019-07-22,Priya Raman,Executive,Received,41
2019-07-03,Priya Raman,Executive,Received,18
2019-07-06,Priya Raman,Executive,Sent,28
2019-07-02,Priya Raman,Executive,Sent,179
2019-07-19,Priya Raman,Executive,Received,204
2019-07-11,Priya Raman,Executive,Sent,49
2019-07-03,Priya Raman,Executive,Sent,5
2019-07-17,Priya Raman,Executive,Sent,25
2019-07-17,Priya Raman,Executive,Sent,41
2019-08-09,Priya Raman,Executive,Sent,67
2019-08-18,Priya Raman,Executive,Received,195
2019-08-14,Priya Raman,Executive,Received,313
2019-08-09,Priya Raman,Executive,Received,103
2019-08-01,Priya Raman,Executive,Received,23
2019-08-13,Priya Raman,Executive,Sent,148
2019-08-21,Priya Raman,Executive,Received,44
2019-08-16,Priya Raman,Executive,Sent,136
2019-08-01,Priya Raman,Executive,Sent,68
2019-08-10,Priya Raman,Executive,Sent,150
2019-08-08,Priya Raman,Executive,Sent,141
2019-10-17,Priya Raman,Executive,Received,67
2019-10-25,Priya Raman,Executive,Sent,38
2019-10-19,Priya Raman,Executive,Received,3
2019-10-01,Priya Raman,Executive,Received,415
2019-10-07,Priya Raman,Executive,Received,70
2019-10-23,Priya Raman,Executive,Sent,102
2019-10-08,Priya Raman,Executive,Sent,3
2019-10-10,Priya Raman,Executive,Sent,29
2019-10-22,Priya Raman,Executive,Received,42
2019-10-14,Priya Raman,Executive,Received,84
2019-10-30,Priya Raman,Executive,Received,99
2019-10-28,Priya Raman,Executive,Sent,388
2019-10-02,Priya Raman,Executive,Received,97
2019-11-03,Priya Raman,Executive,Received,3
2019-11-23,Priya Raman,Executive,Received,28
2019-11-30,Priya Raman,Executive,Sent,63
2019-11-17,Priya Raman,Executive,Received,68
2019-11-10,Priya Raman,Executive,Received,109
2019-11-25,Priya Raman,Executive,Sent,102
2019-11-07,Priya Raman,Executive,Sent,231
2019-11-30,Priya Raman,Executive,Sent,23
2019-11-14,Priya Raman,Executive,Sent,59
2019-11-22,Priya Raman,Executive,Received,18
2019-11-06,Priya Raman,Executive,Received,3
2019-11-21,Priya Raman,Executive,Sent,73
2019-11-27,Priya Raman,Executive,Sent,21
2019-11-30,Priya Raman,Executive,Received,84
2019-11-24,Priya Raman,Executive,Received,61
2019-11-02,Priya Raman,Executive,Received,92
2019-11-14,Priya Raman,Executive,Sent,53
2019-11-25,Priya Raman,Executive,Sent,261
2019-11-10,Priya Raman,Executive,Sent,59
2019-11-11,Priya Raman,Executive,Received,364
2019-11-12,Priya Raman,Executive,Sent,146
2019-11-28,Priya Raman,Executive,Sent,33
2019-11-16,Priya Raman,Executive,Received,172
2019-11-25,Priya Raman,Executive,Received,412
2019-11-07,Priya Raman,Executive,Received,59
2019-11-25,Priya Raman,Executive,Received,122
2019-11-25,Priya Raman,Executive,Sent,38
2019-11-02,Priya Raman,Executive,Received,60
2019-11-08,Priya Raman,Executive,Received,126
2019-12-22,Priya Raman,Executive,Received,5
2019-12-23,Priya Raman,Executive,Received,370
2019-12-10,Priya Raman,Executive,Sent,88
2019-12-29,Priya Raman,Executive,Sent,28
2019-12-30,Priya Raman,Executive,Sent,150
2019-12-25,Priya Raman,Executive,Received,20
2019-12-13,Priya Raman,Executive,Sent,41
2019-12-20,Priya Raman,Executive,Received,82
2019-12-12,Priya Raman,Executive,Received,186
2019-12-09,Priya Raman,Executive,Received,83
2019-12-09,Priya Raman,Executive,Received,143
2019-12-09,Priya Raman,Executive,Sent,16
2019-12-29,Priya Raman,Executive,Sent,66
2019-12-16,Priya Raman,Executive,Received,23
2019-12-15,Priya Raman,Executive,Sent,55
2019-12-05,Priya Raman,Executive,Sent,702
2019-12-16,Priya Raman,Executive,Received,51
2019-12-24,Priya Raman,Executive,Received,89
2019-12-28,Priya Raman,Executive,Received,3
2019-12-14,Priya Raman,Executive,Sent,114
2019-12-06,Priya Raman,Executive,Sent,16
2020-01-18,Priya Raman,Executive,Received,450
2020-01-10,Priya Raman,Executive,Sent,39
2020-01-13,Priya Raman,Executive,Received,110
2020-01-15,Priya Raman,Executive,Received,84
2020-01-09,Priya Raman,Executive,Sent,59
2020-01-21,Priya Raman,Executive,Received,57
2020-01-17,Priya Raman,Executive,Received,173
2020-01-17,Priya Raman,Executive,Received,3
2020-01-25,Priya Raman,Executive,Received,223
2020-01-24,Priya Raman,Executive,Sent,70
2020-01-03,Priya Raman,Executive,Received,19
2020-01-19,Priya Raman,Executive,Received,45
2020-01-22,Priya Raman,Executive,Received,20
2020-01-19,Priya Raman,Executive,Received,40
2020-01-30,Priya Raman,Executive,Received,139
2020-01-08,Priya Raman,Executive,Sent,8
2020-01-06,Priya Raman,Executive,Received,9
2020-01-22,Priya Raman,Executive,Sent,17
2020-01-27,Priya Raman,Executive,Received,184
2020-01-28,Priya Raman,Executive,Received,25
2020-01-16,Priya Raman,Executive,Sent,165
2020-01-19,Priya Raman,Executive,Received,153
2020-01-29,Priya Raman,Executive,Received,31
2020-01-14,Priya Raman,Executive,Received,207
2020-01-19,Priya Raman,Executive,Received,206
2020-01-10,Priya Raman,Executive,Received,104
2020-01-17,Priya Raman,Executive,Received,101
2020-01-31,Priya Raman,Executive,Sent,3
2020-01-25,Priya Raman,Executive,Received,165
2020-01-04,Priya Raman,Executive,Received,375
2020-01-02,Priya Raman,Executive,Sent,132
2020-01-16,Priya Raman,Executive,Sent,37
2020-01-17,Priya Raman,Executive,Received,219
2020-01-31,Priya Raman,Executive,Sent,91
2020-01-22,Priya Raman,Executive,Sent,54
2020-01-22,Priya Raman,Executive,Received,53
2020-01-10,Priya Raman,Executive,Received,159
2020-01-03,Priya Raman,Executive,Sent,54
2020-01-18,Priya Raman,Executive,Received,62
2020-01-05,Priya Raman,Executive,Sent,22
2020-01-10,Priya Raman,Executive,Received,3
2020-01-25,Priya Raman,Executive,Received,165
2020-01-23,Priya Raman,Executive,Sent,69
2020-01-05,Priya Raman,Executive,Sent,97
2020-01-15,Priya Raman,Executive,Received,218
2020-01-13,Priya Raman,Executive,Sent,47
2020-01-01,Priya Raman,Executive,Received,43
2020-01-03,Priya Raman,Executive,Received,34
2020-01-17,Priya Raman,Executive,Received,78
2020-01-20,Priya Raman,Executive,Received,82
2020-01-23,Priya Raman,Executive,Received,77
2020-01-17,Priya Raman,Executive,Received,55
2020-01-18,Priya Raman,Executive,Sent,177
2020-01-18,Priya Raman,Executive,Received,6
2020-01-14,Priya Raman,Executive,Sent,110
2020-01-14,Priya Raman,Executive,Sent,266
2020-01-19,Priya Raman,Executive,Sent,216
2020-01-10,Priya Raman,Executive,Received,242
2020-01-02,Priya Raman,Executive,Sent,113
2020-01-03,Priya Raman,Executive,Sent,201
2020-01-26,Priya Raman,Executive,Sent,61
2020-01-13,Priya Raman,Executive,Received,21
2020-01-16,Priya Raman,Executive,Received,176
2020-01-25,Priya Raman,Executive,Received,38
2020-01-02,Priya Raman,Executive,Sent,90
2020-01-30,Priya Raman,Executive,Received,34
2020-01-18,Priya Raman,Executive,Received,31
2020-01-24,Priya Raman,Executive,Sent,362
2020-01-22,Priya Raman,Executive,Sent,481
2020-01-11,Priya Raman,Executive,Received,150
2020-01-28,Priya Raman,Executive,Received,172
2020-01-15,Priya Raman,Executive,Sent,39
2020-01-07,Priya Raman,Executive,Received,85
2020-01-18,Priya Raman,Executive,Received,123
2020-01-22,Priya Raman,Executive,Sent,336
2020-01-01,Priya Raman,Executive,Sent,4
2020-01-10,Priya Raman,Executive,Received,45
2020-01-21,Priya Raman,Executive,Received,69
2020-01-13,Priya Raman,Executive,Received,21
2020-01-20,Priya Raman,Executive,Sent,66
2020-01-01,Priya Raman,Executive,Received,207
2020-01-27,Priya Raman,Executive,Sent,124
2020-01-04,Priya Raman,Executive,Received,44
2020-01-03,Priya Raman,Executive,Sent,62
2020-01-13,Priya Raman,Executive,Sent,76
2020-01-08,Priya Raman,Executive,Sent,115
2020-01-04,Priya Raman,Executive,Received,50
2020-01-15,Priya Raman,Executive,Received,4
2020-01-06,Priya Raman,Executive,Sent,117
2020-01-03,Priya Raman,Executive,Received,514
2020-01-01,Priya Raman,Executive,Received,11
2020-01-29,Priya Raman,Executive,Sent,31
2020-01-02,Priya Raman,Executive,Sent,11
2020-01-31,Priya Raman,Executive,Sent,47
2020-01-23,Priya Raman,Executive,Sent,140
2020-01-13,Priya Raman,Executive,Received,176
2020-01-01,Priya Raman,Executive,Sent,43
2020-01-13,Priya Raman,Executive,Received,83
2020-01-18,Priya Raman,Executive,Sent,50
2020-01-04,Priya Raman,Executive,Received,218
2020-01-09,Priya Raman,Executive,Sent,7
2020-01-24,Priya Raman,Executive,Sent,15
2020-01-23,Priya Raman,Executive,Received,76
2020-01-17,Priya Raman,Executive,Received,144
2020-01-22,Priya Raman,Executive,Received,74
2020-01-01,Priya Raman,Executive,Sent,3
2020-01-08,Priya Raman,Executive,Sent,23
2020-01-02,Priya Raman,Executive,Sent,326
2020-01-12,Priya Raman,Executive,Received,5
2020-01-12,Priya Raman,Executive,Sent,65
2020-01-26,Priya Raman,Executive,Sent,231
2020-01-26,Priya Raman,Executive,Received,4
2020-01-04,Priya Raman,Executive,Sent,30
2020-01-13,Priya Raman,Executive,Sent,193
2020-01-08,Priya Raman,Executive,Received,123
2020-01-14,Priya Raman,Executive,Sent,3
2020-01-21,Priya Raman,Executive,Sent,28
2020-01-11,Priya Raman,Executive,Received,255
2020-01-28,Priya Raman,Executive,Received,3
2020-01-25,Priya Raman,Executive,Sent,41
2020-01-22,Priya Raman,Executive,Sent,130
2020-01-18,Priya Raman,Executive,Sent,45
2020-01-19,Priya Raman,Executive,Sent,85
2020-01-30,Priya Raman,Executive,Received,302
2020-01-25,Priya Raman,Executive,Sent,60
2020-01-02,Priya Raman,Executive,Received,59
2020-01-09,Priya Raman,Executive,Sent,102
2020-01-09,Priya Raman,Executive,Sent,172
2020-01-02,Priya Raman,Executive,Received,45
2020-03-11,Priya Raman,Executive,Received,13
2020-03-08,Priya Raman,Executive,Sent,5
2020-03-21,Priya Raman,Executive,Received,43
2020-03-11,Priya Raman,Executive,Received,118
2020-03-17,Priya Raman,Executive,Received,500
2020-03-18,Priya Raman,Executive,Received,124
2020-03-07,Priya Raman,Executive,Sent,81
2020-03-15,Priya Raman,Executive,Sent,152
2020-03-25,Priya Raman,Executive,Received,3
2020-03-20,Priya Raman,Executive,Received,294
2020-03-15,Priya Raman,Executive,Sent,464
2020-03-09,Priya Raman,Executive,Sent,135
2020-03-23,Priya Raman,Executive,Received,110
2020-03-10,Priya Raman,Executive,Received,6
2020-03-15,Priya Raman,Executive,Received,44
2020-03-31,Priya Raman,Executive,Received,364
2020-03-28,Priya Raman,Executive,Sent,45
2020-03-04,Priya Raman,Executive,Sent,104
2020-03-29,Priya Raman,Executive,Received,36
2020-03-18,Priya Raman,Executive,Received,181
2020-03-31,Priya Raman,Executive,Received,47
2020-03-23,Priya Raman,Executive,Received,58
2020-03-04,Priya Raman,Executive,Received,351
2020-03-23,Priya Raman,Executive,Received,17
2020-03-09,Priya Raman,Executive,Received,178
2020-03-02,Priya Raman,Executive,Sent,38
2020-03-31,Priya Raman,Executive,Received,239
2020-03-15,Priya Raman,Executive,Received,122
2020-03-20,Priya Raman,Executive,Received,6
2020-03-28,Priya Raman,Executive,Sent,201
2020-03-10,Priya Raman,Executive,Sent,40
2020-03-31,Priya Raman,Executive,Received,30
2020-03-10,Priya Raman,Executive,Sent,236
2020-03-14,Priya Raman,Executive,Received,23
2020-03-17,Priya Raman,Executive,Sent,72
2020-03-18,Priya Raman,Executive,Received,42
2020-04-19,Priya Raman,Executive,Sent,73
2020-04-13,Priya Raman,Executive,Received,135
2020-04-11,Priya Raman,Executive,Sent,534
2020-04-16,Priya Raman,Executive,Received,72
2020-04-14,Priya Raman,Executive,Received,68
2020-04-19,Priya Raman,Executive,Received,62
2020-04-22,Priya Raman,Executive,Received,327
2020-04-08,Priya Raman,Executive,Received,56
2020-04-09,Priya Raman,Executive,Received,15
2020-04-21,Priya Raman,Executive,Received,16
2020-04-18,Priya Raman,Executive,Received,103
2020-04-01,Priya Raman,Executive,Sent,129
2020-04-07,Priya Raman,Executive,Sent,121
2020-04-28,Priya Raman,Executive,Received,133
2020-04-19,Priya Raman,Executive,Received,34
2020-04-24,Priya Raman,Executive,Received,5
2020-04-01,Priya Raman,Executive,Sent,11
2020-04-05,Priya Raman,Executive,Received,71
2020-05-09,Priya Raman,Executive,Sent,111
2020-05-28,Priya Raman,Executive,Received,191
2020-05-26,Priya Raman,Executive,Received,33
2020-05-07,Priya Raman,Executive,Sent,29
2020-05-04,Priya Raman,Executive,Sent,203
2020-05-15,Priya Raman,Executive,Received,29
2020-05-15,Priya Raman,Executive,Received,149
2020-05-03,Priya Raman,Executive,Received,261
2020-05-13,Priya Raman,Executive,Sent,111
2020-05-05,Priya Raman,Executive,Received,82
2020-05-28,Priya Raman,Executive,Sent,7
2020-05-10,Priya Raman,Executive,Sent,71
2020-05-21,Priya Raman,Executive,Received,134
2020-05-13,Priya Raman,Executive,Sent,170
2020-05-31,Priya Raman,Executive,Received,76
2020-05-20,Priya Raman,Executive,Received,105
2020-05-26,Priya Raman,Executive,Received,220
2020-05-15,Priya Raman,Executive,Received,104
2020-05-12,Priya Raman,Executive,Sent,244
2020-05-11,Priya Raman,Executive,Received,106
2020-05-15,Priya Raman,Executive,Received,83
2020-05-01,Priya Raman,Executive,Received,30
2020-05-01,Priya Raman,Executive,Sent,152
2020-05-16,Priya Raman,Executive,Sent,269
2020-05-07,Priya Raman,Executive,Sent,94
2020-05-13,Priya Raman,Executive,Received,16
2020-05-04,Priya Raman,Executive,Received,33
2020-05-24,Priya Raman,Executive,Sent,160
2020-05-21,Priya Raman,Executive,Sent,93
2020-05-22,Priya Raman,Executive,Sent,406
2020-05-30,Priya Raman,Executive,Received,90
2020-05-20,Priya Raman,Executive,Received,197
2020-05-17,Priya Raman,Executive,Received,17
2020-06-12,Priya Raman,Executive,Received,50
2020-06-26,Priya Raman,Executive,Sent,123
2020-06-21,Priya Raman,Executive,Sent,160
2020-06-25,Priya Raman,Executive,Sent,97
2020-06-23,Priya Raman,Executive,Received,3
2020-06-18,Priya Raman,Executive,Received,32
2020-06-13,Priya Raman,Executive,Received,30
2020-06-23,Priya Raman,Executive,Received,118
2020-06-01,Priya Raman,Executive,Received,115
2020-06-05,Priya Raman,Executive,Sent,69
2020-06-14,Priya Raman,Executive,Received,158
2020-06-12,Priya Raman,Executive,Received,139
2020-06-30,Priya Raman,Executive,Received,12
2020-06-10,Priya Raman,Executive,Sent,124
2020-06-05,Priya Raman,Executive,Received,92
2020-06-21,Priya Raman,Executive,Sent,440
2020-06-14,Priya Raman,Executive,Received,272
2020-06-18,Priya Raman,Executive,Sent,24
2020-06-20,Priya Raman,Executive,Sent,70
2020-06-22,Priya Raman,Executive,Sent,124
2020-06-18,Priya Raman,Executive,Received,20
2020-06-03,Priya Raman,Executive,Sent,17
2020-06-12,Priya Raman,Executive,Received,212
2020-06-22,Priya Raman,Executive,Received,228
2020-06-27,Priya Raman,Executive,Sent,417
2020-06-27,Priya Raman,Executive,Sent,128
2020-06-08,Priya Raman,Executive,Sent,6
2020-06-22,Priya Raman,Executive,Received,57
2020-06-16,Priya Raman,Executive,Received,42
2020-06-27,Priya Raman,Executive,Received,48
2020-06-30,Priya Raman,Executive,Received,32
2020-06-06,Priya Raman,Executive,Sent,20
2020-06-09,Priya Raman,Executive,Received,102
2020-06-11,Priya Raman,Executive,Received,363
2020-06-06,Priya Raman,Executive,Received,189
2020-06-10,Priya Raman,Executive,Sent,16
2020-06-04,Priya Raman,Executive,Received,129
2020-07-14,Priya Raman,Executive,Received,6
2020-07-18,Priya Raman,Executive,Sent,43
2020-07-19,Priya Raman,Executive,Received,24
2020-07-13,Priya Raman,Executive,Received,22
2020-07-25,Priya Raman,Executive,Sent,266
2020-07-13,Priya Raman,Executive,Sent,56
2020-07-27,Priya Raman,Executive,Sent,65
2020-07-02,Priya Raman,Executive,Received,128
2020-07-27,Priya Raman,Executive,Sent,84
2020-07-30,Priya Raman,Executive,Received,22
2020-07-04,Priya Raman,Executive,Sent,108
2020-07-01,Priya Raman,Executive,Received,250
2020-07-04,Priya Raman,Executive,Received,50
2020-07-10,Priya Raman,Executive,Received,68
2020-08-25,Priya Raman,Executive,Sent,157
2020-08-23,Priya Raman,Executive,Sent,14
2020-08-05,Priya Raman,Executive,Received,80
2020-08-29,Priya Raman,Executive,Received,106
2020-08-31,Priya Raman,Executive,Received,27
2020-08-06,Priya Raman,Executive,Received,138
2020-08-13,Priya Raman,Executive,Sent,93
2020-08-30,Priya Raman,Executive,Received,57
2020-08-09,Priya Raman,Executive,Received,276
2020-08-30,Priya Raman,Executive,Sent,101
2020-08-29,Priya Raman,Executive,Received,88
2020-08-08,Priya Raman,Executive,Received,46
2020-08-23,Priya Raman,Executive,Sent,216
2020-08-23,Priya Raman,Executive,Received,9
2020-08-17,Priya Raman,Executive,Received,360
2020-08-08,Priya Raman,Executive,Received,87
2020-08-23,Priya Raman,Executive,Received,367
2020-08-31,Priya Raman,Executive,Sent,96
2020-08-14,Priya Raman,Executive,Sent,47
2020-08-20,Priya Raman,Executive,Received,200
2020-08-27,Priya Raman,Executive,Sent,36
2020-08-06,Priya Raman,Executive,Received,38
2020-08-14,Priya Raman,Executive,Received,36
2020-08-11,Priya Raman,Executive,Received,161
2020-08-08,Priya Raman,Executive,Sent,116
2020-08-05,Priya Raman,Executive,Received,267
2020-08-12,Priya Raman,Executive,Received,22
2020-08-06,Priya Raman,Executive,Sent,109
2020-08-23,Priya Raman,Executive,Sent,44
2020-08-13,Priya Raman,Executive,Received,247
2020-08-08,Priya Raman,Executive,Received,4
2020-08-23,Priya Raman,Executive,Received,407
2020-08-16,Priya Raman,Executive,Received,128
2020-08-04,Priya Raman,Executive,Received,86
2020-08-30,Priya Raman,Executive,Sent,63
2020-08-04,Priya Raman,Executive,Received,84
2020-08-12,Priya Raman,Executive,Received,40
2020-08-11,Priya Raman,Executive,Sent,110
2020-09-15,Priya Raman,Executive,Received,382
2020-09-06,Priya Raman,Executive,Sent,76
2020-09-20,Priya Raman,Executive,Received,5
2020-09-04,Priya Raman,Executive,Received,34
2020-09-23,Priya Raman,Executive,Received,126
2020-09-11,Priya Raman,Executive,Sent,7
2020-09-23,Priya Raman,Executive,Received,189
2020-09-10,Priya Raman,Executive,Sent,242
2020-09-18,Priya Raman,Executive,Received,94
2020-09-26,Priya Raman,Executive,Received,439
2020-09-12,Priya Raman,Executive,Received,83
2020-09-24,Priya Raman,Executive,Received,75
2020-09-06,Priya Raman,Executive,Received,4
2020-09-14,Priya Raman,Executive,Received,274
2020-09-23,Priya Raman,Executive,Received,208
2020-09-02,Priya Raman,Executive,Received,24
2020-09-22,Priya Raman,Executive,Sent,8
2020-09-08,Priya Raman,Executive,Sent,89
2020-09-07,Priya Raman,Executive,Received,92
2020-09-14,Priya Raman,Executive,Sent,98
2020-09-27,Priya Raman,Executive,Received,51
2020-10-27,Priya Raman,Executive,Received,149
2020-10-13,Priya Raman,Executive,Received,28
2020-10-30,Priya Raman,Executive,Received,190
2020-10-27,Priya Raman,Executive,Received,5
2020-10-31,Priya Raman,Executive,Received,152
2020-10-31,Priya Raman,Executive,Sent,67
2020-10-17,Priya Raman,Executive,Received,81
2020-10-23,Priya Raman,Executive,Received,75
2020-10-11,Priya Raman,Executive,Received,22
2020-10-17,Priya Raman,Executive,Received,52
2020-10-25,Priya Raman,Executive,Sent,3
2020-10-20,Priya Raman,Executive,Received,47
2020-10-20,Priya Raman,Executive,Received,10
2020-10-24,Priya Raman,Executive,Received,109
2020-10-06,Priya Raman,Executive,Received,636
2020-10-21,Priya Raman,Executive,Received,331
2020-10-21,Priya Raman,Executive,Received,53
2020-10-15,Priya Raman,Executive,Received,81
2020-10-22,Priya Raman,Executive,Received,186
2020-10-23,Priya Raman,Executive,Received,25
2020-10-03,Priya Raman,Executive,Sent,56
2020-10-03,Priya Raman,Executive,Sent,184
2020-10-01,Priya Raman,Executive,Received,20
2020-10-19,Priya Raman,Executive,Sent,88
2020-10-26,Priya Raman,Executive,Received,97
2020-10-27,Priya Raman,Executive,Sent,52
2020-10-24,Priya Raman,Executive,Sent,68
2020-10-02,Priya Raman,Executive,Received,76
2020-10-10,Priya Raman,Executive,Received,53
2020-10-17,Priya Raman,Executive,Received,121
2020-10-13,Priya Raman,Executive,Sent,50
2020-10-01,Priya Raman,Executive,Sent,118
2020-10-18,Priya Raman,Executive,Sent,12
2020-10-11,Priya Raman,Executive,Received,146
2020-10-30,Priya Raman,Executive,Received,112
2020-10-11,Priya Raman,Executive,Received,16
2020-10-15,Priya Raman,Executive,Received,65
2020-10-21,Priya Raman,Executive,Received,149
2020-10-15,Priya Raman,Executive,Received,37
2020-10-27,Priya Raman,Executive,Sent,42
2020-11-06,Priya Raman,Executive,Received,10
2020-11-13,Priya Raman,Executive,Received,5
2020-11-11,Priya Raman,Executive,Received,112
2020-11-16,Priya Raman,Executive,Received,20
2020-11-28,Priya Raman,Executive,Sent,785
2020-11-20,Priya Raman,Executive,Received,538
2020-11-19,Priya Raman,Executive,Received,6
2020-11-12,Priya Raman,Executive,Received,124
2020-11-15,Priya Raman,Executive,Received,285
2020-11-22,Priya Raman,Executive,Received,44
2020-11-22,Priya Raman,Executive,Received,26
2020-11-22,Priya Raman,Executive,Received,35
2020-11-07,Priya Raman,Executive,Received,53
2020-11-06,Priya Raman,Executive,Received,169
2020-11-07,Priya Raman,Executive,Sent,3
2020-11-18,Priya Raman,Executive,Sent,32
2020-11-13,Priya Raman,Executive,Sent,381
2020-12-09,Priya Raman,Executive,Received,64
2020-12-22,Priya Raman,Executive,Received,71
2020-12-28,Priya Raman,Executive,Received,3
2020-12-13,Priya Raman,Executive,Sent,136
2020-12-29,Priya Raman,Executive,Sent,4
2020-12-21,Priya Raman,Executive,Received,66
2020-12-04,Priya Raman,Executive,Sent,90
2020-12-27,Priya Raman,Executive,Received,106
2020-12-01,Priya Raman,Executive,Sent,34
2020-12-07,Priya Raman,Executive,Sent,56
2020-12-29,Priya Raman,Executive,Sent,28
2020-12-19,Priya Raman,Executive,Sent,40
2020-12-09,Priya Raman,Executive,Received,179
2020-12-26,Priya Raman,Executive,Sent,201
2020-12-01,Priya Raman,Executive,Received,130
2020-12-28,Priya Raman,Executive,Received,239
2020-12-02,Priya Raman,Executive,Sent,49
2020-12-29,Priya Raman,Executive,Sent,48
2020-12-29,Priya Raman,Executive,Received,21
2020-12-09,Priya Raman,Executive,Sent,87
2020-12-28,Priya Raman,Executive,Sent,147
2020-12-27,Priya Raman,Executive,Received,6
2020-12-24,Priya Raman,Executive,Sent,298
2020-12-20,Priya Raman,Executive,Sent,36
2020-12-06,Priya Raman,Executive,Received,3
2020-12-07,Priya Raman,Executive,Sent,10
2020-12-23,Priya Raman,Executive,Sent,178
2020-12-27,Priya Raman,Executive,Sent,61
2020-12-15,Priya Raman,Executive,Sent,99
2020-12-02,Priya Raman,Executive,Received,7
2020-12-25,Priya Raman,Executive,Received,162
2020-12-02,Priya Raman,Executive,Received,31
2020-12-18,Priya Raman,Executive,Sent,110
2020-12-09,Priya Raman,Executive,Sent,28
2020-12-12,Priya Raman,Executive,Received,16
2020-12-19,Priya Raman,Executive,Received,71
2020-12-20,Priya Raman,Executive,Sent,10
2021-01-05,Priya Raman,Executive,Sent,113
2021-01-04,Priya Raman,Executive,Sent,178
2021-01-24,Priya Raman,Executive,Sent,106
2021-01-19,Priya Raman,Executive,Sent,12
2021-01-26,Priya Raman,Executive,Sent,75
2021-01-18,Priya Raman,Executive,Sent,48
2021-01-20,Priya Raman,Executive,Sent,14
2021-01-08,Priya Raman,Executive,Received,4
2021-01-25,Priya Raman,Executive,Received,620
2021-01-20,Priya Raman,Executive,Received,160
2021-01-15,Priya Raman,Executive,Received,23
2021-01-02,Priya Raman,Executive,Received,137
2021-01-01,Priya Raman,Executive,Sent,19
2021-01-29,Priya Raman,Executive,Received,52
2021-01-25,Priya Raman,Executive,Received,165
2021-01-07,Priya Raman,Executive,Received,38
2021-01-18,Priya Raman,Executive,Received,126
2021-01-18,Priya Raman,Executive,Received,11
2021-01-28,Priya Raman,Executive,Received,76
2021-01-03,Priya Raman,Executive,Received,367
2021-02-17,Priya Raman,Executive,Received,182
2021-02-05,Priya Raman,Executive,Sent,3
2021-02-26,Priya Raman,Executive,Received,43
2021-02-21,Priya Raman,Executive,Received,303
2021-02-12,Priya Raman,Executive,Received,72
2021-02-05,Priya Raman,Executive,Sent,32
2021-02-04,Priya Raman,Executive,Sent,43
2021-02-13,Priya Raman,Executive,Received,105
2021-02-20,Priya Raman,Executive,Received,165
2021-02-16,Priya Raman,Executive,Received,237
2021-02-18,Priya Raman,Executive,Sent,50
2021-02-11,Priya Raman,Executive,Sent,78
2021-02-27,Priya Raman,Executive,Sent,267
2021-02-13,Priya Raman,Executive,Received,162
2021-02-24,Priya Raman,Executive,Received,119
2021-02-07,Priya Raman,Executive,Sent,41
2021-02-10,Priya Raman,Executive,Received,786
2021-02-18,Priya Raman,Executive,Received,58
2021-02-06,Priya Raman,Executive,Received,115
2021-02-24,Priya Raman,Executive,Received,217
2021-02-24,Priya Raman,Executive,Received,18
2021-02-16,Priya Raman,Executive,Received,447
2021-02-04,Priya Raman,Executive,Received,153
2021-02-28,Priya Raman,Executive,Sent,37
2021-02-03,Priya Raman,Executive,Sent,10
2021-02-26,Priya Raman,Executive,Received,78
2021-02-06,Priya Raman,Executive,Sent,28
2021-02-21,Priya Raman,Executive,Sent,86
2021-02-24,Priya Raman,Executive,Sent,25
2021-02-07,Priya Raman,Executive,Received,393
2021-02-09,Priya Raman,Executive,Received,6
2021-02-28,Priya Raman,Executive,Received,142
2021-02-10,Priya Raman,Executive,Received,137
2021-02-13,Priya Raman,Executive,Sent,128
2021-02-11,Priya Raman,Executive,Received,67
2021-02-04,Priya Raman,Executive,Received,252
2021-02-09,Priya Raman,Executive,Received,3
2021-03-15,Priya Raman,Executive,Received,194
2021-03-02,Priya Raman,Executive,Received,53
2021-03-07,Priya Raman,Executive,Received,35
2021-03-06,Priya Raman,Executive,Sent,101
2021-03-18,Priya Raman,Executive,Received,390
2021-03-31,Priya Raman,Executive,Sent,48
2021-03-06,Priya Raman,Executive,Received,171
2021-03-07,Priya Raman,Executive,Received,11
2021-03-06,Priya Raman,Executive,Received,6
2021-03-19,Priya Raman,Executive,Sent,123
2021-03-20,Priya Raman,Executive,Received,56
2021-03-25,Priya Raman,Executive,Sent,33
2021-03-24,Priya Raman,Executive,Received,83
2021-03-18,Priya Raman,Executive,Received,372
2021-03-04,Priya Raman,Executive,Received,192
2021-03-06,Priya Raman,Executive,Received,81
2021-03-10,Priya Raman,Executive,Received,37
2021-03-23,Priya Raman,Executive,Received,119
2021-03-07,Priya Raman,Executive,Sent,80
2021-03-19,Priya Raman,Executive,Received,490
2021-03-02,Priya Raman,Executive,Sent,41
2021-03-22,Priya Raman,Executive,Sent,151
2021-03-23,Priya Raman,Executive,Received,55
2021-03-16,Priya Raman,Executive,Received,32
2021-04-18,Priya Raman,Executive,Received,62
2021-04-26,Priya Raman,Executive,Received,69
2021-04-29,Priya Raman,Executive,Received,23
2021-04-04,Priya Raman,Executive,Received,232
2021-04-25,Priya Raman,Executive,Received,16
2021-04-11,Priya Raman,Executive,Received,4
2021-04-27,Priya Raman,Executive,Received,282
2021-04-16,Priya Raman,Executive,Sent,84
2021-04-29,Priya Raman,Executive,Sent,107
2021-04-11,Priya Raman,Executive,Sent,3
2021-04-01,Priya Raman,Executive,Received,19
2021-04-05,Priya Raman,Executive,Sent,539
2021-04-30,Priya Raman,Executive,Received,250
2021-04-28,Priya Raman,Executive,Sent,8
2021-04-07,Priya Raman,Executive,Received,31
2021-07-26,Priya Raman,Executive,Sent,166
2021-07-20,Priya Raman,Executive,Received,416
2021-07-30,Priya Raman,Executive,Sent,37
2021-07-10,Priya Raman,Executive,Sent,7
2021-07-30,Priya Raman,Executive,Received,64
2021-07-17,Priya Raman,Executive,Received,26
2021-07-08,Priya Raman,Executive,Received,30
2021-07-30,Priya Raman,Executive,Sent,19
2021-07-07,Priya Raman,Executive,Received,7
2021-07-28,Priya Raman,Executive,Sent,120
2021-07-07,Priya Raman,Executive,Sent,5
2021-07-03,Priya Raman,Executive,Received,353
2021-07-21,Priya Raman,Executive,Received,76
2021-07-16,Priya Raman,Executive,Received,3
2021-07-09,Priya Raman,Executive,Received,239
2021-07-31,Priya Raman,Executive,Sent,77
2021-07-14,Priya Raman,Executive,Sent,381
2021-07-27,Priya Raman,Executive,Received,67
2021-07-26,Priya Raman,Executive,Sent,62
2021-07-26,Priya Raman,Executive,Received,16
2021-07-01,Priya Raman,Executive,Sent,102
2021-07-10,Priya Raman,Executive,Received,44
2021-07-02,Priya Raman,Executive,Received,46
2021-07-03,Priya Raman,Executive,Received,53
2021-07-15,Priya Raman,Executive,Received,403
2021-07-15,Priya Raman,Executive,Received,113
2021-07-24,Priya Raman,Executive,Sent,31
2021-08-04,Priya Raman,Executive,Received,148
2021-08-05,Priya Raman,Executive,Sent,157
2021-08-28,Priya Raman,Executive,Received,129
2021-08-03,Priya Raman,Executive,Received,46
2021-08-15,Priya Raman,Executive,Received,29
2021-08-19,Priya Raman,Executive,Sent,19
2021-08-06,Priya Raman,Executive,Sent,205
2021-08-23,Priya Raman,Executive,Sent,15
2021-08-22,Priya Raman,Executive,Sent,40
2021-08-02,Priya Raman,Executive,Sent,148
2021-08-14,Priya Raman,Executive,Received,284
2021-08-24,Priya Raman,Executive,Sent,20
2021-08-24,Priya Raman,Executive,Received,176
2021-08-20,Priya Raman,Executive,Received,236
2021-08-31,Priya Raman,Executive,Received,50
2021-08-24,Priya Raman,Executive,Sent,93
2021-08-18,Priya Raman,Executive,Received,76
2021-08-12,Priya Raman,Executive,Sent,182
2021-08-09,Priya Raman,Executive,Received,69
2021-08-25,Priya Raman,Executive,Received,4
2021-08-26,Priya Raman,Executive,Received,23
2021-08-20,Priya Raman,Executive,Received,4
2021-08-14,Priya Raman,Executive,Received,25
2021-08-16,Priya Raman,Executive,Received,427
2021-08-15,Priya Raman,Executive,Received,104
2021-08-03,Priya Raman,Executive,Received,34
2021-09-09,Priya Raman,Executive,Received,138
2021-09-04,Priya Raman,Executive,Sent,95
2021-09-12,Priya Raman,Executive,Sent,217
2021-09-30,Priya Raman,Executive,Received,308
2021-09-08,Priya Raman,Executive,Received,74
2021-09-09,Priya Raman,Executive,Received,51
2021-09-27,Priya Raman,Executive,Received,66
2021-09-02,Priya Raman,Executive,Sent,16
2021-09-19,Priya Raman,Executive,Received,284
2021-09-19,Priya Raman,Executive,Received,20
2021-09-02,Priya Raman,Executive,Received,7
2021-09-20,Priya Raman,Executive,Received,17
2021-09-29,Priya Raman,Executive,Received,31
2021-09-27,Priya Raman,Executive,Received,72
2021-11-24,Priya Raman,Executive,Sent,60
2021-11-08,Priya Raman,Executive,Received,155
2021-11-21,Priya Raman,Executive,Received,69
2021-11-30,Priya Raman,Executive,Received,17
2021-11-03,Priya Raman,Executive,Received,74
2021-11-06,Priya Raman,Executive,Sent,18
2021-11-16,Priya Raman,Executive,Sent,106
2021-11-25,Priya Raman,Executive,Received,377
2021-11-27,Priya Raman,Executive,Received,40
2021-11-08,Priya Raman,Executive,Sent,315
2021-11-23,Priya Raman,Executive,Received,51
2021-11-28,Priya Raman,Executive,Received,130
2021-11-10,Priya Raman,Executive,Received,253
2021-11-22,Priya Raman,Executive,Sent,96
2021-11-07,Priya Raman,Executive,Sent,89
2021-11-17,Priya Raman,Executive,Received,55
2021-11-04,Priya Raman,Executive,Received,25
2021-11-18,Priya Raman,Executive,Received,75
2021-11-28,Priya Raman,Executive,Sent,64
2021-11-30,Priya Raman,Executive,Received,34
2021-11-26,Priya Raman,Executive,Received,49
2021-12-26,Priya Raman,Executive,Sent,9
2021-12-28,Priya Raman,Executive,Sent,275
2021-12-12,Priya Raman,Executive,Received,202
2021-12-31,Priya Raman,Executive,Received,91
2021-12-30,Priya Raman,Executive,Received,101
2021-12-21,Priya Raman,Executive,Sent,4
2021-12-29,Priya Raman,Executive,Received,60
2021-12-31,Priya Raman,Executive,Received,149
2021-12-08,Priya Raman,Executive,Received,365
2021-12-07,Priya Raman,Executive,Sent,114
2021-12-17,Priya Raman,Executive,Received,40
2021-12-05,Priya Raman,Executive,Received,22
2021-12-07,Priya Raman,Executive,Sent,169
2021-12-06,Priya Raman,Executive,Received,76
2021-12-29,Priya Raman,Executive,Received,188
2021-12-28,Priya Raman,Executive,Sent,95
2021-12-23,Priya Raman,Executive,Received,85
2021-12-05,Priya Raman,Executive,Received,6
2021-12-24,Priya Raman,Executive,Sent,133
2021-12-25,Priya Raman,Executive,Received,250
2021-12-05,Priya Raman,Executive,Received,120
2021-12-23,Priya Raman,Executive,Sent,29
2021-12-28,Priya Raman,Executive,Sent,92
2022-01-25,Priya Raman,Executive,Sent,162
2022-01-29,Priya Raman,Executive,Received,138
2022-01-20,Priya Raman,Executive,Sent,169
2022-01-27,Priya Raman,Executive,Received,4
2022-01-13,Priya Raman,Executive,Sent,3
2022-01-26,Priya Raman,Executive,Sent,112
2022-01-27,Priya Raman,Executive,Sent,133
2022-01-01,Priya Raman,Executive,Received,45
2022-01-21,Priya Raman,Executive,Sent,24
2022-01-06,Priya Raman,Executive,Sent,46
2022-01-08,Priya Raman,Executive,Sent,21
2022-01-05,Priya Raman,Executive,Received,111
2022-01-11,Priya Raman,Executive,Received,200
2022-01-07,Priya Raman,Executive,Received,162
2022-01-05,Priya Raman,Executive,Received,132
2022-01-12,Priya Raman,Executive,Received,45
2022-01-24,Priya Raman,Executive,Received,245
2022-01-12,Priya Raman,Executive,Sent,90
2022-01-27,Priya Raman,Executive,Sent,222
2022-01-30,Priya Raman,Executive,Received,377
2022-02-10,Priya Raman,Executive,Sent,193
2022-02-20,Priya Raman,Executive,Sent,266
2022-02-27,Priya Raman,Executive,Received,12
2022-02-01,Priya Raman,Executive,Received,153
2022-02-24,Priya Raman,Executive,Received,99
2022-02-22,Priya Raman,Executive,Received,205
2022-02-12,Priya Raman,Executive,Sent,70
2022-02-07,Priya Raman,Executive,Received,64
2022-03-24,Priya Raman,Executive,Received,61
2022-03-29,Priya Raman,Executive,Sent,253
2022-03-09,Priya Raman,Executive,Received,3
2022-03-03,Priya Raman,Executive,Sent,45
2022-03-28,Priya Raman,Executive,Received,100
2022-03-17,Priya Raman,Executive,Received,118
2022-03-30,Priya Raman,Executive,Sent,76
2022-03-03,Priya Raman,Executive,Received,100
2022-03-26,Priya Raman,Executive,Sent,48
2022-03-07,Priya Raman,Executive,Sent,45
2022-03-02,Priya Raman,Executive,Received,148
2022-03-16,Priya Raman,Executive,Received,115
2022-03-09,Priya Raman,Executive,Received,18
2022-04-05,Priya Raman,Executive,Received,73
2022-04-10,Priya Raman,Executive,Received,84
2022-04-13,Priya Raman,Executive,Sent,133
2022-04-15,Priya Raman,Executive,Received,134
2022-04-26,Priya Raman,Executive,Received,152
2022-04-17,Priya Raman,Executive,Sent,781
2022-04-02,Priya Raman,Executive,Received,112
2022-04-09,Priya Raman,Executive,Sent,60
2022-04-29,Priya Raman,Executive,Received,96
2022-04-21,Priya Raman,Executive,Received,117
2022-04-02,Priya Raman,Executive,Sent,19
2022-04-07,Priya Raman,Executive,Received,220
2022-04-03,Priya Raman,Executive,Received,114
2022-04-13,Priya Raman,Executive,Sent,206
2022-05-14,Priya Raman,Executive,Received,4
2022-05-16,Priya Raman,Executive,Received,58
2022-05-28,Priya Raman,Executive,Received,284
2022-05-01,Priya Raman,Executive,Sent,57
2022-05-14,Priya Raman,Executive,Received,139
2022-05-20,Priya Raman,Executive,Sent,120
2022-05-15,Priya Raman,Executive,Received,60
2022-05-19,Priya Raman,Executive,Received,16
2022-05-11,Priya Raman,Executive,Sent,316
2022-05-18,Priya Raman,Executive,Sent,93
2020-07-04,Tomás Ruiz,Publicist,Sent,89
2020-07-05,Tomás Ruiz,Publicist,Sent,270
2020-07-30,Tomás Ruiz,Publicist,Received,150
2020-07-17,Tomás Ruiz,Publicist,Sent,28
2020-08-15,Tomás Ruiz,Publicist,Received,82
2020-08-30,Tomás Ruiz,Publicist,Sent,4
2020-08-11,Tomás Ruiz,Publicist,Received,292
2020-08-11,Tomás Ruiz,Publicist,Sent,23
2020-08-18,Tomás Ruiz,Publicist,Received,72
2020-09-17,Tomás Ruiz,Publicist,Received,51
2020-09-15,Tomás Ruiz,Publicist,Sent,134
2020-09-07,Tomás Ruiz,Publicist,Sent,13
2020-09-27,Tomás Ruiz,Publicist,Received,161
2020-09-27,Tomás Ruiz,Publicist,Received,97
2020-09-03,Tomás Ruiz,Publicist,Received,81
2020-09-15,Tomás Ruiz,Publicist,Sent,104
2020-09-20,Tomás Ruiz,Publicist,Received,47
2020-09-13,Tomás Ruiz,Publicist,Received,160
2020-09-26,Tomás Ruiz,Publicist,Sent,326
2020-10-03,Tomás Ruiz,Publicist,Sent,77
2020-10-10,Tomás Ruiz,Publicist,Received,264
2020-10-17,Tomás Ruiz,Publicist,Sent,76
2020-10-13,Tomás Ruiz,Publicist,Received,97
2020-10-22,Tomás Ruiz,Publicist,Sent,152
2020-10-23,Tomás Ruiz,Publicist,Sent,119
2020-10-31,Tomás Ruiz,Publicist,Sent,419
2020-10-03,Tomás Ruiz,Publicist,Sent,254
2020-10-10,Tomás Ruiz,Publicist,Sent,12
2020-10-19,Tomás Ruiz,Publicist,Received,84
2020-10-03,Tomás Ruiz,Publicist,Sent,135
2020-10-14,Tomás Ruiz,Publicist,Received,175
2020-10-29,Tomás Ruiz,Publicist,Received,39
2020-11-20,Tomás Ruiz,Publicist,Sent,19
2020-11-21,Tomás Ruiz,Publicist,Received,21
2020-11-13,Tomás Ruiz,Publicist,Received,203
2020-11-08,Tomás Ruiz,Publicist,Received,60
2020-11-22,Tomás Ruiz,Publicist,Sent,58
2020-11-12,Tomás Ruiz,Publicist,Received,95
2020-12-02,Tomás Ruiz,Publicist,Received,48
2020-12-31,Tomás Ruiz,Publicist,Received,112
2020-12-19,Tomás Ruiz,Publicist,Sent,31
2020-12-03,Tomás Ruiz,Publicist,Received,208
2020-12-23,Tomás Ruiz,Publicist,Received,225
2020-12-27,Tomás Ruiz,Publicist,Received,27
2020-12-02,Tomás Ruiz,Publicist,Received,131
2020-12-01,Tomás Ruiz,Publicist,Received,11
2021-01-23,Tomás Ruiz,Publicist,Sent,91
2021-01-11,Tomás Ruiz,Publicist,Sent,12
2021-01-26,Tomás Ruiz,Publicist,Sent,53
2021-01-03,Tomás Ruiz,Publicist,Received,57
2021-01-17,Tomás Ruiz,Publicist,Received,39
2021-01-06,Tomás Ruiz,Publicist,Sent,44
2021-01-04,Tomás Ruiz,Publicist,Sent,213
2021-01-20,Tomás Ruiz,Publicist,Sent,389
2021-01-02,Tomás Ruiz,Publicist,Received,126
2021-01-02,Tomás Ruiz,Publicist,Sent,268
2021-01-24,Tomás Ruiz,Publicist,Sent,25
2021-01-19,Tomás Ruiz,Publicist,Sent,328
2021-02-24,Tomás Ruiz,Publicist,Received,45
2021-02-22,Tomás Ruiz,Publicist,Received,37
2021-02-13,Tomás Ruiz,Publicist,Received,153
2021-02-13,Tomás Ruiz,Publicist,Sent,3
2021-02-14,Tomás Ruiz,Publicist,Received,143
2021-02-27,Tomás Ruiz,Publicist,Sent,38
2021-02-10,Tomás Ruiz,Publicist,Sent,3
2021-02-14,Tomás Ruiz,Publicist,Received,57
2021-02-16,Tomás Ruiz,Publicist,Sent,39
2021-02-14,Tomás Ruiz,Publicist,Received,65
2021-02-23,Tomás Ruiz,Publicist,Sent,207
2021-02-19,Tomás Ruiz,Publicist,Sent,258
2021-02-27,Tomás Ruiz,Publicist,Received,153
2021-02-18,Tomás Ruiz,Publicist,Sent,34
2021-02-19,Tomás Ruiz,Publicist,Received,457
2021-02-26,Tomás Ruiz,Publicist,Received,25
2021-03-22,Tomás Ruiz,Publicist,Received,55
2021-03-29,Tomás Ruiz,Publicist,Received,83
2021-03-14,Tomás Ruiz,Publicist,Received,108
2021-03-10,Tomás Ruiz,Publicist,Received,20
2021-03-15,Tomás Ruiz,Publicist,Sent,334
2021-03-11,Tomás Ruiz,Publicist,Sent,56
2021-03-10,Tomás Ruiz,Publicist,Received,125
2021-03-26,Tomás Ruiz,Publicist,Sent,38
2021-03-17,Tomás Ruiz,Publicist,Received,374
2021-03-23,Tomás Ruiz,Publicist,Received,107
2021-03-08,Tomás Ruiz,Publicist,Sent,180
2021-03-22,Tomás Ruiz,Publicist,Sent,213
2021-03-08,Tomás Ruiz,Publicist,Sent,65
2021-03-30,Tomás Ruiz,Publicist,Sent,127
2021-04-17,Tomás Ruiz,Publicist,Sent,114
2021-04-03,Tomás Ruiz,Publicist,Sent,160
2021-04-13,Tomás Ruiz,Publicist,Received,40
2021-04-16,Tomás Ruiz,Publicist,Received,105
2021-04-16,Tomás Ruiz,Publicist,Sent,578
2021-04-21,Tomás Ruiz,Publicist,Received,128
2021-04-07,Tomás Ruiz,Publicist,Sent,277
2021-04-18,Tomás Ruiz,Publicist,Received,20
2021-04-24,Tomás Ruiz,Publicist,Sent,85
2021-04-11,Tomás Ruiz,Publicist,Received,196
2021-04-13,Tomás Ruiz,Publicist,Sent,27
2021-04-09,Tomás Ruiz,Publicist,Received,98
2021-04-07,Tomás Ruiz,Publicist,Received,82
2021-04-12,Tomás Ruiz,Publicist,Received,64
2021-04-21,Tomás Ruiz,Publicist,Sent,194
2021-04-14,Tomás Ruiz,Publicist,Sent,245
2021-04-08,Tomás Ruiz,Publicist,Received,11
2021-07-12,Tomás Ruiz,Publicist,Sent,300
2021-07-01,Tomás Ruiz,Publicist,Received,51
2021-07-25,Tomás Ruiz,Publicist,Received,10
2021-07-28,Tomás Ruiz,Publicist,Received,173
2021-07-11,Tomás Ruiz,Publicist,Sent,336
2021-07-11,Tomás Ruiz,Publicist,Sent,61
2021-07-07,Tomás Ruiz,Publicist,Sent,249
2021-07-07,Tomás Ruiz,Publicist,Received,43
2021-07-08,Tomás Ruiz,Publicist,Sent,56
2021-08-09,Tomás Ruiz,Publicist,Received,385
2021-08-19,Tomás Ruiz,Publicist,Received,82
2021-08-23,Tomás Ruiz,Publicist,Received,56
2021-08-04,Tomás Ruiz,Publicist,Received,111
2021-08-21,Tomás Ruiz,Publicist,Received,110
2021-08-26,Tomás Ruiz,Publicist,Sent,360
2021-08-22,Tomás Ruiz,Publicist,Received,54
2021-08-17,Tomás Ruiz,Publicist,Sent,102
2021-08-03,Tomás Ruiz,Publicist,Received,156
2021-08-20,Tomás Ruiz,Publicist,Sent,409
2021-08-01,Tomás Ruiz,Publicist,Sent,65
2021-08-18,Tomás Ruiz,Publicist,Sent,33
2021-08-20,Tomás Ruiz,Publicist,Sent,61
2021-08-31,Tomás Ruiz,Publicist,Sent,47
2021-08-19,Tomás Ruiz,Publicist,Sent,110
2021-08-18,Tomás Ruiz,Publicist,Sent,78
2021-08-13,Tomás Ruiz,Publicist,Sent,137
2021-08-02,Tomás Ruiz,Publicist,Sent,118
2021-08-25,Tomás Ruiz,Publicist,Received,581
2021-08-07,Tomás Ruiz,Publicist,Sent,46
2021-08-12,Tomás Ruiz,Publicist,Sent,82
2021-08-01,Tomás Ruiz,Publicist,Sent,209
2021-09-01,Tomás Ruiz,Publicist,Received,14
2021-09-15,Tomás Ruiz,Publicist,Sent,22
2021-09-29,Tomás Ruiz,Publicist,Sent,53
2021-09-26,Tomás Ruiz,Publicist,Sent,268
2021-09-04,Tomás Ruiz,Publicist,Received,88
2021-09-26,Tomás Ruiz,Publicist,Received,60
2021-09-19,Tomás Ruiz,Publicist,Sent,292
2021-09-15,Tomás Ruiz,Publicist,Received,12
2021-09-06,Tomás Ruiz,Publicist,Sent,74
2021-09-13,Tomás Ruiz,Publicist,Received,54
2021-10-13,Tomás Ruiz,Publicist,Received,123
2021-10-09,Tomás Ruiz,Publicist,Received,14
2021-10-19,Tomás Ruiz,Publicist,Sent,218
2021-10-10,Tomás Ruiz,Publicist,Received,46
2021-10-04,Tomás Ruiz,Publicist,Sent,665
2021-10-28,Tomás Ruiz,Publicist,Received,96
2021-10-11,Tomás Ruiz,Publicist,Received,14
2021-10-04,Tomás Ruiz,Publicist,Received,100
2021-10-21,Tomás Ruiz,Publicist,Sent,151
2021-10-22,Tomás Ruiz,Publicist,Sent,208
2021-10-02,Tomás Ruiz,Publicist,Received,44
2021-10-21,Tomás Ruiz,Publicist,Received,119
2021-11-14,Tomás Ruiz,Publicist,Received,22
2021-11-29,Tomás Ruiz,Publicist,Sent,226
2021-11-09,Tomás Ruiz,Publicist,Received,130
2021-11-27,Tomás Ruiz,Publicist,Sent,11
2021-11-05,Tomás Ruiz,Publicist,Sent,60
2021-11-10,Tomás Ruiz,Publicist,Sent,150
2021-11-24,Tomás Ruiz,Publicist,Received,62
2021-11-01,Tomás Ruiz,Publicist,Sent,16
2021-11-21,Tomás Ruiz,Publicist,Received,79
2021-11-05,Tomás Ruiz,Publicist,Sent,190
2021-11-21,Tomás Ruiz,Publicist,Sent,429
2021-11-20,Tomás Ruiz,Publicist,Received,101
2021-11-26,Tomás Ruiz,Publicist,Sent,225
2021-11-29,Tomás Ruiz,Publicist,Sent,45
2021-11-08,Tomás Ruiz,Publicist,Sent,61
2021-11-01,Tomás Ruiz,Publicist,Received,39
2021-11-28,Tomás Ruiz,Publicist,Received,14
2021-12-08,Tomás Ruiz,Publicist,Received,265
2021-12-01,Tomás Ruiz,Publicist,Sent,5
2021-12-18,Tomás Ruiz,Publicist,Received,342
2021-12-19,Tomás Ruiz,Publicist,Sent,106
2021-12-25,Tomás Ruiz,Publicist,Received,150
2021-12-08,Tomás Ruiz,Publicist,Received,295
2021-12-02,Tomás Ruiz,Publicist,Received,124
2021-12-14,Tomás Ruiz,Publicist,Received,254
2021-12-25,Tomás Ruiz,Publicist,Sent,81
2021-12-06,Tomás Ruiz,Publicist,Sent,84
2021-12-26,Tomás Ruiz,Publicist,Received,6
2021-12-30,Tomás Ruiz,Publicist,Sent,74
2021-12-15,Tomás Ruiz,Publicist,Received,151
2021-12-07,Tomás Ruiz,Publicist,Sent,256
2021-12-28,Tomás Ruiz,Publicist,Sent,280
2021-12-02,Tomás Ruiz,Publicist,Received,22
2021-12-24,Tomás Ruiz,Publicist,Sent,320
2021-12-30,Tomás Ruiz,Publicist,Received,111
2022-01-07,Tomás Ruiz,Publicist,Sent,120
2022-01-21,Tomás Ruiz,Publicist,Sent,338
2022-01-12,Tomás Ruiz,Publicist,Received,72
2022-01-09,Tomás Ruiz,Publicist,Sent,3
2022-01-22,Tomás Ruiz,Publicist,Received,492
2022-01-26,Tomás Ruiz,Publicist,Received,521
2022-01-24,Tomás Ruiz,Publicist,Received,183
2022-01-22,Tomás Ruiz,Publicist,Received,79
2022-01-29,Tomás Ruiz,Publicist,Sent,90
2022-01-24,Tomás Ruiz,Publicist,Sent,76
2022-01-30,Tomás Ruiz,Publicist,Received,151
2022-01-04,Tomás Ruiz,Publicist,Sent,28
2022-01-28,Tomás Ruiz,Publicist,Sent,12
2022-01-24,Tomás Ruiz,Publicist,Received,154
2022-01-13,Tomás Ruiz,Publicist,Sent,54
2022-01-05,Tomás Ruiz,Publicist,Sent,63
2022-01-22,Tomás Ruiz,Publicist,Sent,80
2022-01-11,Tomás Ruiz,Publicist,Received,127
2022-01-16,Tomás Ruiz,Publicist,Received,531
2022-01-21,Tomás Ruiz,Publicist,Sent,126
2022-01-20,Tomás Ruiz,Publicist,Sent,130
2022-01-15,Tomás Ruiz,Publicist,Received,226
2022-01-10,Tomás Ruiz,Publicist,Sent,330
2022-01-16,Tomás Ruiz,Publicist,Sent,11
2022-01-03,Tomás Ruiz,Publicist,Sent,345
2022-01-17,Tomás Ruiz,Publicist,Received,88
2022-01-29,Tomás Ruiz,Publicist,Received,18
2022-01-27,Tomás Ruiz,Publicist,Sent,19
2022-01-08,Tomás Ruiz,Publicist,Sent,94
2022-01-14,Tomás Ruiz,Publicist,Received,8
2022-01-18,Tomás Ruiz,Publicist,Sent,90
2022-01-11,Tomás Ruiz,Publicist,Received,117
2022-01-09,Tomás Ruiz,Publicist,Received,630
2022-01-06,Tomás Ruiz,Publicist,Received,6
2022-01-12,Tomás Ruiz,Publicist,Received,25
2022-01-12,Tomás Ruiz,Publicist,Sent,136
2022-01-03,Tomás Ruiz,Publicist,Received,137
2022-01-29,Tomás Ruiz,Publicist,Received,432
2022-01-23,Tomás Ruiz,Publicist,Sent,129
2022-01-28,Tomás Ruiz,Publicist,Sent,18
2022-01-08,Tomás Ruiz,Publicist,Sent,206
2022-01-16,Tomás Ruiz,Publicist,Received,22
2022-01-27,Tomás Ruiz,Publicist,Sent,17
2022-01-28,Tomás Ruiz,Publicist,Sent,367
2022-01-27,Tomás Ruiz,Publicist,Sent,44
2022-01-09,Tomás Ruiz,Publicist,Sent,34
2022-01-09,Tomás Ruiz,Publicist,Received,84
2022-01-19,Tomás Ruiz,Publicist,Sent,277
2022-01-29,Tomás Ruiz,Publicist,Received,109
2022-01-07,Tomás Ruiz,Publicist,Received,340
2022-01-19,Tomás Ruiz,Publicist,Sent,72
2022-01-05,Tomás Ruiz,Publicist,Received,477
2022-01-07,Tomás Ruiz,Publicist,Sent,53
2022-01-12,Tomás Ruiz,Publicist,Sent,10
2022-01-07,Tomás Ruiz,Publicist,Received,134
2022-01-08,Tomás Ruiz,Publicist,Received,221
2022-01-02,Tomás Ruiz,Publicist,Sent,224
2022-01-03,Tomás Ruiz,Publicist,Sent,162
2022-01-03,Tomás Ruiz,Publicist,Sent,246
2022-01-24,Tomás Ruiz,Publicist,Sent,45
2022-01-31,Tomás Ruiz,Publicist,Received,7
2022-01-23,Tomás Ruiz,Publicist,Received,10
2022-02-18,Tomás Ruiz,Publicist,Received,57
2022-02-09,Tomás Ruiz,Publicist,Sent,442
2022-02-07,Tomás Ruiz,Publicist,Received,457
2022-02-03,Tomás Ruiz,Publicist,Received,491
2022-02-27,Tomás Ruiz,Publicist,Received,37
2022-02-22,Tomás Ruiz,Publicist,Sent,18
2022-02-27,Tomás Ruiz,Publicist,Sent,66
2022-02-10,Tomás Ruiz,Publicist,Received,141
2022-02-05,Tomás Ruiz,Publicist,Sent,176
2022-02-25,Tomás Ruiz,Publicist,Received,287
2022-02-02,Tomás Ruiz,Publicist,Sent,151
2022-02-07,Tomás Ruiz,Publicist,Sent,154
2022-02-09,Tomás Ruiz,Publicist,Sent,668
2022-02-02,Tomás Ruiz,Publicist,Sent,83
2022-02-05,Tomás Ruiz,Publicist,Sent,70
2022-02-17,Tomás Ruiz,Publicist,Sent,243
2022-02-28,Tomás Ruiz,Publicist,Received,111
2022-03-10,Tomás Ruiz,Publicist,Sent,365
2022-03-24,Tomás Ruiz,Publicist,Sent,103
2022-03-08,Tomás Ruiz,Publicist,Received,153
2022-03-31,Tomás Ruiz,Publicist,Received,27
2022-03-01,Tomás Ruiz,Publicist,Received,109
2022-03-20,Tomás Ruiz,Publicist,Sent,54
2022-03-14,Tomás Ruiz,Publicist,Received,28
2022-03-03,Tomás Ruiz,Publicist,Sent,11
2022-03-20,Tomás Ruiz,Publicist,Received,16
2022-03-18,Tomás Ruiz,Publicist,Sent,87
2022-03-13,Tomás Ruiz,Publicist,Sent,76
2022-03-15,Tomás Ruiz,Publicist,Received,21
2022-03-12,Tomás Ruiz,Publicist,Received,47
2022-03-08,Tomás Ruiz,Publicist,Received,258
2022-03-01,Tomás Ruiz,Publicist,Received,70
2022-03-26,Tomás Ruiz,Publicist,Received,18
2022-03-20,Tomás Ruiz,Publicist,Received,288
2022-03-07,Tomás Ruiz,Publicist,Received,41
2022-03-16,Tomás Ruiz,Publicist,Sent,75
2022-03-07,Tomás Ruiz,Publicist,Received,101
2022-03-19,Tomás Ruiz,Publicist,Received,656
2022-03-24,Tomás Ruiz,Publicist,Received,145
2022-03-17,Tomás Ruiz,Publicist,Received,228
2022-03-18,Tomás Ruiz,Publicist,Sent,179
2022-03-14,Tomás Ruiz,Publicist,Sent,101
2022-03-13,Tomás Ruiz,Publicist,Received,225
2022-03-16,Tomás Ruiz,Publicist,Sent,450
2022-03-05,Tomás Ruiz,Publicist,Sent,22
2022-04-30,Tomás Ruiz,Publicist,Sent,61
2022-04-04,Tomás Ruiz,Publicist,Received,322
2022-04-01,Tomás Ruiz,Publicist,Sent,7
2022-04-29,Tomás Ruiz,Publicist,Received,216
2022-04-28,Tomás Ruiz,Publicist,Sent,54
2022-04-13,Tomás Ruiz,Publicist,Received,9
2022-04-17,Tomás Ruiz,Publicist,Received,149
2022-04-03,Tomás Ruiz,Publicist,Sent,118
2022-04-30,Tomás Ruiz,Publicist,Sent,12
2022-04-02,Tomás Ruiz,Publicist,Received,28
2022-04-02,Tomás Ruiz,Publicist,Received,28
2022-04-06,Tomás Ruiz,Publicist,Received,3
2022-04-19,Tomás Ruiz,Publicist,Received,274
2022-04-29,Tomás Ruiz,Publicist,Received,160
2022-04-05,Tomás Ruiz,Publicist,Received,277
2022-04-18,Tomás Ruiz,Publicist,Sent,19
2022-04-15,Tomás Ruiz,Publicist,Received,258
2022-04-09,Tomás Ruiz,Publicist,Sent,407
2022-04-12,Tomás Ruiz,Publicist,Received,159
2022-04-21,Tomás Ruiz,Publicist,Received,86
2022-04-24,Tomás Ruiz,Publicist,Received,29
2022-04-11,Tomás Ruiz,Publicist,Sent,29
2022-04-13,Tomás Ruiz,Publicist,Received,25
2022-04-11,Tomás Ruiz,Publicist,Sent,7
2022-04-17,Tomás Ruiz,Publicist,Sent,170
2022-05-07,Tomás Ruiz,Publicist,Received,93
2022-05-09,Tomás Ruiz,Publicist,Sent,54
2022-05-11,Tomás Ruiz,Publicist,Received,12
2022-05-19,Tomás Ruiz,Publicist,Received,333
2022-05-30,Tomás Ruiz,Publicist,Received,150
2022-05-07,Tomás Ruiz,Publicist,Received,40
2022-05-16,Tomás Ruiz,Publicist,Sent,24
2022-05-12,Tomás Ruiz,Publicist,Sent,75
2022-05-04,Tomás Ruiz,Publicist,Sent,240
2022-05-12,Tomás Ruiz,Publicist,Sent,130
2022-05-29,Tomás Ruiz,Publicist,Received,162
2022-05-14,Tomás Ruiz,Publicist,Received,12
2022-05-15,Tomás Ruiz,Publicist,Sent,328
2022-05-02,Tomás Ruiz,Publicist,Sent,87
2022-05-30,Tomás Ruiz,Publicist,Received,60
2022-05-09,Tomás Ruiz,Publicist,Received,219
2022-05-19,Tomás Ruiz,Publicist,Received,155
2022-05-13,Tomás Ruiz,Publicist,Received,520
2022-05-07,Tomás Ruiz,Publicist,Sent,144
2022-05-17,Tomás Ruiz,Publicist,Received,62
2022-05-03,Tomás Ruiz,Publicist,Received,233
2022-05-31,Tomás Ruiz,Publicist,Sent,30
2022-05-01,Tomás Ruiz,Publicist,Sent,221
2022-05-14,Tomás Ruiz,Publicist,Sent,462
2022-06-03,Tomás Ruiz,Publicist,Received,86
2022-06-02,Tomás Ruiz,Publicist,Received,192
2022-06-23,Tomás Ruiz,Publicist,Received,33
2022-06-13,Tomás Ruiz,Publicist,Sent,345
2022-06-10,Tomás Ruiz,Publicist,Received,40
2022-06-13,Tomás Ruiz,Publicist,Received,22
2022-06-16,Tomás Ruiz,Publicist,Received,11
2022-06-12,Tomás Ruiz,Publicist,Received,22
2022-06-01,Tomás Ruiz,Publicist,Received,506
2022-06-09,Tomás Ruiz,Publicist,Received,168
2022-06-26,Tomás Ruiz,Publicist,Sent,57
2022-06-26,Tomás Ruiz,Publicist,Received,195
2022-06-27,Tomás Ruiz,Publicist,Received,34
2022-06-28,Tomás Ruiz,Publicist,Sent,663
2022-06-13,Tomás Ruiz,Publicist,Received,199
2022-06-26,Tomás Ruiz,Publicist,Received,83
2022-06-13,Tomás Ruiz,Publicist,Received,97
2022-06-14,Tomás Ruiz,Publicist,Received,103
2022-06-12,Tomás Ruiz,Publicist,Sent,8
2022-06-19,Tomás Ruiz,Publicist,Sent,23
2022-06-17,Tomás Ruiz,Publicist,Received,198
2022-06-05,Tomás Ruiz,Publicist,Received,31
2022-06-16,Tomás Ruiz,Publicist,Received,77
2022-06-16,Tomás Ruiz,Publicist,Received,126
2022-07-08,Tomás Ruiz,Publicist,Sent,18
2022-07-17,Tomás Ruiz,Publicist,Sent,406
2022-07-17,Tomás Ruiz,Publicist,Received,29
2022-07-10,Tomás Ruiz,Publicist,Sent,100
2022-07-11,Tomás Ruiz,Publicist,Sent,51
2022-07-24,Tomás Ruiz,Publicist,Sent,5
2022-07-29,Tomás Ruiz,Publicist,Received,57
2022-07-20,Tomás Ruiz,Publicist,Sent,253
2022-07-24,Tomás Ruiz,Publicist,Received,6
2022-07-06,Tomás Ruiz,Publicist,Received,17
2022-07-08,Tomás Ruiz,Publicist,Sent,95
2022-07-29,Tomás Ruiz,Publicist,Sent,19
2022-08-06,Tomás Ruiz,Publicist,Sent,827
2022-08-14,Tomás Ruiz,Publicist,Received,192
2022-08-20,Tomás Ruiz,Publicist,Received,113
2022-08-27,Tomás Ruiz,Publicist,Received,99
2022-08-29,Tomás Ruiz,Publicist,Received,207
2022-08-08,Tomás Ruiz,Publicist,Sent,73
2022-08-06,Tomás Ruiz,Publicist,Sent,30
2022-08-11,Tomás Ruiz,Publicist,Sent,48
2022-08-09,Tomás Ruiz,Publicist,Received,509
2022-08-25,Tomás Ruiz,Publicist,Received,120
2022-08-02,Tomás Ruiz,Publicist,Sent,19
2022-08-29,Tomás Ruiz,Publicist,Sent,157
2022-08-04,Tomás Ruiz,Publicist,Sent,31
2022-08-31,Tomás Ruiz,Publicist,Sent,229
2022-08-14,Tomás Ruiz,Publicist,Received,61
2022-08-22,Tomás Ruiz,Publicist,Received,78
2022-08-22,Tomás Ruiz,Publicist,Received,43
2022-08-17,Tomás Ruiz,Publicist,Sent,7
2022-08-12,Tomás Ruiz,Publicist,Received,215
2022-08-18,Tomás Ruiz,Publicist,Received,291
2022-08-11,Tomás Ruiz,Publicist,Sent,84
2022-08-18,Tomás Ruiz,Publicist,Received,73
2022-08-30,Tomás Ruiz,Publicist,Received,84
2022-08-01,Tomás Ruiz,Publicist,Sent,208
2022-08-19,Tomás Ruiz,Publicist,Sent,437
2022-08-09,Tomás Ruiz,Publicist,Received,247
2022-08-27,Tomás Ruiz,Publicist,Received,544
2022-08-21,Tomás Ruiz,Publicist,Received,31
2022-09-04,Tomás Ruiz,Publicist,Received,22
2022-09-14,Tomás Ruiz,Publicist,Sent,5
2022-09-08,Tomás Ruiz,Publicist,Sent,55
2022-09-20,Tomás Ruiz,Publicist,Sent,231
2022-09-20,Tomás Ruiz,Publicist,Sent,87
2022-09-09,Tomás Ruiz,Publicist,Received,30
2022-09-09,Tomás Ruiz,Publicist,Sent,268
2022-09-04,Tomás Ruiz,Publicist,Received,61
2022-09-03,Tomás Ruiz,Publicist,Received,215
2022-09-25,Tomás Ruiz,Publicist,Sent,118
2022-09-16,Tomás Ruiz,Publicist,Received,262
2022-09-09,Tomás Ruiz,Publicist,Sent,626
2022-09-30,Tomás Ruiz,Publicist,Received,25
2022-10-01,Tomás Ruiz,Publicist,Received,4
2022-10-24,Tomás Ruiz,Publicist,Received,12
2022-10-10,Tomás Ruiz,Publicist,Sent,61
2022-10-30,Tomás Ruiz,Publicist,Sent,117
2022-10-29,Tomás Ruiz,Publicist,Sent,36
2022-10-22,Tomás Ruiz,Publicist,Sent,94
2022-10-07,Tomás Ruiz,Publicist,Sent,194
2022-10-19,Tomás Ruiz,Publicist,Sent,27
2022-10-23,Tomás Ruiz,Publicist,Sent,124
2022-10-03,Tomás Ruiz,Publicist,Received,11
2022-10-06,Tomás Ruiz,Publicist,Received,41
2022-10-11,Tomás Ruiz,Publicist,Received,43
2022-10-13,Tomás Ruiz,Publicist,Received,81
2022-10-04,Tomás Ruiz,Publicist,Received,88
2022-10-30,Tomás Ruiz,Publicist,Received,36
2022-10-31,Tomás Ruiz,Publicist,Received,156
2022-10-09,Tomás Ruiz,Publicist,Sent,154
2022-10-14,Tomás Ruiz,Publicist,Received,3
2022-10-16,Tomás Ruiz,Publicist,Received,137
2022-11-18,Tomás Ruiz,Publicist,Received,25
2022-11-04,Tomás Ruiz,Publicist,Sent,97
2022-11-14,Tomás Ruiz,Publicist,Sent,187
2022-11-27,Tomás Ruiz,Publicist,Sent,55
2022-11-27,Tomás Ruiz,Publicist,Received,36
2022-11-10,Tomás Ruiz,Publicist,Received,355
2022-11-15,Tomás Ruiz,Publicist,Sent,151
2022-11-05,Tomás Ruiz,Publicist,Received,446
2022-11-13,Tomás Ruiz,Publicist,Sent,27
2022-11-15,Tomás Ruiz,Publicist,Sent,150
2022-11-15,Tomás Ruiz,Publicist,Received,169
2022-11-06,Tomás Ruiz,Publicist,Sent,105
2022-11-28,Tomás Ruiz,Publicist,Received,3
2022-11-24,Tomás Ruiz,Publicist,Received,46
2022-11-23,Tomás Ruiz,Publicist,Sent,36
2022-11-18,Tomás Ruiz,Publicist,Sent,194
2022-11-25,Tomás Ruiz,Publicist,Sent,64
2022-11-28,Tomás Ruiz,Publicist,Received,4
2022-11-12,Tomás Ruiz,Publicist,Sent,48
2022-11-09,Tomás Ruiz,Publicist,Received,3
2022-11-04,Tomás Ruiz,Publicist,Received,17
2022-11-24,Tomás Ruiz,Publicist,Received,56
2022-11-10,Tomás Ruiz,Publicist,Sent,125
2022-11-06,Tomás Ruiz,Publicist,Sent,275
2022-11-25,Tomás Ruiz,Publicist,Received,178
2022-11-29,Tomás Ruiz,Publicist,Received,138
2022-11-30,Tomás Ruiz,Publicist,Sent,10
2022-11-11,Tomás Ruiz,Publicist,Received,110
2022-11-17,Tomás Ruiz,Publicist,Sent,120
2022-11-23,Tomás Ruiz,Publicist,Sent,367
2022-11-25,Tomás Ruiz,Publicist,Received,288
2022-12-23,Tomás Ruiz,Publicist,Received,208
2022-12-03,Tomás Ruiz,Publicist,Sent,119
2022-12-12,Tomás Ruiz,Publicist,Sent,278
2022-12-27,Tomás Ruiz,Publicist,Sent,90
2022-12-24,Tomás Ruiz,Publicist,Received,61
2022-12-07,Tomás Ruiz,Publicist,Received,82
2022-12-17,Tomás Ruiz,Publicist,Received,3
2022-12-31,Tomás Ruiz,Publicist,Received,253
2022-12-24,Tomás Ruiz,Publicist,Received,48
2022-12-02,Tomás Ruiz,Publicist,Received,90
2022-12-16,Tomás Ruiz,Publicist,Received,80
2022-12-19,Tomás Ruiz,Publicist,Sent,231
2022-12-15,Tomás Ruiz,Publicist,Received,44
2022-12-22,Tomás Ruiz,Publicist,Received,50
2022-12-05,Tomás Ruiz,Publicist,Received,11
2022-12-25,Tomás Ruiz,Publicist,Sent,144
2022-12-03,Tomás Ruiz,Publicist,Sent,58
2022-12-22,Tomás Ruiz,Publicist,Received,400
2022-12-18,Tomás Ruiz,Publicist,Received,319
2023-03-02,Tomás Ruiz,Publicist,Received,102
2023-03-14,Tomás Ruiz,Publicist,Received,72
2023-03-19,Tomás Ruiz,Publicist,Received,61
2023-03-15,Tomás Ruiz,Publicist,Received,291
2023-03-30,Tomás Ruiz,Publicist,Sent,7
2023-03-15,Tomás Ruiz,Publicist,Sent,9
2023-03-19,Tomás Ruiz,Publicist,Sent,26
2023-03-09,Tomás Ruiz,Publicist,Received,80
2023-03-11,Tomás Ruiz,Publicist,Sent,6
2023-03-08,Tomás Ruiz,Publicist,Sent,46
2023-03-26,Tomás Ruiz,Publicist,Sent,176
2023-03-14,Tomás Ruiz,Publicist,Received,7
2023-03-08,Tomás Ruiz,Publicist,Sent,26
2023-03-14,Tomás Ruiz,Publicist,Received,74
2023-03-30,Tomás Ruiz,Publicist,Received,157
2023-03-14,Tomás Ruiz,Publicist,Sent,43
2023-03-23,Tomás Ruiz,Publicist,Received,65
2023-03-10,Tomás Ruiz,Publicist,Received,12
2023-03-23,Tomás Ruiz,Publicist,Sent,17
2023-03-06,Tomás Ruiz,Publicist,Received,25
2023-03-17,Tomás Ruiz,Publicist,Received,92
2023-03-09,Tomás Ruiz,Publicist,Received,154
2023-03-31,Tomás Ruiz,Publicist,Received,3
2023-04-08,Tomás Ruiz,Publicist,Received,6
2023-04-11,Tomás Ruiz,Publicist,Received,71
2023-04-02,Tomás Ruiz,Publicist,Sent,347
2023-04-15,Tomás Ruiz,Publicist,Sent,157
2023-04-16,Tomás Ruiz,Publicist,Sent,41
2023-04-05,Tomás Ruiz,Publicist,Received,30
2023-04-07,Tomás Ruiz,Publicist,Received,38
2023-04-29,Tomás Ruiz,Publicist,Received,14
2023-04-15,Tomás Ruiz,Publicist,Received,97
2023-04-05,Tomás Ruiz,Publicist,Received,40
2023-04-01,Tomás Ruiz,Publicist,Received,203
2023-04-24,Tomás Ruiz,Publicist,Received,142
2023-04-29,Tomás Ruiz,Publicist,Sent,4
2023-04-01,Tomás Ruiz,Publicist,Sent,138
2023-04-16,Tomás Ruiz,Publicist,Received,56
2023-04-01,Tomás Ruiz,Publicist,Sent,283
2023-05-15,Tomás Ruiz,Publicist,Sent,101
2023-05-02,Tomás Ruiz,Publicist,Received,225
2023-05-27,Tomás Ruiz,Publicist,Received,7
2023-05-11,Tomás Ruiz,Publicist,Sent,32
2023-05-01,Tomás Ruiz,Publicist,Sent,68
2023-05-24,Tomás Ruiz,Publicist,Sent,100
2023-05-21,Tomás Ruiz,Publicist,Sent,62
2023-05-30,Tomás Ruiz,Publicist,Received,23
2023-05-25,Tomás Ruiz,Publicist,Sent,6
2023-05-14,Tomás Ruiz,Publicist,Sent,253
2023-05-30,Tomás Ruiz,Publicist,Received,3
2023-05-04,Tomás Ruiz,Publicist,Received,370
2023-05-14,Tomás Ruiz,Publicist,Received,187
2023-05-26,Tomás Ruiz,Publicist,Received,22
2023-05-18,Tomás Ruiz,Publicist,Received,55
2023-05-24,Tomás Ruiz,Publicist,Sent,36
2023-05-06,Tomás Ruiz,Publicist,Sent,98
2023-05-20,Tomás Ruiz,Publicist,Received,58
2023-05-29,Tomás Ruiz,Publicist,Sent,159
2023-05-23,Tomás Ruiz,Publicist,Received,325
2023-05-08,Tomás Ruiz,Publicist,Sent,170
2023-05-29,Tomás Ruiz,Publicist,Sent,124
2023-05-05,Tomás Ruiz,Publicist,Sent,178
2023-05-26,Tomás Ruiz,Publicist,Sent,27
2023-05-19,Tomás Ruiz,Publicist,Sent,40
2023-05-20,Tomás Ruiz,Publicist,Sent,499
2023-05-15,Tomás Ruiz,Publicist,Received,58
2023-06-17,Tomás Ruiz,Publicist,Received,174
2023-06-13,Tomás Ruiz,Publicist,Sent,79
2023-06-28,Tomás Ruiz,Publicist,Received,24
2023-06-05,Tomás Ruiz,Publicist,Sent,82
2023-06-16,Tomás Ruiz,Publicist,Sent,286
2023-06-08,Tomás Ruiz,Publicist,Sent,29
2023-06-28,Tomás Ruiz,Publicist,Received,476
2023-06-30,Tomás Ruiz,Publicist,Sent,83
2023-06-04,Tomás Ruiz,Publicist,Sent,55
2023-06-07,Tomás Ruiz,Publicist,Received,167
2023-06-02,Tomás Ruiz,Publicist,Sent,100
2023-06-29,Tomás Ruiz,Publicist,Sent,182
2023-06-13,Tomás Ruiz,Publicist,Sent,13
2023-06-16,Tomás Ruiz,Publicist,Sent,60
2023-06-22,Tomás Ruiz,Publicist,Received,44
2023-06-01,Tomás Ruiz,Publicist,Received,50
2023-06-10,Tomás Ruiz,Publicist,Received,66
2023-06-04,Tomás Ruiz,Publicist,Sent,21
2023-06-29,Tomás Ruiz,Publicist,Received,291
2023-06-21,Tomás Ruiz,Publicist,Sent,307
2023-06-08,Tomás Ruiz,Publicist,Received,24
2023-06-18,Tomás Ruiz,Publicist,Sent,309
2023-06-11,Tomás Ruiz,Publicist,Sent,49
2023-06-05,Tomás Ruiz,Publicist,Sent,52
2023-06-02,Tomás Ruiz,Publicist,Sent,55
2023-06-05,Tomás Ruiz,Publicist,Sent,60
2023-06-02,Tomás Ruiz,Publicist,Sent,181
2023-06-01,Tomás Ruiz,Publicist,Received,42
2023-07-09,Tomás Ruiz,Publicist,Sent,53
2023-07-22,Tomás Ruiz,Publicist,Received,132
2023-07-12,Tomás Ruiz,Publicist,Sent,122
2023-07-03,Tomás Ruiz,Publicist,Sent,80
2023-07-23,Tomás Ruiz,Publicist,Received,41
2023-07-28,Tomás Ruiz,Publicist,Sent,117
2023-07-04,Tomás Ruiz,Publicist,Sent,577
2023-07-28,Tomás Ruiz,Publicist,Received,89
2023-07-05,Tomás Ruiz,Publicist,Sent,16
2023-07-06,Tomás Ruiz,Publicist,Sent,16
2023-07-25,Tomás Ruiz,Publicist,Sent,32
2023-07-17,Tomás Ruiz,Publicist,Received,3
2023-07-05,Tomás Ruiz,Publicist,Received,263
2023-07-26,Tomás Ruiz,Publicist,Sent,540
2023-07-15,Tomás Ruiz,Publicist,Sent,4
2023-07-12,Tomás Ruiz,Publicist,Received,298
2023-07-13,Tomás Ruiz,Publicist,Received,108
2023-07-20,Tomás Ruiz,Publicist,Sent,8
2023-07-05,Tomás Ruiz,Publicist,Received,127
2023-07-27,Tomás Ruiz,Publicist,Sent,117
2023-07-25,Tomás Ruiz,Publicist,Sent,100
2023-07-17,Tomás Ruiz,Publicist,Sent,21
2023-07-01,Tomás Ruiz,Publicist,Received,215
2023-09-22,Tomás Ruiz,Publicist,Received,231
2023-09-28,Tomás Ruiz,Publicist,Received,179
2023-09-30,Tomás Ruiz,Publicist,Received,52
2023-09-04,Tomás Ruiz,Publicist,Sent,35
2023-09-24,Tomás Ruiz,Publicist,Sent,28
2023-09-02,Tomás Ruiz,Publicist,Sent,169
2023-09-08,Tomás Ruiz,Publicist,Received,41
2023-09-28,Tomás Ruiz,Publicist,Received,87
2023-09-17,Tomás Ruiz,Publicist,Received,7
2023-09-29,Tomás Ruiz,Publicist,Received,419
2023-09-05,Tomás Ruiz,Publicist,Received,3
2023-09-13,Tomás Ruiz,Publicist,Sent,347
2023-10-09,Tomás Ruiz,Publicist,Sent,53
2023-10-23,Tomás Ruiz,Publicist,Sent,89
2023-10-12,Tomás Ruiz,Publicist,Sent,195
2023-10-06,Tomás Ruiz,Publicist,Sent,343
2023-10-24,Tomás Ruiz,Publicist,Sent,165
2023-10-15,Tomás Ruiz,Publicist,Sent,47
2023-10-12,Tomás Ruiz,Publicist,Sent,262
2023-10-21,Tomás Ruiz,Publicist,Received,97
2023-10-23,Tomás Ruiz,Publicist,Sent,39
2023-10-01,Tomás Ruiz,Publicist,Received,24
2023-10-18,Tomás Ruiz,Publicist,Received,146
2023-11-13,Tomás Ruiz,Publicist,Sent,61
2023-11-29,Tomás Ruiz,Publicist,Sent,127
2023-11-07,Tomás Ruiz,Publicist,Sent,116
2023-11-01,Tomás Ruiz,Publicist,Sent,140
2023-11-13,Tomás Ruiz,Publicist,Sent,40
2023-11-13,Tomás Ruiz,Publicist,Sent,91
2023-11-22,Tomás Ruiz,Publicist,Received,106
2023-11-08,Tomás Ruiz,Publicist,Received,77
2023-11-04,Tomás Ruiz,Publicist,Received,57
2023-11-29,Tomás Ruiz,Publicist,Sent,414
2023-11-26,Tomás Ruiz,Publicist,Received,116
2023-12-22,Tomás Ruiz,Publicist,Received,30
2023-12-03,Tomás Ruiz,Publicist,Received,47
2023-12-11,Tomás Ruiz,Publicist,Received,550
2023-12-15,Tomás Ruiz,Publicist,Received,357
2023-12-27,Tomás Ruiz,Publicist,Sent,171
2023-12-05,Tomás Ruiz,Publicist,Sent,28
2023-12-26,Tomás Ruiz,Publicist,Sent,209
2023-12-17,Tomás Ruiz,Publicist,Received,87
2024-01-08,Tomás Ruiz,Publicist,Received,120
2024-01-10,Tomás Ruiz,Publicist,Sent,81
2024-01-22,Tomás Ruiz,Publicist,Received,163
2024-01-15,Tomás Ruiz,Publicist,Received,280
2024-01-02,Tomás Ruiz,Publicist,Sent,58
2024-01-18,Tomás Ruiz,Publicist,Received,185
2024-01-05,Tomás Ruiz,Publicist,Sent,4
2024-01-20,Tomás Ruiz,Publicist,Received,25
2024-01-27,Tomás Ruiz,Publicist,Received,219
2024-01-16,Tomás Ruiz,Publicist,Received,22
2024-01-22,Tomás Ruiz,Publicist,Sent,48
2024-02-23,Tomás Ruiz,Publicist,Sent,95
2024-02-22,Tomás Ruiz,Publicist,Received,25
2024-02-17,Tomás Ruiz,Publicist,Received,42
2024-02-12,Tomás Ruiz,Publicist,Received,216
2024-02-22,Tomás Ruiz,Publicist,Sent,626
2024-02-02,Tomás Ruiz,Publicist,Sent,84
2024-02-01,Tomás Ruiz,Publicist,Received,124
2024-02-20,Tomás Ruiz,Publicist,Sent,20
2024-02-16,Tomás Ruiz,Publicist,Received,353
2024-02-27,Tomás Ruiz,Publicist,Sent,121
2024-02-04,Tomás Ruiz,Publicist,Received,33
2024-02-27,Tomás Ruiz,Publicist,Received,39
2024-02-21,Tomás Ruiz,Publicist,Sent,133
2024-02-19,Tomás Ruiz,Publicist,Sent,105
2024-02-15,Tomás Ruiz,Publicist,Received,39
2024-02-19,Tomás Ruiz,Publicist,Sent,8
2024-02-13,Tomás Ruiz,Publicist,Received,108
2024-02-15,Tomás Ruiz,Publicist,Received,114
2024-02-06,Tomás Ruiz,Publicist,Received,15
2024-02-01,Tomás Ruiz,Publicist,Sent,206
2024-02-26,Tomás Ruiz,Publicist,Sent,120
2024-03-01,Tomás Ruiz,Publicist,Sent,67
2024-03-04,Tomás Ruiz,Publicist,Received,31
2024-03-10,Tomás Ruiz,Publicist,Sent,80
2024-03-15,Tomás Ruiz,Publicist,Received,16
2024-03-21,Tomás Ruiz,Publicist,Sent,26
2024-03-01,Tomás Ruiz,Publicist,Received,303
2024-03-14,Tomás Ruiz,Publicist,Received,42
2024-03-22,Tomás Ruiz,Publicist,Sent,10
2024-03-19,Tomás Ruiz,Publicist,Sent,34
2024-03-15,Tomás Ruiz,Publicist,Sent,99
2024-03-30,Tomás Ruiz,Publicist,Received,191
2024-03-08,Tomás Ruiz,Publicist,Sent,180
2024-03-23,Tomás Ruiz,Publicist,Received,194
2024-03-21,Tomás Ruiz,Publicist,Received,28
2024-04-11,Tomás Ruiz,Publicist,Received,74
2024-04-16,Tomás Ruiz,Publicist,Received,82
2024-04-26,Tomás Ruiz,Publicist,Received,21
2024-04-05,Tomás Ruiz,Publicist,Sent,352
2024-04-27,Tomás Ruiz,Publicist,Sent,22
2024-04-11,Tomás Ruiz,Publicist,Sent,140
2024-04-01,Tomás Ruiz,Publicist,Sent,133
2024-04-15,Tomás Ruiz,Publicist,Received,110
2024-04-29,Tomás Ruiz,Publicist,Sent,70
2024-04-13,Tomás Ruiz,Publicist,Sent,141
2024-04-22,Tomás Ruiz,Publicist,Received,225
2024-04-14,Tomás Ruiz,Publicist,Received,69
2024-06-29,Tomás Ruiz,Publicist,Received,366
2024-06-23,Tomás Ruiz,Publicist,Sent,195
2024-06-02,Tomás Ruiz,Publicist,Received,93
2024-06-19,Tomás Ruiz,Publicist,Sent,231
2024-06-22,Tomás Ruiz,Publicist,Sent,87
2024-06-17,Tomás Ruiz,Publicist,Sent,7
2024-06-06,Tomás Ruiz,Publicist,Received,3
2024-06-13,Tomás Ruiz,Publicist,Sent,122
2024-07-22,Tomás Ruiz,Publicist,Sent,412
2024-07-27,Tomás Ruiz,Publicist,Sent,161
2024-07-26,Tomás Ruiz,Publicist,Sent,176
2024-07-05,Tomás Ruiz,Publicist,Received,141
2024-07-10,Tomás Ruiz,Publicist,Received,33
2024-07-15,Tomás Ruiz,Publicist,Received,691
2024-07-31,Tomás Ruiz,Publicist,Sent,85
2024-07-19,Tomás Ruiz,Publicist,Sent,60
2024-09-20,Tomás Ruiz,Publicist,Received,237
2024-09-07,Tomás Ruiz,Publicist,Received,56
2024-09-09,Tomás Ruiz,Publicist,Received,64
2024-09-10,Tomás Ruiz,Publicist,Received,155
2024-09-24,Tomás Ruiz,Publicist,Sent,515
2024-09-22,Tomás Ruiz,Publicist,Received,50
2024-09-11,Tomás Ruiz,Publicist,Sent,113
2024-09-30,Tomás Ruiz,Publicist,Sent,253
2024-09-24,Tomás Ruiz,Publicist,Received,11
2024-09-19,Tomás Ruiz,Publicist,Sent,243
2024-09-13,Tomás Ruiz,Publicist,Sent,63
2024-09-13,Tomás Ruiz,Publicist,Sent,52
2024-10-10,Tomás Ruiz,Publicist,Received,532
2024-10-13,Tomás Ruiz,Publicist,Received,157
2024-10-26,Tomás Ruiz,Publicist,Sent,78
2024-10-03,Tomás Ruiz,Publicist,Sent,108
2024-10-04,Tomás Ruiz,Publicist,Sent,60
2024-10-23,Tomás Ruiz,Publicist,Received,55
2024-10-04,Tomás Ruiz,Publicist,Received,18
2024-10-16,Tomás Ruiz,Publicist,Sent,7
2024-11-30,Tomás Ruiz,Publicist,Sent,58
2024-11-30,Tomás Ruiz,Publicist,Received,9
2024-11-06,Tomás Ruiz,Publicist,Received,175
2024-11-04,Tomás Ruiz,Publicist,Received,19
2024-11-04,Tomás Ruiz,Publicist,Sent,230
2024-11-17,Tomás Ruiz,Publicist,Received,38
2024-11-03,Tomás Ruiz,Publicist,Received,112
2024-11-29,Tomás Ruiz,Publicist,Received,91
2024-11-04,Tomás Ruiz,Publicist,Received,31
2024-12-08,Tomás Ruiz,Publicist,Sent,30
2024-12-08,Tomás Ruiz,Publicist,Received,102
2024-12-30,Tomás Ruiz,Publicist,Sent,36
2024-12-10,Tomás Ruiz,Publicist,Sent,11
2024-12-06,Tomás Ruiz,Publicist,Sent,13
2024-12-24,Tomás Ruiz,Publicist,Received,116
2024-12-02,Tomás Ruiz,Publicist,Received,58
2021-02-25,Hana Sato,Architect,Sent,164
2021-02-21,Hana Sato,Architect,Sent,221
2021-02-16,Hana Sato,Architect,Received,417
2021-02-23,Hana Sato,Architect,Received,97
2021-02-25,Hana Sato,Architect,Sent,55
2021-02-13,Hana Sato,Architect,Sent,33
2021-02-01,Hana Sato,Architect,Sent,166
2021-02-11,Hana Sato,Architect,Sent,36
2021-02-23,Hana Sato,Architect,Received,159
2021-03-15,Hana Sato,Architect,Sent,65
2021-03-08,Hana Sato,Architect,Received,5
2021-03-31,Hana Sato,Architect,Sent,61
2021-03-03,Hana Sato,Architect,Received,523
2021-03-30,Hana Sato,Architect,Sent,163
2021-03-19,Hana Sato,Architect,Received,36
2021-04-02,Hana Sato,Architect,Received,45
2021-04-06,Hana Sato,Architect,Received,65
2021-04-02,Hana Sato,Architect,Received,61
2021-04-23,Hana Sato,Architect,Sent,71
2021-04-14,Hana Sato,Architect,Sent,75
2021-04-20,Hana Sato,Architect,Sent,50
2021-05-19,Hana Sato,Architect,Received,13
2021-05-20,Hana Sato,Architect,Received,28
2021-05-13,Hana Sato,Architect,Received,15
2021-05-31,Hana Sato,Architect,Sent,162
2021-05-31,Hana Sato,Architect,Received,88
2021-05-26,Hana Sato,Architect,Sent,41
2021-05-20,Hana Sato,Architect,Sent,87
2021-05-12,Hana Sato,Architect,Received,88
2021-05-30,Hana Sato,Architect,Received,175
2021-05-08,Hana Sato,Architect,Sent,205
2021-05-28,Hana Sato,Architect,Received,234
2021-05-26,Hana Sato,Architect,Sent,190
2021-06-23,Hana Sato,Architect,Sent,13
2021-06-18,Hana Sato,Architect,Received,76
2021-06-21,Hana Sato,Architect,Sent,585
2021-06-02,Hana Sato,Architect,Sent,3
2021-06-01,Hana Sato,Architect,Sent,11
2021-06-18,Hana Sato,Architect,Sent,36
2021-06-10,Hana Sato,Architect,Sent,108
2021-06-06,Hana Sato,Architect,Sent,105
2021-07-09,Hana Sato,Architect,Sent,166
2021-07-21,Hana Sato,Architect,Sent,138
2021-07-12,Hana Sato,Architect,Sent,33
2021-07-13,Hana Sato,Architect,Sent,91
2021-07-21,Hana Sato,Architect,Sent,131
2021-07-27,Hana Sato,Architect,Sent,277
2021-07-26,Hana Sato,Architect,Sent,52
2021-07-21,Hana Sato,Architect,Sent,229
2021-07-17,Hana Sato,Architect,Sent,35
2021-07-20,Hana Sato,Architect,Sent,286
2021-07-07,Hana Sato,Architect,Sent,132
2021-09-11,Hana Sato,Architect,Received,61
2021-09-28,Hana Sato,Architect,Sent,51
2021-09-12,Hana Sato,Architect,Received,55
2021-09-03,Hana Sato,Architect,Sent,18
2021-09-10,Hana Sato,Architect,Sent,28
2021-09-17,Hana Sato,Architect,Sent,323
2021-09-07,Hana Sato,Architect,Sent,30
2021-09-28,Hana Sato,Architect,Sent,105
2021-09-18,Hana Sato,Architect,Sent,167
2021-09-19,Hana Sato,Architect,Sent,20
2021-09-19,Hana Sato,Architect,Sent,38
2021-09-10,Hana Sato,Architect,Received,80
2021-09-17,Hana Sato,Architect,Sent,29
2021-09-11,Hana Sato,Architect,Sent,49
2021-09-30,Hana Sato,Architect,Received,56
2021-09-13,Hana Sato,Architect,Sent,194
2021-09-27,Hana Sato,Architect,Sent,37
2021-09-16,Hana Sato,Architect,Sent,22
2021-09-08,Hana Sato,Architect,Received,37
2021-09-19,Hana Sato,Architect,Received,48
2021-09-17,Hana Sato,Architect,Sent,81
2021-09-22,Hana Sato,Architect,Received,25
2021-09-29,Hana Sato,Architect,Sent,160
2021-10-13,Hana Sato,Architect,Sent,8
2021-10-04,Hana Sato,Architect,Received,92
2021-10-13,Hana Sato,Architect,Received,76
2021-10-03,Hana Sato,Architect,Sent,3
2021-10-02,Hana Sato,Architect,Received,62
2021-10-22,Hana Sato,Architect,Received,102
2021-10-02,Hana Sato,Architect,Sent,41
2021-10-18,Hana Sato,Architect,Received,126
2021-10-29,Hana Sato,Architect,Sent,174
2021-10-17,Hana Sato,Architect,Received,213
2021-10-22,Hana Sato,Architect,Received,15
2021-10-11,Hana Sato,Architect,Sent,269
2021-10-24,Hana Sato,Architect,Sent,135
2021-11-12,Hana Sato,Architect,Sent,14
2021-11-21,Hana Sato,Architect,Sent,21
2021-11-05,Hana Sato,Architect,Received,51
2021-11-06,Hana Sato,Architect,Sent,61
2021-11-08,Hana Sato,Architect,Sent,90
2021-11-11,Hana Sato,Architect,Received,167
2021-11-22,Hana Sato,Architect,Sent,165
2021-11-03,Hana Sato,Architect,Received,69
2021-11-10,Hana Sato,Architect,Received,14
2021-11-06,Hana Sato,Architect,Received,37
2021-11-06,Hana Sato,Architect,Received,144
2021-12-09,Hana Sato,Architect,Received,148
2021-12-26,Hana Sato,Architect,Sent,201
2021-12-17,Hana Sato,Architect,Sent,75
2021-12-13,Hana Sato,Architect,Sent,251
2021-12-31,Hana Sato,Architect,Received,529
2021-12-01,Hana Sato,Architect,Sent,229
2021-12-12,Hana Sato,Architect,Sent,132
2021-12-09,Hana Sato,Architect,Sent,9
2021-12-16,Hana Sato,Architect,Received,136
2021-12-05,Hana Sato,Architect,Sent,13
2021-12-10,Hana Sato,Architect,Received,98
2021-12-25,Hana Sato,Architect,Sent,38
2021-12-07,Hana Sato,Architect,Received,134
2021-12-30,Hana Sato,Architect,Received,7
2022-01-20,Hana Sato,Architect,Sent,79
2022-01-25,Hana Sato,Architect,Sent,228
2022-01-16,Hana Sato,Architect,Sent,10
2022-01-20,Hana Sato,Architect,Received,94
2022-01-03,Hana Sato,Architect,Received,79
2022-01-24,Hana Sato,Architect,Received,48
2022-01-16,Hana Sato,Architect,Sent,262
2022-01-03,Hana Sato,Architect,Sent,452
2022-01-06,Hana Sato,Architect,Sent,29
2022-01-09,Hana Sato,Architect,Sent,216
2022-01-14,Hana Sato,Architect,Received,224
2022-01-21,Hana Sato,Architect,Sent,3
2022-01-30,Hana Sato,Architect,Sent,48
2022-01-03,Hana Sato,Architect,Received,400
2022-01-13,Hana Sato,Architect,Sent,38
2022-01-23,Hana Sato,Architect,Sent,87
2022-01-01,Hana Sato,Architect,Sent,159
2022-01-31,Hana Sato,Architect,Sent,69
2022-01-31,Hana Sato,Architect,Sent,445
2022-01-27,Hana Sato,Architect,Received,229
2022-01-20,Hana Sato,Architect,Sent,10
2022-01-19,Hana Sato,Architect,Received,29
2022-01-10,Hana Sato,Architect,Received,48
2022-01-31,Hana Sato,Architect,Sent,183
2022-01-27,Hana Sato,Architect,Sent,258
2022-04-06,Hana Sato,Architect,Received,174
2022-04-23,Hana Sato,Architect,Sent,89
2022-04-27,Hana Sato,Architect,Received,144
2022-04-23,Hana Sato,Architect,Received,69
2022-04-23,Hana Sato,Architect,Sent,101
2022-04-30,Hana Sato,Architect,Received,5
2022-04-30,Hana Sato,Architect,Sent,121
2022-04-23,Hana Sato,Architect,Received,28
2022-04-03,Hana Sato,Architect,Sent,83
2022-04-06,Hana Sato,Architect,Sent,32
2022-04-30,Hana Sato,Architect,Received,114
2022-04-08,Hana Sato,Architect,Sent,198
2022-04-15,Hana Sato,Architect,Sent,80
2022-04-02,Hana Sato,Architect,Received,55
2022-04-27,Hana Sato,Architect,Sent,86
2022-04-28,Hana Sato,Architect,Sent,112
2022-04-21,Hana Sato,Architect,Sent,168
2022-04-26,Hana Sato,Architect,Sent,277
2022-04-01,Hana Sato,Architect,Received,115
2022-04-17,Hana Sato,Architect,Sent,99
2022-04-29,Hana Sato,Architect,Received,53
2022-04-15,Hana Sato,Architect,Sent,60
2022-04-08,Hana Sato,Architect,Received,348
2022-04-26,Hana Sato,Architect,Received,35
2022-05-28,Hana Sato,Architect,Sent,195
2022-05-07,Hana Sato,Architect,Sent,158
2022-05-07,Hana Sato,Architect,Received,241
2022-05-16,Hana Sato,Architect,Sent,60
2022-05-26,Hana Sato,Architect,Sent,24
2022-05-09,Hana Sato,Architect,Sent,30
2022-05-21,Hana Sato,Architect,Received,89
2022-05-05,Hana Sato,Architect,Sent,341
2022-05-05,Hana Sato,Architect,Sent,33
2022-05-22,Hana Sato,Architect,Received,82
2022-05-09,Hana Sato,Architect,Sent,116
2022-06-08,Hana Sato,Architect,Received,101
2022-06-30,Hana Sato,Architect,Received,374
2022-06-13,Hana Sato,Architect,Sent,262
2022-06-08,Hana Sato,Architect,Sent,89
2022-06-07,Hana Sato,Architect,Received,128
2022-06-04,Hana Sato,Architect,Sent,254
2022-06-29,Hana Sato,Architect,Sent,77
2022-06-12,Hana Sato,Architect,Sent,13
2022-06-11,Hana Sato,Architect,Sent,226
2022-06-06,Hana Sato,Architect,Sent,28
2022-06-07,Hana Sato,Architect,Sent,73
2022-06-16,Hana Sato,Architect,Received,22
2022-06-07,Hana Sato,Architect,Sent,165
2022-06-20,Hana Sato,Architect,Received,46
2022-06-29,Hana Sato,Architect,Received,4
2022-06-24,Hana Sato,Architect,Received,332
2022-06-18,Hana Sato,Architect,Received,48
2022-06-13,Hana Sato,Architect,Sent,43
2022-06-30,Hana Sato,Architect,Received,127
2022-06-07,Hana Sato,Architect,Sent,746
2022-06-24,Hana Sato,Architect,Received,55
2022-06-02,Hana Sato,Architect,Received,247
2022-06-01,Hana Sato,Architect,Sent,292
2022-06-24,Hana Sato,Architect,Received,79
2022-06-03,Hana Sato,Architect,Sent,48
2022-06-24,Hana Sato,Architect,Sent,291
2022-06-14,Hana Sato,Architect,Sent,78
2022-06-01,Hana Sato,Architect,Sent,87
2022-06-30,Hana Sato,Architect,Sent,136
2022-06-08,Hana Sato,Architect,Sent,67
2022-06-12,Hana Sato,Architect,Sent,104
2022-06-19,Hana Sato,Architect,Received,77
2022-06-08,Hana Sato,Architect,Sent,424
2022-06-05,Hana Sato,Architect,Sent,22
2022-06-03,Hana Sato,Architect,Received,88
2022-06-19,Hana Sato,Architect,Received,243
2022-06-10,Hana Sato,Architect,Sent,9
2022-06-30,Hana Sato,Architect,Received,207
2022-06-06,Hana Sato,Architect,Received,7
2022-06-22,Hana Sato,Architect,Received,200
2022-06-03,Hana Sato,Architect,Sent,56
2022-06-30,Hana Sato,Architect,Received,14
2022-06-10,Hana Sato,Architect,Sent,41
2022-06-22,Hana Sato,Architect,Sent,90
2022-06-18,Hana Sato,Architect,Sent,3
2022-06-11,Hana Sato,Architect,Sent,68
2022-06-27,Hana Sato,Architect,Sent,7
2022-06-22,Hana Sato,Architect,Sent,198
2022-06-13,Hana Sato,Architect,Sent,184
2022-06-30,Hana Sato,Architect,Received,4
2022-06-10,Hana Sato,Architect,Sent,65
2022-06-22,Hana Sato,Architect,Sent,116
2022-06-19,Hana Sato,Architect,Received,20
2022-06-25,Hana Sato,Architect,Sent,77
2022-06-12,Hana Sato,Architect,Received,264
2022-06-28,Hana Sato,Architect,Received,53
2022-06-11,Hana Sato,Architect,Received,80
2022-06-26,Hana Sato,Architect,Received,185
2022-06-23,Hana Sato,Architect,Sent,21
2022-06-26,Hana Sato,Architect,Sent,57
2022-06-10,Hana Sato,Architect,Received,321
2022-06-22,Hana Sato,Architect,Received,19
2022-06-28,Hana Sato,Architect,Received,20
2022-06-05,Hana Sato,Architect,Sent,35
2022-06-11,Hana Sato,Architect,Received,19
2022-06-29,Hana Sato,Architect,Received,58
2022-06-18,Hana Sato,Architect,Received,211
2022-06-16,Hana Sato,Architect,Received,67
2022-06-06,Hana Sato,Architect,Sent,132
2022-06-12,Hana Sato,Architect,Sent,330
2022-06-06,Hana Sato,Architect,Sent,141
2022-06-05,Hana Sato,Architect,Sent,7
2022-06-30,Hana Sato,Architect,Received,125
2022-06-23,Hana Sato,Architect,Received,153
2022-06-09,Hana Sato,Architect,Sent,716
2022-06-11,Hana Sato,Architect,Sent,11
2022-06-08,Hana Sato,Architect,Sent,380
2022-09-27,Hana Sato,Architect,Received,65
2022-09-20,Hana Sato,Architect,Received,418
2022-09-03,Hana Sato,Architect,Sent,28
2022-09-14,Hana Sato,Architect,Sent,183
2022-09-26,Hana Sato,Architect,Sent,130
2022-09-14,Hana Sato,Architect,Sent,23
2022-09-03,Hana Sato,Architect,Sent,3
2022-09-05,Hana Sato,Architect,Sent,5
2022-09-18,Hana Sato,Architect,Sent,25
2022-09-18,Hana Sato,Architect,Sent,165
2022-09-15,Hana Sato,Architect,Sent,83
2022-09-09,Hana Sato,Architect,Sent,256
2022-09-15,Hana Sato,Architect,Sent,279
2022-09-14,Hana Sato,Architect,Sent,270
2022-09-25,Hana Sato,Architect,Received,3
2022-09-22,Hana Sato,Architect,Sent,141
2022-09-19,Hana Sato,Architect,Sent,50
2022-09-21,Hana Sato,Architect,Received,3
2022-09-18,Hana Sato,Architect,Sent,3
2022-10-28,Hana Sato,Architect,Sent,111
2022-10-16,Hana Sato,Architect,Received,29
2022-10-23,Hana Sato,Architect,Sent,194
2022-10-27,Hana Sato,Architect,Received,108
2022-10-18,Hana Sato,Architect,Received,208
2022-10-10,Hana Sato,Architect,Received,27
2022-10-28,Hana Sato,Architect,Sent,183
2022-10-05,Hana Sato,Architect,Sent,148
2022-10-11,Hana Sato,Architect,Sent,74
2022-10-11,Hana Sato,Architect,Received,73
2022-10-24,Hana Sato,Architect,Sent,150
2022-10-26,Hana Sato,Architect,Sent,255
2022-10-12,Hana Sato,Architect,Received,99
2022-10-05,Hana Sato,Architect,Sent,134
2022-10-09,Hana Sato,Architect,Received,260
2022-10-05,Hana Sato,Architect,Received,46
2022-10-15,Hana Sato,Architect,Sent,271
2022-10-23,Hana Sato,Architect,Sent,4
2022-10-13,Hana Sato,Architect,Sent,87
2022-10-01,Hana Sato,Architect,Sent,3
2022-10-22,Hana Sato,Architect,Received,57
2022-10-09,Hana Sato,Architect,Sent,88
2022-10-04,Hana Sato,Architect,Sent,210
2022-10-15,Hana Sato,Architect,Sent,45
2022-10-25,Hana Sato,Architect,Sent,72
2022-10-24,Hana Sato,Architect,Received,17
2022-10-19,Hana Sato,Architect,Sent,131
2022-10-03,Hana Sato,Architect,Received,6
2022-10-11,Hana Sato,Architect,Sent,6
2022-11-03,Hana Sato,Architect,Sent,3
2022-11-14,Hana Sato,Architect,Sent,136
2022-11-30,Hana Sato,Architect,Received,98
2022-11-21,Hana Sato,Architect,Received,399
2022-11-15,Hana Sato,Architect,Received,93
2022-11-28,Hana Sato,Architect,Received,8
2022-11-01,Hana Sato,Architect,Sent,8
2022-11-28,Hana Sato,Architect,Sent,79
2022-11-01,Hana Sato,Architect,Received,43
2022-11-19,Hana Sato,Architect,Received,287
2022-11-24,Hana Sato,Architect,Sent,140
2022-11-05,Hana Sato,Architect,Received,73
2022-11-10,Hana Sato,Architect,Sent,154
2022-11-09,Hana Sato,Architect,Received,75
2022-11-21,Hana Sato,Architect,Received,148
2022-11-06,Hana Sato,Architect,Sent,27
2022-11-14,Hana Sato,Architect,Sent,203
2022-11-28,Hana Sato,Architect,Sent,109
2022-12-25,Hana Sato,Architect,Received,227
2022-12-03,Hana Sato,Architect,Sent,129
2022-12-22,Hana Sato,Architect,Received,240
2022-12-15,Hana Sato,Architect,Received,21
2022-12-04,Hana Sato,Architect,Sent,74
2022-12-31,Hana Sato,Architect,Sent,36
2022-12-30,Hana Sato,Architect,Received,103
2022-12-24,Hana Sato,Architect,Sent,177
2022-12-16,Hana Sato,Architect,Sent,71
2022-12-21,Hana Sato,Architect,Sent,573
2022-12-23,Hana Sato,Architect,Sent,50
2022-12-04,Hana Sato,Architect,Sent,87
2022-12-28,Hana Sato,Architect,Sent,140
2022-12-29,Hana Sato,Architect,Received,78
2022-12-30,Hana Sato,Architect,Sent,65
2022-12-22,Hana Sato,Architect,Sent,28
2022-12-28,Hana Sato,Architect,Sent,34
2022-12-01,Hana Sato,Architect,Sent,21
2022-12-10,Hana Sato,Architect,Sent,3
2022-12-20,Hana Sato,Architect,Received,47
2022-12-12,Hana Sato,Architect,Received,203
2022-12-24,Hana Sato,Architect,Sent,90
2022-12-03,Hana Sato,Architect,Sent,48
2022-12-08,Hana Sato,Architect,Received,37
2023-01-24,Hana Sato,Architect,Received,105
2023-01-14,Hana Sato,Architect,Received,16
2023-01-10,Hana Sato,Architect,Received,272
2023-01-13,Hana Sato,Architect,Sent,242
2023-01-04,Hana Sato,Architect,Received,37
2023-01-25,Hana Sato,Architect,Sent,435
2023-01-18,Hana Sato,Architect,Received,81
2023-01-02,Hana Sato,Architect,Received,17
2023-01-15,Hana Sato,Architect,Sent,58
2023-01-04,Hana Sato,Architect,Received,119
2023-01-21,Hana Sato,Architect,Sent,28
2023-01-18,Hana Sato,Architect,Received,7
2023-01-22,Hana Sato,Architect,Sent,266
2023-01-04,Hana Sato,Architect,Received,168
2023-01-22,Hana Sato,Architect,Received,58
2023-01-15,Hana Sato,Architect,Sent,62
2023-01-21,Hana Sato,Architect,Received,46
2023-01-23,Hana Sato,Architect,Sent,37
2023-01-07,Hana Sato,Architect,Sent,137
2023-01-28,Hana Sato,Architect,Sent,15
2023-01-13,Hana Sato,Architect,Received,52
2023-01-28,Hana Sato,Architect,Sent,26
2023-01-22,Hana Sato,Architect,Sent,221
2023-01-28,Hana Sato,Architect,Received,247
2023-01-13,Hana Sato,Architect,Sent,101
2023-02-01,Hana Sato,Architect,Received,58
2023-02-25,Hana Sato,Architect,Received,120
2023-02-14,Hana Sato,Architect,Sent,109
2023-02-11,Hana Sato,Architect,Sent,27
2023-02-07,Hana Sato,Architect,Received,62
2023-02-17,Hana Sato,Architect,Received,23
2023-02-24,Hana Sato,Architect,Sent,52
2023-02-10,Hana Sato,Architect,Sent,61
2023-02-27,Hana Sato,Architect,Sent,107
2023-02-28,Hana Sato,Architect,Sent,24
2023-02-27,Hana Sato,Architect,Received,317
2023-02-03,Hana Sato,Architect,Sent,38
2023-02-11,Hana Sato,Architect,Received,87
2023-02-03,Hana Sato,Architect,Received,133
2023-02-16,Hana Sato,Architect,Sent,38
2023-02-08,Hana Sato,Architect,Received,90
2023-02-09,Hana Sato,Architect,Sent,21
2023-02-12,Hana Sato,Architect,Sent,209
2023-02-23,Hana Sato,Architect,Sent,9
2023-02-27,Hana Sato,Architect,Sent,43
2023-03-05,Hana Sato,Architect,Sent,831
2023-03-02,Hana Sato,Architect,Sent,33
2023-03-14,Hana Sato,Architect,Received,57
2023-03-16,Hana Sato,Architect,Sent,24
2023-03-18,Hana Sato,Architect,Received,21
2023-03-17,Hana Sato,Architect,Sent,114
2023-03-16,Hana Sato,Architect,Sent,77
2023-03-16,Hana Sato,Architect,Received,92
2023-03-15,Hana Sato,Architect,Sent,181
2023-03-13,Hana Sato,Architect,Received,125
2023-03-06,Hana Sato,Architect,Received,64
2023-03-10,Hana Sato,Architect,Sent,371
2023-03-23,Hana Sato,Architect,Sent,85
2023-03-05,Hana Sato,Architect,Received,46
2023-03-15,Hana Sato,Architect,Received,16
2023-04-04,Hana Sato,Architect,Received,296
2023-04-11,Hana Sato,Architect,Received,72
2023-04-21,Hana Sato,Architect,Sent,185
2023-04-28,Hana Sato,Architect,Received,116
2023-04-14,Hana Sato,Architect,Sent,308
2023-04-29,Hana Sato,Architect,Sent,59
2023-04-27,Hana Sato,Architect,Received,215
2023-04-25,Hana Sato,Architect,Sent,195
2023-04-28,Hana Sato,Architect,Sent,30
2023-04-17,Hana Sato,Architect,Received,5
2023-04-30,Hana Sato,Architect,Received,10
2023-04-14,Hana Sato,Architect,Sent,117
2023-04-21,Hana Sato,Architect,Received,79
2023-04-12,Hana Sato,Architect,Sent,216
2023-04-30,Hana Sato,Architect,Received,72
2023-04-21,Hana Sato,Architect,Sent,45
2023-04-03,Hana Sato,Architect,Received,32
2023-04-22,Hana Sato,Architect,Sent,12
2023-04-26,Hana Sato,Architect,Received,10
2023-04-12,Hana Sato,Architect,Sent,75
2023-04-20,Hana Sato,Architect,Received,8
2023-05-15,Hana Sato,Architect,Received,194
2023-05-29,Hana Sato,Architect,Received,65
2023-05-24,Hana Sato,Architect,Sent,130
2023-05-11,Hana Sato,Architect,Received,152
2023-05-02,Hana Sato,Architect,Received,86
2023-05-29,Hana Sato,Architect,Received,196
2023-05-25,Hana Sato,Architect,Received,119
2023-05-19,Hana Sato,Architect,Sent,16
2023-05-29,Hana Sato,Architect,Sent,227
2023-05-15,Hana Sato,Architect,Sent,96
2023-05-20,Hana Sato,Architect,Received,134
2023-05-18,Hana Sato,Architect,Sent,251
2023-05-07,Hana Sato,Architect,Sent,315
2023-05-23,Hana Sato,Architect,Sent,21
2023-05-15,Hana Sato,Architect,Sent,122
2023-05-08,Hana Sato,Architect,Sent,117
2023-05-09,Hana Sato,Architect,Sent,238
2023-05-05,Hana Sato,Architect,Sent,204
2023-05-26,Hana Sato,Architect,Sent,65
2023-05-01,Hana Sato,Architect,Received,11
2023-06-15,Hana Sato,Architect,Sent,80
2023-06-07,Hana Sato,Architect,Sent,29
2023-06-30,Hana Sato,Architect,Received,11
2023-06-17,Hana Sato,Architect,Sent,37
2023-06-12,Hana Sato,Architect,Sent,95
2023-06-08,Hana Sato,Architect,Sent,52
2023-06-16,Hana Sato,Architect,Received,113
2023-06-19,Hana Sato,Architect,Received,45
2023-06-09,Hana Sato,Architect,Sent,287
2023-06-27,Hana Sato,Architect,Received,368
2023-06-05,Hana Sato,Architect,Received,58
2023-06-25,Hana Sato,Architect,Sent,12
2023-08-18,Hana Sato,Architect,Sent,98
2023-08-24,Hana Sato,Architect,Received,9
2023-08-30,Hana Sato,Architect,Sent,68
2023-08-13,Hana Sato,Architect,Sent,180
2023-08-14,Hana Sato,Architect,Received,27
2023-08-18,Hana Sato,Architect,Received,3
2023-08-13,Hana Sato,Architect,Sent,128
2023-08-19,Hana Sato,Architect,Sent,60
2023-08-15,Hana Sato,Architect,Received,240
2023-08-28,Hana Sato,Architect,Received,51
2023-08-12,Hana Sato,Architect,Received,13
2023-08-21,Hana Sato,Architect,Received,440
2023-08-05,Hana Sato,Architect,Received,52
2023-08-15,Hana Sato,Architect,Received,85
2023-08-22,Hana Sato,Architect,Sent,13
2023-08-03,Hana Sato,Architect,Received,92
2023-09-13,Hana Sato,Architect,Sent,25
2023-09-04,Hana Sato,Architect,Sent,7
2023-09-14,Hana Sato,Architect,Received,57
2023-09-13,Hana Sato,Architect,Received,57
2023-09-07,Hana Sato,Architect,Sent,3
2023-09-14,Hana Sato,Architect,Received,23
2023-09-17,Hana Sato,Architect,Received,56
2023-10-18,Hana Sato,Architect,Sent,419
2023-10-14,Hana Sato,Architect,Sent,156
2023-10-05,Hana Sato,Architect,Received,3
2023-10-21,Hana Sato,Architect,Sent,48
2023-10-23,Hana Sato,Architect,Sent,19
2023-10-13,Hana Sato,Architect,Sent,11
2023-10-17,Hana Sato,Architect,Received,155
2023-10-08,Hana Sato,Architect,Sent,87
2023-10-06,Hana Sato,Architect,Sent,86
2023-10-28,Hana Sato,Architect,Sent,36
2023-10-17,Hana Sato,Architect,Sent,3
2023-10-09,Hana Sato,Architect,Received,276
2023-10-07,Hana Sato,Architect,Received,20
2023-11-24,Hana Sato,Architect,Received,105
2023-11-25,Hana Sato,Architect,Received,181
2023-11-20,Hana Sato,Architect,Sent,258
2023-11-05,Hana Sato,Architect,Received,305
2023-11-29,Hana Sato,Architect,Received,37
2023-11-18,Hana Sato,Architect,Received,3
2023-11-14,Hana Sato,Architect,Sent,192
2023-11-16,Hana Sato,Architect,Received,266
2023-11-24,Hana Sato,Architect,Received,3
2023-11-24,Hana Sato,Architect,Received,142
2023-12-02,Hana Sato,Architect,Sent,254
2023-12-12,Hana Sato,Architect,Sent,57
2023-12-05,Hana Sato,Architect,Sent,136
2023-12-12,Hana Sato,Architect,Received,365
2023-12-29,Hana Sato,Architect,Sent,6
2023-12-19,Hana Sato,Architect,Received,181
2023-12-08,Hana Sato,Architect,Sent,57
2023-12-21,Hana Sato,Architect,Sent,67
2023-12-09,Hana Sato,Architect,Sent,33
2023-12-07,Hana Sato,Architect,Sent,161
2024-01-17,Hana Sato,Architect,Sent,57
2024-01-24,Hana Sato,Architect,Received,65
2024-01-29,Hana Sato,Architect,Received,76
2024-01-26,Hana Sato,Architect,Sent,287
2024-01-01,Hana Sato,Architect,Received,196
2024-01-03,Hana Sato,Architect,Received,34
2024-01-05,Hana Sato,Architect,Received,68
2019-03-08,Elliot Park,Investor,Sent,79
2019-03-11,Elliot Park,Investor,Received,68
2019-03-25,Elliot Park,Investor,Received,109
2019-03-26,Elliot Park,Investor,Sent,27
2019-03-29,Elliot Park,Investor,Received,275
2019-05-12,Elliot Park,Investor,Received,4
2019-05-06,Elliot Park,Investor,Sent,446
2019-05-24,Elliot Park,Investor,Received,206
2019-05-28,Elliot Park,Investor,Sent,7
2019-05-22,Elliot Park,Investor,Received,123
2019-05-12,Elliot Park,Investor,Received,414
2019-05-04,Elliot Park,Investor,Sent,133
2019-05-20,Elliot Park,Investor,Received,51
2019-05-23,Elliot Park,Investor,Received,16
2019-05-02,Elliot Park,Investor,Received,202
2019-05-09,Elliot Park,Investor,Sent,94
2019-06-13,Elliot Park,Investor,Sent,109
2019-06-30,Elliot Park,Investor,Received,442
2019-06-17,Elliot Park,Investor,Sent,13
2019-06-14,Elliot Park,Investor,Received,47
2019-06-17,Elliot Park,Investor,Sent,24
2019-06-26,Elliot Park,Investor,Sent,62
2019-06-11,Elliot Park,Investor,Received,38
2019-06-15,Elliot Park,Investor,Sent,46
2019-06-24,Elliot Park,Investor,Received,269
2019-07-31,Elliot Park,Investor,Received,29
2019-07-07,Elliot Park,Investor,Received,46
2019-07-10,Elliot Park,Investor,Sent,46
2019-07-08,Elliot Park,Investor,Sent,62
2019-07-23,Elliot Park,Investor,Received,59
2019-07-07,Elliot Park,Investor,Received,90
2019-07-08,Elliot Park,Investor,Received,121
2019-07-28,Elliot Park,Investor,Received,142
2019-08-09,Elliot Park,Investor,Received,46
2019-08-18,Elliot Park,Investor,Received,30
2019-08-06,Elliot Park,Investor,Received,40
2019-08-20,Elliot Park,Investor,Sent,10
2019-08-04,Elliot Park,Investor,Received,130
2019-08-06,Elliot Park,Investor,Received,26
2019-08-01,Elliot Park,Investor,Sent,313
2019-08-25,Elliot Park,Investor,Received,54
2019-08-27,Elliot Park,Investor,Sent,220
2019-08-16,Elliot Park,Investor,Sent,87
2019-08-08,Elliot Park,Investor,Received,82
2019-09-08,Elliot Park,Investor,Received,6
2019-09-24,Elliot Park,Investor,Received,129
2019-09-22,Elliot Park,Investor,Sent,105
2019-09-23,Elliot Park,Investor,Received,152
2019-09-24,Elliot Park,Investor,Sent,17
2019-09-26,Elliot Park,Investor,Received,66
2019-09-13,Elliot Park,Investor,Received,135
2019-09-07,Elliot Park,Investor,Received,260
2019-09-22,Elliot Park,Investor,Received,4
2019-09-03,Elliot Park,Investor,Received,211
2019-09-07,Elliot Park,Investor,Received,77
2019-09-01,Elliot Park,Investor,Sent,132
2019-09-04,Elliot Park,Investor,Received,340
2019-09-05,Elliot Park,Investor,Received,368
2019-09-24,Elliot Park,Investor,Received,188
2019-09-27,Elliot Park,Investor,Received,3
2019-09-22,Elliot Park,Investor,Received,3
2019-09-03,Elliot Park,Investor,Received,311
2019-09-04,Elliot Park,Investor,Received,42
2019-09-25,Elliot Park,Investor,Sent,4
2019-09-27,Elliot Park,Investor,Sent,12
2019-09-24,Elliot Park,Investor,Sent,338
2019-09-07,Elliot Park,Investor,Sent,287
2019-09-16,Elliot Park,Investor,Sent,40
2019-09-02,Elliot Park,Investor,Sent,154
2019-09-09,Elliot Park,Investor,Sent,90
2019-09-21,Elliot Park,Investor,Received,212
2019-09-18,Elliot Park,Investor,Received,44
2019-09-04,Elliot Park,Investor,Received,24
2019-09-24,Elliot Park,Investor,Received,129
2019-09-01,Elliot Park,Investor,Sent,35
2019-09-02,Elliot Park,Investor,Received,173
2019-09-01,Elliot Park,Investor,Received,17
2019-09-09,Elliot Park,Investor,Received,409
2019-09-05,Elliot Park,Investor,Received,73
2019-09-09,Elliot Park,Investor,Sent,68
2019-09-27,Elliot Park,Investor,Sent,306
2019-09-22,Elliot Park,Investor,Received,428
2019-09-29,Elliot Park,Investor,Sent,30
2019-09-05,Elliot Park,Investor,Received,55
2019-09-21,Elliot Park,Investor,Received,46
2019-10-19,Elliot Park,Investor,Received,128
2019-10-14,Elliot Park,Investor,Sent,6
2019-10-31,Elliot Park,Investor,Sent,42
2019-10-21,Elliot Park,Investor,Received,108
2019-10-25,Elliot Park,Investor,Sent,45
2019-10-25,Elliot Park,Investor,Sent,7
2019-10-31,Elliot Park,Investor,Received,8
2019-10-13,Elliot Park,Investor,Received,271
2019-10-16,Elliot Park,Investor,Sent,135
2019-10-25,Elliot Park,Investor,Sent,180
2019-12-16,Elliot Park,Investor,Received,16
2019-12-22,Elliot Park,Investor,Received,33
2019-12-20,Elliot Park,Investor,Received,386
2019-12-02,Elliot Park,Investor,Received,116
2019-12-15,Elliot Park,Investor,Received,19
2019-12-30,Elliot Park,Investor,Received,171
2019-12-12,Elliot Park,Investor,Sent,43
2019-12-29,Elliot Park,Investor,Sent,74
2019-12-30,Elliot Park,Investor,Sent,42
2019-12-17,Elliot Park,Investor,Received,111
2019-12-11,Elliot Park,Investor,Received,119
2019-12-04,Elliot Park,Investor,Received,38
2019-12-26,Elliot Park,Investor,Sent,158
2019-12-23,Elliot Park,Investor,Received,238
2019-12-18,Elliot Park,Investor,Sent,3
2019-12-15,Elliot Park,Investor,Sent,32
2019-12-03,Elliot Park,Investor,Sent,49
2019-12-29,Elliot Park,Investor,Sent,416
2019-12-04,Elliot Park,Investor,Sent,722
2019-12-14,Elliot Park,Investor,Received,443
2019-12-29,Elliot Park,Investor,Received,67
2019-12-24,Elliot Park,Investor,Sent,106
2020-01-26,Elliot Park,Investor,Received,16
2020-01-31,Elliot Park,Investor,Received,219
2020-01-13,Elliot Park,Investor,Received,39
2020-01-21,Elliot Park,Investor,Received,4
2020-01-15,Elliot Park,Investor,Sent,40
2020-01-01,Elliot Park,Investor,Received,5
2020-01-26,Elliot Park,Investor,Sent,501
2020-01-12,Elliot Park,Investor,Received,349
2020-01-26,Elliot Park,Investor,Received,246
2020-01-14,Elliot Park,Investor,Received,290
2020-01-29,Elliot Park,Investor,Received,81
2020-01-25,Elliot Park,Investor,Received,48
2020-01-12,Elliot Park,Investor,Sent,91
2020-01-24,Elliot Park,Investor,Received,60
2020-01-21,Elliot Park,Investor,Received,160
2020-01-22,Elliot Park,Investor,Sent,83
2020-01-03,Elliot Park,Investor,Received,7
2020-01-29,Elliot Park,Investor,Received,172
2020-01-02,Elliot Park,Investor,Received,9
2020-02-15,Elliot Park,Investor,Received,176
2020-02-04,Elliot Park,Investor,Sent,252
2020-02-04,Elliot Park,Investor,Received,19
2020-02-29,Elliot Park,Investor,Received,261
2020-02-07,Elliot Park,Investor,Received,15
2020-02-29,Elliot Park,Investor,Sent,138
2020-02-09,Elliot Park,Investor,Received,3
2020-02-28,Elliot Park,Investor,Received,56
2020-02-21,Elliot Park,Investor,Sent,7
2020-02-10,Elliot Park,Investor,Sent,62
2020-02-15,Elliot Park,Investor,Received,50
2020-02-25,Elliot Park,Investor,Sent,167
2020-02-02,Elliot Park,Investor,Received,55
2020-02-08,Elliot Park,Investor,Sent,107
2020-02-27,Elliot Park,Investor,Sent,6
2020-02-08,Elliot Park,Investor,Received,7
2020-02-20,Elliot Park,Investor,Received,38
2020-02-18,Elliot Park,Investor,Received,5
2020-03-06,Elliot Park,Investor,Sent,33
2020-03-01,Elliot Park,Investor,Received,196
2020-03-21,Elliot Park,Investor,Received,156
2020-03-09,Elliot Park,Investor,Received,103
2020-03-01,Elliot Park,Investor,Sent,112
2020-03-17,Elliot Park,Investor,Received,49
2020-03-19,Elliot Park,Investor,Received,13
2020-03-24,Elliot Park,Investor,Received,166
2020-03-02,Elliot Park,Investor,Sent,71
2020-03-17,Elliot Park,Investor,Received,90
2020-03-03,Elliot Park,Investor,Received,3
2020-03-14,Elliot Park,Investor,Received,57
2020-03-01,Elliot Park,Investor,Received,85
2020-03-02,Elliot Park,Investor,Received,144
2020-03-04,Elliot Park,Investor,Received,75
2020-03-20,Elliot Park,Investor,Sent,27
2020-03-16,Elliot Park,Investor,Sent,72
2020-03-22,Elliot Park,Investor,Received,175
2020-03-20,Elliot Park,Investor,Sent,47
2020-03-15,Elliot Park,Investor,Received,3
2020-03-14,Elliot Park,Investor,Sent,192
2020-03-24,Elliot Park,Investor,Received,141
2020-03-01,Elliot Park,Investor,Received,191
2020-04-12,Elliot Park,Investor,Sent,48
2020-04-29,Elliot Park,Investor,Received,82
2020-04-19,Elliot Park,Investor,Received,145
2020-04-15,Elliot Park,Investor,Received,20
2020-04-10,Elliot Park,Investor,Sent,71
2020-04-01,Elliot Park,Investor,Sent,34
2020-04-05,Elliot Park,Investor,Received,7
2020-04-05,Elliot Park,Investor,Received,13
2020-04-14,Elliot Park,Investor,Received,12
2020-04-09,Elliot Park,Investor,Received,44
2020-04-16,Elliot Park,Investor,Received,45
2020-04-02,Elliot Park,Investor,Received,109
2020-04-20,Elliot Park,Investor,Sent,41
2020-04-15,Elliot Park,Investor,Received,92
2020-04-08,Elliot Park,Investor,Received,28
2020-04-27,Elliot Park,Investor,Received,23
2020-04-07,Elliot Park,Investor,Received,109
2020-04-06,Elliot Park,Investor,Received,226
2020-04-12,Elliot Park,Investor,Received,304
2020-04-08,Elliot Park,Investor,Sent,119
2020-04-02,Elliot Park,Investor,Sent,432
2020-05-12,Elliot Park,Investor,Received,287
2020-05-21,Elliot Park,Investor,Received,41
2020-05-22,Elliot Park,Investor,Received,278
2020-05-30,Elliot Park,Investor,Sent,507
2020-05-30,Elliot Park,Investor,Received,46
2020-05-19,Elliot Park,Investor,Received,109
2020-05-08,Elliot Park,Investor,Received,202
2020-05-14,Elliot Park,Investor,Sent,141
2020-05-06,Elliot Park,Investor,Received,408
2020-05-13,Elliot Park,Investor,Received,25
2020-06-02,Elliot Park,Investor,Sent,125
2020-06-24,Elliot Park,Investor,Received,408
2020-06-09,Elliot Park,Investor,Sent,3
2020-06-08,Elliot Park,Investor,Received,40
2020-06-23,Elliot Park,Investor,Received,31
2020-06-21,Elliot Park,Investor,Received,288
2020-06-27,Elliot Park,Investor,Sent,21
2020-06-23,Elliot Park,Investor,Sent,6
2020-06-20,Elliot Park,Investor,Received,49
2020-06-14,Elliot Park,Investor,Sent,58
2020-06-19,Elliot Park,Investor,Received,81
2020-06-02,Elliot Park,Investor,Received,398
2020-07-01,Elliot Park,Investor,Sent,41
2020-07-13,Elliot Park,Investor,Sent,5
2020-07-07,Elliot Park,Investor,Sent,3
2020-07-16,Elliot Park,Investor,Sent,35
2020-07-13,Elliot Park,Investor,Sent,75
2020-07-15,Elliot Park,Investor,Received,55
2020-07-23,Elliot Park,Investor,Received,249
2020-07-16,Elliot Park,Investor,Received,44
2020-07-25,Elliot Park,Investor,Received,33
2020-07-09,Elliot Park,Investor,Received,47
2020-07-23,Elliot Park,Investor,Received,119
2020-07-31,Elliot Park,Investor,Received,55
2020-07-07,Elliot Park,Investor,Received,415
2020-07-06,Elliot Park,Investor,Sent,63
2020-07-09,Elliot Park,Investor,Received,118
2020-07-07,Elliot Park,Investor,Received,12
2020-08-12,Elliot Park,Investor,Sent,72
2020-08-13,Elliot Park,Investor,Received,89
2020-08-13,Elliot Park,Investor,Received,87
2020-08-31,Elliot Park,Investor,Received,24
2020-08-16,Elliot Park,Investor,Received,23
2020-08-22,Elliot Park,Investor,Received,53
2020-08-15,Elliot Park,Investor,Sent,90
2020-08-26,Elliot Park,Investor,Sent,371
2020-08-15,Elliot Park,Investor,Received,152
2020-08-19,Elliot Park,Investor,Received,118
2020-08-17,Elliot Park,Investor,Received,136
2020-08-19,Elliot Park,Investor,Sent,72
2020-08-18,Elliot Park,Investor,Received,149
2020-08-26,Elliot Park,Investor,Received,66
2020-08-17,Elliot Park,Investor,Sent,108
2020-08-31,Elliot Park,Investor,Received,72
2020-08-15,Elliot Park,Investor,Received,113
2020-08-08,Elliot Park,Investor,Received,379
2020-08-13,Elliot Park,Investor,Received,27
2020-08-24,Elliot Park,Investor,Received,234
2020-08-25,Elliot Park,Investor,Sent,226
2020-08-14,Elliot Park,Investor,Sent,37
2020-08-07,Elliot Park,Investor,Received,54
2020-09-29,Elliot Park,Investor,Received,252
2020-09-02,Elliot Park,Investor,Sent,27
2020-09-28,Elliot Park,Investor,Sent,132
2020-09-18,Elliot Park,Investor,Received,253
2020-09-02,Elliot Park,Investor,Received,6
2020-09-26,Elliot Park,Investor,Received,300
2020-09-13,Elliot Park,Investor,Received,111
2020-09-22,Elliot Park,Investor,Received,161
2020-09-01,Elliot Park,Investor,Received,61
2020-10-31,Elliot Park,Investor,Sent,367
2020-10-08,Elliot Park,Investor,Received,44
2020-10-25,Elliot Park,Investor,Sent,16
2020-10-17,Elliot Park,Investor,Sent,97
2020-10-18,Elliot Park,Investor,Received,39
2020-10-11,Elliot Park,Investor,Received,159
2020-10-29,Elliot Park,Investor,Sent,72
2020-10-04,Elliot Park,Investor,Received,114
2020-10-19,Elliot Park,Investor,Sent,51
2020-10-01,Elliot Park,Investor,Received,11
2020-10-26,Elliot Park,Investor,Received,4
2020-10-22,Elliot Park,Investor,Received,39
2020-10-06,Elliot Park,Investor,Sent,27
2020-10-18,Elliot Park,Investor,Sent,46
2020-10-22,Elliot Park,Investor,Sent,3
2020-10-06,Elliot Park,Investor,Sent,246
2020-10-23,Elliot Park,Investor,Received,67
2020-10-15,Elliot Park,Investor,Received,211
2020-10-11,Elliot Park,Investor,Sent,24
2020-10-03,Elliot Park,Investor,Received,140
2020-10-11,Elliot Park,Investor,Sent,3
2020-10-22,Elliot Park,Investor,Received,155
2020-11-25,Elliot Park,Investor,Received,133
2020-11-25,Elliot Park,Investor,Sent,3
2020-11-03,Elliot Park,Investor,Sent,21
2020-11-09,Elliot Park,Investor,Received,8
2020-11-30,Elliot Park,Investor,Received,152
2020-11-30,Elliot Park,Investor,Received,113
2020-11-08,Elliot Park,Investor,Sent,91
2020-11-13,Elliot Park,Investor,Received,64
2020-11-01,Elliot Park,Investor,Received,78
2020-11-02,Elliot Park,Investor,Received,14
2020-11-12,Elliot Park,Investor,Received,68
2020-11-06,Elliot Park,Investor,Received,542
2020-11-10,Elliot Park,Investor,Sent,117
2020-11-25,Elliot Park,Investor,Sent,189
2020-11-01,Elliot Park,Investor,Sent,22
2020-11-14,Elliot Park,Investor,Sent,194
2020-12-06,Elliot Park,Investor,Received,23
2020-12-27,Elliot Park,Investor,Received,94
2020-12-30,Elliot Park,Investor,Received,140
2020-12-05,Elliot Park,Investor,Sent,218
2020-12-26,Elliot Park,Investor,Sent,96
2020-12-08,Elliot Park,Investor,Sent,189
2020-12-06,Elliot Park,Investor,Received,59
2020-12-25,Elliot Park,Investor,Sent,107
2020-12-06,Elliot Park,Investor,Received,320
2020-12-14,Elliot Park,Investor,Sent,133
2020-12-03,Elliot Park,Investor,Received,3
2020-12-06,Elliot Park,Investor,Sent,587
2021-01-27,Elliot Park,Investor,Received,285
2021-01-23,Elliot Park,Investor,Received,393
2021-01-18,Elliot Park,Investor,Received,58
2021-01-19,Elliot Park,Investor,Sent,52
2021-01-29,Elliot Park,Investor,Sent,335
2021-01-02,Elliot Park,Investor,Received,91
2021-01-13,Elliot Park,Investor,Sent,358
2021-01-09,Elliot Park,Investor,Received,362
2021-01-12,Elliot Park,Investor,Received,26
2021-02-28,Elliot Park,Investor,Received,154
2021-02-20,Elliot Park,Investor,Sent,111
2021-02-08,Elliot Park,Investor,Received,170
2021-02-13,Elliot Park,Investor,Received,61
2021-02-18,Elliot Park,Investor,Received,126
2021-02-15,Elliot Park,Investor,Received,331
2021-02-24,Elliot Park,Investor,Received,245
2021-02-08,Elliot Park,Investor,Received,275
2021-02-19,Elliot Park,Investor,Sent,40
2021-02-03,Elliot Park,Investor,Sent,58
2021-02-06,Elliot Park,Investor,Received,219
2021-02-03,Elliot Park,Investor,Received,33
2021-02-19,Elliot Park,Investor,Received,231
2021-02-04,Elliot Park,Investor,Sent,7
2021-02-27,Elliot Park,Investor,Received,71
2021-02-02,Elliot Park,Investor,Sent,201
2021-02-22,Elliot Park,Investor,Sent,190
2021-02-17,Elliot Park,Investor,Received,13
2021-02-02,Elliot Park,Investor,Received,21
2021-03-24,Elliot Park,Investor,Sent,14
2021-03-04,Elliot Park,Investor,Sent,3
2021-03-20,Elliot Park,Investor,Received,62
2021-03-29,Elliot Park,Investor,Received,131
2021-03-18,Elliot Park,Investor,Received,201
2021-03-09,Elliot Park,Investor,Sent,59
2021-03-28,Elliot Park,Investor,Received,65
2021-03-06,Elliot Park,Investor,Received,236
2021-03-26,Elliot Park,Investor,Sent,99
2021-03-05,Elliot Park,Investor,Received,141
2021-03-01,Elliot Park,Investor,Received,191
2021-03-19,Elliot Park,Investor,Received,90
2021-03-18,Elliot Park,Investor,Sent,209
2021-03-14,Elliot Park,Investor,Sent,41
2021-03-15,Elliot Park,Investor,Received,161
2021-03-19,Elliot Park,Investor,Received,63
2021-03-13,Elliot Park,Investor,Received,42
2021-03-08,Elliot Park,Investor,Sent,153
2021-05-11,Elliot Park,Investor,Received,12
2021-05-02,Elliot Park,Investor,Received,49
2021-05-28,Elliot Park,Investor,Received,149
2021-05-21,Elliot Park,Investor,Sent,102
2021-05-16,Elliot Park,Investor,Received,33
2021-05-07,Elliot Park,Investor,Received,171
2021-05-12,Elliot Park,Investor,Sent,133
2021-06-17,Elliot Park,Investor,Received,3
2021-06-21,Elliot Park,Investor,Sent,94
2021-06-22,Elliot Park,Investor,Received,400
2021-06-02,Elliot Park,Investor,Received,3
2021-06-04,Elliot Park,Investor,Received,35
2021-06-09,Elliot Park,Investor,Sent,7
2021-07-23,Elliot Park,Investor,Sent,131
2021-07-05,Elliot Park,Investor,Received,78
2021-07-15,Elliot Park,Investor,Received,150
2021-07-06,Elliot Park,Investor,Received,380
2021-07-19,Elliot Park,Investor,Received,173
2021-07-20,Elliot Park,Investor,Received,67
2021-07-12,Elliot Park,Investor,Received,20
2021-07-05,Elliot Park,Investor,Sent,86
2021-07-27,Elliot Park,Investor,Received,54
2021-07-09,Elliot Park,Investor,Received,256
2021-07-26,Elliot Park,Investor,Received,110
2021-08-24,Elliot Park,Investor,Received,107
2021-08-31,Elliot Park,Investor,Received,218
2021-08-08,Elliot Park,Investor,Received,48
2021-08-16,Elliot Park,Investor,Received,30
2021-08-23,Elliot Park,Investor,Received,42
2021-08-15,Elliot Park,Investor,Received,169
2021-10-11,Elliot Park,Investor,Received,6
2021-10-11,Elliot Park,Investor,Received,370
2021-10-28,Elliot Park,Investor,Received,176
2021-10-06,Elliot Park,Investor,Received,192
2021-11-30,Elliot Park,Investor,Sent,56
2021-11-30,Elliot Park,Investor,Sent,6
2021-11-16,Elliot Park,Investor,Received,45
2021-11-19,Elliot Park,Investor,Sent,111
2021-11-20,Elliot Park,Investor,Sent,29
2021-11-15,Elliot Park,Investor,Received,6
2021-11-19,Elliot Park,Investor,Received,86
2021-11-20,Elliot Park,Investor,Received,6
2021-11-11,Elliot Park,Investor,Sent,100
2021-07-05,Grace Mensah,Physician,Received,18
2021-07-31,Grace Mensah,Physician,Sent,102
2021-07-05,Grace Mensah,Physician,Received,235
2021-07-14,Grace Mensah,Physician,Received,19
2021-07-23,Grace Mensah,Physician,Received,9
2021-08-26,Grace Mensah,Physician,Sent,119
2021-08-12,Grace Mensah,Physician,Sent,77
2021-08-21,Grace Mensah,Physician,Sent,244
2021-08-29,Grace Mensah,Physician,Received,128
2021-09-25,Grace Mensah,Physician,Received,89
2021-09-21,Grace Mensah,Physician,Sent,70
2021-09-24,Grace Mensah,Physician,Sent,96
2021-09-22,Grace Mensah,Physician,Sent,17
2021-09-01,Grace Mensah,Physician,Sent,132
2021-09-03,Grace Mensah,Physician,Sent,44
2021-09-17,Grace Mensah,Physician,Sent,243
2021-10-07,Grace Mensah,Physician,Sent,8
2021-10-19,Grace Mensah,Physician,Received,30
2021-10-03,Grace Mensah,Physician,Received,114
2021-10-28,Grace Mensah,Physician,Received,134
2021-10-27,Grace Mensah,Physician,Sent,431
2021-10-05,Grace Mensah,Physician,Received,111
2021-10-15,Grace Mensah,Physician,Sent,37
2021-10-07,Grace Mensah,Physician,Sent,79
2021-10-20,Grace Mensah,Physician,Sent,99
2021-11-22,Grace Mensah,Physician,Received,18
2021-11-29,Grace Mensah,Physician,Received,62
2021-11-03,Grace Mensah,Physician,Sent,94
2021-11-14,Grace Mensah,Physician,Received,8
2021-11-13,Grace Mensah,Physician,Sent,14
2021-11-25,Grace Mensah,Physician,Received,97
2021-11-17,Grace Mensah,Physician,Received,93
2021-11-01,Grace Mensah,Physician,Sent,47
2021-11-04,Grace Mensah,Physician,Received,23
2021-11-21,Grace Mensah,Physician,Sent,60
2021-11-07,Grace Mensah,Physician,Received,145
2021-12-06,Grace Mensah,Physician,Sent,117
2021-12-28,Grace Mensah,Physician,Received,54
2021-12-22,Grace Mensah,Physician,Sent,74
2021-12-16,Grace Mensah,Physician,Received,167
2021-12-09,Grace Mensah,Physician,Sent,301
2021-12-26,Grace Mensah,Physician,Received,15
2022-01-20,Grace Mensah,Physician,Sent,39
2022-01-18,Grace Mensah,Physician,Sent,146
2022-01-04,Grace Mensah,Physician,Sent,143
2022-01-10,Grace Mensah,Physician,Sent,114
2022-01-21,Grace Mensah,Physician,Received,112
2022-01-06,Grace Mensah,Physician,Sent,19
2022-01-14,Grace Mensah,Physician,Sent,16
2022-01-25,Grace Mensah,Physician,Received,12
2022-01-23,Grace Mensah,Physician,Received,66
2022-01-06,Grace Mensah,Physician,Received,115
2022-01-13,Grace Mensah,Physician,Received,6
2022-01-19,Grace Mensah,Physician,Sent,52
2022-01-26,Grace Mensah,Physician,Received,124
2022-02-26,Grace Mensah,Physician,Received,29
2022-02-24,Grace Mensah,Physician,Received,192
2022-02-24,Grace Mensah,Physician,Received,268
2022-02-20,Grace Mensah,Physician,Sent,218
2022-02-07,Grace Mensah,Physician,Sent,93
2022-02-11,Grace Mensah,Physician,Sent,54
2022-02-03,Grace Mensah,Physician,Sent,23
2022-03-25,Grace Mensah,Physician,Received,40
2022-03-07,Grace Mensah,Physician,Sent,638
2022-03-19,Grace Mensah,Physician,Sent,63
2022-03-12,Grace Mensah,Physician,Received,85
2022-03-07,Grace Mensah,Physician,Received,27
2022-03-15,Grace Mensah,Physician,Received,21
2022-03-01,Grace Mensah,Physician,Sent,71
2022-03-25,Grace Mensah,Physician,Sent,25
2022-04-11,Grace Mensah,Physician,Received,91
2022-04-28,Grace Mensah,Physician,Received,28
2022-04-18,Grace Mensah,Physician,Received,588
2022-04-25,Grace Mensah,Physician,Sent,15
2022-04-28,Grace Mensah,Physician,Sent,19
2022-04-26,Grace Mensah,Physician,Received,24
2022-04-04,Grace Mensah,Physician,Sent,255
2022-04-28,Grace Mensah,Physician,Sent,36
2022-04-03,Grace Mensah,Physician,Received,27
2022-04-10,Grace Mensah,Physician,Sent,199
2022-05-21,Grace Mensah,Physician,Received,196
2022-05-26,Grace Mensah,Physician,Received,143
2022-05-23,Grace Mensah,Physician,Sent,83
2022-05-11,Grace Mensah,Physician,Sent,309
2022-05-08,Grace Mensah,Physician,Received,167
2022-05-06,Grace Mensah,Physician,Received,160
2022-05-08,Grace Mensah,Physician,Received,142
2022-05-16,Grace Mensah,Physician,Sent,45
2022-05-15,Grace Mensah,Physician,Received,83
2022-05-02,Grace Mensah,Physician,Sent,42
2022-05-12,Grace Mensah,Physician,Sent,33
2022-05-07,Grace Mensah,Physician,Sent,215
2022-05-26,Grace Mensah,Physician,Sent,290
2022-05-22,Grace Mensah,Physician,Sent,25
2022-05-29,Grace Mensah,Physician,Received,189
2022-05-10,Grace Mensah,Physician,Sent,157
2022-05-21,Grace Mensah,Physician,Received,14
2022-05-14,Grace Mensah,Physician,Sent,16
2022-06-03,Grace Mensah,Physician,Received,196
2022-06-28,Grace Mensah,Physician,Sent,145
2022-06-20,Grace Mensah,Physician,Sent,55
2022-06-14,Grace Mensah,Physician,Received,157
2022-06-20,Grace Mensah,Physician,Received,25
2022-06-17,Grace Mensah,Physician,Sent,21
2022-06-10,Grace Mensah,Physician,Received,21
2022-06-03,Grace Mensah,Physician,Received,47
2022-06-17,Grace Mensah,Physician,Sent,346
2022-06-13,Grace Mensah,Physician,Sent,108
2022-06-20,Grace Mensah,Physician,Received,3
2022-06-10,Grace Mensah,Physician,Received,25
2022-07-10,Grace Mensah,Physician,Received,3
2022-07-22,Grace Mensah,Physician,Sent,3
2022-07-19,Grace Mensah,Physician,Sent,123
2022-07-08,Grace Mensah,Physician,Sent,14
2022-07-14,Grace Mensah,Physician,Received,72
2022-07-17,Grace Mensah,Physician,Sent,91
2022-07-31,Grace Mensah,Physician,Sent,15
2022-07-03,Grace Mensah,Physician,Sent,84
2022-07-25,Grace Mensah,Physician,Sent,163
2022-07-08,Grace Mensah,Physician,Sent,19
2022-07-08,Grace Mensah,Physician,Received,60
2022-07-25,Grace Mensah,Physician,Received,138
2022-08-10,Grace Mensah,Physician,Received,193
2022-08-18,Grace Mensah,Physician,Sent,39
2022-08-05,Grace Mensah,Physician,Received,32
2022-08-05,Grace Mensah,Physician,Sent,18
2022-08-09,Grace Mensah,Physician,Received,39
2022-08-31,Grace Mensah,Physician,Sent,612
2022-08-22,Grace Mensah,Physician,Received,112
2022-08-31,Grace Mensah,Physician,Received,48
2022-08-07,Grace Mensah,Physician,Sent,41
2022-08-14,Grace Mensah,Physician,Sent,7
2022-09-16,Grace Mensah,Physician,Received,107
2022-09-21,Grace Mensah,Physician,Received,227
2022-09-30,Grace Mensah,Physician,Sent,15
2022-09-02,Grace Mensah,Physician,Received,439
2022-09-22,Grace Mensah,Physician,Received,299
2022-09-25,Grace Mensah,Physician,Sent,109
2022-09-09,Grace Mensah,Physician,Sent,35
2022-09-23,Grace Mensah,Physician,Received,194
2022-09-12,Grace Mensah,Physician,Received,85
2022-10-01,Grace Mensah,Physician,Sent,47
2022-10-10,Grace Mensah,Physician,Received,136
2022-10-18,Grace Mensah,Physician,Sent,58
2022-10-26,Grace Mensah,Physician,Sent,80
2022-10-09,Grace Mensah,Physician,Received,3
2022-10-15,Grace Mensah,Physician,Received,140
2022-10-02,Grace Mensah,Physician,Received,11
2022-10-01,Grace Mensah,Physician,Received,181
2022-10-13,Grace Mensah,Physician,Sent,14
2022-11-21,Grace Mensah,Physician,Sent,40
2022-11-24,Grace Mensah,Physician,Received,185
2022-11-04,Grace Mensah,Physician,Sent,108
2022-11-20,Grace Mensah,Physician,Received,119
2022-11-30,Grace Mensah,Physician,Sent,19
2022-11-12,Grace Mensah,Physician,Sent,34
2022-11-18,Grace Mensah,Physician,Sent,183
2022-11-07,Grace Mensah,Physician,Sent,482
2022-11-29,Grace Mensah,Physician,Received,454
2022-11-17,Grace Mensah,Physician,Sent,13
2022-11-27,Grace Mensah,Physician,Received,4
2022-11-17,Grace Mensah,Physician,Sent,312
2022-11-25,Grace Mensah,Physician,Sent,374
2022-11-26,Grace Mensah,Physician,Sent,52
2022-11-20,Grace Mensah,Physician,Sent,288
2022-11-18,Grace Mensah,Physician,Received,248
2022-11-01,Grace Mensah,Physician,Sent,5
2022-11-15,Grace Mensah,Physician,Sent,41
2022-11-09,Grace Mensah,Physician,Received,300
2022-11-19,Grace Mensah,Physician,Sent,87
2022-11-18,Grace Mensah,Physician,Sent,51
2022-11-15,Grace Mensah,Physician,Received,85
2022-12-12,Grace Mensah,Physician,Sent,57
2022-12-01,Grace Mensah,Physician,Sent,72
2022-12-28,Grace Mensah,Physician,Received,60
2022-12-01,Grace Mensah,Physician,Sent,51
2022-12-28,Grace Mensah,Physician,Received,97
2022-12-16,Grace Mensah,Physician,Received,129
2022-12-08,Grace Mensah,Physician,Sent,13
2022-12-03,Grace Mensah,Physician,Sent,177
2022-12-07,Grace Mensah,Physician,Received,501
2022-12-01,Grace Mensah,Physician,Sent,293
2023-02-14,Grace Mensah,Physician,Received,69
2023-02-25,Grace Mensah,Physician,Sent,389
2023-02-03,Grace Mensah,Physician,Received,28
2023-02-05,Grace Mensah,Physician,Sent,141
2023-02-15,Grace Mensah,Physician,Received,236
2023-02-18,Grace Mensah,Physician,Received,106
2023-02-13,Grace Mensah,Physician,Received,83
2023-02-05,Grace Mensah,Physician,Received,228
2023-02-28,Grace Mensah,Physician,Sent,23
2023-02-08,Grace Mensah,Physician,Sent,227
2023-02-24,Grace Mensah,Physician,Sent,15
2023-02-18,Grace Mensah,Physician,Sent,31
2023-02-23,Grace Mensah,Physician,Received,71
2023-02-02,Grace Mensah,Physician,Sent,488
2023-03-21,Grace Mensah,Physician,Received,34
2023-03-31,Grace Mensah,Physician,Sent,70
2023-03-30,Grace Mensah,Physician,Sent,151
2023-03-17,Grace Mensah,Physician,Sent,216
2023-03-14,Grace Mensah,Physician,Received,3
2023-03-10,Grace Mensah,Physician,Received,122
2023-03-24,Grace Mensah,Physician,Sent,140
2023-03-02,Grace Mensah,Physician,Sent,166
2023-03-02,Grace Mensah,Physician,Sent,3
2023-03-28,Grace Mensah,Physician,Sent,198
2023-03-17,Grace Mensah,Physician,Received,114
2023-03-07,Grace Mensah,Physician,Received,299
2023-03-07,Grace Mensah,Physician,Sent,116
2023-03-08,Grace Mensah,Physician,Received,27
2023-03-05,Grace Mensah,Physician,Received,116
2023-03-05,Grace Mensah,Physician,Sent,55
2023-03-04,Grace Mensah,Physician,Sent,91
2023-03-31,Grace Mensah,Physician,Received,7
2023-03-02,Grace Mensah,Physician,Sent,117
2023-03-18,Grace Mensah,Physician,Sent,23
2023-03-30,Grace Mensah,Physician,Received,90
2023-04-13,Grace Mensah,Physician,Received,33
2023-04-04,Grace Mensah,Physician,Sent,47
2023-04-08,Grace Mensah,Physician,Sent,36
2023-04-06,Grace Mensah,Physician,Sent,185
2023-04-25,Grace Mensah,Physician,Received,34
2023-04-26,Grace Mensah,Physician,Sent,301
2023-04-29,Grace Mensah,Physician,Sent,143
2023-04-26,Grace Mensah,Physician,Received,187
2023-04-17,Grace Mensah,Physician,Sent,3
2023-04-09,Grace Mensah,Physician,Received,44
2023-04-27,Grace Mensah,Physician,Sent,42
2023-04-17,Grace Mensah,Physician,Sent,191
2023-04-09,Grace Mensah,Physician,Received,23
2023-05-20,Grace Mensah,Physician,Received,104
2023-05-09,Grace Mensah,Physician,Received,66
2023-05-22,Grace Mensah,Physician,Sent,67
2023-05-02,Grace Mensah,Physician,Sent,14
2023-05-31,Grace Mensah,Physician,Received,20
2023-05-14,Grace Mensah,Physician,Received,79
2023-05-24,Grace Mensah,Physician,Received,12
2023-05-05,Grace Mensah,Physician,Received,139
2023-05-07,Grace Mensah,Physician,Sent,455
2023-06-23,Grace Mensah,Physician,Received,100
2023-06-21,Grace Mensah,Physician,Sent,393
2023-06-27,Grace Mensah,Physician,Received,68
2023-06-01,Grace Mensah,Physician,Sent,3
2023-06-17,Grace Mensah,Physician,Received,103
2023-06-02,Grace Mensah,Physician,Received,967
2023-06-15,Grace Mensah,Physician,Sent,70
2023-06-10,Grace Mensah,Physician,Received,77
2023-06-19,Grace Mensah,Physician,Sent,36
2023-06-25,Grace Mensah,Physician,Sent,355
2023-06-11,Grace Mensah,Physician,Sent,93
2023-06-01,Grace Mensah,Physician,Sent,240
2023-07-22,Grace Mensah,Physician,Received,199
2023-07-09,Grace Mensah,Physician,Sent,23
2023-07-08,Grace Mensah,Physician,Received,77
2023-07-15,Grace Mensah,Physician,Received,147
2023-07-25,Grace Mensah,Physician,Received,79
2023-07-07,Grace Mensah,Physician,Received,231
2023-07-28,Grace Mensah,Physician,Sent,345
2023-07-27,Grace Mensah,Physician,Sent,287
2023-07-12,Grace Mensah,Physician,Sent,75
2023-07-14,Grace Mensah,Physician,Sent,43
2023-07-22,Grace Mensah,Physician,Sent,27
2023-07-07,Grace Mensah,Physician,Sent,337
2023-07-25,Grace Mensah,Physician,Received,11
2023-07-19,Grace Mensah,Physician,Received,49
2023-07-10,Grace Mensah,Physician,Sent,243
2023-07-01,Grace Mensah,Physician,Received,41
2023-07-05,Grace Mensah,Physician,Sent,281
2023-08-06,Grace Mensah,Physician,Received,61
2023-08-03,Grace Mensah,Physician,Sent,134
2023-08-07,Grace Mensah,Physician,Sent,117
2023-08-15,Grace Mensah,Physician,Received,519
2023-08-06,Grace Mensah,Physician,Sent,97
2023-08-19,Grace Mensah,Physician,Sent,74
2023-08-01,Grace Mensah,Physician,Received,32
2023-08-15,Grace Mensah,Physician,Received,77
2023-09-27,Grace Mensah,Physician,Sent,123
2023-09-13,Grace Mensah,Physician,Sent,193
2023-09-07,Grace Mensah,Physician,Sent,6
2023-09-25,Grace Mensah,Physician,Sent,98
2023-09-15,Grace Mensah,Physician,Sent,120
2023-09-20,Grace Mensah,Physician,Sent,50
2023-09-27,Grace Mensah,Physician,Received,80
2023-09-11,Grace Mensah,Physician,Sent,72
2023-09-07,Grace Mensah,Physician,Received,24
2023-09-19,Grace Mensah,Physician,Sent,33
2023-09-12,Grace Mensah,Physician,Sent,20
2023-09-02,Grace Mensah,Physician,Received,26
2023-10-13,Grace Mensah,Physician,Sent,310
2023-10-17,Grace Mensah,Physician,Sent,138
2023-10-21,Grace Mensah,Physician,Sent,502
2023-10-22,Grace Mensah,Physician,Received,37
2023-10-02,Grace Mensah,Physician,Received,177
2023-10-31,Grace Mensah,Physician,Received,152
2023-10-06,Grace Mensah,Physician,Sent,24
2023-10-01,Grace Mensah,Physician,Received,136
2023-10-03,Grace Mensah,Physician,Received,69
2023-10-28,Grace Mensah,Physician,Sent,26
2023-10-06,Grace Mensah,Physician,Received,59
2023-10-06,Grace Mensah,Physician,Received,77
2023-10-24,Grace Mensah,Physician,Sent,19
2023-10-13,Grace Mensah,Physician,Sent,88
2023-10-26,Grace Mensah,Physician,Received,54
2023-10-03,Grace Mensah,Physician,Sent,103
2023-10-03,Grace Mensah,Physician,Sent,113
2023-10-30,Grace Mensah,Physician,Received,59
2023-10-12,Grace Mensah,Physician,Sent,43
2023-10-05,Grace Mensah,Physician,Sent,110
2023-11-28,Grace Mensah,Physician,Received,215
2023-11-05,Grace Mensah,Physician,Received,41
2023-11-11,Grace Mensah,Physician,Sent,37
2023-11-08,Grace Mensah,Physician,Sent,17
2023-11-26,Grace Mensah,Physician,Sent,3
2023-11-28,Grace Mensah,Physician,Received,67
2023-11-10,Grace Mensah,Physician,Received,95
2023-11-05,Grace Mensah,Physician,Sent,68
2023-11-12,Grace Mensah,Physician,Sent,61
2023-11-01,Grace Mensah,Physician,Sent,47
2023-11-02,Grace Mensah,Physician,Sent,178
2023-11-30,Grace Mensah,Physician,Received,120
2023-11-18,Grace Mensah,Physician,Sent,23
2023-11-18,Grace Mensah,Physician,Sent,306
2023-11-03,Grace Mensah,Physician,Sent,116
2023-11-02,Grace Mensah,Physician,Sent,4
2023-11-08,Grace Mensah,Physician,Received,243
2023-11-12,Grace Mensah,Physician,Sent,78
2023-11-03,Grace Mensah,Physician,Sent,151
2023-12-14,Grace Mensah,Physician,Sent,17
2023-12-06,Grace Mensah,Physician,Sent,335
2023-12-01,Grace Mensah,Physician,Received,10
2023-12-31,Grace Mensah,Physician,Sent,162
2023-12-31,Grace Mensah,Physician,Sent,11
2023-12-09,Grace Mensah,Physician,Sent,86
2023-12-15,Grace Mensah,Physician,Received,61
2023-12-26,Grace Mensah,Physician,Received,169
2023-12-27,Grace Mensah,Physician,Sent,150
2023-12-30,Grace Mensah,Physician,Sent,49
2023-12-30,Grace Mensah,Physician,Sent,220
2023-12-24,Grace Mensah,Physician,Sent,63
2023-12-24,Grace Mensah,Physician,Received,26
2024-01-01,Grace Mensah,Physician,Received,115
2024-01-01,Grace Mensah,Physician,Sent,158
2024-01-04,Grace Mensah,Physician,Received,167
2024-01-10,Grace Mensah,Physician,Sent,121
2024-01-30,Grace Mensah,Physician,Received,11
2024-01-07,Grace Mensah,Physician,Received,12
2024-01-14,Grace Mensah,Physician,Sent,175
2024-01-12,Grace Mensah,Physician,Received,53
2024-01-18,Grace Mensah,Physician,Sent,96
2024-01-15,Grace Mensah,Physician,Sent,5
2024-01-08,Grace Mensah,Physician,Sent,3
2024-01-04,Grace Mensah,Physician,Received,297
2024-02-24,Grace Mensah,Physician,Sent,260
2024-02-16,Grace Mensah,Physician,Received,84
2024-02-22,Grace Mensah,Physician,Sent,13
2024-02-02,Grace Mensah,Physician,Sent,14
2024-02-23,Grace Mensah,Physician,Received,141
2024-02-28,Grace Mensah,Physician,Sent,41
2024-02-27,Grace Mensah,Physician,Sent,107
2024-02-09,Grace Mensah,Physician,Sent,29
2024-02-24,Grace Mensah,Physician,Sent,274
2024-02-21,Grace Mensah,Physician,Received,62
2024-02-05,Grace Mensah,Physician,Received,52
2024-02-04,Grace Mensah,Physician,Received,275
2024-02-19,Grace Mensah,Physician,Received,50
2024-02-17,Grace Mensah,Physician,Sent,215
2024-02-22,Grace Mensah,Physician,Sent,40
2024-02-03,Grace Mensah,Physician,Sent,4
2024-02-15,Grace Mensah,Physician,Sent,218
2024-03-14,Grace Mensah,Physician,Sent,76
2024-03-05,Grace Mensah,Physician,Sent,69
2024-03-04,Grace Mensah,Physician,Received,50
2024-03-08,Grace Mensah,Physician,Received,181
2024-03-25,Grace Mensah,Physician,Sent,74
2024-03-16,Grace Mensah,Physician,Sent,159
2024-03-28,Grace Mensah,Physician,Received,44
2024-03-13,Grace Mensah,Physician,Received,129
2024-03-03,Grace Mensah,Physician,Sent,115
2024-03-14,Grace Mensah,Physician,Sent,63
2024-03-31,Grace Mensah,Physician,Received,200
2024-03-05,Grace Mensah,Physician,Sent,71
2024-03-18,Grace Mensah,Physician,Sent,93
2024-03-12,Grace Mensah,Physician,Received,78
2024-03-20,Grace Mensah,Physician,Received,204
2024-03-25,Grace Mensah,Physician,Sent,144
2024-03-20,Grace Mensah,Physician,Received,9
2024-03-14,Grace Mensah,Physician,Received,31
2024-03-03,Grace Mensah,Physician,Sent,30
2024-03-16,Grace Mensah,Physician,Received,308
2024-03-25,Grace Mensah,Physician,Sent,58
2024-03-27,Grace Mensah,Physician,Received,48
2024-03-28,Grace Mensah,Physician,Sent,71
2024-03-13,Grace Mensah,Physician,Received,78
2024-03-15,Grace Mensah,Physician,Received,129
2024-03-06,Grace Mensah,Physician,Sent,19
2024-03-08,Grace Mensah,Physician,Received,92
2024-03-18,Grace Mensah,Physician,Sent,1098
2024-03-21,Grace Mensah,Physician,Sent,70
2024-03-30,Grace Mensah,Physician,Sent,37
2024-03-27,Grace Mensah,Physician,Received,45
2024-03-24,Grace Mensah,Physician,Sent,232
2024-03-22,Grace Mensah,Physician,Sent,218
2024-03-05,Grace Mensah,Physician,Received,5
2024-03-02,Grace Mensah,Physician,Received,34
2024-03-02,Grace Mensah,Physician,Received,8
2024-04-15,Grace Mensah,Physician,Sent,33
2024-04-11,Grace Mensah,Physician,Received,156
2024-04-28,Grace Mensah,Physician,Sent,58
2024-04-14,Grace Mensah,Physician,Received,19
2024-04-16,Grace Mensah,Physician,Received,56
2024-04-20,Grace Mensah,Physician,Sent,18
2024-04-20,Grace Mensah,Physician,Sent,172
2024-04-25,Grace Mensah,Physician,Sent,8
2024-04-17,Grace Mensah,Physician,Sent,178
2024-04-27,Grace Mensah,Physician,Sent,108
2024-04-02,Grace Mensah,Physician,Received,15
2024-04-06,Grace Mensah,Physician,Received,114
2024-04-30,Grace Mensah,Physician,Sent,3
2024-04-06,Grace Mensah,Physician,Received,124
2024-04-11,Grace Mensah,Physician,Received,35
2024-04-30,Grace Mensah,Physician,Sent,14
2024-04-04,Grace Mensah,Physician,Sent,56
2024-04-15,Grace Mensah,Physician,Received,273
2024-04-13,Grace Mensah,Physician,Sent,55
2024-04-12,Grace Mensah,Physician,Received,40
2024-04-01,Grace Mensah,Physician,Sent,16
2024-04-17,Grace Mensah,Physician,Received,4
2024-04-17,Grace Mensah,Physician,Received,4
2024-04-14,Grace Mensah,Physician,Sent,3
2024-04-02,Grace Mensah,Physician,Sent,93
2024-04-14,Grace Mensah,Physician,Sent,60
2024-04-05,Grace Mensah,Physician,Received,143
2024-04-11,Grace Mensah,Physician,Received,17
2024-04-25,Grace Mensah,Physician,Sent,301
2024-04-25,Grace Mensah,Physician,Received,154
2024-04-09,Grace Mensah,Physician,Sent,124
2024-04-09,Grace Mensah,Physician,Received,253
2024-04-07,Grace Mensah,Physician,Received,3
2024-04-26,Grace Mensah,Physician,Received,45
2024-04-10,Grace Mensah,Physician,Sent,4
2024-04-12,Grace Mensah,Physician,Received,3
2024-04-07,Grace Mensah,Physician,Sent,133
2024-04-11,Grace Mensah,Physician,Sent,3
2024-04-11,Grace Mensah,Physician,Received,54
2024-04-22,Grace Mensah,Physician,Received,133
2024-04-04,Grace Mensah,Physician,Received,55
2024-04-05,Grace Mensah,Physician,Received,125
2024-04-27,Grace Mensah,Physician,Sent,23
2024-04-16,Grace Mensah,Physician,Received,245
2024-04-01,Grace Mensah,Physician,Received,62
2024-04-04,Grace Mensah,Physician,Received,38
2024-04-06,Grace Mensah,Physician,Sent,45
2024-04-25,Grace Mensah,Physician,Sent,344
2024-04-29,Grace Mensah,Physician,Received,85
2024-04-06,Grace Mensah,Physician,Received,80
2024-04-07,Grace Mensah,Physician,Received,152
2024-04-16,Grace Mensah,Physician,Sent,113
2024-04-25,Grace Mensah,Physician,Sent,89
2024-04-13,Grace Mensah,Physician,Sent,3
2024-04-16,Grace Mensah,Physician,Received,67
2024-04-05,Grace Mensah,Physician,Received,28
2024-04-24,Grace Mensah,Physician,Received,11
2024-04-10,Grace Mensah,Physician,Received,337
2024-04-30,Grace Mensah,Physician,Received,52
2024-04-28,Grace Mensah,Physician,Sent,8
2024-04-16,Grace Mensah,Physician,Sent,325
2024-04-04,Grace Mensah,Physician,Received,13
2024-04-16,Grace Mensah,Physician,Sent,66
2024-04-15,Grace Mensah,Physician,Received,64
2024-04-28,Grace Mensah,Physician,Sent,225
2024-04-19,Grace Mensah,Physician,Received,163
2024-04-19,Grace Mensah,Physician,Sent,185
2024-04-23,Grace Mensah,Physician,Sent,192
2024-04-04,Grace Mensah,Physician,Sent,39
2024-04-01,Grace Mensah,Physician,Sent,27
2024-04-06,Grace Mensah,Physician,Received,196
2024-04-25,Grace Mensah,Physician,Sent,11
2024-04-29,Grace Mensah,Physician,Received,3
2024-04-25,Grace Mensah,Physician,Sent,23
2024-04-17,Grace Mensah,Physician,Received,3
2024-04-15,Grace Mensah,Physician,Sent,14
2024-04-07,Grace Mensah,Physician,Received,52
2024-04-10,Grace Mensah,Physician,Received,50
2024-04-19,Grace Mensah,Physician,Received,118
2024-04-05,Grace Mensah,Physician,Sent,210
2024-04-17,Grace Mensah,Physician,Received,170
2024-04-06,Grace Mensah,Physician,Received,60
2024-04-17,Grace Mensah,Physician,Received,172
2024-04-16,Grace Mensah,Physician,Received,245
2024-04-10,Grace Mensah,Physician,Sent,196
2024-05-27,Grace Mensah,Physician,Sent,246
2024-05-20,Grace Mensah,Physician,Received,72
2024-05-26,Grace Mensah,Physician,Sent,4
2024-05-14,Grace Mensah,Physician,Received,49
2024-05-31,Grace Mensah,Physician,Received,205
2024-05-30,Grace Mensah,Physician,Sent,81
2024-05-17,Grace Mensah,Physician,Received,199
2024-06-21,Grace Mensah,Physician,Received,174
2024-06-30,Grace Mensah,Physician,Received,207
2024-06-03,Grace Mensah,Physician,Received,141
2024-06-26,Grace Mensah,Physician,Sent,62
2024-06-11,Grace Mensah,Physician,Sent,290
2024-06-01,Grace Mensah,Physician,Sent,15
2024-06-28,Grace Mensah,Physician,Sent,356
2024-06-20,Grace Mensah,Physician,Received,58
2024-06-22,Grace Mensah,Physician,Sent,88
2024-06-08,Grace Mensah,Physician,Received,224
2024-06-16,Grace Mensah,Physician,Sent,118
2024-06-05,Grace Mensah,Physician,Sent,118
2024-06-30,Grace Mensah,Physician,Received,82
2024-06-15,Grace Mensah,Physician,Sent,155
2024-07-16,Grace Mensah,Physician,Sent,28
2024-07-13,Grace Mensah,Physician,Received,94
2024-07-26,Grace Mensah,Physician,Sent,5
2024-07-16,Grace Mensah,Physician,Received,75
2024-07-17,Grace Mensah,Physician,Received,124
2024-08-06,Grace Mensah,Physician,Sent,79
2024-08-28,Grace Mensah,Physician,Received,96
2024-08-31,Grace Mensah,Physician,Received,6
2024-08-18,Grace Mensah,Physician,Received,67
2024-08-19,Grace Mensah,Physician,Received,133
2024-08-24,Grace Mensah,Physician,Received,99
2024-08-07,Grace Mensah,Physician,Sent,24
2024-08-10,Grace Mensah,Physician,Received,18
2024-08-08,Grace Mensah,Physician,Sent,62
2024-08-20,Grace Mensah,Physician,Received,463
2024-08-08,Grace Mensah,Physician,Received,119
2024-10-14,Grace Mensah,Physician,Received,5
2024-10-23,Grace Mensah,Physician,Received,356
2024-10-17,Grace Mensah,Physician,Received,110
2024-10-13,Grace Mensah,Physician,Received,98
2024-10-03,Grace Mensah,Physician,Sent,116
2024-10-02,Grace Mensah,Physician,Received,282
2024-10-18,Grace Mensah,Physician,Received,141
2024-10-15,Grace Mensah,Physician,Received,164
2024-10-06,Grace Mensah,Physician,Received,169
2024-11-06,Grace Mensah,Physician,Received,211
2024-11-01,Grace Mensah,Physician,Sent,301
2024-11-19,Grace Mensah,Physician,Sent,36
2024-11-02,Grace Mensah,Physician,Sent,126
2024-11-08,Grace Mensah,Physician,Received,60
2019-07-23,Lukas Novak,Pilot,Sent,24
2019-07-07,Lukas Novak,Pilot,Sent,30
2019-08-10,Lukas Novak,Pilot,Sent,6
2019-08-06,Lukas Novak,Pilot,Received,173
2019-09-08,Lukas Novak,Pilot,Received,115
2019-09-03,Lukas Novak,Pilot,Sent,20
2019-09-22,Lukas Novak,Pilot,Received,12
2019-09-18,Lukas Novak,Pilot,Sent,36
2019-09-03,Lukas Novak,Pilot,Received,222
2019-09-27,Lukas Novak,Pilot,Sent,49
2019-10-01,Lukas Novak,Pilot,Sent,523
2019-10-30,Lukas Novak,Pilot,Sent,43
2019-10-18,Lukas Novak,Pilot,Received,80
2019-10-22,Lukas Novak,Pilot,Sent,442
2019-10-20,Lukas Novak,Pilot,Received,13
2019-11-23,Lukas Novak,Pilot,Sent,5
2019-11-28,Lukas Novak,Pilot,Received,3
2019-11-02,Lukas Novak,Pilot,Received,196
2019-12-13,Lukas Novak,Pilot,Sent,16
2019-12-07,Lukas Novak,Pilot,Received,30
2019-12-07,Lukas Novak,Pilot,Sent,4
2020-01-22,Lukas Novak,Pilot,Sent,156
2020-01-13,Lukas Novak,Pilot,Received,18
2020-01-13,Lukas Novak,Pilot,Sent,184
2020-01-16,Lukas Novak,Pilot,Received,392
2020-01-17,Lukas Novak,Pilot,Sent,46
2020-02-14,Lukas Novak,Pilot,Sent,89
2020-02-01,Lukas Novak,Pilot,Received,80
2020-02-24,Lukas Novak,Pilot,Sent,30
2020-02-18,Lukas Novak,Pilot,Received,42
2020-02-23,Lukas Novak,Pilot,Sent,30
2020-02-24,Lukas Novak,Pilot,Sent,204
2020-04-21,Lukas Novak,Pilot,Sent,60
2020-04-24,Lukas Novak,Pilot,Sent,6
2020-04-23,Lukas Novak,Pilot,Sent,64
2020-04-03,Lukas Novak,Pilot,Sent,196
2020-04-30,Lukas Novak,Pilot,Sent,35
2020-04-18,Lukas Novak,Pilot,Received,246
2020-04-18,Lukas Novak,Pilot,Received,206
2020-05-13,Lukas Novak,Pilot,Sent,116
2020-05-15,Lukas Novak,Pilot,Sent,3
2020-05-19,Lukas Novak,Pilot,Received,9
2020-05-25,Lukas Novak,Pilot,Received,20
2020-05-17,Lukas Novak,Pilot,Sent,80
2020-07-10,Lukas Novak,Pilot,Sent,3
2020-07-22,Lukas Novak,Pilot,Received,160
2020-07-29,Lukas Novak,Pilot,Sent,305
2020-07-03,Lukas Novak,Pilot,Sent,67
2020-07-31,Lukas Novak,Pilot,Received,354
2020-07-02,Lukas Novak,Pilot,Sent,468
2020-10-23,Lukas Novak,Pilot,Received,304
2020-10-16,Lukas Novak,Pilot,Sent,303
2020-10-24,Lukas Novak,Pilot,Received,123
2020-10-07,Lukas Novak,Pilot,Sent,30
2020-10-29,Lukas Novak,Pilot,Sent,25
2020-10-06,Lukas Novak,Pilot,Received,130
2020-10-19,Lukas Novak,Pilot,Sent,8
2020-10-30,Lukas Novak,Pilot,Received,44
2020-10-25,Lukas Novak,Pilot,Sent,40
2020-10-25,Lukas Novak,Pilot,Sent,20
2020-10-02,Lukas Novak,Pilot,Received,133
2020-10-23,Lukas Novak,Pilot,Sent,306
2020-11-07,Lukas Novak,Pilot,Sent,314
2020-11-17,Lukas Novak,Pilot,Received,275
2020-11-17,Lukas Novak,Pilot,Sent,51
2020-11-25,Lukas Novak,Pilot,Sent,104
2020-11-10,Lukas Novak,Pilot,Received,280
2020-11-07,Lukas Novak,Pilot,Received,68
2020-11-15,Lukas Novak,Pilot,Sent,162
2020-11-04,Lukas Novak,Pilot,Sent,3
2020-11-23,Lukas Novak,Pilot,Received,119
2020-11-23,Lukas Novak,Pilot,Received,56
2021-01-30,Lukas Novak,Pilot,Sent,60
2021-01-03,Lukas Novak,Pilot,Received,7
2021-01-17,Lukas Novak,Pilot,Received,27
2021-01-07,Lukas Novak,Pilot,Sent,45
2021-01-26,Lukas Novak,Pilot,Received,291
2021-01-09,Lukas Novak,Pilot,Received,119
2021-01-29,Lukas Novak,Pilot,Received,364
2021-01-04,Lukas Novak,Pilot,Received,232
2021-01-01,Lukas Novak,Pilot,Received,145
2021-01-09,Lukas Novak,Pilot,Sent,206
2021-01-29,Lukas Novak,Pilot,Sent,15
2021-01-29,Lukas Novak,Pilot,Sent,200
2021-01-23,Lukas Novak,Pilot,Sent,24
2021-03-29,Lukas Novak,Pilot,Sent,249
2021-03-28,Lukas Novak,Pilot,Sent,76
2021-03-14,Lukas Novak,Pilot,Received,50
2021-03-30,Lukas Novak,Pilot,Sent,125
2021-03-14,Lukas Novak,Pilot,Sent,220
2021-03-28,Lukas Novak,Pilot,Received,66
2021-03-02,Lukas Novak,Pilot,Sent,33
2021-03-15,Lukas Novak,Pilot,Received,407
2021-03-29,Lukas Novak,Pilot,Sent,158
2021-03-30,Lukas Novak,Pilot,Sent,10
2021-03-18,Lukas Novak,Pilot,Sent,48
2021-03-04,Lukas Novak,Pilot,Received,271
2021-03-15,Lukas Novak,Pilot,Sent,15
2021-03-14,Lukas Novak,Pilot,Sent,340
2021-03-19,Lukas Novak,Pilot,Received,8
2021-03-11,Lukas Novak,Pilot,Sent,361
2021-03-16,Lukas Novak,Pilot,Received,160
2021-03-23,Lukas Novak,Pilot,Sent,603
2021-03-01,Lukas Novak,Pilot,Received,202
2021-03-23,Lukas Novak,Pilot,Sent,115
2021-03-15,Lukas Novak,Pilot,Sent,282
2021-03-17,Lukas Novak,Pilot,Received,38
2021-03-31,Lukas Novak,Pilot,Received,164
2021-03-25,Lukas Novak,Pilot,Sent,406
2021-03-10,Lukas Novak,Pilot,Sent,65
2021-03-07,Lukas Novak,Pilot,Received,65
2021-03-30,Lukas Novak,Pilot,Received,182
2021-03-07,Lukas Novak,Pilot,Received,31
2021-03-01,Lukas Novak,Pilot,Received,3
2021-03-24,Lukas Novak,Pilot,Sent,87
2021-03-20,Lukas Novak,Pilot,Received,149
2021-03-09,Lukas Novak,Pilot,Received,219
2021-03-25,Lukas Novak,Pilot,Received,21
2021-03-24,Lukas Novak,Pilot,Sent,61
2021-03-30,Lukas Novak,Pilot,Received,28
2021-03-21,Lukas Novak,Pilot,Sent,367
2021-03-21,Lukas Novak,Pilot,Sent,87
2021-03-01,Lukas Novak,Pilot,Sent,170
2021-03-16,Lukas Novak,Pilot,Received,305
2021-03-12,Lukas Novak,Pilot,Received,137
2021-03-05,Lukas Novak,Pilot,Received,272
2021-03-12,Lukas Novak,Pilot,Sent,320
2021-03-25,Lukas Novak,Pilot,Sent,9
2021-03-22,Lukas Novak,Pilot,Received,46
2021-03-11,Lukas Novak,Pilot,Sent,27
2021-03-01,Lukas Novak,Pilot,Received,269
2021-03-11,Lukas Novak,Pilot,Sent,27
2021-03-12,Lukas Novak,Pilot,Sent,388
2021-03-27,Lukas Novak,Pilot,Sent,57
2021-03-22,Lukas Novak,Pilot,Sent,54
2021-03-04,Lukas Novak,Pilot,Received,5
2021-04-27,Lukas Novak,Pilot,Received,7
2021-04-11,Lukas Novak,Pilot,Received,137
2021-04-16,Lukas Novak,Pilot,Sent,394
2021-04-02,Lukas Novak,Pilot,Sent,114
2021-04-02,Lukas Novak,Pilot,Sent,8
2021-04-20,Lukas Novak,Pilot,Sent,420
2021-04-01,Lukas Novak,Pilot,Sent,53
2021-04-20,Lukas Novak,Pilot,Sent,120
2021-04-01,Lukas Novak,Pilot,Sent,195
2021-04-27,Lukas Novak,Pilot,Sent,36
2021-04-26,Lukas Novak,Pilot,Sent,120
2021-04-02,Lukas Novak,Pilot,Sent,9
2021-04-11,Lukas Novak,Pilot,Sent,172
2021-05-25,Lukas Novak,Pilot,Sent,484
2021-05-01,Lukas Novak,Pilot,Sent,78
2021-05-01,Lukas Novak,Pilot,Sent,96
2021-05-29,Lukas Novak,Pilot,Sent,53
2021-05-19,Lukas Novak,Pilot,Received,34
2021-05-22,Lukas Novak,Pilot,Sent,439
2021-05-11,Lukas Novak,Pilot,Sent,563
2021-05-19,Lukas Novak,Pilot,Sent,72
2021-05-11,Lukas Novak,Pilot,Sent,45
2021-05-11,Lukas Novak,Pilot,Sent,123
2021-05-04,Lukas Novak,Pilot,Received,4
2021-05-16,Lukas Novak,Pilot,Received,64
2021-05-20,Lukas Novak,Pilot,Sent,158
2021-06-27,Lukas Novak,Pilot,Received,113
2021-06-17,Lukas Novak,Pilot,Received,44
2021-06-07,Lukas Novak,Pilot,Sent,37
2021-06-12,Lukas Novak,Pilot,Sent,19
2021-06-04,Lukas Novak,Pilot,Sent,110
2021-06-28,Lukas Novak,Pilot,Sent,365
2021-07-01,Lukas Novak,Pilot,Received,76
2021-07-21,Lukas Novak,Pilot,Sent,24
2021-07-08,Lukas Novak,Pilot,Received,141
2021-07-31,Lukas Novak,Pilot,Sent,116
2021-07-14,Lukas Novak,Pilot,Sent,178
2021-07-21,Lukas Novak,Pilot,Sent,158
2021-07-14,Lukas Novak,Pilot,Sent,404
2021-07-29,Lukas Novak,Pilot,Sent,29
2021-07-21,Lukas Novak,Pilot,Sent,396
2021-07-27,Lukas Novak,Pilot,Sent,60
2021-07-17,Lukas Novak,Pilot,Received,151
2021-08-02,Lukas Novak,Pilot,Sent,137
2021-08-15,Lukas Novak,Pilot,Received,113
2021-08-01,Lukas Novak,Pilot,Sent,5
2021-08-17,Lukas Novak,Pilot,Received,100
2021-08-17,Lukas Novak,Pilot,Received,157
2021-08-06,Lukas Novak,Pilot,Received,66
2021-08-13,Lukas Novak,Pilot,Received,67
2021-09-16,Lukas Novak,Pilot,Sent,25
2021-09-09,Lukas Novak,Pilot,Sent,253
2021-09-19,Lukas Novak,Pilot,Received,249
2021-09-25,Lukas Novak,Pilot,Sent,68
2021-09-06,Lukas Novak,Pilot,Sent,116
2021-09-09,Lukas Novak,Pilot,Received,35
2021-10-06,Lukas Novak,Pilot,Received,43
2021-10-16,Lukas Novak,Pilot,Received,20
2021-10-17,Lukas Novak,Pilot,Sent,557
2021-10-07,Lukas Novak,Pilot,Sent,19
2021-10-31,Lukas Novak,Pilot,Received,57
2021-10-17,Lukas Novak,Pilot,Sent,286
2021-10-05,Lukas Novak,Pilot,Received,149
2021-10-23,Lukas Novak,Pilot,Sent,52
2021-10-10,Lukas Novak,Pilot,Sent,211
2021-10-09,Lukas Novak,Pilot,Received,209
2021-10-22,Lukas Novak,Pilot,Sent,64
2021-11-16,Lukas Novak,Pilot,Received,177
2021-11-22,Lukas Novak,Pilot,Sent,10
2021-11-28,Lukas Novak,Pilot,Received,39
2021-11-25,Lukas Novak,Pilot,Sent,30
2021-11-10,Lukas Novak,Pilot,Received,427
2021-11-08,Lukas Novak,Pilot,Sent,20
2021-11-01,Lukas Novak,Pilot,Sent,155
2021-11-24,Lukas Novak,Pilot,Received,168
2021-11-09,Lukas Novak,Pilot,Sent,356
2021-11-14,Lukas Novak,Pilot,Sent,77
2021-11-23,Lukas Novak,Pilot,Received,394
2021-11-27,Lukas Novak,Pilot,Sent,244
2021-12-26,Lukas Novak,Pilot,Sent,135
2021-12-20,Lukas Novak,Pilot,Sent,55
2021-12-08,Lukas Novak,Pilot,Sent,78
2021-12-21,Lukas Novak,Pilot,Received,130
2021-12-28,Lukas Novak,Pilot,Sent,21
2021-12-30,Lukas Novak,Pilot,Sent,279
2021-12-17,Lukas Novak,Pilot,Sent,69
2021-12-22,Lukas Novak,Pilot,Sent,78
2021-12-11,Lukas Novak,Pilot,Sent,35
2021-12-29,Lukas Novak,Pilot,Received,76
2021-12-27,Lukas Novak,Pilot,Received,25
2022-01-23,Lukas Novak,Pilot,Sent,51
2022-01-22,Lukas Novak,Pilot,Received,165
2022-01-07,Lukas Novak,Pilot,Sent,30
2022-01-10,Lukas Novak,Pilot,Received,71
2022-01-05,Lukas Novak,Pilot,Sent,216
2022-01-30,Lukas Novak,Pilot,Received,33
2022-01-19,Lukas Novak,Pilot,Sent,67
2022-01-03,Lukas Novak,Pilot,Received,170
2022-02-10,Lukas Novak,Pilot,Received,160
2022-02-06,Lukas Novak,Pilot,Sent,86
2022-02-07,Lukas Novak,Pilot,Sent,54
2022-02-24,Lukas Novak,Pilot,Sent,33
2022-02-15,Lukas Novak,Pilot,Sent,207
2022-02-11,Lukas Novak,Pilot,Sent,387
2022-02-12,Lukas Novak,Pilot,Sent,424
2022-02-06,Lukas Novak,Pilot,Sent,5
2022-02-02,Lukas Novak,Pilot,Received,49
2022-03-27,Lukas Novak,Pilot,Sent,4
2022-03-20,Lukas Novak,Pilot,Sent,74
2022-03-10,Lukas Novak,Pilot,Received,38
2022-03-14,Lukas Novak,Pilot,Received,61
2022-03-23,Lukas Novak,Pilot,Sent,234
2022-03-31,Lukas Novak,Pilot,Sent,158
2022-03-20,Lukas Novak,Pilot,Sent,145
2022-03-06,Lukas Novak,Pilot,Received,62
2022-03-16,Lukas Novak,Pilot,Sent,170
2022-03-23,Lukas Novak,Pilot,Sent,105
2022-03-12,Lukas Novak,Pilot,Received,145
2022-03-18,Lukas Novak,Pilot,Sent,95
2022-03-30,Lukas Novak,Pilot,Sent,96
2022-03-03,Lukas Novak,Pilot,Received,110
2022-03-28,Lukas Novak,Pilot,Received,153
2022-04-23,Lukas Novak,Pilot,Sent,26
2022-04-12,Lukas Novak,Pilot,Sent,185
2022-04-02,Lukas Novak,Pilot,Sent,69
2022-04-25,Lukas Novak,Pilot,Received,43
2022-04-18,Lukas Novak,Pilot,Received,113
2022-04-17,Lukas Novak,Pilot,Sent,123
2022-04-15,Lukas Novak,Pilot,Sent,370
2022-04-16,Lukas Novak,Pilot,Sent,48
2022-04-09,Lukas Novak,Pilot,Sent,84
2022-04-12,Lukas Novak,Pilot,Sent,23
2022-05-05,Lukas Novak,Pilot,Received,42
2022-05-11,Lukas Novak,Pilot,Received,54
2022-05-07,Lukas Novak,Pilot,Received,161
2022-05-04,Lukas Novak,Pilot,Received,3
2022-05-08,Lukas Novak,Pilot,Received,158
2022-06-22,Lukas Novak,Pilot,Sent,25
2022-06-02,Lukas Novak,Pilot,Sent,174
2022-06-22,Lukas Novak,Pilot,Received,72
2022-06-18,Lukas Novak,Pilot,Received,79
2022-06-21,Lukas Novak,Pilot,Received,21
2022-06-18,Lukas Novak,Pilot,Sent,23
2022-06-23,Lukas Novak,Pilot,Sent,144
2022-06-12,Lukas Novak,Pilot,Received,97
2022-06-01,Lukas Novak,Pilot,Sent,28
2022-06-26,Lukas Novak,Pilot,Sent,35
2022-06-01,Lukas Novak,Pilot,Sent,83
2022-06-11,Lukas Novak,Pilot,Received,122
2022-06-23,Lukas Novak,Pilot,Sent,54
2022-06-15,Lukas Novak,Pilot,Received,26
2022-06-05,Lukas Novak,Pilot,Received,230
2022-07-18,Lukas Novak,Pilot,Sent,32
2022-07-22,Lukas Novak,Pilot,Sent,14
2022-07-10,Lukas Novak,Pilot,Sent,113
2022-07-28,Lukas Novak,Pilot,Received,180
2022-07-10,Lukas Novak,Pilot,Received,575
2022-07-20,Lukas Novak,Pilot,Sent,6
2022-07-18,Lukas Novak,Pilot,Sent,486
2022-07-13,Lukas Novak,Pilot,Sent,396
2022-07-12,Lukas Novak,Pilot,Sent,45
2022-07-23,Lukas Novak,Pilot,Received,18
2022-09-26,Lukas Novak,Pilot,Sent,239
2022-09-15,Lukas Novak,Pilot,Sent,109
2022-09-28,Lukas Novak,Pilot,Received,68
2022-09-01,Lukas Novak,Pilot,Sent,23
2022-09-24,Lukas Novak,Pilot,Sent,11
2022-09-13,Lukas Novak,Pilot,Sent,99
2022-09-16,Lukas Novak,Pilot,Sent,102
2022-10-28,Lukas Novak,Pilot,Sent,25
2022-10-06,Lukas Novak,Pilot,Sent,256
2022-10-13,Lukas Novak,Pilot,Received,250
2022-10-23,Lukas Novak,Pilot,Sent,57
2022-10-01,Lukas Novak,Pilot,Sent,17
2022-10-18,Lukas Novak,Pilot,Received,47
2022-10-13,Lukas Novak,Pilot,Received,48
2022-11-28,Lukas Novak,Pilot,Sent,65
2022-11-05,Lukas Novak,Pilot,Sent,37
2022-11-01,Lukas Novak,Pilot,Sent,61
2022-11-04,Lukas Novak,Pilot,Sent,573
2022-11-17,Lukas Novak,Pilot,Sent,321
2022-12-01,Lukas Novak,Pilot,Sent,157
2022-12-09,Lukas Novak,Pilot,Sent,166
2022-12-06,Lukas Novak,Pilot,Sent,77
2022-12-10,Lukas Novak,Pilot,Sent,31
2022-12-09,Lukas Novak,Pilot,Sent,77
2022-12-06,Lukas Novak,Pilot,Sent,189
2022-12-03,Lukas Novak,Pilot,Sent,10
2022-12-18,Lukas Novak,Pilot,Received,313
2022-12-02,Lukas Novak,Pilot,Received,78
2022-12-23,Lukas Novak,Pilot,Sent,117
2022-12-11,Lukas Novak,Pilot,Sent,57
2022-12-20,Lukas Novak,Pilot,Received,155
2022-12-02,Lukas Novak,Pilot,Sent,217
2022-12-27,Lukas Novak,Pilot,Received,88
2023-01-02,Lukas Novak,Pilot,Sent,20
2023-01-06,Lukas Novak,Pilot,Sent,109
2023-01-03,Lukas Novak,Pilot,Sent,158
2023-01-01,Lukas Novak,Pilot,Received,9
2023-01-31,Lukas Novak,Pilot,Sent,119
2023-01-17,Lukas Novak,Pilot,Sent,32
2023-02-20,Lukas Novak,Pilot,Sent,120
2023-02-22,Lukas Novak,Pilot,Sent,466
2023-02-11,Lukas Novak,Pilot,Sent,257
2023-02-02,Lukas Novak,Pilot,Sent,4
2023-02-04,Lukas Novak,Pilot,Sent,142
2023-02-01,Lukas Novak,Pilot,Sent,11
2023-02-16,Lukas Novak,Pilot,Received,31
2023-02-18,Lukas Novak,Pilot,Sent,128
2023-02-22,Lukas Novak,Pilot,Received,28
2023-02-15,Lukas Novak,Pilot,Sent,100
2023-02-25,Lukas Novak,Pilot,Sent,375
2023-02-15,Lukas Novak,Pilot,Sent,38
2023-02-11,Lukas Novak,Pilot,Received,312
2023-03-04,Lukas Novak,Pilot,Sent,76
2023-03-08,Lukas Novak,Pilot,Sent,104
2023-03-10,Lukas Novak,Pilot,Sent,7
2023-03-12,Lukas Novak,Pilot,Received,47
2023-03-31,Lukas Novak,Pilot,Sent,252
2023-03-11,Lukas Novak,Pilot,Sent,35
2023-03-08,Lukas Novak,Pilot,Sent,118
2023-03-04,Lukas Novak,Pilot,Sent,6
2023-03-21,Lukas Novak,Pilot,Received,57
2023-03-25,Lukas Novak,Pilot,Sent,214
2023-03-25,Lukas Novak,Pilot,Sent,197
2023-03-13,Lukas Novak,Pilot,Sent,19
2023-03-03,Lukas Novak,Pilot,Sent,44
2023-03-23,Lukas Novak,Pilot,Received,81
2023-03-18,Lukas Novak,Pilot,Sent,28
2023-03-20,Lukas Novak,Pilot,Sent,195
2023-03-21,Lukas Novak,Pilot,Sent,34
2023-03-06,Lukas Novak,Pilot,Sent,88
2023-03-11,Lukas Novak,Pilot,Sent,511
2023-03-15,Lukas Novak,Pilot,Received,132
2023-03-14,Lukas Novak,Pilot,Sent,364
2023-03-03,Lukas Novak,Pilot,Received,126
2023-03-01,Lukas Novak,Pilot,Sent,101
2023-03-16,Lukas Novak,Pilot,Sent,9
2023-03-18,Lukas Novak,Pilot,Sent,56
2023-03-11,Lukas Novak,Pilot,Sent,5
2023-03-30,Lukas Novak,Pilot,Sent,128
2023-03-13,Lukas Novak,Pilot,Sent,136
2023-03-07,Lukas Novak,Pilot,Sent,94
2023-03-21,Lukas Novak,Pilot,Received,3
2023-03-03,Lukas Novak,Pilot,Sent,138
2023-03-04,Lukas Novak,Pilot,Received,73
2023-03-28,Lukas Novak,Pilot,Sent,246
2023-03-31,Lukas Novak,Pilot,Received,189
2023-03-28,Lukas Novak,Pilot,Received,97
2023-04-19,Lukas Novak,Pilot,Sent,255
2023-04-06,Lukas Novak,Pilot,Sent,33
2023-04-18,Lukas Novak,Pilot,Sent,69
2023-04-24,Lukas Novak,Pilot,Sent,33
2023-04-05,Lukas Novak,Pilot,Sent,14
2023-05-22,Lukas Novak,Pilot,Sent,4
2023-05-15,Lukas Novak,Pilot,Sent,287
2023-05-12,Lukas Novak,Pilot,Received,75
2023-05-18,Lukas Novak,Pilot,Sent,97
2023-05-03,Lukas Novak,Pilot,Sent,165
2023-05-23,Lukas Novak,Pilot,Sent,10
2023-05-22,Lukas Novak,Pilot,Received,407
2023-05-11,Lukas Novak,Pilot,Received,286
2023-05-10,Lukas Novak,Pilot,Sent,605
2023-05-11,Lukas Novak,Pilot,Sent,37
2023-05-23,Lukas Novak,Pilot,Sent,40
2023-05-23,Lukas Novak,Pilot,Received,62
2023-06-22,Lukas Novak,Pilot,Received,57
2023-06-22,Lukas Novak,Pilot,Received,100
2023-06-30,Lukas Novak,Pilot,Received,141
2023-06-19,Lukas Novak,Pilot,Sent,80
2023-06-06,Lukas Novak,Pilot,Sent,69
2023-06-24,Lukas Novak,Pilot,Sent,81
2023-06-06,Lukas Novak,Pilot,Sent,40
2023-06-24,Lukas Novak,Pilot,Sent,213
2023-07-06,Lukas Novak,Pilot,Sent,18
2023-07-15,Lukas Novak,Pilot,Sent,332
2023-07-30,Lukas Novak,Pilot,Sent,91
2023-07-14,Lukas Novak,Pilot,Received,66
2023-08-21,Lukas Novak,Pilot,Sent,105
2023-08-27,Lukas Novak,Pilot,Sent,18
2023-08-29,Lukas Novak,Pilot,Sent,237
2023-08-01,Lukas Novak,Pilot,Sent,338
2023-08-16,Lukas Novak,Pilot,Received,260
2023-08-16,Lukas Novak,Pilot,Sent,99
2023-08-20,Lukas Novak,Pilot,Received,117
2023-08-28,Lukas Novak,Pilot,Sent,319
2023-09-29,Lukas Novak,Pilot,Received,243
2023-09-22,Lukas Novak,Pilot,Sent,48
2023-09-26,Lukas Novak,Pilot,Sent,145
2023-09-15,Lukas Novak,Pilot,Sent,181
2023-10-31,Lukas Novak,Pilot,Sent,10
2023-10-14,Lukas Novak,Pilot,Sent,21
2023-10-20,Lukas Novak,Pilot,Sent,3
2023-10-07,Lukas Novak,Pilot,Received,9
2023-10-10,Lukas Novak,Pilot,Sent,35
2023-10-14,Lukas Novak,Pilot,Sent,148
2023-10-22,Lukas Novak,Pilot,Received,137
2023-10-11,Lukas Novak,Pilot,Sent,76
2023-10-21,Lukas Novak,Pilot,Sent,447
2023-11-11,Lukas Novak,Pilot,Received,252
2023-11-12,Lukas Novak,Pilot,Sent,78
2023-11-13,Lukas Novak,Pilot,Sent,40
2023-11-04,Lukas Novak,Pilot,Sent,83
2023-11-24,Lukas Novak,Pilot,Received,250
2023-11-03,Lukas Novak,Pilot,Sent,48
2023-11-23,Lukas Novak,Pilot,Received,209
2023-11-07,Lukas Novak,Pilot,Received,123
2023-11-27,Lukas Novak,Pilot,Received,73
2023-12-20,Lukas Novak,Pilot,Sent,156
2023-12-23,Lukas Novak,Pilot,Received,3
2023-12-12,Lukas Novak,Pilot,Sent,78
2023-12-05,Lukas Novak,Pilot,Received,21
2023-12-02,Lukas Novak,Pilot,Sent,18
2023-12-12,Lukas Novak,Pilot,Sent,159
2023-12-21,Lukas Novak,Pilot,Received,182
2023-12-01,Lukas Novak,Pilot,Sent,209
2023-12-03,Lukas Novak,Pilot,Sent,91
2023-12-24,Lukas Novak,Pilot,Sent,313
2024-01-24,Lukas Novak,Pilot,Sent,78
2024-01-11,Lukas Novak,Pilot,Sent,4
2024-01-01,Lukas Novak,Pilot,Sent,150
2024-01-23,Lukas Novak,Pilot,Sent,3
2024-01-31,Lukas Novak,Pilot,Sent,222
2024-01-07,Lukas Novak,Pilot,Received,144
2024-01-28,Lukas Novak,Pilot,Sent,25
2024-01-23,Lukas Novak,Pilot,Sent,18
2024-02-12,Lukas Novak,Pilot,Sent,124
2024-02-22,Lukas Novak,Pilot,Sent,34
2024-02-09,Lukas Novak,Pilot,Received,84
2024-02-03,Lukas Novak,Pilot,Received,24
2024-02-02,Lukas Novak,Pilot,Sent,16
2024-02-22,Lukas Novak,Pilot,Received,191
2024-02-08,Lukas Novak,Pilot,Sent,53
2024-02-21,Lukas Novak,Pilot,Sent,144
2024-03-30,Lukas Novak,Pilot,Sent,468
2024-03-05,Lukas Novak,Pilot,Sent,92
2024-03-02,Lukas Novak,Pilot,Sent,38
2024-04-04,Lukas Novak,Pilot,Sent,90
2024-04-09,Lukas Novak,Pilot,Sent,112
2024-04-15,Lukas Novak,Pilot,Sent,4
2024-04-28,Lukas Novak,Pilot,Received,180
2024-04-06,Lukas Novak,Pilot,Sent,32
2024-04-01,Lukas Novak,Pilot,Sent,434
2024-04-17,Lukas Novak,Pilot,Received,123
2024-04-14,Lukas Novak,Pilot,Received,76
2024-05-26,Lukas Novak,Pilot,Received,12
2024-05-11,Lukas Novak,Pilot,Sent,146
2024-05-30,Lukas Novak,Pilot,Sent,33
2024-05-18,Lukas Novak,Pilot,Received,91
2024-06-10,Lukas Novak,Pilot,Sent,96
2024-06-25,Lukas Novak,Pilot,Received,100
2024-06-26,Lukas Novak,Pilot,Sent,16
2024-06-07,Lukas Novak,Pilot,Sent,225
2024-06-20,Lukas Novak,Pilot,Received,133
2024-06-28,Lukas Novak,Pilot,Received,20
2024-07-24,Lukas Novak,Pilot,Sent,19
2024-07-04,Lukas Novak,Pilot,Sent,139
2024-07-31,Lukas Novak,Pilot,Sent,98
2024-07-28,Lukas Novak,Pilot,Sent,115
2024-07-26,Lukas Novak,Pilot,Received,22
2024-08-09,Lukas Novak,Pilot,Sent,61
2024-08-26,Lukas Novak,Pilot,Received,26
2024-08-11,Lukas Novak,Pilot,Sent,67
2024-08-27,Lukas Novak,Pilot,Sent,31
2024-08-03,Lukas Novak,Pilot,Sent,583
2024-08-27,Lukas Novak,Pilot,Sent,18
2024-09-23,Lukas Novak,Pilot,Sent,80
2024-09-13,Lukas Novak,Pilot,Received,143
2024-09-27,Lukas Novak,Pilot,Sent,90
2024-10-29,Lukas Novak,Pilot,Sent,6
2024-10-14,Lukas Novak,Pilot,Sent,118
2024-10-21,Lukas Novak,Pilot,Sent,68
2024-12-16,Lukas Novak,Pilot,Received,30
2024-12-05,Lukas Novak,Pilot,Sent,325
2022-05-18,Sofia Romano,Gallerist,Sent,165
2022-05-21,Sofia Romano,Gallerist,Sent,45
2022-06-07,Sofia Romano,Gallerist,Sent,4
2022-06-14,Sofia Romano,Gallerist,Received,420
2022-06-30,Sofia Romano,Gallerist,Received,46
2022-06-22,Sofia Romano,Gallerist,Sent,90
2022-07-07,Sofia Romano,Gallerist,Received,333
2022-07-16,Sofia Romano,Gallerist,Received,194
2022-07-29,Sofia Romano,Gallerist,Received,26
2022-07-31,Sofia Romano,Gallerist,Sent,14
2022-07-12,Sofia Romano,Gallerist,Sent,222
2022-08-28,Sofia Romano,Gallerist,Received,109
2022-08-16,Sofia Romano,Gallerist,Received,181
2022-08-28,Sofia Romano,Gallerist,Sent,246
2022-08-13,Sofia Romano,Gallerist,Received,161
2022-08-18,Sofia Romano,Gallerist,Sent,86
2022-10-11,Sofia Romano,Gallerist,Received,136
2022-10-04,Sofia Romano,Gallerist,Received,34
2022-10-06,Sofia Romano,Gallerist,Received,208
2022-10-07,Sofia Romano,Gallerist,Sent,13
2022-10-27,Sofia Romano,Gallerist,Received,10
2022-10-27,Sofia Romano,Gallerist,Sent,245
2022-11-12,Sofia Romano,Gallerist,Sent,89
2022-11-26,Sofia Romano,Gallerist,Sent,50
2022-11-29,Sofia Romano,Gallerist,Received,11
2022-11-15,Sofia Romano,Gallerist,Received,69
2022-11-04,Sofia Romano,Gallerist,Received,100
2022-11-13,Sofia Romano,Gallerist,Received,69
2022-11-20,Sofia Romano,Gallerist,Received,9
2022-11-08,Sofia Romano,Gallerist,Sent,137
2022-11-09,Sofia Romano,Gallerist,Received,36
2022-12-31,Sofia Romano,Gallerist,Sent,314
2022-12-20,Sofia Romano,Gallerist,Received,99
2022-12-30,Sofia Romano,Gallerist,Received,81
2022-12-14,Sofia Romano,Gallerist,Received,40
2022-12-24,Sofia Romano,Gallerist,Sent,10
2022-12-08,Sofia Romano,Gallerist,Received,148
2022-12-26,Sofia Romano,Gallerist,Sent,155
2022-12-20,Sofia Romano,Gallerist,Received,25
2022-12-08,Sofia Romano,Gallerist,Sent,238
2022-12-07,Sofia Romano,Gallerist,Received,56
2022-12-11,Sofia Romano,Gallerist,Sent,173
2023-01-12,Sofia Romano,Gallerist,Sent,110
2023-01-26,Sofia Romano,Gallerist,Sent,233
2023-01-15,Sofia Romano,Gallerist,Received,93
2023-01-06,Sofia Romano,Gallerist,Received,359
2023-01-07,Sofia Romano,Gallerist,Sent,21
2023-01-17,Sofia Romano,Gallerist,Received,16
2023-01-17,Sofia Romano,Gallerist,Received,33
2023-01-07,Sofia Romano,Gallerist,Sent,215
2023-01-22,Sofia Romano,Gallerist,Sent,104
2023-01-28,Sofia Romano,Gallerist,Received,39
2023-01-16,Sofia Romano,Gallerist,Received,387
2023-01-20,Sofia Romano,Gallerist,Received,90
2023-01-28,Sofia Romano,Gallerist,Received,120
2023-02-22,Sofia Romano,Gallerist,Received,112
2023-02-09,Sofia Romano,Gallerist,Received,181
2023-02-26,Sofia Romano,Gallerist,Sent,299
2023-02-05,Sofia Romano,Gallerist,Sent,244
2023-02-27,Sofia Romano,Gallerist,Sent,353
2023-02-21,Sofia Romano,Gallerist,Received,133
2023-02-12,Sofia Romano,Gallerist,Received,58
2023-03-31,Sofia Romano,Gallerist,Sent,124
2023-03-23,Sofia Romano,Gallerist,Sent,29
2023-03-06,Sofia Romano,Gallerist,Received,189
2023-03-24,Sofia Romano,Gallerist,Received,13
2023-03-04,Sofia Romano,Gallerist,Sent,120
2023-03-21,Sofia Romano,Gallerist,Received,243
2023-03-10,Sofia Romano,Gallerist,Received,96
2023-03-09,Sofia Romano,Gallerist,Sent,288
2023-03-11,Sofia Romano,Gallerist,Received,70
2023-03-02,Sofia Romano,Gallerist,Sent,264
2023-03-20,Sofia Romano,Gallerist,Received,43
2023-03-21,Sofia Romano,Gallerist,Received,157
2023-03-07,Sofia Romano,Gallerist,Sent,66
2023-03-31,Sofia Romano,Gallerist,Sent,107
2023-03-04,Sofia Romano,Gallerist,Sent,270
2023-03-25,Sofia Romano,Gallerist,Sent,818
2023-04-11,Sofia Romano,Gallerist,Received,136
2023-04-10,Sofia Romano,Gallerist,Received,47
2023-04-18,Sofia Romano,Gallerist,Sent,273
2023-04-19,Sofia Romano,Gallerist,Sent,479
2023-04-05,Sofia Romano,Gallerist,Sent,14
2023-04-05,Sofia Romano,Gallerist,Sent,214
2023-04-02,Sofia Romano,Gallerist,Received,435
2023-04-13,Sofia Romano,Gallerist,Sent,20
2023-04-08,Sofia Romano,Gallerist,Received,252
2023-04-08,Sofia Romano,Gallerist,Received,37
2023-04-27,Sofia Romano,Gallerist,Received,171
2023-04-22,Sofia Romano,Gallerist,Sent,35
2023-04-09,Sofia Romano,Gallerist,Received,229
2023-04-24,Sofia Romano,Gallerist,Received,41
2023-04-30,Sofia Romano,Gallerist,Sent,130
2023-04-07,Sofia Romano,Gallerist,Received,64
2023-05-14,Sofia Romano,Gallerist,Received,313
2023-05-09,Sofia Romano,Gallerist,Sent,103
2023-05-30,Sofia Romano,Gallerist,Received,205
2023-05-31,Sofia Romano,Gallerist,Received,15
2023-05-31,Sofia Romano,Gallerist,Sent,337
2023-05-23,Sofia Romano,Gallerist,Received,47
2023-05-20,Sofia Romano,Gallerist,Sent,33
2023-05-07,Sofia Romano,Gallerist,Sent,12
2023-05-29,Sofia Romano,Gallerist,Received,76
2023-05-14,Sofia Romano,Gallerist,Received,297
2023-05-27,Sofia Romano,Gallerist,Received,4
2023-05-14,Sofia Romano,Gallerist,Received,9
2023-05-17,Sofia Romano,Gallerist,Sent,10
2023-05-22,Sofia Romano,Gallerist,Received,142
2023-05-01,Sofia Romano,Gallerist,Received,122
2023-05-17,Sofia Romano,Gallerist,Received,133
2023-05-06,Sofia Romano,Gallerist,Sent,31
2023-06-27,Sofia Romano,Gallerist,Received,437
2023-06-21,Sofia Romano,Gallerist,Received,7
2023-06-17,Sofia Romano,Gallerist,Received,270
2023-06-01,Sofia Romano,Gallerist,Sent,57
2023-06-01,Sofia Romano,Gallerist,Sent,337
2023-06-26,Sofia Romano,Gallerist,Received,46
2023-06-21,Sofia Romano,Gallerist,Received,133
2023-06-27,Sofia Romano,Gallerist,Sent,59
2023-06-11,Sofia Romano,Gallerist,Sent,132
2023-06-21,Sofia Romano,Gallerist,Sent,182
2023-06-19,Sofia Romano,Gallerist,Sent,164
2023-06-22,Sofia Romano,Gallerist,Received,635
2023-06-26,Sofia Romano,Gallerist,Received,26
2023-06-06,Sofia Romano,Gallerist,Received,245
2023-06-01,Sofia Romano,Gallerist,Sent,392
2023-06-16,Sofia Romano,Gallerist,Received,154
2023-06-13,Sofia Romano,Gallerist,Received,92
2023-06-07,Sofia Romano,Gallerist,Sent,115
2023-06-26,Sofia Romano,Gallerist,Received,75
2023-08-01,Sofia Romano,Gallerist,Received,20
2023-08-11,Sofia Romano,Gallerist,Received,43
2023-08-24,Sofia Romano,Gallerist,Received,37
2023-08-15,Sofia Romano,Gallerist,Received,59
2023-08-03,Sofia Romano,Gallerist,Received,183
2023-08-31,Sofia Romano,Gallerist,Sent,70
2023-08-05,Sofia Romano,Gallerist,Sent,121
2023-08-06,Sofia Romano,Gallerist,Sent,78
2023-08-29,Sofia Romano,Gallerist,Received,163
2023-08-20,Sofia Romano,Gallerist,Received,19
2023-08-05,Sofia Romano,Gallerist,Received,100
2023-08-29,Sofia Romano,Gallerist,Sent,138
2023-08-26,Sofia Romano,Gallerist,Sent,50
2023-08-24,Sofia Romano,Gallerist,Sent,17
2023-08-12,Sofia Romano,Gallerist,Sent,14
2023-08-25,Sofia Romano,Gallerist,Received,5
2023-08-26,Sofia Romano,Gallerist,Received,47
2023-08-30,Sofia Romano,Gallerist,Received,96
2023-08-01,Sofia Romano,Gallerist,Received,381
2023-08-09,Sofia Romano,Gallerist,Received,89
2023-08-08,Sofia Romano,Gallerist,Sent,252
2023-08-06,Sofia Romano,Gallerist,Received,127
2023-08-08,Sofia Romano,Gallerist,Received,55
2023-08-30,Sofia Romano,Gallerist,Received,103
2023-08-27,Sofia Romano,Gallerist,Received,52
2023-08-13,Sofia Romano,Gallerist,Sent,21
2023-08-14,Sofia Romano,Gallerist,Sent,381
2023-08-01,Sofia Romano,Gallerist,Received,60
2023-08-23,Sofia Romano,Gallerist,Sent,251
2023-08-30,Sofia Romano,Gallerist,Sent,39
2023-08-24,Sofia Romano,Gallerist,Received,14
2023-08-21,Sofia Romano,Gallerist,Sent,25
2023-08-22,Sofia Romano,Gallerist,Received,114
2023-08-19,Sofia Romano,Gallerist,Sent,120
2023-08-25,Sofia Romano,Gallerist,Sent,101
2023-08-08,Sofia Romano,Gallerist,Received,73
2023-08-14,Sofia Romano,Gallerist,Received,11
2023-08-22,Sofia Romano,Gallerist,Received,113
2023-08-03,Sofia Romano,Gallerist,Sent,4
2023-08-06,Sofia Romano,Gallerist,Received,19
2023-08-05,Sofia Romano,Gallerist,Sent,270
2023-08-10,Sofia Romano,Gallerist,Received,15
2023-08-19,Sofia Romano,Gallerist,Received,103
2023-08-13,Sofia Romano,Gallerist,Sent,59
2023-08-01,Sofia Romano,Gallerist,Sent,8
2023-08-26,Sofia Romano,Gallerist,Sent,16
2023-08-26,Sofia Romano,Gallerist,Received,57
2023-08-06,Sofia Romano,Gallerist,Sent,34
2023-08-13,Sofia Romano,Gallerist,Received,42
2023-09-28,Sofia Romano,Gallerist,Received,403
2023-09-28,Sofia Romano,Gallerist,Received,92
2023-09-17,Sofia Romano,Gallerist,Received,44
2023-09-21,Sofia Romano,Gallerist,Received,5
2023-09-12,Sofia Romano,Gallerist,Received,31
2023-09-15,Sofia Romano,Gallerist,Sent,34
2023-09-17,Sofia Romano,Gallerist,Sent,271
2023-09-27,Sofia Romano,Gallerist,Received,3
2023-09-18,Sofia Romano,Gallerist,Received,33
2023-09-02,Sofia Romano,Gallerist,Received,19
2023-09-08,Sofia Romano,Gallerist,Sent,110
2023-09-06,Sofia Romano,Gallerist,Received,8
2023-09-04,Sofia Romano,Gallerist,Received,18
2023-11-11,Sofia Romano,Gallerist,Received,142
2023-11-17,Sofia Romano,Gallerist,Received,86
2023-11-16,Sofia Romano,Gallerist,Received,24
2023-11-22,Sofia Romano,Gallerist,Received,3
2023-11-25,Sofia Romano,Gallerist,Received,221
2023-11-29,Sofia Romano,Gallerist,Sent,32
2023-11-18,Sofia Romano,Gallerist,Sent,68
2023-11-06,Sofia Romano,Gallerist,Sent,121
2023-11-07,Sofia Romano,Gallerist,Received,13
2023-11-01,Sofia Romano,Gallerist,Sent,75
2023-11-23,Sofia Romano,Gallerist,Received,70
2024-01-05,Sofia Romano,Gallerist,Sent,50
2024-01-05,Sofia Romano,Gallerist,Received,131
2024-01-13,Sofia Romano,Gallerist,Received,144
2024-01-18,Sofia Romano,Gallerist,Received,92
2024-01-05,Sofia Romano,Gallerist,Sent,77
2024-01-15,Sofia Romano,Gallerist,Received,203
2024-01-20,Sofia Romano,Gallerist,Sent,62
2024-01-28,Sofia Romano,Gallerist,Sent,271
2024-01-14,Sofia Romano,Gallerist,Sent,44
2024-01-16,Sofia Romano,Gallerist,Sent,38
2024-02-21,Sofia Romano,Gallerist,Sent,234
2024-02-19,Sofia Romano,Gallerist,Sent,332
2024-02-29,Sofia Romano,Gallerist,Received,290
2024-02-04,Sofia Romano,Gallerist,Received,156
2024-02-22,Sofia Romano,Gallerist,Received,10
2024-02-01,Sofia Romano,Gallerist,Received,180
2024-02-15,Sofia Romano,Gallerist,Sent,35
2024-02-28,Sofia Romano,Gallerist,Sent,264
2024-02-19,Sofia Romano,Gallerist,Sent,147
2024-02-19,Sofia Romano,Gallerist,Sent,577
2024-02-01,Sofia Romano,Gallerist,Sent,305
2024-02-07,Sofia Romano,Gallerist,Received,45
2024-02-26,Sofia Romano,Gallerist,Sent,14
2024-02-11,Sofia Romano,Gallerist,Sent,113
2024-02-08,Sofia Romano,Gallerist,Received,16
2024-02-24,Sofia Romano,Gallerist,Sent,72
2024-03-10,Sofia Romano,Gallerist,Sent,37
2024-03-24,Sofia Romano,Gallerist,Sent,3
2024-03-15,Sofia Romano,Gallerist,Received,28
2024-03-20,Sofia Romano,Gallerist,Received,22
2024-03-24,Sofia Romano,Gallerist,Sent,38
2024-03-26,Sofia Romano,Gallerist,Sent,150
2024-03-13,Sofia Romano,Gallerist,Sent,6
2024-03-21,Sofia Romano,Gallerist,Received,95
2024-03-22,Sofia Romano,Gallerist,Sent,27
2024-03-21,Sofia Romano,Gallerist,Sent,232
2024-03-22,Sofia Romano,Gallerist,Sent,3
2024-05-16,Sofia Romano,Gallerist,Received,623
2024-05-13,Sofia Romano,Gallerist,Received,34
2024-05-29,Sofia Romano,Gallerist,Sent,35
2024-05-13,Sofia Romano,Gallerist,Received,10
2024-05-15,Sofia Romano,Gallerist,Sent,95
2024-05-31,Sofia Romano,Gallerist,Received,21
2024-05-14,Sofia Romano,Gallerist,Received,385
2024-05-19,Sofia Romano,Gallerist,Sent,197
2024-05-28,Sofia Romano,Gallerist,Sent,33
2024-05-15,Sofia Romano,Gallerist,Received,69
2024-05-05,Sofia Romano,Gallerist,Sent,40
2024-05-22,Sofia Romano,Gallerist,Received,166
2024-05-03,Sofia Romano,Gallerist,Sent,99
2024-05-23,Sofia Romano,Gallerist,Received,8
2024-05-14,Sofia Romano,Gallerist,Sent,3
2024-05-29,Sofia Romano,Gallerist,Sent,53
2024-06-10,Sofia Romano,Gallerist,Sent,145
2024-06-22,Sofia Romano,Gallerist,Sent,162
2024-06-15,Sofia Romano,Gallerist,Received,70
2024-06-30,Sofia Romano,Gallerist,Received,6
2024-06-27,Sofia Romano,Gallerist,Sent,15
2024-06-17,Sofia Romano,Gallerist,Sent,62
2024-06-04,Sofia Romano,Gallerist,Sent,15
2024-06-18,Sofia Romano,Gallerist,Received,63
2024-06-05,Sofia Romano,Gallerist,Sent,138
2024-07-08,Sofia Romano,Gallerist,Received,81
2024-07-28,Sofia Romano,Gallerist,Sent,26
2024-07-26,Sofia Romano,Gallerist,Sent,84
2024-07-19,Sofia Romano,Gallerist,Sent,113
2024-07-29,Sofia Romano,Gallerist,Received,43
2024-07-05,Sofia Romano,Gallerist,Sent,144
2024-07-16,Sofia Romano,Gallerist,Sent,17
2024-07-01,Sofia Romano,Gallerist,Sent,89
2024-07-06,Sofia Romano,Gallerist,Sent,297
2024-08-30,Sofia Romano,Gallerist,Sent,73
2024-08-10,Sofia Romano,Gallerist,Received,24
2024-08-11,Sofia Romano,Gallerist,Received,149
2024-08-08,Sofia Romano,Gallerist,Received,74
2024-08-01,Sofia Romano,Gallerist,Received,309
2024-08-27,Sofia Romano,Gallerist,Received,510
2024-09-09,Sofia Romano,Gallerist,Sent,3
2024-09-20,Sofia Romano,Gallerist,Received,359
2024-09-06,Sofia Romano,Gallerist,Received,7
2024-09-03,Sofia Romano,Gallerist,Received,117
2024-09-29,Sofia Romano,Gallerist,Sent,35
2024-09-17,Sofia Romano,Gallerist,Received,9
2024-09-13,Sofia Romano,Gallerist,Received,133
2024-09-09,Sofia Romano,Gallerist,Sent,52
2024-09-18,Sofia Romano,Gallerist,Received,63
2024-09-18,Sofia Romano,Gallerist,Received,46
2024-10-04,Sofia Romano,Gallerist,Sent,16
2024-10-10,Sofia Romano,Gallerist,Sent,117
2024-10-15,Sofia Romano,Gallerist,Received,40
2024-10-03,Sofia Romano,Gallerist,Sent,14
2024-10-23,Sofia Romano,Gallerist,Received,101
2024-11-19,Sofia Romano,Gallerist,Sent,106
2024-11-11,Sofia Romano,Gallerist,Sent,144
2024-11-19,Sofia Romano,Gallerist,Sent,323
2024-11-13,Sofia Romano,Gallerist,Sent,29
2024-11-23,Sofia Romano,Gallerist,Received,18
2024-12-26,Sofia Romano,Gallerist,Sent,48
2024-12-02,Sofia Romano,Gallerist,Sent,150
2020-03-07,Dev Kapoor,Engineer,Sent,178
2020-03-13,Dev Kapoor,Engineer,Received,94
2020-03-02,Dev Kapoor,Engineer,Received,20
2020-03-18,Dev Kapoor,Engineer,Sent,53
2020-04-17,Dev Kapoor,Engineer,Sent,508
2020-04-19,Dev Kapoor,Engineer,Received,286
2020-04-29,Dev Kapoor,Engineer,Received,57
2020-04-26,Dev Kapoor,Engineer,Sent,421
2020-05-29,Dev Kapoor,Engineer,Received,67
2020-05-09,Dev Kapoor,Engineer,Received,162
2020-05-17,Dev Kapoor,Engineer,Sent,34
2020-06-26,Dev Kapoor,Engineer,Sent,123
2020-06-12,Dev Kapoor,Engineer,Sent,255
2020-06-03,Dev Kapoor,Engineer,Received,20
2020-06-17,Dev Kapoor,Engineer,Sent,108
2020-06-10,Dev Kapoor,Engineer,Received,101
2020-06-30,Dev Kapoor,Engineer,Sent,103
2020-06-05,Dev Kapoor,Engineer,Sent,20
2020-06-11,Dev Kapoor,Engineer,Received,83
2020-07-22,Dev Kapoor,Engineer,Received,137
2020-07-30,Dev Kapoor,Engineer,Received,16
2020-07-13,Dev Kapoor,Engineer,Sent,24
2020-08-03,Dev Kapoor,Engineer,Sent,90
2020-08-31,Dev Kapoor,Engineer,Sent,260
2020-08-24,Dev Kapoor,Engineer,Received,124
2020-08-06,Dev Kapoor,Engineer,Received,52
2020-08-23,Dev Kapoor,Engineer,Sent,41
2020-08-12,Dev Kapoor,Engineer,Sent,26
2020-08-19,Dev Kapoor,Engineer,Received,24
2020-08-19,Dev Kapoor,Engineer,Sent,101
2020-09-29,Dev Kapoor,Engineer,Sent,39
2020-09-21,Dev Kapoor,Engineer,Received,57
2020-09-04,Dev Kapoor,Engineer,Sent,27
2020-09-25,Dev Kapoor,Engineer,Received,139
2020-09-17,Dev Kapoor,Engineer,Sent,98
2020-09-29,Dev Kapoor,Engineer,Sent,167
2020-09-22,Dev Kapoor,Engineer,Received,3
2020-09-07,Dev Kapoor,Engineer,Sent,133
2020-09-09,Dev Kapoor,Engineer,Sent,166
2020-10-11,Dev Kapoor,Engineer,Sent,166
2020-10-30,Dev Kapoor,Engineer,Sent,77
2020-10-16,Dev Kapoor,Engineer,Sent,60
2020-10-26,Dev Kapoor,Engineer,Received,83
2020-10-21,Dev Kapoor,Engineer,Sent,22
2020-10-09,Dev Kapoor,Engineer,Sent,23
2020-10-08,Dev Kapoor,Engineer,Received,78
2020-10-18,Dev Kapoor,Engineer,Sent,20
2020-10-01,Dev Kapoor,Engineer,Sent,43
2020-10-26,Dev Kapoor,Engineer,Sent,126
2020-11-21,Dev Kapoor,Engineer,Received,78
2020-11-16,Dev Kapoor,Engineer,Received,73
2020-11-19,Dev Kapoor,Engineer,Sent,154
2020-11-01,Dev Kapoor,Engineer,Sent,5
2020-11-17,Dev Kapoor,Engineer,Received,141
2020-11-17,Dev Kapoor,Engineer,Sent,91
2020-11-04,Dev Kapoor,Engineer,Sent,16
2020-11-22,Dev Kapoor,Engineer,Sent,202
2020-11-15,Dev Kapoor,Engineer,Sent,9
2020-11-30,Dev Kapoor,Engineer,Received,195
2020-11-07,Dev Kapoor,Engineer,Sent,105
2020-11-19,Dev Kapoor,Engineer,Sent,163
2020-11-08,Dev Kapoor,Engineer,Received,82
2020-11-18,Dev Kapoor,Engineer,Received,385
2020-11-25,Dev Kapoor,Engineer,Received,84
2020-11-06,Dev Kapoor,Engineer,Received,207
2020-11-14,Dev Kapoor,Engineer,Received,148
2020-11-17,Dev Kapoor,Engineer,Sent,476
2020-11-19,Dev Kapoor,Engineer,Received,163
2020-11-04,Dev Kapoor,Engineer,Sent,22
2020-11-14,Dev Kapoor,Engineer,Received,187
2020-11-14,Dev Kapoor,Engineer,Received,36
2020-11-16,Dev Kapoor,Engineer,Received,207
2020-11-16,Dev Kapoor,Engineer,Received,31
2020-11-14,Dev Kapoor,Engineer,Received,31
2020-11-03,Dev Kapoor,Engineer,Sent,3
2020-11-01,Dev Kapoor,Engineer,Received,21
2020-11-15,Dev Kapoor,Engineer,Sent,52
2020-11-13,Dev Kapoor,Engineer,Sent,170
2020-11-20,Dev Kapoor,Engineer,Sent,191
2020-11-15,Dev Kapoor,Engineer,Received,12
2020-11-11,Dev Kapoor,Engineer,Received,24
2020-11-26,Dev Kapoor,Engineer,Sent,24
2020-11-30,Dev Kapoor,Engineer,Sent,113
2020-11-15,Dev Kapoor,Engineer,Received,418
2020-11-02,Dev Kapoor,Engineer,Received,84
2020-11-20,Dev Kapoor,Engineer,Sent,196
2020-11-06,Dev Kapoor,Engineer,Sent,48
2020-12-16,Dev Kapoor,Engineer,Sent,289
2020-12-10,Dev Kapoor,Engineer,Sent,137
2020-12-14,Dev Kapoor,Engineer,Received,42
2020-12-03,Dev Kapoor,Engineer,Received,18
2020-12-29,Dev Kapoor,Engineer,Received,27
2020-12-16,Dev Kapoor,Engineer,Sent,145
2021-01-17,Dev Kapoor,Engineer,Received,111
2021-01-17,Dev Kapoor,Engineer,Sent,68
2021-01-22,Dev Kapoor,Engineer,Sent,57
2021-01-03,Dev Kapoor,Engineer,Received,27
2021-01-13,Dev Kapoor,Engineer,Received,38
2021-01-26,Dev Kapoor,Engineer,Received,93
2021-02-26,Dev Kapoor,Engineer,Sent,441
2021-02-07,Dev Kapoor,Engineer,Received,159
2021-02-18,Dev Kapoor,Engineer,Received,80
2021-02-28,Dev Kapoor,Engineer,Sent,122
2021-02-19,Dev Kapoor,Engineer,Received,138
2021-02-17,Dev Kapoor,Engineer,Sent,62
2021-02-19,Dev Kapoor,Engineer,Sent,197
2021-02-20,Dev Kapoor,Engineer,Sent,124
2021-02-20,Dev Kapoor,Engineer,Sent,131
2021-02-05,Dev Kapoor,Engineer,Sent,67
2021-02-18,Dev Kapoor,Engineer,Received,48
2021-03-04,Dev Kapoor,Engineer,Sent,142
2021-03-27,Dev Kapoor,Engineer,Received,113
2021-03-25,Dev Kapoor,Engineer,Sent,142
2021-03-31,Dev Kapoor,Engineer,Received,47
2021-03-06,Dev Kapoor,Engineer,Received,54
2021-03-17,Dev Kapoor,Engineer,Sent,48
2021-03-12,Dev Kapoor,Engineer,Received,176
2021-04-19,Dev Kapoor,Engineer,Sent,134
2021-04-02,Dev Kapoor,Engineer,Received,180
2021-04-29,Dev Kapoor,Engineer,Received,15
2021-04-05,Dev Kapoor,Engineer,Sent,15
2021-04-24,Dev Kapoor,Engineer,Sent,6
2021-04-02,Dev Kapoor,Engineer,Sent,85
2021-04-08,Dev Kapoor,Engineer,Sent,59
2021-04-01,Dev Kapoor,Engineer,Received,213
2021-04-06,Dev Kapoor,Engineer,Sent,280
2021-04-26,Dev Kapoor,Engineer,Sent,235
2021-05-12,Dev Kapoor,Engineer,Sent,89
2021-05-13,Dev Kapoor,Engineer,Sent,78
2021-05-29,Dev Kapoor,Engineer,Received,491
2021-05-24,Dev Kapoor,Engineer,Received,99
2021-05-25,Dev Kapoor,Engineer,Received,115
2021-05-06,Dev Kapoor,Engineer,Sent,41
2021-05-25,Dev Kapoor,Engineer,Sent,59
2021-05-20,Dev Kapoor,Engineer,Received,160
2021-05-01,Dev Kapoor,Engineer,Sent,83
2021-05-04,Dev Kapoor,Engineer,Received,293
2021-05-19,Dev Kapoor,Engineer,Received,7
2021-05-03,Dev Kapoor,Engineer,Received,84
2021-05-04,Dev Kapoor,Engineer,Received,18
2021-05-17,Dev Kapoor,Engineer,Received,7
2021-05-14,Dev Kapoor,Engineer,Sent,21
2021-06-01,Dev Kapoor,Engineer,Sent,88
2021-06-12,Dev Kapoor,Engineer,Received,6
2021-06-18,Dev Kapoor,Engineer,Sent,71
2021-06-22,Dev Kapoor,Engineer,Received,374
2021-06-29,Dev Kapoor,Engineer,Sent,5
2021-06-01,Dev Kapoor,Engineer,Received,254
2021-06-15,Dev Kapoor,Engineer,Sent,19
2021-06-07,Dev Kapoor,Engineer,Received,27
2021-06-30,Dev Kapoor,Engineer,Sent,264
2021-06-07,Dev Kapoor,Engineer,Sent,87
2021-06-27,Dev Kapoor,Engineer,Received,189
2021-06-04,Dev Kapoor,Engineer,Received,17
2021-06-07,Dev Kapoor,Engineer,Sent,271
2021-06-03,Dev Kapoor,Engineer,Sent,228
2021-07-10,Dev Kapoor,Engineer,Received,99
2021-07-15,Dev Kapoor,Engineer,Received,79
2021-07-21,Dev Kapoor,Engineer,Sent,86
2021-07-20,Dev Kapoor,Engineer,Received,115
2021-07-25,Dev Kapoor,Engineer,Received,85
2021-07-04,Dev Kapoor,Engineer,Received,105
2021-07-28,Dev Kapoor,Engineer,Received,317
2021-07-05,Dev Kapoor,Engineer,Received,149
2021-07-13,Dev Kapoor,Engineer,Received,30
2021-07-08,Dev Kapoor,Engineer,Sent,54
2021-07-23,Dev Kapoor,Engineer,Received,202
2021-07-02,Dev Kapoor,Engineer,Received,265
2021-07-26,Dev Kapoor,Engineer,Sent,160
2021-07-05,Dev Kapoor,Engineer,Sent,59
2021-07-14,Dev Kapoor,Engineer,Sent,570
2021-08-05,Dev Kapoor,Engineer,Sent,101
2021-08-17,Dev Kapoor,Engineer,Sent,19
2021-08-05,Dev Kapoor,Engineer,Sent,29
2021-08-19,Dev Kapoor,Engineer,Received,27
2021-08-03,Dev Kapoor,Engineer,Received,171
2021-08-22,Dev Kapoor,Engineer,Sent,374
2021-08-10,Dev Kapoor,Engineer,Received,292
2021-09-11,Dev Kapoor,Engineer,Sent,121
2021-09-13,Dev Kapoor,Engineer,Received,41
2021-09-13,Dev Kapoor,Engineer,Received,411
2021-09-03,Dev Kapoor,Engineer,Received,123
2021-09-23,Dev Kapoor,Engineer,Received,19
2021-09-15,Dev Kapoor,Engineer,Sent,105
2021-10-30,Dev Kapoor,Engineer,Sent,7
2021-10-26,Dev Kapoor,Engineer,Sent,257
2021-10-06,Dev Kapoor,Engineer,Sent,272
2021-10-13,Dev Kapoor,Engineer,Received,42
2021-10-07,Dev Kapoor,Engineer,Sent,32
2021-10-25,Dev Kapoor,Engineer,Received,168
2021-10-04,Dev Kapoor,Engineer,Sent,16
2021-10-27,Dev Kapoor,Engineer,Received,8
2021-10-24,Dev Kapoor,Engineer,Sent,161
2021-10-24,Dev Kapoor,Engineer,Received,155
2021-10-12,Dev Kapoor,Engineer,Sent,259
2021-10-01,Dev Kapoor,Engineer,Received,309
2021-11-20,Dev Kapoor,Engineer,Sent,198
2021-11-07,Dev Kapoor,Engineer,Sent,95
2021-11-26,Dev Kapoor,Engineer,Sent,87
2021-11-20,Dev Kapoor,Engineer,Sent,140
2021-11-15,Dev Kapoor,Engineer,Received,65
2021-11-06,Dev Kapoor,Engineer,Sent,14
2021-11-25,Dev Kapoor,Engineer,Received,24
2021-11-25,Dev Kapoor,Engineer,Received,140
2021-11-28,Dev Kapoor,Engineer,Received,476
2021-11-19,Dev Kapoor,Engineer,Sent,70
2021-11-06,Dev Kapoor,Engineer,Sent,15
2021-11-16,Dev Kapoor,Engineer,Sent,99
2022-02-25,Dev Kapoor,Engineer,Sent,113
2022-02-23,Dev Kapoor,Engineer,Sent,11
2022-02-28,Dev Kapoor,Engineer,Sent,318
2022-02-24,Dev Kapoor,Engineer,Sent,170
2022-02-03,Dev Kapoor,Engineer,Sent,65
2022-02-07,Dev Kapoor,Engineer,Sent,169
2022-02-15,Dev Kapoor,Engineer,Received,297
2022-02-06,Dev Kapoor,Engineer,Sent,200
2022-02-20,Dev Kapoor,Engineer,Received,95
2022-02-21,Dev Kapoor,Engineer,Sent,201
2022-03-16,Dev Kapoor,Engineer,Received,71
2022-03-09,Dev Kapoor,Engineer,Received,8
2022-03-14,Dev Kapoor,Engineer,Received,18
2022-03-24,Dev Kapoor,Engineer,Sent,152
2022-03-12,Dev Kapoor,Engineer,Sent,37
2022-03-09,Dev Kapoor,Engineer,Sent,218
2022-03-17,Dev Kapoor,Engineer,Sent,150
2022-03-18,Dev Kapoor,Engineer,Sent,407
2022-03-21,Dev Kapoor,Engineer,Sent,26
2022-03-12,Dev Kapoor,Engineer,Sent,114
2022-05-02,Dev Kapoor,Engineer,Received,177
2022-05-01,Dev Kapoor,Engineer,Received,26
2022-05-19,Dev Kapoor,Engineer,Received,263
2022-05-30,Dev Kapoor,Engineer,Received,62
2022-05-14,Dev Kapoor,Engineer,Sent,26
2022-05-06,Dev Kapoor,Engineer,Received,91
2022-06-19,Dev Kapoor,Engineer,Sent,45
2022-06-08,Dev Kapoor,Engineer,Sent,270
2022-06-06,Dev Kapoor,Engineer,Sent,64
2022-06-23,Dev Kapoor,Engineer,Received,33
2022-06-11,Dev Kapoor,Engineer,Received,45
2022-06-14,Dev Kapoor,Engineer,Sent,102
2022-06-03,Dev Kapoor,Engineer,Sent,72
2022-08-16,Dev Kapoor,Engineer,Received,67
2022-08-30,Dev Kapoor,Engineer,Sent,321
2022-08-10,Dev Kapoor,Engineer,Received,14
2022-08-24,Dev Kapoor,Engineer,Received,65
2022-08-30,Dev Kapoor,Engineer,Received,3
2022-08-01,Dev Kapoor,Engineer,Received,195
2022-08-13,Dev Kapoor,Engineer,Sent,46
2022-08-13,Dev Kapoor,Engineer,Received,259
2022-08-01,Dev Kapoor,Engineer,Sent,47
2022-09-08,Dev Kapoor,Engineer,Received,141
2022-09-08,Dev Kapoor,Engineer,Received,175
2022-09-11,Dev Kapoor,Engineer,Received,277
2022-09-11,Dev Kapoor,Engineer,Received,359
2022-10-30,Dev Kapoor,Engineer,Sent,62
2022-10-16,Dev Kapoor,Engineer,Received,23
2022-10-31,Dev Kapoor,Engineer,Sent,43
2022-10-17,Dev Kapoor,Engineer,Sent,88
2022-10-25,Dev Kapoor,Engineer,Sent,101
2022-10-30,Dev Kapoor,Engineer,Received,41
2022-10-07,Dev Kapoor,Engineer,Sent,506
2022-11-18,Dev Kapoor,Engineer,Received,84
2022-11-11,Dev Kapoor,Engineer,Received,219
2022-11-23,Dev Kapoor,Engineer,Received,146
2022-12-13,Dev Kapoor,Engineer,Received,452
2022-12-10,Dev Kapoor,Engineer,Sent,46
2023-01-05,Dev Kapoor,Engineer,Received,256
2023-01-17,Dev Kapoor,Engineer,Sent,37
2023-01-27,Dev Kapoor,Engineer,Received,63
2023-01-27,Dev Kapoor,Engineer,Received,124
2019-01-08,Iris Holm,Assistant,Received,180
2019-01-05,Iris Holm,Assistant,Received,472
2019-02-22,Iris Holm,Assistant,Sent,107
2019-03-31,Iris Holm,Assistant,Received,55
2019-03-05,Iris Holm,Assistant,Received,7
2019-03-23,Iris Holm,Assistant,Received,22
2019-05-21,Iris Holm,Assistant,Sent,73
2019-05-28,Iris Holm,Assistant,Received,23
2019-06-26,Iris Holm,Assistant,Sent,138
2019-06-28,Iris Holm,Assistant,Sent,117
2019-07-07,Iris Holm,Assistant,Sent,49
2019-07-28,Iris Holm,Assistant,Received,143
2019-07-11,Iris Holm,Assistant,Received,197
2019-07-31,Iris Holm,Assistant,Sent,40
2019-07-24,Iris Holm,Assistant,Received,21
2019-09-19,Iris Holm,Assistant,Received,127
2019-09-27,Iris Holm,Assistant,Sent,122
2019-09-14,Iris Holm,Assistant,Received,173
2019-09-27,Iris Holm,Assistant,Sent,45
2019-09-28,Iris Holm,Assistant,Sent,66
2019-10-03,Iris Holm,Assistant,Received,550
2019-10-08,Iris Holm,Assistant,Received,49
2019-10-10,Iris Holm,Assistant,Received,36
2019-10-12,Iris Holm,Assistant,Received,37
2019-10-13,Iris Holm,Assistant,Sent,422
2019-11-14,Iris Holm,Assistant,Received,86
2019-11-04,Iris Holm,Assistant,Received,165
2019-11-14,Iris Holm,Assistant,Received,59
2019-11-06,Iris Holm,Assistant,Received,31
2019-12-03,Iris Holm,Assistant,Received,271
2019-12-15,Iris Holm,Assistant,Received,8
2019-12-28,Iris Holm,Assistant,Received,9
2019-12-20,Iris Holm,Assistant,Received,26
2019-12-14,Iris Holm,Assistant,Received,210
2019-12-04,Iris Holm,Assistant,Received,487
2019-12-23,Iris Holm,Assistant,Sent,243
2020-01-05,Iris Holm,Assistant,Sent,115
2020-01-26,Iris Holm,Assistant,Received,28
2020-01-15,Iris Holm,Assistant,Received,101
2020-01-31,Iris Holm,Assistant,Sent,31
2020-01-29,Iris Holm,Assistant,Received,10
2020-03-20,Iris Holm,Assistant,Received,5
2020-03-06,Iris Holm,Assistant,Received,19
2020-03-18,Iris Holm,Assistant,Received,27
2020-03-16,Iris Holm,Assistant,Received,77
2020-03-14,Iris Holm,Assistant,Received,25
2020-04-03,Iris Holm,Assistant,Received,252
2020-04-29,Iris Holm,Assistant,Received,179
2020-04-03,Iris Holm,Assistant,Received,13
2020-04-20,Iris Holm,Assistant,Sent,3
2020-04-01,Iris Holm,Assistant,Received,274
2020-04-01,Iris Holm,Assistant,Received,92
2020-05-09,Iris Holm,Assistant,Received,49
2020-05-03,Iris Holm,Assistant,Sent,203
2020-05-06,Iris Holm,Assistant,Received,69
2020-05-29,Iris Holm,Assistant,Received,113
2020-05-04,Iris Holm,Assistant,Sent,39
2020-05-15,Iris Holm,Assistant,Received,129
2020-05-11,Iris Holm,Assistant,Received,533
2020-06-05,Iris Holm,Assistant,Received,114
2020-06-09,Iris Holm,Assistant,Received,53
2020-06-29,Iris Holm,Assistant,Received,106
2020-06-17,Iris Holm,Assistant,Sent,211
2020-06-05,Iris Holm,Assistant,Received,52
2020-07-20,Iris Holm,Assistant,Received,54
2020-07-11,Iris Holm,Assistant,Received,211
2020-07-16,Iris Holm,Assistant,Received,3
2020-07-19,Iris Holm,Assistant,Received,24
2020-07-14,Iris Holm,Assistant,Sent,133
2020-07-12,Iris Holm,Assistant,Received,233
2020-08-20,Iris Holm,Assistant,Received,81
2020-08-19,Iris Holm,Assistant,Sent,157
2020-08-06,Iris Holm,Assistant,Received,26
2020-09-20,Iris Holm,Assistant,Sent,31
2020-09-02,Iris Holm,Assistant,Received,6
2020-09-03,Iris Holm,Assistant,Sent,24
2020-09-11,Iris Holm,Assistant,Received,270
2020-10-07,Iris Holm,Assistant,Received,30
2020-10-06,Iris Holm,Assistant,Received,39
2020-10-02,Iris Holm,Assistant,Received,119
2020-10-02,Iris Holm,Assistant,Sent,29
2020-10-27,Iris Holm,Assistant,Received,103
2020-10-21,Iris Holm,Assistant,Received,157
2020-11-17,Iris Holm,Assistant,Received,40
2020-11-27,Iris Holm,Assistant,Sent,18
2020-11-30,Iris Holm,Assistant,Received,9
2020-11-21,Iris Holm,Assistant,Received,180
2020-11-18,Iris Holm,Assistant,Received,174
2020-11-21,Iris Holm,Assistant,Received,13
2020-11-19,Iris Holm,Assistant,Sent,72
2020-12-14,Iris Holm,Assistant,Received,87
2020-12-28,Iris Holm,Assistant,Sent,25
2020-12-28,Iris Holm,Assistant,Sent,9
2020-12-13,Iris Holm,Assistant,Received,149
2020-12-27,Iris Holm,Assistant,Received,9
2021-02-03,Iris Holm,Assistant,Received,28
2021-02-08,Iris Holm,Assistant,Received,186
2021-02-01,Iris Holm,Assistant,Sent,20
2021-02-13,Iris Holm,Assistant,Received,52
2021-02-27,Iris Holm,Assistant,Received,241
2021-04-28,Iris Holm,Assistant,Received,346
2021-04-05,Iris Holm,Assistant,Received,196
2021-04-27,Iris Holm,Assistant,Received,44
2021-04-12,Iris Holm,Assistant,Received,667
2021-04-15,Iris Holm,Assistant,Received,53
2021-04-12,Iris Holm,Assistant,Sent,160
2021-04-27,Iris Holm,Assistant,Received,34
2021-05-20,Iris Holm,Assistant,Received,85
2021-05-08,Iris Holm,Assistant,Received,43
2021-05-02,Iris Holm,Assistant,Received,12
2021-05-23,Iris Holm,Assistant,Received,167
2021-05-02,Iris Holm,Assistant,Received,26
2021-05-16,Iris Holm,Assistant,Received,24
2021-06-10,Iris Holm,Assistant,Received,338
2021-06-08,Iris Holm,Assistant,Received,27
2021-06-04,Iris Holm,Assistant,Received,111
2021-06-26,Iris Holm,Assistant,Sent,57
2021-06-21,Iris Holm,Assistant,Sent,369
2021-06-01,Iris Holm,Assistant,Received,105
2021-06-24,Iris Holm,Assistant,Sent,25
2021-06-19,Iris Holm,Assistant,Received,60
2021-06-13,Iris Holm,Assistant,Received,23
2021-08-20,Iris Holm,Assistant,Received,129
2021-08-30,Iris Holm,Assistant,Received,52
2021-08-01,Iris Holm,Assistant,Received,135
2021-08-07,Iris Holm,Assistant,Sent,94
2021-08-22,Iris Holm,Assistant,Sent,32
2021-09-13,Iris Holm,Assistant,Received,156
2021-09-20,Iris Holm,Assistant,Sent,38
2021-09-30,Iris Holm,Assistant,Sent,71
2021-09-16,Iris Holm,Assistant,Received,51
2021-09-20,Iris Holm,Assistant,Sent,15
2021-09-20,Iris Holm,Assistant,Received,152
2021-09-18,Iris Holm,Assistant,Received,315
2021-10-14,Iris Holm,Assistant,Received,329
2021-10-19,Iris Holm,Assistant,Sent,21
2021-10-14,Iris Holm,Assistant,Received,38
2021-10-21,Iris Holm,Assistant,Sent,168
2021-11-23,Iris Holm,Assistant,Received,75
2021-11-03,Iris Holm,Assistant,Received,155
2021-11-15,Iris Holm,Assistant,Received,107
2021-11-09,Iris Holm,Assistant,Received,63
2021-11-16,Iris Holm,Assistant,Received,94
2021-11-17,Iris Holm,Assistant,Sent,47
2021-11-16,Iris Holm,Assistant,Received,71
2021-11-21,Iris Holm,Assistant,Sent,105
2021-12-29,Iris Holm,Assistant,Received,217
2021-12-26,Iris Holm,Assistant,Received,110
2021-12-02,Iris Holm,Assistant,Sent,382
2021-12-03,Iris Holm,Assistant,Received,18
2021-12-14,Iris Holm,Assistant,Sent,44
2021-12-21,Iris Holm,Assistant,Sent,3
2021-12-01,Iris Holm,Assistant,Received,46
2021-12-02,Iris Holm,Assistant,Received,229
2022-01-18,Iris Holm,Assistant,Received,6
2022-01-09,Iris Holm,Assistant,Received,244
2022-01-20,Iris Holm,Assistant,Received,174
2022-01-09,Iris Holm,Assistant,Received,21
2022-01-29,Iris Holm,Assistant,Received,438
2022-02-06,Iris Holm,Assistant,Received,170
2022-02-15,Iris Holm,Assistant,Received,38
2022-02-11,Iris Holm,Assistant,Received,287
2022-02-09,Iris Holm,Assistant,Received,31
2022-03-03,Iris Holm,Assistant,Received,43
2022-03-15,Iris Holm,Assistant,Received,450
2022-03-05,Iris Holm,Assistant,Received,336
2022-03-25,Iris Holm,Assistant,Sent,37
2022-03-12,Iris Holm,Assistant,Sent,361
2022-03-14,Iris Holm,Assistant,Received,131
2022-03-09,Iris Holm,Assistant,Received,143
2022-03-12,Iris Holm,Assistant,Sent,192
2022-05-30,Iris Holm,Assistant,Sent,74
2022-05-06,Iris Holm,Assistant,Sent,174
2022-05-12,Iris Holm,Assistant,Received,268
2022-05-04,Iris Holm,Assistant,Received,29
2022-05-17,Iris Holm,Assistant,Received,135
2022-05-14,Iris Holm,Assistant,Sent,132
2022-05-07,Iris Holm,Assistant,Received,91
2022-05-07,Iris Holm,Assistant,Received,20
2022-05-13,Iris Holm,Assistant,Received,144
2022-05-08,Iris Holm,Assistant,Received,91
2022-07-26,Iris Holm,Assistant,Received,54
2022-07-28,Iris Holm,Assistant,Received,213
2022-07-14,Iris Holm,Assistant,Sent,376
2022-07-30,Iris Holm,Assistant,Received,54
2022-07-31,Iris Holm,Assistant,Sent,224
2022-07-27,Iris Holm,Assistant,Sent,9
2022-07-08,Iris Holm,Assistant,Sent,127
2022-07-09,Iris Holm,Assistant,Received,166
2022-08-11,Iris Holm,Assistant,Received,6
2022-08-21,Iris Holm,Assistant,Sent,333
2022-08-28,Iris Holm,Assistant,Received,3
2022-08-05,Iris Holm,Assistant,Received,4
2022-10-18,Iris Holm,Assistant,Received,76
2022-10-23,Iris Holm,Assistant,Sent,283
2022-10-12,Iris Holm,Assistant,Received,12
2022-10-08,Iris Holm,Assistant,Sent,10
2022-10-22,Iris Holm,Assistant,Received,31
2022-10-04,Iris Holm,Assistant,Received,3
2022-11-23,Iris Holm,Assistant,Received,77
2022-11-07,Iris Holm,Assistant,Received,3
2022-11-04,Iris Holm,Assistant,Received,84
2022-11-27,Iris Holm,Assistant,Received,161
2022-11-27,Iris Holm,Assistant,Received,33
2022-11-30,Iris Holm,Assistant,Sent,235
2022-12-16,Iris Holm,Assistant,Received,593
2022-12-14,Iris Holm,Assistant,Received,98
2022-12-02,Iris Holm,Assistant,Sent,509
2022-12-06,Iris Holm,Assistant,Received,120
2022-12-11,Iris Holm,Assistant,Received,8
2022-12-20,Iris Holm,Assistant,Received,173
2022-12-14,Iris Holm,Assistant,Sent,31
2023-01-20,Iris Holm,Assistant,Received,7
2023-01-26,Iris Holm,Assistant,Received,3
2023-01-25,Iris Holm,Assistant,Received,126
2023-02-01,Iris Holm,Assistant,Received,392
2023-02-27,Iris Holm,Assistant,Sent,70
2023-02-18,Iris Holm,Assistant,Sent,8
2023-02-10,Iris Holm,Assistant,Received,189
2023-02-18,Iris Holm,Assistant,Sent,140
2023-03-07,Iris Holm,Assistant,Received,29
2023-03-05,Iris Holm,Assistant,Received,40
2023-03-19,Iris Holm,Assistant,Received,253
2023-03-20,Iris Holm,Assistant,Received,30
2023-03-17,Iris Holm,Assistant,Received,221
2023-04-18,Iris Holm,Assistant,Received,158
2023-04-04,Iris Holm,Assistant,Received,34
2023-04-17,Iris Holm,Assistant,Sent,30
2023-04-20,Iris Holm,Assistant,Sent,151
2023-05-11,Iris Holm,Assistant,Received,55
2023-05-30,Iris Holm,Assistant,Sent,387
2023-05-18,Iris Holm,Assistant,Sent,49
2023-05-11,Iris Holm,Assistant,Sent,65
2023-05-03,Iris Holm,Assistant,Received,187
2023-05-03,Iris Holm,Assistant,Received,199
2023-05-11,Iris Holm,Assistant,Sent,108
2023-06-25,Iris Holm,Assistant,Sent,97
2023-06-12,Iris Holm,Assistant,Sent,158
2023-06-10,Iris Holm,Assistant,Received,173
2023-06-18,Iris Holm,Assistant,Received,16
2023-06-03,Iris Holm,Assistant,Received,222
2023-07-29,Iris Holm,Assistant,Received,229
2023-07-08,Iris Holm,Assistant,Received,16
2023-07-29,Iris Holm,Assistant,Received,76
2023-07-27,Iris Holm,Assistant,Received,468
2023-07-02,Iris Holm,Assistant,Received,92
2023-07-12,Iris Holm,Assistant,Received,205
2023-08-19,Iris Holm,Assistant,Received,4
2023-08-28,Iris Holm,Assistant,Received,148
2023-08-18,Iris Holm,Assistant,Received,22
2023-08-04,Iris Holm,Assistant,Received,253
2023-08-17,Iris Holm,Assistant,Received,18
2023-08-07,Iris Holm,Assistant,Received,203
2023-08-20,Iris Holm,Assistant,Sent,98
2023-08-14,Iris Holm,Assistant,Sent,16
2023-09-16,Iris Holm,Assistant,Sent,221
2023-09-10,Iris Holm,Assistant,Sent,25
2023-09-09,Iris Holm,Assistant,Sent,55
2023-09-10,Iris Holm,Assistant,Received,36
2023-09-15,Iris Holm,Assistant,Received,96
2023-10-07,Iris Holm,Assistant,Sent,20
2023-10-06,Iris Holm,Assistant,Sent,131
2023-10-24,Iris Holm,Assistant,Received,9
2023-10-26,Iris Holm,Assistant,Received,131
2023-10-27,Iris Holm,Assistant,Sent,122
2023-10-23,Iris Holm,Assistant,Received,33
2023-10-21,Iris Holm,Assistant,Received,167
2023-11-11,Iris Holm,Assistant,Sent,146
2023-11-03,Iris Holm,Assistant,Received,67
2023-11-03,Iris Holm,Assistant,Received,11
2023-12-17,Iris Holm,Assistant,Received,36
2023-12-07,Iris Holm,Assistant,Received,94
2023-12-01,Iris Holm,Assistant,Received,266
2023-12-18,Iris Holm,Assistant,Received,80
2023-12-11,Iris Holm,Assistant,Received,331
2023-12-19,Iris Holm,Assistant,Received,183
2024-01-25,Iris Holm,Assistant,Received,69
2024-01-27,Iris Holm,Assistant,Sent,58
2024-01-01,Iris Holm,Assistant,Received,60
2024-01-05,Iris Holm,Assistant,Sent,28
2024-01-30,Iris Holm,Assistant,Sent,230
2024-01-10,Iris Holm,Assistant,Received,247
2024-02-09,Iris Holm,Assistant,Received,201
2024-02-25,Iris Holm,Assistant,Sent,211
2024-02-21,Iris Holm,Assistant,Received,24
2024-02-26,Iris Holm,Assistant,Sent,5
2024-02-29,Iris Holm,Assistant,Received,35
2024-03-05,Iris Holm,Assistant,Received,222
2024-03-20,Iris Holm,Assistant,Received,93
2024-03-28,Iris Holm,Assistant,Received,64
2024-03-20,Iris Holm,Assistant,Received,129
2024-03-13,Iris Holm,Assistant,Received,42
2024-03-05,Iris Holm,Assistant,Received,113
2024-04-07,Iris Holm,Assistant,Received,187
2024-04-11,Iris Holm,Assistant,Received,180
2024-04-04,Iris Holm,Assistant,Sent,151
2024-06-27,Iris Holm,Assistant,Received,16
2024-06-02,Iris Holm,Assistant,Received,186
2024-06-09,Iris Holm,Assistant,Received,34
2024-07-31,Iris Holm,Assistant,Received,65
2024-07-11,Iris Holm,Assistant,Sent,97
2024-07-07,Iris Holm,Assistant,Received,31
2024-07-17,Iris Holm,Assistant,Sent,54
2024-08-02,Iris Holm,Assistant,Sent,20
2024-08-15,Iris Holm,Assistant,Received,34
2024-09-22,Iris Holm,Assistant,Sent,133
2024-09-14,Iris Holm,Assistant,Received,262
2024-09-28,Iris Holm,Assistant,Received,35
2024-10-28,Iris Holm,Assistant,Sent,25
2024-10-19,Iris Holm,Assistant,Received,25
2024-10-03,Iris Holm,Assistant,Received,218
2024-11-02,Iris Holm,Assistant,Sent,48
2024-12-02,Iris Holm,Assistant,Received,200
