Year,Activity,Respondent,Age group,Weekday,Minutes
2019,Sleeping,2019-001,15–24,Weekday,511
2019,Eating and drinking,2019-001,15–24,Weekday,64
2019,Housework,2019-001,15–24,Weekday,44
2019,Watching TV,2019-001,15–24,Weekday,182
2019,Traveling,2019-001,15–24,Weekday,85
2019,Exercise,2019-001,15–24,Weekday,25
2019,Shopping,2019-001,15–24,Weekday,30
2019,Reading,2019-001,15–24,Weekday,37
2019,Sleeping,2019-002,25–44,Weekday,563
2019,Eating and drinking,2019-002,25–44,Weekday,67
2019,Housework,2019-002,25–44,Weekday,56
2019,Watching TV,2019-002,25–44,Weekday,187
2019,Traveling,2019-002,25–44,Weekday,48
2019,Caring for children,2019-002,25–44,Weekday,63
2019,Sleeping,2019-003,65+,Weekend,551
2019,Eating and drinking,2019-003,65+,Weekend,64
2019,Watching TV,2019-003,65+,Weekend,220
2019,Traveling,2019-003,65+,Weekend,76
2019,Caring for children,2019-003,65+,Weekend,127
2019,Socializing,2019-003,65+,Weekend,36
2019,Reading,2019-003,65+,Weekend,33
2019,Games and computer,2019-003,65+,Weekend,27
2019,Sleeping,2019-004,65+,Weekend,556
2019,Working,2019-004,65+,Weekend,461
2019,Eating and drinking,2019-004,65+,Weekend,61
2019,Housework,2019-004,65+,Weekend,50
2019,Watching TV,2019-004,65+,Weekend,170
2019,Traveling,2019-004,65+,Weekend,70
2019,Caring for children,2019-004,65+,Weekend,53
2019,Exercise,2019-004,65+,Weekend,53
2019,Shopping,2019-004,65+,Weekend,24
2019,Reading,2019-004,65+,Weekend,34
2019,Games and computer,2019-004,65+,Weekend,63
2019,Sleeping,2019-005,15–24,Weekday,567
2019,Working,2019-005,15–24,Weekday,453
2019,Eating and drinking,2019-005,15–24,Weekday,73
2019,Housework,2019-005,15–24,Weekday,51
2019,Watching TV,2019-005,15–24,Weekday,111
2019,Traveling,2019-005,15–24,Weekday,73
2019,Socializing,2019-005,15–24,Weekday,39
2019,Games and computer,2019-005,15–24,Weekday,53
2019,Sleeping,2019-006,65+,Weekday,513
2019,Working,2019-006,65+,Weekday,465
2019,Eating and drinking,2019-006,65+,Weekday,78
2019,Housework,2019-006,65+,Weekday,108
2019,Watching TV,2019-006,65+,Weekday,173
2019,Traveling,2019-006,65+,Weekday,78
2019,Exercise,2019-006,65+,Weekday,31
2019,Sleeping,2019-007,45–64,Weekday,525
2019,Working,2019-007,45–64,Weekday,445
2019,Eating and drinking,2019-007,45–64,Weekday,75
2019,Watching TV,2019-007,45–64,Weekday,110
2019,Traveling,2019-007,45–64,Weekday,78
2019,Caring for children,2019-007,45–64,Weekday,104
2019,Shopping,2019-007,45–64,Weekday,53
2019,Sleeping,2019-008,25–44,Weekend,499
2019,Working,2019-008,25–44,Weekend,433
2019,Eating and drinking,2019-008,25–44,Weekend,64
2019,Housework,2019-008,25–44,Weekend,74
2019,Watching TV,2019-008,25–44,Weekend,208
2019,Traveling,2019-008,25–44,Weekend,84
2019,Games and computer,2019-008,25–44,Weekend,59
2019,Sleeping,2019-009,65+,Weekend,506
2019,Working,2019-009,65+,Weekend,351
2019,Eating and drinking,2019-009,65+,Weekend,90
2019,Housework,2019-009,65+,Weekend,73
2019,Traveling,2019-009,65+,Weekend,75
2019,Games and computer,2019-009,65+,Weekend,71
2019,Sleeping,2019-010,45–64,Weekday,530
2019,Working,2019-010,45–64,Weekday,482
2019,Eating and drinking,2019-010,45–64,Weekday,62
2019,Housework,2019-010,45–64,Weekday,83
2019,Watching TV,2019-010,45–64,Weekday,130
2019,Traveling,2019-010,45–64,Weekday,81
2019,Caring for children,2019-010,45–64,Weekday,104
2019,Sleeping,2019-011,45–64,Weekday,474
2019,Working,2019-011,45–64,Weekday,437
2019,Eating and drinking,2019-011,45–64,Weekday,69
2019,Housework,2019-011,45–64,Weekday,59
2019,Watching TV,2019-011,45–64,Weekday,75
2019,Traveling,2019-011,45–64,Weekday,82
2019,Socializing,2019-011,45–64,Weekday,63
2019,Exercise,2019-011,45–64,Weekday,8
2019,Sleeping,2019-012,25–44,Weekday,449
2019,Eating and drinking,2019-012,25–44,Weekday,55
2019,Housework,2019-012,25–44,Weekday,84
2019,Watching TV,2019-012,25–44,Weekday,116
2019,Traveling,2019-012,25–44,Weekday,65
2019,Caring for children,2019-012,25–44,Weekday,106
2019,Socializing,2019-012,25–44,Weekday,50
2019,Sleeping,2019-013,45–64,Weekday,512
2019,Working,2019-013,45–64,Weekday,400
2019,Eating and drinking,2019-013,45–64,Weekday,65
2019,Traveling,2019-013,45–64,Weekday,103
2019,Exercise,2019-013,45–64,Weekday,39
2019,Sleeping,2019-014,65+,Weekday,552
2019,Eating and drinking,2019-014,65+,Weekday,64
2019,Watching TV,2019-014,65+,Weekday,139
2019,Traveling,2019-014,65+,Weekday,75
2019,Socializing,2019-014,65+,Weekday,38
2019,Exercise,2019-014,65+,Weekday,53
2019,Sleeping,2019-015,15–24,Weekday,534
2019,Working,2019-015,15–24,Weekday,386
2019,Eating and drinking,2019-015,15–24,Weekday,70
2019,Housework,2019-015,15–24,Weekday,63
2019,Watching TV,2019-015,15–24,Weekday,114
2019,Traveling,2019-015,15–24,Weekday,71
2019,Exercise,2019-015,15–24,Weekday,39
2019,Reading,2019-015,15–24,Weekday,26
2019,Games and computer,2019-015,15–24,Weekday,87
2019,Sleeping,2019-016,45–64,Weekend,504
2019,Eating and drinking,2019-016,45–64,Weekend,50
2019,Housework,2019-016,45–64,Weekend,40
2019,Watching TV,2019-016,45–64,Weekend,168
2019,Traveling,2019-016,45–64,Weekend,95
2019,Socializing,2019-016,45–64,Weekend,59
2019,Reading,2019-016,45–64,Weekend,17
2019,Sleeping,2019-017,15–24,Weekday,500
2019,Eating and drinking,2019-017,15–24,Weekday,67
2019,Housework,2019-017,15–24,Weekday,58
2019,Watching TV,2019-017,15–24,Weekday,156
2019,Traveling,2019-017,15–24,Weekday,86
2019,Caring for children,2019-017,15–24,Weekday,80
2019,Socializing,2019-017,15–24,Weekday,53
2019,Exercise,2019-017,15–24,Weekday,59
2019,Sleeping,2019-018,65+,Weekday,492
2019,Eating and drinking,2019-018,65+,Weekday,52
2019,Watching TV,2019-018,65+,Weekday,129
2019,Traveling,2019-018,65+,Weekday,89
2019,Caring for children,2019-018,65+,Weekday,74
2019,Socializing,2019-018,65+,Weekday,57
2019,Exercise,2019-018,65+,Weekday,74
2019,Reading,2019-018,65+,Weekday,46
2019,Sleeping,2019-019,65+,Weekday,543
2019,Working,2019-019,65+,Weekday,287
2019,Eating and drinking,2019-019,65+,Weekday,73
2019,Housework,2019-019,65+,Weekday,73
2019,Watching TV,2019-019,65+,Weekday,159
2019,Traveling,2019-019,65+,Weekday,104
2019,Socializing,2019-019,65+,Weekday,68
2019,Sleeping,2019-020,65+,Weekend,486
2019,Eating and drinking,2019-020,65+,Weekend,58
2019,Housework,2019-020,65+,Weekend,89
2019,Watching TV,2019-020,65+,Weekend,226
2019,Traveling,2019-020,65+,Weekend,90
2019,Socializing,2019-020,65+,Weekend,53
2019,Shopping,2019-020,65+,Weekend,46
2019,Sleeping,2019-021,45–64,Weekend,466
2019,Working,2019-021,45–64,Weekend,441
2019,Eating and drinking,2019-021,45–64,Weekend,50
2019,Watching TV,2019-021,45–64,Weekend,151
2019,Traveling,2019-021,45–64,Weekend,102
2019,Socializing,2019-021,45–64,Weekend,73
2019,Reading,2019-021,45–64,Weekend,15
2019,Sleeping,2019-022,25–44,Weekday,500
2019,Working,2019-022,25–44,Weekday,373
2019,Eating and drinking,2019-022,25–44,Weekday,78
2019,Housework,2019-022,25–44,Weekday,89
2019,Watching TV,2019-022,25–44,Weekday,132
2019,Traveling,2019-022,25–44,Weekday,63
2019,Caring for children,2019-022,25–44,Weekday,65
2019,Shopping,2019-022,25–44,Weekday,25
2019,Reading,2019-022,25–44,Weekday,7
2019,Games and computer,2019-022,25–44,Weekday,90
2019,Sleeping,2019-023,25–44,Weekend,494
2019,Working,2019-023,25–44,Weekend,377
2019,Eating and drinking,2019-023,25–44,Weekend,72
2019,Housework,2019-023,25–44,Weekend,50
2019,Watching TV,2019-023,25–44,Weekend,143
2019,Traveling,2019-023,25–44,Weekend,87
2019,Caring for children,2019-023,25–44,Weekend,75
2019,Socializing,2019-023,25–44,Weekend,54
2019,Exercise,2019-023,25–44,Weekend,66
2019,Shopping,2019-023,25–44,Weekend,40
2019,Sleeping,2019-024,45–64,Weekday,519
2019,Working,2019-024,45–64,Weekday,390
2019,Eating and drinking,2019-024,45–64,Weekday,57
2019,Housework,2019-024,45–64,Weekday,73
2019,Traveling,2019-024,45–64,Weekday,57
2019,Exercise,2019-024,45–64,Weekday,34
2019,Shopping,2019-024,45–64,Weekday,50
2019,Reading,2019-024,45–64,Weekday,34
2019,Games and computer,2019-024,45–64,Weekday,42
2019,Sleeping,2019-025,65+,Weekday,542
2019,Working,2019-025,65+,Weekday,389
2019,Eating and drinking,2019-025,65+,Weekday,84
2019,Housework,2019-025,65+,Weekday,52
2019,Watching TV,2019-025,65+,Weekday,136
2019,Traveling,2019-025,65+,Weekday,80
2019,Caring for children,2019-025,65+,Weekday,69
2019,Socializing,2019-025,65+,Weekday,46
2019,Shopping,2019-025,65+,Weekday,41
2019,Games and computer,2019-025,65+,Weekday,33
2019,Sleeping,2019-026,25–44,Weekend,502
2019,Eating and drinking,2019-026,25–44,Weekend,81
2019,Housework,2019-026,25–44,Weekend,36
2019,Watching TV,2019-026,25–44,Weekend,165
2019,Traveling,2019-026,25–44,Weekend,71
2019,Caring for children,2019-026,25–44,Weekend,43
2019,Socializing,2019-026,25–44,Weekend,33
2019,Games and computer,2019-026,25–44,Weekend,78
2019,Sleeping,2019-027,25–44,Weekday,523
2019,Working,2019-027,25–44,Weekday,313
2019,Eating and drinking,2019-027,25–44,Weekday,77
2019,Housework,2019-027,25–44,Weekday,74
2019,Watching TV,2019-027,25–44,Weekday,143
2019,Traveling,2019-027,25–44,Weekday,67
2019,Socializing,2019-027,25–44,Weekday,44
2019,Exercise,2019-027,25–44,Weekday,49
2019,Reading,2019-027,25–44,Weekday,33
2019,Games and computer,2019-027,25–44,Weekday,55
2019,Sleeping,2019-028,65+,Weekend,513
2019,Working,2019-028,65+,Weekend,479
2019,Eating and drinking,2019-028,65+,Weekend,87
2019,Traveling,2019-028,65+,Weekend,69
2019,Socializing,2019-028,65+,Weekend,52
2019,Exercise,2019-028,65+,Weekend,30
2019,Shopping,2019-028,65+,Weekend,26
2019,Reading,2019-028,65+,Weekend,49
2019,Games and computer,2019-028,65+,Weekend,52
2019,Sleeping,2019-029,45–64,Weekend,499
2019,Working,2019-029,45–64,Weekend,526
2019,Eating and drinking,2019-029,45–64,Weekend,80
2019,Housework,2019-029,45–64,Weekend,91
2019,Watching TV,2019-029,45–64,Weekend,183
2019,Traveling,2019-029,45–64,Weekend,101
2019,Reading,2019-029,45–64,Weekend,26
2019,Sleeping,2019-030,15–24,Weekday,570
2019,Working,2019-030,15–24,Weekday,334
2019,Eating and drinking,2019-030,15–24,Weekday,77
2019,Housework,2019-030,15–24,Weekday,45
2019,Watching TV,2019-030,15–24,Weekday,157
2019,Traveling,2019-030,15–24,Weekday,48
2019,Caring for children,2019-030,15–24,Weekday,133
2019,Reading,2019-030,15–24,Weekday,42
2019,Sleeping,2019-031,25–44,Weekday,525
2019,Working,2019-031,25–44,Weekday,401
2019,Eating and drinking,2019-031,25–44,Weekday,93
2019,Housework,2019-031,25–44,Weekday,47
2019,Watching TV,2019-031,25–44,Weekday,209
2019,Traveling,2019-031,25–44,Weekday,60
2019,Socializing,2019-031,25–44,Weekday,39
2019,Shopping,2019-031,25–44,Weekday,43
2019,Sleeping,2019-032,45–64,Weekday,501
2019,Eating and drinking,2019-032,45–64,Weekday,71
2019,Watching TV,2019-032,45–64,Weekday,153
2019,Traveling,2019-032,45–64,Weekday,67
2019,Sleeping,2019-033,25–44,Weekday,499
2019,Working,2019-033,25–44,Weekday,352
2019,Eating and drinking,2019-033,25–44,Weekday,64
2019,Housework,2019-033,25–44,Weekday,64
2019,Watching TV,2019-033,25–44,Weekday,145
2019,Traveling,2019-033,25–44,Weekday,80
2019,Caring for children,2019-033,25–44,Weekday,111
2019,Socializing,2019-033,25–44,Weekday,69
2019,Reading,2019-033,25–44,Weekday,23
2019,Games and computer,2019-033,25–44,Weekday,55
2019,Sleeping,2019-034,25–44,Weekend,489
2019,Eating and drinking,2019-034,25–44,Weekend,53
2019,Housework,2019-034,25–44,Weekend,78
2019,Watching TV,2019-034,25–44,Weekend,99
2019,Traveling,2019-034,25–44,Weekend,74
2019,Games and computer,2019-034,25–44,Weekend,62
2019,Sleeping,2019-035,65+,Weekend,465
2019,Eating and drinking,2019-035,65+,Weekend,57
2019,Housework,2019-035,65+,Weekend,45
2019,Watching TV,2019-035,65+,Weekend,192
2019,Traveling,2019-035,65+,Weekend,97
2019,Socializing,2019-035,65+,Weekend,78
2019,Shopping,2019-035,65+,Weekend,27
2019,Reading,2019-035,65+,Weekend,25
2019,Sleeping,2019-036,25–44,Weekday,584
2019,Eating and drinking,2019-036,25–44,Weekday,45
2019,Housework,2019-036,25–44,Weekday,28
2019,Watching TV,2019-036,25–44,Weekday,103
2019,Traveling,2019-036,25–44,Weekday,94
2019,Socializing,2019-036,25–44,Weekday,62
2019,Games and computer,2019-036,25–44,Weekday,72
2019,Sleeping,2019-037,25–44,Weekday,484
2019,Working,2019-037,25–44,Weekday,391
2019,Eating and drinking,2019-037,25–44,Weekday,81
2019,Housework,2019-037,25–44,Weekday,15
2019,Watching TV,2019-037,25–44,Weekday,158
2019,Traveling,2019-037,25–44,Weekday,101
2019,Exercise,2019-037,25–44,Weekday,31
2019,Games and computer,2019-037,25–44,Weekday,33
2019,Sleeping,2019-038,45–64,Weekday,508
2019,Working,2019-038,45–64,Weekday,474
2019,Eating and drinking,2019-038,45–64,Weekday,68
2019,Watching TV,2019-038,45–64,Weekday,171
2019,Traveling,2019-038,45–64,Weekday,110
2019,Shopping,2019-038,45–64,Weekday,29
2019,Sleeping,2019-039,45–64,Weekday,540
2019,Working,2019-039,45–64,Weekday,453
2019,Eating and drinking,2019-039,45–64,Weekday,71
2019,Watching TV,2019-039,45–64,Weekday,128
2019,Traveling,2019-039,45–64,Weekday,63
2019,Socializing,2019-039,45–64,Weekday,41
2019,Games and computer,2019-039,45–64,Weekday,32
2019,Sleeping,2019-040,25–44,Weekday,519
2019,Working,2019-040,25–44,Weekday,389
2019,Eating and drinking,2019-040,25–44,Weekday,49
2019,Watching TV,2019-040,25–44,Weekday,115
2019,Traveling,2019-040,25–44,Weekday,63
2019,Exercise,2019-040,25–44,Weekday,44
2019,Reading,2019-040,25–44,Weekday,31
2019,Sleeping,2019-041,45–64,Weekday,472
2019,Working,2019-041,45–64,Weekday,454
2019,Eating and drinking,2019-041,45–64,Weekday,68
2019,Traveling,2019-041,45–64,Weekday,70
2019,Caring for children,2019-041,45–64,Weekday,75
2019,Exercise,2019-041,45–64,Weekday,66
2019,Shopping,2019-041,45–64,Weekday,22
2019,Reading,2019-041,45–64,Weekday,33
2019,Sleeping,2019-042,25–44,Weekend,504
2019,Working,2019-042,25–44,Weekend,351
2019,Eating and drinking,2019-042,25–44,Weekend,58
2019,Housework,2019-042,25–44,Weekend,49
2019,Traveling,2019-042,25–44,Weekend,89
2019,Caring for children,2019-042,25–44,Weekend,153
2019,Shopping,2019-042,25–44,Weekend,26
2019,Reading,2019-042,25–44,Weekend,26
2019,Games and computer,2019-042,25–44,Weekend,68
2019,Sleeping,2019-043,15–24,Weekday,513
2019,Eating and drinking,2019-043,15–24,Weekday,81
2019,Watching TV,2019-043,15–24,Weekday,205
2019,Traveling,2019-043,15–24,Weekday,74
2019,Socializing,2019-043,15–24,Weekday,39
2019,Sleeping,2019-044,25–44,Weekday,521
2019,Eating and drinking,2019-044,25–44,Weekday,85
2019,Watching TV,2019-044,25–44,Weekday,253
2019,Traveling,2019-044,25–44,Weekday,66
2019,Caring for children,2019-044,25–44,Weekday,85
2019,Sleeping,2019-045,45–64,Weekday,533
2019,Eating and drinking,2019-045,45–64,Weekday,84
2019,Housework,2019-045,45–64,Weekday,63
2019,Watching TV,2019-045,45–64,Weekday,179
2019,Traveling,2019-045,45–64,Weekday,61
2019,Exercise,2019-045,45–64,Weekday,18
2019,Shopping,2019-045,45–64,Weekday,23
2019,Sleeping,2019-046,15–24,Weekday,567
2019,Working,2019-046,15–24,Weekday,456
2019,Eating and drinking,2019-046,15–24,Weekday,64
2019,Watching TV,2019-046,15–24,Weekday,127
2019,Traveling,2019-046,15–24,Weekday,95
2019,Caring for children,2019-046,15–24,Weekday,78
2019,Shopping,2019-046,15–24,Weekday,31
2019,Sleeping,2019-047,25–44,Weekend,521
2019,Eating and drinking,2019-047,25–44,Weekend,69
2019,Housework,2019-047,25–44,Weekend,90
2019,Watching TV,2019-047,25–44,Weekend,141
2019,Traveling,2019-047,25–44,Weekend,97
2019,Sleeping,2019-048,25–44,Weekday,484
2019,Working,2019-048,25–44,Weekday,463
2019,Eating and drinking,2019-048,25–44,Weekday,58
2019,Watching TV,2019-048,25–44,Weekday,127
2019,Traveling,2019-048,25–44,Weekday,77
2019,Caring for children,2019-048,25–44,Weekday,113
2019,Socializing,2019-048,25–44,Weekday,56
2019,Reading,2019-048,25–44,Weekday,21
2019,Sleeping,2019-049,25–44,Weekday,519
2019,Working,2019-049,25–44,Weekday,480
2019,Eating and drinking,2019-049,25–44,Weekday,67
2019,Housework,2019-049,25–44,Weekday,29
2019,Watching TV,2019-049,25–44,Weekday,139
2019,Traveling,2019-049,25–44,Weekday,95
2019,Socializing,2019-049,25–44,Weekday,47
2019,Sleeping,2019-050,65+,Weekday,506
2019,Working,2019-050,65+,Weekday,482
2019,Eating and drinking,2019-050,65+,Weekday,80
2019,Housework,2019-050,65+,Weekday,53
2019,Traveling,2019-050,65+,Weekday,66
2019,Socializing,2019-050,65+,Weekday,55
2019,Sleeping,2019-051,65+,Weekday,589
2019,Working,2019-051,65+,Weekday,479
2019,Eating and drinking,2019-051,65+,Weekday,56
2019,Housework,2019-051,65+,Weekday,41
2019,Traveling,2019-051,65+,Weekday,71
2019,Caring for children,2019-051,65+,Weekday,86
2019,Socializing,2019-051,65+,Weekday,35
2019,Shopping,2019-051,65+,Weekday,46
2019,Games and computer,2019-051,65+,Weekday,62
2019,Sleeping,2019-052,45–64,Weekday,467
2019,Eating and drinking,2019-052,45–64,Weekday,56
2019,Housework,2019-052,45–64,Weekday,34
2019,Watching TV,2019-052,45–64,Weekday,129
2019,Traveling,2019-052,45–64,Weekday,85
2019,Socializing,2019-052,45–64,Weekday,39
2019,Shopping,2019-052,45–64,Weekday,32
2019,Sleeping,2019-053,25–44,Weekday,484
2019,Working,2019-053,25–44,Weekday,306
2019,Eating and drinking,2019-053,25–44,Weekday,79
2019,Traveling,2019-053,25–44,Weekday,77
2019,Shopping,2019-053,25–44,Weekday,35
2019,Sleeping,2019-054,65+,Weekday,481
2019,Working,2019-054,65+,Weekday,475
2019,Eating and drinking,2019-054,65+,Weekday,64
2019,Housework,2019-054,65+,Weekday,36
2019,Watching TV,2019-054,65+,Weekday,115
2019,Traveling,2019-054,65+,Weekday,61
2019,Exercise,2019-054,65+,Weekday,47
2019,Sleeping,2019-055,65+,Weekday,516
2019,Working,2019-055,65+,Weekday,415
2019,Eating and drinking,2019-055,65+,Weekday,66
2019,Traveling,2019-055,65+,Weekday,51
2019,Socializing,2019-055,65+,Weekday,32
2019,Shopping,2019-055,65+,Weekday,45
2019,Sleeping,2019-056,45–64,Weekday,500
2019,Working,2019-056,45–64,Weekday,417
2019,Eating and drinking,2019-056,45–64,Weekday,67
2019,Watching TV,2019-056,45–64,Weekday,159
2019,Traveling,2019-056,45–64,Weekday,73
2019,Shopping,2019-056,45–64,Weekday,31
2019,Sleeping,2019-057,15–24,Weekend,555
2019,Working,2019-057,15–24,Weekend,457
2019,Eating and drinking,2019-057,15–24,Weekend,66
2019,Housework,2019-057,15–24,Weekend,74
2019,Watching TV,2019-057,15–24,Weekend,94
2019,Caring for children,2019-057,15–24,Weekend,146
2019,Socializing,2019-057,15–24,Weekend,63
2019,Exercise,2019-057,15–24,Weekend,52
2019,Sleeping,2019-058,65+,Weekday,514
2019,Working,2019-058,65+,Weekday,427
2019,Eating and drinking,2019-058,65+,Weekday,61
2019,Watching TV,2019-058,65+,Weekday,96
2019,Traveling,2019-058,65+,Weekday,64
2019,Reading,2019-058,65+,Weekday,41
2019,Games and computer,2019-058,65+,Weekday,21
2019,Sleeping,2019-059,25–44,Weekday,545
2019,Working,2019-059,25–44,Weekday,381
2019,Eating and drinking,2019-059,25–44,Weekday,70
2019,Housework,2019-059,25–44,Weekday,50
2019,Traveling,2019-059,25–44,Weekday,48
2019,Caring for children,2019-059,25–44,Weekday,75
2019,Sleeping,2019-060,45–64,Weekend,530
2019,Working,2019-060,45–64,Weekend,493
2019,Eating and drinking,2019-060,45–64,Weekend,49
2019,Watching TV,2019-060,45–64,Weekend,179
2019,Traveling,2019-060,45–64,Weekend,83
2019,Socializing,2019-060,45–64,Weekend,50
2019,Exercise,2019-060,45–64,Weekend,29
2019,Shopping,2019-060,45–64,Weekend,48
2019,Sleeping,2019-061,25–44,Weekday,519
2019,Eating and drinking,2019-061,25–44,Weekday,69
2019,Housework,2019-061,25–44,Weekday,63
2019,Watching TV,2019-061,25–44,Weekday,154
2019,Traveling,2019-061,25–44,Weekday,75
2019,Socializing,2019-061,25–44,Weekday,78
2019,Games and computer,2019-061,25–44,Weekday,24
2019,Sleeping,2019-062,65+,Weekday,546
2019,Eating and drinking,2019-062,65+,Weekday,67
2019,Watching TV,2019-062,65+,Weekday,126
2019,Traveling,2019-062,65+,Weekday,91
2019,Reading,2019-062,65+,Weekday,20
2019,Games and computer,2019-062,65+,Weekday,21
2019,Sleeping,2019-063,15–24,Weekday,471
2019,Working,2019-063,15–24,Weekday,437
2019,Eating and drinking,2019-063,15–24,Weekday,57
2019,Watching TV,2019-063,15–24,Weekday,164
2019,Traveling,2019-063,15–24,Weekday,51
2019,Socializing,2019-063,15–24,Weekday,38
2019,Sleeping,2019-064,15–24,Weekend,526
2019,Eating and drinking,2019-064,15–24,Weekend,57
2019,Watching TV,2019-064,15–24,Weekend,136
2019,Traveling,2019-064,15–24,Weekend,35
2019,Exercise,2019-064,15–24,Weekend,48
2019,Sleeping,2019-065,65+,Weekend,485
2019,Housework,2019-065,65+,Weekend,73
2019,Watching TV,2019-065,65+,Weekend,103
2019,Caring for children,2019-065,65+,Weekend,117
2019,Socializing,2019-065,65+,Weekend,22
2019,Reading,2019-065,65+,Weekend,35
2019,Sleeping,2019-066,25–44,Weekday,491
2019,Working,2019-066,25–44,Weekday,370
2019,Eating and drinking,2019-066,25–44,Weekday,75
2019,Housework,2019-066,25–44,Weekday,49
2019,Watching TV,2019-066,25–44,Weekday,177
2019,Socializing,2019-066,25–44,Weekday,39
2019,Sleeping,2019-067,45–64,Weekday,503
2019,Eating and drinking,2019-067,45–64,Weekday,60
2019,Housework,2019-067,45–64,Weekday,49
2019,Watching TV,2019-067,45–64,Weekday,168
2019,Traveling,2019-067,45–64,Weekday,36
2019,Sleeping,2019-068,65+,Weekday,470
2019,Working,2019-068,65+,Weekday,389
2019,Eating and drinking,2019-068,65+,Weekday,66
2019,Watching TV,2019-068,65+,Weekday,227
2019,Traveling,2019-068,65+,Weekday,72
2019,Socializing,2019-068,65+,Weekday,54
2019,Exercise,2019-068,65+,Weekday,40
2019,Sleeping,2019-069,15–24,Weekday,491
2019,Working,2019-069,15–24,Weekday,439
2019,Eating and drinking,2019-069,15–24,Weekday,82
2019,Housework,2019-069,15–24,Weekday,72
2019,Watching TV,2019-069,15–24,Weekday,133
2019,Traveling,2019-069,15–24,Weekday,65
2019,Shopping,2019-069,15–24,Weekday,39
2019,Reading,2019-069,15–24,Weekday,32
2019,Games and computer,2019-069,15–24,Weekday,51
2019,Sleeping,2019-070,25–44,Weekday,546
2019,Eating and drinking,2019-070,25–44,Weekday,85
2019,Watching TV,2019-070,25–44,Weekday,149
2019,Traveling,2019-070,25–44,Weekday,85
2019,Shopping,2019-070,25–44,Weekday,17
2019,Sleeping,2019-071,25–44,Weekday,521
2019,Working,2019-071,25–44,Weekday,360
2019,Eating and drinking,2019-071,25–44,Weekday,65
2019,Housework,2019-071,25–44,Weekday,94
2019,Watching TV,2019-071,25–44,Weekday,101
2019,Traveling,2019-071,25–44,Weekday,83
2019,Caring for children,2019-071,25–44,Weekday,107
2019,Shopping,2019-071,25–44,Weekday,23
2019,Reading,2019-071,25–44,Weekday,31
2019,Sleeping,2019-072,15–24,Weekend,484
2019,Eating and drinking,2019-072,15–24,Weekend,68
2019,Housework,2019-072,15–24,Weekend,30
2019,Watching TV,2019-072,15–24,Weekend,151
2019,Traveling,2019-072,15–24,Weekend,57
2019,Caring for children,2019-072,15–24,Weekend,122
2019,Socializing,2019-072,15–24,Weekend,55
2019,Exercise,2019-072,15–24,Weekend,32
2019,Shopping,2019-072,15–24,Weekend,47
2019,Sleeping,2019-073,65+,Weekend,455
2019,Working,2019-073,65+,Weekend,427
2019,Eating and drinking,2019-073,65+,Weekend,55
2019,Watching TV,2019-073,65+,Weekend,144
2019,Traveling,2019-073,65+,Weekend,87
2019,Caring for children,2019-073,65+,Weekend,125
2019,Socializing,2019-073,65+,Weekend,49
2019,Shopping,2019-073,65+,Weekend,27
2019,Games and computer,2019-073,65+,Weekend,76
2019,Sleeping,2019-074,65+,Weekday,517
2019,Eating and drinking,2019-074,65+,Weekday,95
2019,Housework,2019-074,65+,Weekday,71
2019,Watching TV,2019-074,65+,Weekday,104
2019,Traveling,2019-074,65+,Weekday,33
2019,Caring for children,2019-074,65+,Weekday,98
2019,Sleeping,2019-075,65+,Weekday,486
2019,Working,2019-075,65+,Weekday,324
2019,Eating and drinking,2019-075,65+,Weekday,81
2019,Housework,2019-075,65+,Weekday,49
2019,Watching TV,2019-075,65+,Weekday,200
2019,Traveling,2019-075,65+,Weekday,56
2019,Socializing,2019-075,65+,Weekday,33
2019,Sleeping,2019-076,45–64,Weekday,562
2019,Eating and drinking,2019-076,45–64,Weekday,66
2019,Watching TV,2019-076,45–64,Weekday,166
2019,Traveling,2019-076,45–64,Weekday,71
2019,Sleeping,2019-077,15–24,Weekday,502
2019,Eating and drinking,2019-077,15–24,Weekday,60
2019,Housework,2019-077,15–24,Weekday,83
2019,Watching TV,2019-077,15–24,Weekday,111
2019,Traveling,2019-077,15–24,Weekday,69
2019,Sleeping,2019-078,65+,Weekday,465
2019,Eating and drinking,2019-078,65+,Weekday,61
2019,Watching TV,2019-078,65+,Weekday,202
2019,Traveling,2019-078,65+,Weekday,82
2019,Socializing,2019-078,65+,Weekday,32
2019,Reading,2019-078,65+,Weekday,30
2019,Sleeping,2019-079,45–64,Weekday,506
2019,Eating and drinking,2019-079,45–64,Weekday,48
2019,Watching TV,2019-079,45–64,Weekday,224
2019,Traveling,2019-079,45–64,Weekday,79
2019,Sleeping,2019-080,65+,Weekday,538
2019,Working,2019-080,65+,Weekday,449
2019,Eating and drinking,2019-080,65+,Weekday,53
2019,Housework,2019-080,65+,Weekday,69
2019,Watching TV,2019-080,65+,Weekday,211
2019,Traveling,2019-080,65+,Weekday,66
2019,Caring for children,2019-080,65+,Weekday,72
2019,Socializing,2019-080,65+,Weekday,35
2019,Reading,2019-080,65+,Weekday,7
2019,Sleeping,2019-081,65+,Weekday,532
2019,Eating and drinking,2019-081,65+,Weekday,50
2019,Housework,2019-081,65+,Weekday,72
2019,Watching TV,2019-081,65+,Weekday,134
2019,Traveling,2019-081,65+,Weekday,102
2019,Socializing,2019-081,65+,Weekday,45
2019,Sleeping,2019-082,45–64,Weekday,498
2019,Eating and drinking,2019-082,45–64,Weekday,81
2019,Housework,2019-082,45–64,Weekday,105
2019,Watching TV,2019-082,45–64,Weekday,199
2019,Traveling,2019-082,45–64,Weekday,87
2019,Caring for children,2019-082,45–64,Weekday,52
2019,Games and computer,2019-082,45–64,Weekday,29
2019,Sleeping,2019-083,25–44,Weekend,507
2019,Eating and drinking,2019-083,25–44,Weekend,70
2019,Housework,2019-083,25–44,Weekend,66
2019,Watching TV,2019-083,25–44,Weekend,121
2019,Traveling,2019-083,25–44,Weekend,106
2019,Sleeping,2019-084,15–24,Weekday,524
2019,Working,2019-084,15–24,Weekday,446
2019,Eating and drinking,2019-084,15–24,Weekday,65
2019,Traveling,2019-084,15–24,Weekday,53
2019,Reading,2019-084,15–24,Weekday,36
2019,Games and computer,2019-084,15–24,Weekday,67
2019,Sleeping,2019-085,65+,Weekday,496
2019,Working,2019-085,65+,Weekday,466
2019,Eating and drinking,2019-085,65+,Weekday,72
2019,Watching TV,2019-085,65+,Weekday,139
2019,Traveling,2019-085,65+,Weekday,62
2019,Caring for children,2019-085,65+,Weekday,52
2019,Socializing,2019-085,65+,Weekday,26
2019,Shopping,2019-085,65+,Weekday,41
2019,Games and computer,2019-085,65+,Weekday,82
2019,Sleeping,2019-086,65+,Weekday,489
2019,Eating and drinking,2019-086,65+,Weekday,57
2019,Housework,2019-086,65+,Weekday,60
2019,Watching TV,2019-086,65+,Weekday,130
2019,Traveling,2019-086,65+,Weekday,50
2019,Socializing,2019-086,65+,Weekday,44
2019,Exercise,2019-086,65+,Weekday,50
2019,Sleeping,2019-087,25–44,Weekday,517
2019,Working,2019-087,25–44,Weekday,432
2019,Eating and drinking,2019-087,25–44,Weekday,98
2019,Housework,2019-087,25–44,Weekday,105
2019,Watching TV,2019-087,25–44,Weekday,144
2019,Traveling,2019-087,25–44,Weekday,47
2019,Shopping,2019-087,25–44,Weekday,45
2019,Reading,2019-087,25–44,Weekday,37
2019,Sleeping,2019-088,45–64,Weekday,561
2019,Working,2019-088,45–64,Weekday,441
2019,Eating and drinking,2019-088,45–64,Weekday,65
2019,Housework,2019-088,45–64,Weekday,35
2019,Watching TV,2019-088,45–64,Weekday,140
2019,Traveling,2019-088,45–64,Weekday,63
2019,Caring for children,2019-088,45–64,Weekday,68
2019,Socializing,2019-088,45–64,Weekday,46
2019,Games and computer,2019-088,45–64,Weekday,22
2019,Sleeping,2019-089,65+,Weekday,469
2019,Eating and drinking,2019-089,65+,Weekday,64
2019,Watching TV,2019-089,65+,Weekday,186
2019,Traveling,2019-089,65+,Weekday,91
2019,Caring for children,2019-089,65+,Weekday,82
2019,Shopping,2019-089,65+,Weekday,37
2019,Reading,2019-089,65+,Weekday,35
2019,Sleeping,2019-090,45–64,Weekday,518
2019,Eating and drinking,2019-090,45–64,Weekday,70
2019,Watching TV,2019-090,45–64,Weekday,113
2019,Traveling,2019-090,45–64,Weekday,67
2019,Socializing,2019-090,45–64,Weekday,36
2019,Exercise,2019-090,45–64,Weekday,32
2019,Shopping,2019-090,45–64,Weekday,46
2019,Reading,2019-090,45–64,Weekday,36
2019,Games and computer,2019-090,45–64,Weekday,69
2019,Sleeping,2019-091,25–44,Weekday,541
2019,Working,2019-091,25–44,Weekday,388
2019,Eating and drinking,2019-091,25–44,Weekday,53
2019,Watching TV,2019-091,25–44,Weekday,121
2019,Traveling,2019-091,25–44,Weekday,55
2019,Socializing,2019-091,25–44,Weekday,49
2019,Shopping,2019-091,25–44,Weekday,42
2019,Reading,2019-091,25–44,Weekday,37
2019,Games and computer,2019-091,25–44,Weekday,99
2019,Sleeping,2019-092,15–24,Weekday,489
2019,Working,2019-092,15–24,Weekday,457
2019,Eating and drinking,2019-092,15–24,Weekday,69
2019,Housework,2019-092,15–24,Weekday,88
2019,Watching TV,2019-092,15–24,Weekday,125
2019,Traveling,2019-092,15–24,Weekday,81
2019,Caring for children,2019-092,15–24,Weekday,53
2019,Games and computer,2019-092,15–24,Weekday,48
2019,Sleeping,2019-093,45–64,Weekday,506
2019,Eating and drinking,2019-093,45–64,Weekday,65
2019,Housework,2019-093,45–64,Weekday,99
2019,Watching TV,2019-093,45–64,Weekday,126
2019,Traveling,2019-093,45–64,Weekday,87
2019,Caring for children,2019-093,45–64,Weekday,83
2019,Exercise,2019-093,45–64,Weekday,39
2019,Shopping,2019-093,45–64,Weekday,30
2019,Sleeping,2019-094,65+,Weekend,518
2019,Eating and drinking,2019-094,65+,Weekend,75
2019,Housework,2019-094,65+,Weekend,52
2019,Traveling,2019-094,65+,Weekend,65
2019,Socializing,2019-094,65+,Weekend,46
2019,Games and computer,2019-094,65+,Weekend,40
2019,Sleeping,2019-095,45–64,Weekday,509
2019,Working,2019-095,45–64,Weekday,282
2019,Eating and drinking,2019-095,45–64,Weekday,58
2019,Traveling,2019-095,45–64,Weekday,90
2019,Socializing,2019-095,45–64,Weekday,39
2019,Exercise,2019-095,45–64,Weekday,45
2019,Shopping,2019-095,45–64,Weekday,57
2019,Games and computer,2019-095,45–64,Weekday,31
2019,Sleeping,2019-096,25–44,Weekday,496
2019,Working,2019-096,25–44,Weekday,452
2019,Eating and drinking,2019-096,25–44,Weekday,67
2019,Watching TV,2019-096,25–44,Weekday,100
2019,Traveling,2019-096,25–44,Weekday,65
2019,Games and computer,2019-096,25–44,Weekday,58
2019,Sleeping,2019-097,45–64,Weekday,510
2019,Eating and drinking,2019-097,45–64,Weekday,72
2019,Housework,2019-097,45–64,Weekday,68
2019,Watching TV,2019-097,45–64,Weekday,79
2019,Exercise,2019-097,45–64,Weekday,29
2019,Sleeping,2019-098,65+,Weekday,506
2019,Working,2019-098,65+,Weekday,409
2019,Eating and drinking,2019-098,65+,Weekday,61
2019,Housework,2019-098,65+,Weekday,28
2019,Watching TV,2019-098,65+,Weekday,177
2019,Traveling,2019-098,65+,Weekday,77
2019,Socializing,2019-098,65+,Weekday,22
2019,Games and computer,2019-098,65+,Weekday,95
2019,Sleeping,2019-099,65+,Weekday,499
2019,Eating and drinking,2019-099,65+,Weekday,72
2019,Housework,2019-099,65+,Weekday,40
2019,Watching TV,2019-099,65+,Weekday,153
2019,Traveling,2019-099,65+,Weekday,38
2019,Exercise,2019-099,65+,Weekday,27
2019,Sleeping,2019-100,45–64,Weekday,547
2019,Working,2019-100,45–64,Weekday,377
2019,Eating and drinking,2019-100,45–64,Weekday,89
2019,Housework,2019-100,45–64,Weekday,80
2019,Watching TV,2019-100,45–64,Weekday,120
2019,Traveling,2019-100,45–64,Weekday,89
2019,Exercise,2019-100,45–64,Weekday,59
2019,Shopping,2019-100,45–64,Weekday,39
2019,Games and computer,2019-100,45–64,Weekday,10
2019,Sleeping,2019-101,45–64,Weekday,541
2019,Eating and drinking,2019-101,45–64,Weekday,66
2019,Housework,2019-101,45–64,Weekday,70
2019,Watching TV,2019-101,45–64,Weekday,202
2019,Traveling,2019-101,45–64,Weekday,79
2019,Reading,2019-101,45–64,Weekday,15
2019,Games and computer,2019-101,45–64,Weekday,49
2019,Sleeping,2019-102,15–24,Weekday,489
2019,Working,2019-102,15–24,Weekday,399
2019,Eating and drinking,2019-102,15–24,Weekday,64
2019,Housework,2019-102,15–24,Weekday,66
2019,Watching TV,2019-102,15–24,Weekday,139
2019,Traveling,2019-102,15–24,Weekday,65
2019,Socializing,2019-102,15–24,Weekday,46
2019,Exercise,2019-102,15–24,Weekday,39
2019,Reading,2019-102,15–24,Weekday,30
2019,Sleeping,2019-103,15–24,Weekday,543
2019,Working,2019-103,15–24,Weekday,386
2019,Eating and drinking,2019-103,15–24,Weekday,61
2019,Watching TV,2019-103,15–24,Weekday,118
2019,Traveling,2019-103,15–24,Weekday,88
2019,Exercise,2019-103,15–24,Weekday,38
2019,Sleeping,2019-104,45–64,Weekday,523
2019,Working,2019-104,45–64,Weekday,435
2019,Eating and drinking,2019-104,45–64,Weekday,60
2019,Watching TV,2019-104,45–64,Weekday,88
2019,Traveling,2019-104,45–64,Weekday,69
2019,Caring for children,2019-104,45–64,Weekday,134
2019,Socializing,2019-104,45–64,Weekday,16
2019,Sleeping,2019-105,25–44,Weekday,497
2019,Eating and drinking,2019-105,25–44,Weekday,71
2019,Watching TV,2019-105,25–44,Weekday,146
2019,Traveling,2019-105,25–44,Weekday,62
2019,Sleeping,2019-106,45–64,Weekday,532
2019,Eating and drinking,2019-106,45–64,Weekday,94
2019,Housework,2019-106,45–64,Weekday,51
2019,Watching TV,2019-106,45–64,Weekday,124
2019,Shopping,2019-106,45–64,Weekday,42
2019,Sleeping,2019-107,65+,Weekday,527
2019,Working,2019-107,65+,Weekday,363
2019,Eating and drinking,2019-107,65+,Weekday,79
2019,Housework,2019-107,65+,Weekday,64
2019,Watching TV,2019-107,65+,Weekday,116
2019,Traveling,2019-107,65+,Weekday,90
2019,Socializing,2019-107,65+,Weekday,49
2019,Games and computer,2019-107,65+,Weekday,50
2019,Sleeping,2019-108,45–64,Weekday,523
2019,Eating and drinking,2019-108,45–64,Weekday,74
2019,Housework,2019-108,45–64,Weekday,84
2019,Watching TV,2019-108,45–64,Weekday,128
2019,Traveling,2019-108,45–64,Weekday,86
2019,Caring for children,2019-108,45–64,Weekday,137
2019,Socializing,2019-108,45–64,Weekday,34
2019,Shopping,2019-108,45–64,Weekday,32
2019,Sleeping,2019-109,45–64,Weekday,446
2019,Eating and drinking,2019-109,45–64,Weekday,69
2019,Housework,2019-109,45–64,Weekday,64
2019,Traveling,2019-109,45–64,Weekday,67
2019,Socializing,2019-109,45–64,Weekday,65
2019,Shopping,2019-109,45–64,Weekday,42
2019,Games and computer,2019-109,45–64,Weekday,66
2019,Sleeping,2019-110,45–64,Weekend,538
2019,Eating and drinking,2019-110,45–64,Weekend,76
2019,Watching TV,2019-110,45–64,Weekend,174
2019,Traveling,2019-110,45–64,Weekend,80
2019,Socializing,2019-110,45–64,Weekend,72
2019,Sleeping,2019-111,65+,Weekend,533
2019,Eating and drinking,2019-111,65+,Weekend,61
2019,Watching TV,2019-111,65+,Weekend,226
2019,Caring for children,2019-111,65+,Weekend,64
2019,Sleeping,2019-112,15–24,Weekday,517
2019,Working,2019-112,15–24,Weekday,447
2019,Eating and drinking,2019-112,15–24,Weekday,77
2019,Housework,2019-112,15–24,Weekday,45
2019,Watching TV,2019-112,15–24,Weekday,191
2019,Traveling,2019-112,15–24,Weekday,84
2019,Socializing,2019-112,15–24,Weekday,36
2019,Exercise,2019-112,15–24,Weekday,51
2019,Shopping,2019-112,15–24,Weekday,31
2019,Sleeping,2019-113,65+,Weekday,531
2019,Working,2019-113,65+,Weekday,283
2019,Eating and drinking,2019-113,65+,Weekday,62
2019,Housework,2019-113,65+,Weekday,49
2019,Watching TV,2019-113,65+,Weekday,85
2019,Traveling,2019-113,65+,Weekday,51
2019,Socializing,2019-113,65+,Weekday,52
2019,Sleeping,2019-114,25–44,Weekday,498
2019,Working,2019-114,25–44,Weekday,379
2019,Eating and drinking,2019-114,25–44,Weekday,81
2019,Housework,2019-114,25–44,Weekday,76
2019,Watching TV,2019-114,25–44,Weekday,130
2019,Traveling,2019-114,25–44,Weekday,68
2019,Socializing,2019-114,25–44,Weekday,66
2019,Exercise,2019-114,25–44,Weekday,45
2019,Shopping,2019-114,25–44,Weekday,38
2019,Reading,2019-114,25–44,Weekday,53
2019,Games and computer,2019-114,25–44,Weekday,24
2019,Sleeping,2019-115,45–64,Weekday,558
2019,Working,2019-115,45–64,Weekday,313
2019,Eating and drinking,2019-115,45–64,Weekday,42
2019,Watching TV,2019-115,45–64,Weekday,100
2019,Traveling,2019-115,45–64,Weekday,81
2019,Caring for children,2019-115,45–64,Weekday,128
2019,Socializing,2019-115,45–64,Weekday,57
2019,Games and computer,2019-115,45–64,Weekday,80
2019,Sleeping,2019-116,15–24,Weekend,471
2019,Eating and drinking,2019-116,15–24,Weekend,80
2019,Housework,2019-116,15–24,Weekend,42
2019,Watching TV,2019-116,15–24,Weekend,172
2019,Traveling,2019-116,15–24,Weekend,52
2019,Shopping,2019-116,15–24,Weekend,34
2019,Sleeping,2019-117,45–64,Weekday,492
2019,Working,2019-117,45–64,Weekday,387
2019,Eating and drinking,2019-117,45–64,Weekday,65
2019,Watching TV,2019-117,45–64,Weekday,208
2019,Shopping,2019-117,45–64,Weekday,30
2019,Sleeping,2019-118,45–64,Weekend,507
2019,Eating and drinking,2019-118,45–64,Weekend,74
2019,Watching TV,2019-118,45–64,Weekend,174
2019,Shopping,2019-118,45–64,Weekend,32
2019,Games and computer,2019-118,45–64,Weekend,25
2019,Sleeping,2019-119,15–24,Weekend,533
2019,Eating and drinking,2019-119,15–24,Weekend,62
2019,Housework,2019-119,15–24,Weekend,21
2019,Watching TV,2019-119,15–24,Weekend,206
2019,Traveling,2019-119,15–24,Weekend,81
2019,Caring for children,2019-119,15–24,Weekend,103
2019,Games and computer,2019-119,15–24,Weekend,70
2019,Sleeping,2019-120,15–24,Weekday,472
2019,Working,2019-120,15–24,Weekday,413
2019,Eating and drinking,2019-120,15–24,Weekday,62
2019,Traveling,2019-120,15–24,Weekday,98
2019,Sleeping,2019-121,15–24,Weekday,457
2019,Working,2019-121,15–24,Weekday,344
2019,Eating and drinking,2019-121,15–24,Weekday,72
2019,Housework,2019-121,15–24,Weekday,38
2019,Watching TV,2019-121,15–24,Weekday,162
2019,Traveling,2019-121,15–24,Weekday,75
2019,Socializing,2019-121,15–24,Weekday,35
2019,Sleeping,2019-122,45–64,Weekend,459
2019,Eating and drinking,2019-122,45–64,Weekend,68
2019,Watching TV,2019-122,45–64,Weekend,120
2019,Traveling,2019-122,45–64,Weekend,77
2019,Shopping,2019-122,45–64,Weekend,48
2019,Games and computer,2019-122,45–64,Weekend,42
2019,Sleeping,2019-123,65+,Weekend,534
2019,Working,2019-123,65+,Weekend,435
2019,Eating and drinking,2019-123,65+,Weekend,83
2019,Watching TV,2019-123,65+,Weekend,166
2019,Traveling,2019-123,65+,Weekend,112
2019,Games and computer,2019-123,65+,Weekend,44
2019,Sleeping,2019-124,15–24,Weekday,466
2019,Eating and drinking,2019-124,15–24,Weekday,94
2019,Housework,2019-124,15–24,Weekday,32
2019,Watching TV,2019-124,15–24,Weekday,133
2019,Traveling,2019-124,15–24,Weekday,96
2019,Shopping,2019-124,15–24,Weekday,11
2019,Sleeping,2019-125,15–24,Weekday,461
2019,Housework,2019-125,15–24,Weekday,41
2019,Watching TV,2019-125,15–24,Weekday,146
2019,Traveling,2019-125,15–24,Weekday,48
2019,Shopping,2019-125,15–24,Weekday,42
2019,Reading,2019-125,15–24,Weekday,31
2019,Sleeping,2019-126,45–64,Weekday,539
2019,Working,2019-126,45–64,Weekday,319
2019,Eating and drinking,2019-126,45–64,Weekday,94
2019,Housework,2019-126,45–64,Weekday,79
2019,Traveling,2019-126,45–64,Weekday,91
2019,Caring for children,2019-126,45–64,Weekday,32
2019,Socializing,2019-126,45–64,Weekday,58
2019,Exercise,2019-126,45–64,Weekday,28
2019,Shopping,2019-126,45–64,Weekday,26
2019,Sleeping,2019-127,25–44,Weekday,493
2019,Working,2019-127,25–44,Weekday,426
2019,Eating and drinking,2019-127,25–44,Weekday,51
2019,Housework,2019-127,25–44,Weekday,13
2019,Traveling,2019-127,25–44,Weekday,43
2019,Socializing,2019-127,25–44,Weekday,64
2019,Shopping,2019-127,25–44,Weekday,30
2019,Games and computer,2019-127,25–44,Weekday,29
2019,Sleeping,2019-128,45–64,Weekend,563
2019,Working,2019-128,45–64,Weekend,335
2019,Eating and drinking,2019-128,45–64,Weekend,90
2019,Housework,2019-128,45–64,Weekend,8
2019,Watching TV,2019-128,45–64,Weekend,133
2019,Socializing,2019-128,45–64,Weekend,43
2019,Exercise,2019-128,45–64,Weekend,40
2019,Games and computer,2019-128,45–64,Weekend,76
2019,Sleeping,2019-129,25–44,Weekend,508
2019,Working,2019-129,25–44,Weekend,370
2019,Eating and drinking,2019-129,25–44,Weekend,76
2019,Watching TV,2019-129,25–44,Weekend,102
2019,Socializing,2019-129,25–44,Weekend,26
2019,Sleeping,2019-130,15–24,Weekday,477
2019,Working,2019-130,15–24,Weekday,465
2019,Eating and drinking,2019-130,15–24,Weekday,60
2019,Housework,2019-130,15–24,Weekday,56
2019,Watching TV,2019-130,15–24,Weekday,187
2019,Traveling,2019-130,15–24,Weekday,68
2019,Exercise,2019-130,15–24,Weekday,42
2019,Shopping,2019-130,15–24,Weekday,28
2019,Reading,2019-130,15–24,Weekday,36
2019,Sleeping,2019-131,65+,Weekend,511
2019,Working,2019-131,65+,Weekend,458
2019,Eating and drinking,2019-131,65+,Weekend,70
2019,Housework,2019-131,65+,Weekend,96
2019,Watching TV,2019-131,65+,Weekend,209
2019,Traveling,2019-131,65+,Weekend,73
2019,Socializing,2019-131,65+,Weekend,55
2019,Shopping,2019-131,65+,Weekend,21
2019,Sleeping,2019-132,25–44,Weekday,477
2019,Eating and drinking,2019-132,25–44,Weekday,66
2019,Housework,2019-132,25–44,Weekday,49
2019,Traveling,2019-132,25–44,Weekday,78
2019,Shopping,2019-132,25–44,Weekday,37
2019,Reading,2019-132,25–44,Weekday,44
2019,Games and computer,2019-132,25–44,Weekday,87
2019,Sleeping,2019-133,65+,Weekday,490
2019,Working,2019-133,65+,Weekday,316
2019,Eating and drinking,2019-133,65+,Weekday,52
2019,Housework,2019-133,65+,Weekday,47
2019,Watching TV,2019-133,65+,Weekday,185
2019,Traveling,2019-133,65+,Weekday,98
2019,Caring for children,2019-133,65+,Weekday,113
2019,Socializing,2019-133,65+,Weekday,29
2019,Shopping,2019-133,65+,Weekday,55
2019,Games and computer,2019-133,65+,Weekday,79
2019,Sleeping,2019-134,15–24,Weekday,467
2019,Eating and drinking,2019-134,15–24,Weekday,79
2019,Housework,2019-134,15–24,Weekday,56
2019,Watching TV,2019-134,15–24,Weekday,138
2019,Traveling,2019-134,15–24,Weekday,78
2019,Sleeping,2019-135,15–24,Weekend,507
2019,Working,2019-135,15–24,Weekend,398
2019,Eating and drinking,2019-135,15–24,Weekend,57
2019,Housework,2019-135,15–24,Weekend,55
2019,Socializing,2019-135,15–24,Weekend,39
2019,Exercise,2019-135,15–24,Weekend,43
2019,Shopping,2019-135,15–24,Weekend,48
2019,Reading,2019-135,15–24,Weekend,21
2019,Sleeping,2019-136,65+,Weekday,525
2019,Working,2019-136,65+,Weekday,478
2019,Eating and drinking,2019-136,65+,Weekday,77
2019,Traveling,2019-136,65+,Weekday,74
2019,Exercise,2019-136,65+,Weekday,42
2019,Reading,2019-136,65+,Weekday,16
2019,Games and computer,2019-136,65+,Weekday,66
2019,Sleeping,2019-137,45–64,Weekday,523
2019,Eating and drinking,2019-137,45–64,Weekday,63
2019,Housework,2019-137,45–64,Weekday,46
2019,Watching TV,2019-137,45–64,Weekday,133
2019,Traveling,2019-137,45–64,Weekday,89
2019,Shopping,2019-137,45–64,Weekday,34
2019,Games and computer,2019-137,45–64,Weekday,60
2019,Sleeping,2019-138,65+,Weekend,550
2019,Working,2019-138,65+,Weekend,496
2019,Eating and drinking,2019-138,65+,Weekend,66
2019,Housework,2019-138,65+,Weekend,53
2019,Watching TV,2019-138,65+,Weekend,119
2019,Traveling,2019-138,65+,Weekend,99
2019,Caring for children,2019-138,65+,Weekend,118
2019,Sleeping,2019-139,45–64,Weekday,501
2019,Working,2019-139,45–64,Weekday,468
2019,Eating and drinking,2019-139,45–64,Weekday,60
2019,Housework,2019-139,45–64,Weekday,38
2019,Watching TV,2019-139,45–64,Weekday,139
2019,Caring for children,2019-139,45–64,Weekday,124
2019,Sleeping,2019-140,45–64,Weekend,521
2019,Working,2019-140,45–64,Weekend,468
2019,Eating and drinking,2019-140,45–64,Weekend,53
2019,Watching TV,2019-140,45–64,Weekend,157
2019,Traveling,2019-140,45–64,Weekend,74
2019,Caring for children,2019-140,45–64,Weekend,28
2019,Exercise,2019-140,45–64,Weekend,58
2019,Reading,2019-140,45–64,Weekend,23
2019,Games and computer,2019-140,45–64,Weekend,60
2019,Sleeping,2019-141,65+,Weekday,509
2019,Working,2019-141,65+,Weekday,478
2019,Eating and drinking,2019-141,65+,Weekday,85
2019,Watching TV,2019-141,65+,Weekday,214
2019,Caring for children,2019-141,65+,Weekday,97
2019,Shopping,2019-141,65+,Weekday,37
2019,Reading,2019-141,65+,Weekday,33
2019,Sleeping,2019-142,25–44,Weekday,571
2019,Working,2019-142,25–44,Weekday,307
2019,Eating and drinking,2019-142,25–44,Weekday,84
2019,Housework,2019-142,25–44,Weekday,48
2019,Watching TV,2019-142,25–44,Weekday,88
2019,Traveling,2019-142,25–44,Weekday,123
2019,Sleeping,2019-143,65+,Weekend,466
2019,Eating and drinking,2019-143,65+,Weekend,54
2019,Housework,2019-143,65+,Weekend,59
2019,Watching TV,2019-143,65+,Weekend,117
2019,Reading,2019-143,65+,Weekend,51
2019,Sleeping,2019-144,25–44,Weekday,540
2019,Working,2019-144,25–44,Weekday,490
2019,Eating and drinking,2019-144,25–44,Weekday,47
2019,Housework,2019-144,25–44,Weekday,64
2019,Traveling,2019-144,25–44,Weekday,82
2019,Socializing,2019-144,25–44,Weekday,29
2019,Games and computer,2019-144,25–44,Weekday,24
2019,Sleeping,2019-145,65+,Weekend,478
2019,Working,2019-145,65+,Weekend,448
2019,Eating and drinking,2019-145,65+,Weekend,70
2019,Housework,2019-145,65+,Weekend,90
2019,Watching TV,2019-145,65+,Weekend,160
2019,Traveling,2019-145,65+,Weekend,102
2019,Socializing,2019-145,65+,Weekend,46
2019,Games and computer,2019-145,65+,Weekend,58
2019,Sleeping,2019-146,45–64,Weekday,492
2019,Working,2019-146,45–64,Weekday,446
2019,Eating and drinking,2019-146,45–64,Weekday,69
2019,Housework,2019-146,45–64,Weekday,21
2019,Watching TV,2019-146,45–64,Weekday,225
2019,Traveling,2019-146,45–64,Weekday,102
2019,Socializing,2019-146,45–64,Weekday,65
2019,Reading,2019-146,45–64,Weekday,16
2019,Sleeping,2019-147,15–24,Weekday,472
2019,Eating and drinking,2019-147,15–24,Weekday,77
2019,Watching TV,2019-147,15–24,Weekday,214
2019,Traveling,2019-147,15–24,Weekday,62
2019,Socializing,2019-147,15–24,Weekday,60
2019,Shopping,2019-147,15–24,Weekday,30
2019,Sleeping,2019-148,25–44,Weekday,555
2019,Working,2019-148,25–44,Weekday,388
2019,Housework,2019-148,25–44,Weekday,23
2019,Traveling,2019-148,25–44,Weekday,106
2019,Socializing,2019-148,25–44,Weekday,35
2019,Exercise,2019-148,25–44,Weekday,27
2019,Shopping,2019-148,25–44,Weekday,45
2019,Sleeping,2019-149,15–24,Weekday,561
2019,Working,2019-149,15–24,Weekday,516
2019,Eating and drinking,2019-149,15–24,Weekday,43
2019,Housework,2019-149,15–24,Weekday,69
2019,Watching TV,2019-149,15–24,Weekday,126
2019,Traveling,2019-149,15–24,Weekday,115
2019,Caring for children,2019-149,15–24,Weekday,102
2019,Sleeping,2019-150,45–64,Weekday,496
2019,Working,2019-150,45–64,Weekday,452
2019,Eating and drinking,2019-150,45–64,Weekday,51
2019,Housework,2019-150,45–64,Weekday,48
2019,Traveling,2019-150,45–64,Weekday,55
2019,Exercise,2019-150,45–64,Weekday,45
2019,Shopping,2019-150,45–64,Weekday,27
2019,Sleeping,2019-151,65+,Weekday,524
2019,Eating and drinking,2019-151,65+,Weekday,79
2019,Housework,2019-151,65+,Weekday,40
2019,Traveling,2019-151,65+,Weekday,90
2019,Reading,2019-151,65+,Weekday,24
2019,Sleeping,2019-152,25–44,Weekend,503
2019,Working,2019-152,25–44,Weekend,343
2019,Eating and drinking,2019-152,25–44,Weekend,72
2019,Housework,2019-152,25–44,Weekend,47
2019,Watching TV,2019-152,25–44,Weekend,135
2019,Traveling,2019-152,25–44,Weekend,62
2019,Socializing,2019-152,25–44,Weekend,55
2019,Shopping,2019-152,25–44,Weekend,33
2019,Sleeping,2019-153,25–44,Weekday,491
2019,Working,2019-153,25–44,Weekday,418
2019,Eating and drinking,2019-153,25–44,Weekday,84
2019,Housework,2019-153,25–44,Weekday,67
2019,Caring for children,2019-153,25–44,Weekday,39
2019,Socializing,2019-153,25–44,Weekday,57
2019,Exercise,2019-153,25–44,Weekday,53
2019,Shopping,2019-153,25–44,Weekday,44
2019,Sleeping,2019-154,15–24,Weekday,507
2019,Eating and drinking,2019-154,15–24,Weekday,57
2019,Housework,2019-154,15–24,Weekday,41
2019,Watching TV,2019-154,15–24,Weekday,163
2019,Traveling,2019-154,15–24,Weekday,56
2019,Socializing,2019-154,15–24,Weekday,41
2019,Shopping,2019-154,15–24,Weekday,35
2019,Games and computer,2019-154,15–24,Weekday,67
2019,Sleeping,2019-155,65+,Weekend,504
2019,Working,2019-155,65+,Weekend,433
2019,Eating and drinking,2019-155,65+,Weekend,67
2019,Housework,2019-155,65+,Weekend,35
2019,Watching TV,2019-155,65+,Weekend,143
2019,Traveling,2019-155,65+,Weekend,65
2019,Caring for children,2019-155,65+,Weekend,129
2019,Sleeping,2019-156,45–64,Weekend,459
2019,Eating and drinking,2019-156,45–64,Weekend,82
2019,Housework,2019-156,45–64,Weekend,45
2019,Traveling,2019-156,45–64,Weekend,71
2019,Caring for children,2019-156,45–64,Weekend,95
2019,Socializing,2019-156,45–64,Weekend,36
2019,Exercise,2019-156,45–64,Weekend,49
2019,Sleeping,2019-157,65+,Weekday,508
2019,Working,2019-157,65+,Weekday,465
2019,Eating and drinking,2019-157,65+,Weekday,52
2019,Housework,2019-157,65+,Weekday,93
2019,Watching TV,2019-157,65+,Weekday,198
2019,Traveling,2019-157,65+,Weekday,40
2019,Shopping,2019-157,65+,Weekday,30
2019,Games and computer,2019-157,65+,Weekday,52
2019,Sleeping,2019-158,15–24,Weekday,499
2019,Eating and drinking,2019-158,15–24,Weekday,57
2019,Housework,2019-158,15–24,Weekday,67
2019,Watching TV,2019-158,15–24,Weekday,170
2019,Traveling,2019-158,15–24,Weekday,60
2019,Socializing,2019-158,15–24,Weekday,42
2019,Sleeping,2019-159,25–44,Weekday,509
2019,Working,2019-159,25–44,Weekday,408
2019,Eating and drinking,2019-159,25–44,Weekday,71
2019,Housework,2019-159,25–44,Weekday,65
2019,Watching TV,2019-159,25–44,Weekday,207
2019,Traveling,2019-159,25–44,Weekday,51
2019,Exercise,2019-159,25–44,Weekday,41
2019,Sleeping,2019-160,25–44,Weekday,517
2019,Working,2019-160,25–44,Weekday,343
2019,Eating and drinking,2019-160,25–44,Weekday,47
2019,Housework,2019-160,25–44,Weekday,20
2019,Watching TV,2019-160,25–44,Weekday,139
2019,Traveling,2019-160,25–44,Weekday,69
2019,Caring for children,2019-160,25–44,Weekday,98
2019,Sleeping,2019-161,65+,Weekday,491
2019,Eating and drinking,2019-161,65+,Weekday,64
2019,Housework,2019-161,65+,Weekday,75
2019,Watching TV,2019-161,65+,Weekday,137
2019,Traveling,2019-161,65+,Weekday,65
2019,Socializing,2019-161,65+,Weekday,51
2019,Shopping,2019-161,65+,Weekday,34
2019,Sleeping,2019-162,45–64,Weekend,526
2019,Working,2019-162,45–64,Weekend,402
2019,Eating and drinking,2019-162,45–64,Weekend,88
2019,Housework,2019-162,45–64,Weekend,14
2019,Watching TV,2019-162,45–64,Weekend,187
2019,Caring for children,2019-162,45–64,Weekend,71
2019,Shopping,2019-162,45–64,Weekend,26
2019,Games and computer,2019-162,45–64,Weekend,32
2019,Sleeping,2019-163,25–44,Weekday,517
2019,Eating and drinking,2019-163,25–44,Weekday,93
2019,Housework,2019-163,25–44,Weekday,32
2019,Watching TV,2019-163,25–44,Weekday,146
2019,Traveling,2019-163,25–44,Weekday,80
2019,Caring for children,2019-163,25–44,Weekday,113
2019,Socializing,2019-163,25–44,Weekday,58
2019,Reading,2019-163,25–44,Weekday,30
2019,Sleeping,2019-164,65+,Weekday,481
2019,Working,2019-164,65+,Weekday,346
2019,Eating and drinking,2019-164,65+,Weekday,85
2019,Watching TV,2019-164,65+,Weekday,127
2019,Socializing,2019-164,65+,Weekday,15
2019,Exercise,2019-164,65+,Weekday,57
2019,Sleeping,2019-165,65+,Weekend,508
2019,Eating and drinking,2019-165,65+,Weekend,90
2019,Housework,2019-165,65+,Weekend,65
2019,Watching TV,2019-165,65+,Weekend,125
2019,Traveling,2019-165,65+,Weekend,81
2019,Reading,2019-165,65+,Weekend,32
2019,Sleeping,2019-166,45–64,Weekday,569
2019,Working,2019-166,45–64,Weekday,359
2019,Eating and drinking,2019-166,45–64,Weekday,51
2019,Watching TV,2019-166,45–64,Weekday,124
2019,Traveling,2019-166,45–64,Weekday,75
2019,Caring for children,2019-166,45–64,Weekday,119
2019,Socializing,2019-166,45–64,Weekday,38
2019,Exercise,2019-166,45–64,Weekday,49
2019,Shopping,2019-166,45–64,Weekday,32
2019,Reading,2019-166,45–64,Weekday,36
2019,Sleeping,2019-167,15–24,Weekday,528
2019,Working,2019-167,15–24,Weekday,372
2019,Eating and drinking,2019-167,15–24,Weekday,75
2019,Housework,2019-167,15–24,Weekday,26
2019,Watching TV,2019-167,15–24,Weekday,143
2019,Traveling,2019-167,15–24,Weekday,72
2019,Exercise,2019-167,15–24,Weekday,32
2019,Shopping,2019-167,15–24,Weekday,45
2019,Games and computer,2019-167,15–24,Weekday,67
2019,Sleeping,2019-168,15–24,Weekend,474
2019,Eating and drinking,2019-168,15–24,Weekend,101
2019,Watching TV,2019-168,15–24,Weekend,131
2019,Traveling,2019-168,15–24,Weekend,70
2019,Caring for children,2019-168,15–24,Weekend,87
2019,Socializing,2019-168,15–24,Weekend,37
2019,Exercise,2019-168,15–24,Weekend,47
2019,Sleeping,2019-169,25–44,Weekend,534
2019,Eating and drinking,2019-169,25–44,Weekend,64
2019,Housework,2019-169,25–44,Weekend,60
2019,Watching TV,2019-169,25–44,Weekend,134
2019,Traveling,2019-169,25–44,Weekend,98
2019,Shopping,2019-169,25–44,Weekend,43
2019,Reading,2019-169,25–44,Weekend,28
2019,Games and computer,2019-169,25–44,Weekend,18
2019,Sleeping,2019-170,65+,Weekday,526
2019,Working,2019-170,65+,Weekday,436
2019,Eating and drinking,2019-170,65+,Weekday,80
2019,Housework,2019-170,65+,Weekday,38
2019,Traveling,2019-170,65+,Weekday,92
2019,Socializing,2019-170,65+,Weekday,40
2019,Exercise,2019-170,65+,Weekday,55
2019,Sleeping,2019-171,45–64,Weekend,547
2019,Eating and drinking,2019-171,45–64,Weekend,69
2019,Watching TV,2019-171,45–64,Weekend,152
2019,Traveling,2019-171,45–64,Weekend,63
2019,Socializing,2019-171,45–64,Weekend,58
2019,Sleeping,2019-172,15–24,Weekday,539
2019,Working,2019-172,15–24,Weekday,366
2019,Eating and drinking,2019-172,15–24,Weekday,79
2019,Housework,2019-172,15–24,Weekday,46
2019,Watching TV,2019-172,15–24,Weekday,206
2019,Traveling,2019-172,15–24,Weekday,78
2019,Shopping,2019-172,15–24,Weekday,47
2019,Sleeping,2019-173,25–44,Weekend,493
2019,Eating and drinking,2019-173,25–44,Weekend,75
2019,Housework,2019-173,25–44,Weekend,64
2019,Watching TV,2019-173,25–44,Weekend,194
2019,Socializing,2019-173,25–44,Weekend,41
2019,Shopping,2019-173,25–44,Weekend,29
2019,Sleeping,2019-174,25–44,Weekday,489
2019,Working,2019-174,25–44,Weekday,401
2019,Eating and drinking,2019-174,25–44,Weekday,75
2019,Housework,2019-174,25–44,Weekday,76
2019,Watching TV,2019-174,25–44,Weekday,79
2019,Caring for children,2019-174,25–44,Weekday,46
2019,Exercise,2019-174,25–44,Weekday,32
2019,Reading,2019-174,25–44,Weekday,25
2019,Sleeping,2019-175,65+,Weekday,532
2019,Working,2019-175,65+,Weekday,461
2019,Eating and drinking,2019-175,65+,Weekday,86
2019,Housework,2019-175,65+,Weekday,32
2019,Watching TV,2019-175,65+,Weekday,134
2019,Traveling,2019-175,65+,Weekday,102
2019,Socializing,2019-175,65+,Weekday,53
2019,Shopping,2019-175,65+,Weekday,53
2019,Games and computer,2019-175,65+,Weekday,31
2019,Sleeping,2019-176,45–64,Weekday,458
2019,Eating and drinking,2019-176,45–64,Weekday,52
2019,Housework,2019-176,45–64,Weekday,49
2019,Traveling,2019-176,45–64,Weekday,50
2019,Reading,2019-176,45–64,Weekday,23
2019,Sleeping,2019-177,45–64,Weekend,483
2019,Working,2019-177,45–64,Weekend,490
2019,Eating and drinking,2019-177,45–64,Weekend,49
2019,Housework,2019-177,45–64,Weekend,38
2019,Watching TV,2019-177,45–64,Weekend,185
2019,Traveling,2019-177,45–64,Weekend,74
2019,Socializing,2019-177,45–64,Weekend,41
2019,Exercise,2019-177,45–64,Weekend,43
2019,Sleeping,2019-178,65+,Weekday,548
2019,Working,2019-178,65+,Weekday,408
2019,Eating and drinking,2019-178,65+,Weekday,65
2019,Housework,2019-178,65+,Weekday,80
2019,Watching TV,2019-178,65+,Weekday,156
2019,Traveling,2019-178,65+,Weekday,79
2019,Shopping,2019-178,65+,Weekday,55
2019,Reading,2019-178,65+,Weekday,32
2019,Sleeping,2019-179,45–64,Weekend,515
2019,Eating and drinking,2019-179,45–64,Weekend,78
2019,Housework,2019-179,45–64,Weekend,62
2019,Watching TV,2019-179,45–64,Weekend,83
2019,Traveling,2019-179,45–64,Weekend,71
2019,Reading,2019-179,45–64,Weekend,31
2019,Games and computer,2019-179,45–64,Weekend,34
2019,Sleeping,2019-180,25–44,Weekday,456
2019,Working,2019-180,25–44,Weekday,401
2019,Eating and drinking,2019-180,25–44,Weekday,89
2019,Watching TV,2019-180,25–44,Weekday,133
2019,Traveling,2019-180,25–44,Weekday,113
2019,Caring for children,2019-180,25–44,Weekday,48
2019,Sleeping,2019-181,45–64,Weekend,500
2019,Eating and drinking,2019-181,45–64,Weekend,56
2019,Watching TV,2019-181,45–64,Weekend,156
2019,Traveling,2019-181,45–64,Weekend,99
2019,Shopping,2019-181,45–64,Weekend,28
2019,Sleeping,2019-182,65+,Weekday,529
2019,Eating and drinking,2019-182,65+,Weekday,64
2019,Housework,2019-182,65+,Weekday,82
2019,Watching TV,2019-182,65+,Weekday,123
2019,Traveling,2019-182,65+,Weekday,65
2019,Caring for children,2019-182,65+,Weekday,31
2019,Socializing,2019-182,65+,Weekday,68
2019,Exercise,2019-182,65+,Weekday,12
2019,Shopping,2019-182,65+,Weekday,38
2019,Sleeping,2019-183,15–24,Weekday,507
2019,Eating and drinking,2019-183,15–24,Weekday,80
2019,Housework,2019-183,15–24,Weekday,18
2019,Watching TV,2019-183,15–24,Weekday,90
2019,Traveling,2019-183,15–24,Weekday,66
2019,Sleeping,2019-184,65+,Weekend,526
2019,Eating and drinking,2019-184,65+,Weekend,67
2019,Watching TV,2019-184,65+,Weekend,74
2019,Traveling,2019-184,65+,Weekend,89
2019,Socializing,2019-184,65+,Weekend,60
2019,Exercise,2019-184,65+,Weekend,58
2019,Reading,2019-184,65+,Weekend,23
2019,Games and computer,2019-184,65+,Weekend,71
2019,Sleeping,2019-185,65+,Weekday,492
2019,Working,2019-185,65+,Weekday,360
2019,Eating and drinking,2019-185,65+,Weekday,70
2019,Housework,2019-185,65+,Weekday,67
2019,Watching TV,2019-185,65+,Weekday,117
2019,Traveling,2019-185,65+,Weekday,78
2019,Socializing,2019-185,65+,Weekday,39
2019,Sleeping,2019-186,15–24,Weekday,541
2019,Working,2019-186,15–24,Weekday,389
2019,Eating and drinking,2019-186,15–24,Weekday,93
2019,Watching TV,2019-186,15–24,Weekday,168
2019,Traveling,2019-186,15–24,Weekday,64
2019,Socializing,2019-186,15–24,Weekday,60
2019,Shopping,2019-186,15–24,Weekday,40
2019,Sleeping,2019-187,15–24,Weekday,459
2019,Working,2019-187,15–24,Weekday,423
2019,Eating and drinking,2019-187,15–24,Weekday,88
2019,Housework,2019-187,15–24,Weekday,16
2019,Watching TV,2019-187,15–24,Weekday,143
2019,Traveling,2019-187,15–24,Weekday,66
2019,Caring for children,2019-187,15–24,Weekday,73
2019,Socializing,2019-187,15–24,Weekday,39
2019,Exercise,2019-187,15–24,Weekday,37
2019,Shopping,2019-187,15–24,Weekday,24
2019,Sleeping,2019-188,15–24,Weekend,534
2019,Working,2019-188,15–24,Weekend,503
2019,Eating and drinking,2019-188,15–24,Weekend,63
2019,Housework,2019-188,15–24,Weekend,58
2019,Watching TV,2019-188,15–24,Weekend,148
2019,Traveling,2019-188,15–24,Weekend,91
2019,Exercise,2019-188,15–24,Weekend,61
2019,Sleeping,2019-189,15–24,Weekday,510
2019,Working,2019-189,15–24,Weekday,461
2019,Eating and drinking,2019-189,15–24,Weekday,75
2019,Housework,2019-189,15–24,Weekday,95
2019,Watching TV,2019-189,15–24,Weekday,165
2019,Traveling,2019-189,15–24,Weekday,52
2019,Socializing,2019-189,15–24,Weekday,38
2019,Shopping,2019-189,15–24,Weekday,15
2019,Sleeping,2019-190,15–24,Weekday,505
2019,Working,2019-190,15–24,Weekday,436
2019,Eating and drinking,2019-190,15–24,Weekday,68
2019,Traveling,2019-190,15–24,Weekday,82
2019,Socializing,2019-190,15–24,Weekday,53
2019,Sleeping,2019-191,25–44,Weekend,473
2019,Eating and drinking,2019-191,25–44,Weekend,88
2019,Watching TV,2019-191,25–44,Weekend,160
2019,Traveling,2019-191,25–44,Weekend,87
2019,Exercise,2019-191,25–44,Weekend,13
2019,Shopping,2019-191,25–44,Weekend,59
2019,Sleeping,2019-192,15–24,Weekend,557
2019,Working,2019-192,15–24,Weekend,419
2019,Eating and drinking,2019-192,15–24,Weekend,68
2019,Watching TV,2019-192,15–24,Weekend,148
2019,Traveling,2019-192,15–24,Weekend,79
2019,Caring for children,2019-192,15–24,Weekend,20
2019,Exercise,2019-192,15–24,Weekend,18
2019,Shopping,2019-192,15–24,Weekend,23
2019,Sleeping,2019-193,65+,Weekday,527
2019,Eating and drinking,2019-193,65+,Weekday,41
2019,Watching TV,2019-193,65+,Weekday,124
2019,Socializing,2019-193,65+,Weekday,8
2019,Shopping,2019-193,65+,Weekday,47
2019,Games and computer,2019-193,65+,Weekday,39
2019,Sleeping,2019-194,25–44,Weekday,472
2019,Working,2019-194,25–44,Weekday,305
2019,Eating and drinking,2019-194,25–44,Weekday,85
2019,Housework,2019-194,25–44,Weekday,74
2019,Watching TV,2019-194,25–44,Weekday,93
2019,Traveling,2019-194,25–44,Weekday,66
2019,Shopping,2019-194,25–44,Weekday,34
2019,Reading,2019-194,25–44,Weekday,24
2019,Sleeping,2019-195,65+,Weekday,520
2019,Working,2019-195,65+,Weekday,339
2019,Housework,2019-195,65+,Weekday,73
2019,Watching TV,2019-195,65+,Weekday,89
2019,Traveling,2019-195,65+,Weekday,74
2019,Exercise,2019-195,65+,Weekday,33
2019,Shopping,2019-195,65+,Weekday,21
2019,Games and computer,2019-195,65+,Weekday,48
2019,Sleeping,2019-196,15–24,Weekend,473
2019,Working,2019-196,15–24,Weekend,423
2019,Eating and drinking,2019-196,15–24,Weekend,63
2019,Housework,2019-196,15–24,Weekend,59
2019,Watching TV,2019-196,15–24,Weekend,138
2019,Traveling,2019-196,15–24,Weekend,87
2019,Exercise,2019-196,15–24,Weekend,40
2019,Games and computer,2019-196,15–24,Weekend,68
2019,Sleeping,2019-197,65+,Weekday,499
2019,Working,2019-197,65+,Weekday,378
2019,Eating and drinking,2019-197,65+,Weekday,53
2019,Housework,2019-197,65+,Weekday,28
2019,Watching TV,2019-197,65+,Weekday,150
2019,Traveling,2019-197,65+,Weekday,94
2019,Caring for children,2019-197,65+,Weekday,72
2019,Socializing,2019-197,65+,Weekday,64
2019,Shopping,2019-197,65+,Weekday,51
2019,Reading,2019-197,65+,Weekday,31
2019,Games and computer,2019-197,65+,Weekday,71
2019,Sleeping,2019-198,15–24,Weekday,553
2019,Working,2019-198,15–24,Weekday,408
2019,Eating and drinking,2019-198,15–24,Weekday,84
2019,Housework,2019-198,15–24,Weekday,45
2019,Watching TV,2019-198,15–24,Weekday,92
2019,Traveling,2019-198,15–24,Weekday,92
2019,Socializing,2019-198,15–24,Weekday,44
2019,Shopping,2019-198,15–24,Weekday,36
2019,Sleeping,2019-199,25–44,Weekday,555
2019,Eating and drinking,2019-199,25–44,Weekday,55
2019,Watching TV,2019-199,25–44,Weekday,170
2019,Traveling,2019-199,25–44,Weekday,108
2019,Caring for children,2019-199,25–44,Weekday,90
2019,Sleeping,2019-200,65+,Weekday,491
2019,Eating and drinking,2019-200,65+,Weekday,85
2019,Housework,2019-200,65+,Weekday,42
2019,Traveling,2019-200,65+,Weekday,38
2019,Socializing,2019-200,65+,Weekday,54
2019,Exercise,2019-200,65+,Weekday,27
2019,Shopping,2019-200,65+,Weekday,40
2019,Sleeping,2019-201,45–64,Weekend,565
2019,Working,2019-201,45–64,Weekend,472
2019,Eating and drinking,2019-201,45–64,Weekend,82
2019,Watching TV,2019-201,45–64,Weekend,215
2019,Traveling,2019-201,45–64,Weekend,90
2019,Shopping,2019-201,45–64,Weekend,25
2019,Sleeping,2019-202,25–44,Weekend,484
2019,Working,2019-202,25–44,Weekend,350
2019,Eating and drinking,2019-202,25–44,Weekend,67
2019,Watching TV,2019-202,25–44,Weekend,205
2019,Traveling,2019-202,25–44,Weekend,78
2019,Games and computer,2019-202,25–44,Weekend,48
2019,Sleeping,2019-203,15–24,Weekend,543
2019,Eating and drinking,2019-203,15–24,Weekend,80
2019,Housework,2019-203,15–24,Weekend,33
2019,Watching TV,2019-203,15–24,Weekend,166
2019,Shopping,2019-203,15–24,Weekend,39
2019,Reading,2019-203,15–24,Weekend,36
2019,Sleeping,2019-204,25–44,Weekday,516
2019,Working,2019-204,25–44,Weekday,410
2019,Eating and drinking,2019-204,25–44,Weekday,70
2019,Housework,2019-204,25–44,Weekday,54
2019,Watching TV,2019-204,25–44,Weekday,131
2019,Traveling,2019-204,25–44,Weekday,50
2019,Caring for children,2019-204,25–44,Weekday,91
2019,Socializing,2019-204,25–44,Weekday,45
2019,Reading,2019-204,25–44,Weekday,33
2019,Sleeping,2019-205,65+,Weekday,500
2019,Working,2019-205,65+,Weekday,420
2019,Eating and drinking,2019-205,65+,Weekday,58
2019,Traveling,2019-205,65+,Weekday,54
2019,Caring for children,2019-205,65+,Weekday,94
2019,Shopping,2019-205,65+,Weekday,43
2019,Reading,2019-205,65+,Weekday,30
2019,Sleeping,2019-206,15–24,Weekend,473
2019,Eating and drinking,2019-206,15–24,Weekend,55
2019,Housework,2019-206,15–24,Weekend,38
2019,Watching TV,2019-206,15–24,Weekend,201
2019,Traveling,2019-206,15–24,Weekend,103
2019,Socializing,2019-206,15–24,Weekend,22
2019,Shopping,2019-206,15–24,Weekend,37
2019,Games and computer,2019-206,15–24,Weekend,9
2019,Sleeping,2019-207,45–64,Weekday,500
2019,Eating and drinking,2019-207,45–64,Weekday,67
2019,Housework,2019-207,45–64,Weekday,34
2019,Watching TV,2019-207,45–64,Weekday,174
2019,Traveling,2019-207,45–64,Weekday,48
2019,Caring for children,2019-207,45–64,Weekday,80
2019,Socializing,2019-207,45–64,Weekday,54
2019,Sleeping,2019-208,45–64,Weekend,528
2019,Eating and drinking,2019-208,45–64,Weekend,71
2019,Watching TV,2019-208,45–64,Weekend,154
2019,Traveling,2019-208,45–64,Weekend,89
2019,Socializing,2019-208,45–64,Weekend,49
2019,Games and computer,2019-208,45–64,Weekend,78
2019,Sleeping,2019-209,15–24,Weekday,458
2019,Eating and drinking,2019-209,15–24,Weekday,71
2019,Housework,2019-209,15–24,Weekday,47
2019,Watching TV,2019-209,15–24,Weekday,158
2019,Traveling,2019-209,15–24,Weekday,87
2019,Shopping,2019-209,15–24,Weekday,28
2019,Sleeping,2019-210,25–44,Weekday,508
2019,Working,2019-210,25–44,Weekday,408
2019,Eating and drinking,2019-210,25–44,Weekday,58
2019,Housework,2019-210,25–44,Weekday,30
2019,Watching TV,2019-210,25–44,Weekday,208
2019,Traveling,2019-210,25–44,Weekday,67
2019,Caring for children,2019-210,25–44,Weekday,55
2019,Socializing,2019-210,25–44,Weekday,70
2019,Exercise,2019-210,25–44,Weekday,15
2019,Shopping,2019-210,25–44,Weekday,39
2019,Sleeping,2019-211,65+,Weekday,490
2019,Eating and drinking,2019-211,65+,Weekday,73
2019,Housework,2019-211,65+,Weekday,67
2019,Watching TV,2019-211,65+,Weekday,162
2019,Traveling,2019-211,65+,Weekday,40
2019,Socializing,2019-211,65+,Weekday,53
2019,Shopping,2019-211,65+,Weekday,48
2019,Sleeping,2019-212,65+,Weekday,522
2019,Eating and drinking,2019-212,65+,Weekday,58
2019,Housework,2019-212,65+,Weekday,43
2019,Watching TV,2019-212,65+,Weekday,161
2019,Traveling,2019-212,65+,Weekday,79
2019,Shopping,2019-212,65+,Weekday,51
2019,Games and computer,2019-212,65+,Weekday,63
2019,Sleeping,2019-213,15–24,Weekday,524
2019,Eating and drinking,2019-213,15–24,Weekday,75
2019,Housework,2019-213,15–24,Weekday,53
2019,Traveling,2019-213,15–24,Weekday,88
2019,Exercise,2019-213,15–24,Weekday,56
2019,Shopping,2019-213,15–24,Weekday,39
2019,Games and computer,2019-213,15–24,Weekday,12
2019,Sleeping,2019-214,45–64,Weekday,506
2019,Eating and drinking,2019-214,45–64,Weekday,54
2019,Watching TV,2019-214,45–64,Weekday,153
2019,Traveling,2019-214,45–64,Weekday,83
2019,Socializing,2019-214,45–64,Weekday,48
2019,Exercise,2019-214,45–64,Weekday,46
2019,Sleeping,2019-215,45–64,Weekend,502
2019,Eating and drinking,2019-215,45–64,Weekend,61
2019,Housework,2019-215,45–64,Weekend,65
2019,Watching TV,2019-215,45–64,Weekend,203
2019,Traveling,2019-215,45–64,Weekend,53
2019,Caring for children,2019-215,45–64,Weekend,80
2019,Shopping,2019-215,45–64,Weekend,39
2019,Sleeping,2019-216,45–64,Weekday,505
2019,Working,2019-216,45–64,Weekday,475
2019,Eating and drinking,2019-216,45–64,Weekday,64
2019,Housework,2019-216,45–64,Weekday,48
2019,Watching TV,2019-216,45–64,Weekday,172
2019,Traveling,2019-216,45–64,Weekday,85
2019,Socializing,2019-216,45–64,Weekday,57
2019,Reading,2019-216,45–64,Weekday,25
2019,Sleeping,2019-217,65+,Weekend,550
2019,Eating and drinking,2019-217,65+,Weekend,57
2019,Watching TV,2019-217,65+,Weekend,175
2019,Traveling,2019-217,65+,Weekend,63
2019,Exercise,2019-217,65+,Weekend,61
2019,Reading,2019-217,65+,Weekend,31
2019,Games and computer,2019-217,65+,Weekend,57
2019,Sleeping,2019-218,25–44,Weekend,554
2019,Watching TV,2019-218,25–44,Weekend,196
2019,Traveling,2019-218,25–44,Weekend,77
2019,Caring for children,2019-218,25–44,Weekend,56
2019,Socializing,2019-218,25–44,Weekend,36
2019,Exercise,2019-218,25–44,Weekend,41
2019,Shopping,2019-218,25–44,Weekend,43
2019,Games and computer,2019-218,25–44,Weekend,43
2019,Sleeping,2019-219,65+,Weekday,523
2019,Working,2019-219,65+,Weekday,372
2019,Eating and drinking,2019-219,65+,Weekday,68
2019,Watching TV,2019-219,65+,Weekday,176
2019,Traveling,2019-219,65+,Weekday,86
2019,Socializing,2019-219,65+,Weekday,47
2019,Games and computer,2019-219,65+,Weekday,68
2019,Sleeping,2019-220,65+,Weekday,544
2019,Eating and drinking,2019-220,65+,Weekday,68
2019,Housework,2019-220,65+,Weekday,67
2019,Watching TV,2019-220,65+,Weekday,134
2019,Traveling,2019-220,65+,Weekday,105
2019,Socializing,2019-220,65+,Weekday,50
2019,Reading,2019-220,65+,Weekday,17
2019,Sleeping,2019-221,65+,Weekday,468
2019,Eating and drinking,2019-221,65+,Weekday,69
2019,Housework,2019-221,65+,Weekday,88
2019,Traveling,2019-221,65+,Weekday,74
2019,Caring for children,2019-221,65+,Weekday,72
2019,Socializing,2019-221,65+,Weekday,66
2019,Shopping,2019-221,65+,Weekday,31
2019,Sleeping,2019-222,15–24,Weekend,537
2019,Working,2019-222,15–24,Weekend,341
2019,Eating and drinking,2019-222,15–24,Weekend,80
2019,Housework,2019-222,15–24,Weekend,50
2019,Watching TV,2019-222,15–24,Weekend,141
2019,Socializing,2019-222,15–24,Weekend,45
2019,Shopping,2019-222,15–24,Weekend,42
2019,Sleeping,2019-223,25–44,Weekday,550
2019,Eating and drinking,2019-223,25–44,Weekday,70
2019,Housework,2019-223,25–44,Weekday,51
2019,Watching TV,2019-223,25–44,Weekday,207
2019,Traveling,2019-223,25–44,Weekday,68
2019,Exercise,2019-223,25–44,Weekday,16
2019,Sleeping,2019-224,65+,Weekday,498
2019,Working,2019-224,65+,Weekday,380
2019,Eating and drinking,2019-224,65+,Weekday,69
2019,Housework,2019-224,65+,Weekday,54
2019,Watching TV,2019-224,65+,Weekday,229
2019,Traveling,2019-224,65+,Weekday,94
2019,Caring for children,2019-224,65+,Weekday,125
2019,Socializing,2019-224,65+,Weekday,40
2019,Sleeping,2019-225,45–64,Weekend,518
2019,Working,2019-225,45–64,Weekend,500
2019,Eating and drinking,2019-225,45–64,Weekend,80
2019,Watching TV,2019-225,45–64,Weekend,150
2019,Traveling,2019-225,45–64,Weekend,83
2019,Socializing,2019-225,45–64,Weekend,15
2019,Sleeping,2019-226,15–24,Weekend,453
2019,Eating and drinking,2019-226,15–24,Weekend,75
2019,Watching TV,2019-226,15–24,Weekend,228
2019,Caring for children,2019-226,15–24,Weekend,86
2019,Socializing,2019-226,15–24,Weekend,28
2019,Sleeping,2019-227,15–24,Weekday,542
2019,Working,2019-227,15–24,Weekday,501
2019,Eating and drinking,2019-227,15–24,Weekday,77
2019,Watching TV,2019-227,15–24,Weekday,125
2019,Traveling,2019-227,15–24,Weekday,62
2019,Socializing,2019-227,15–24,Weekday,51
2019,Games and computer,2019-227,15–24,Weekday,73
2019,Sleeping,2019-228,45–64,Weekend,556
2019,Eating and drinking,2019-228,45–64,Weekend,63
2019,Housework,2019-228,45–64,Weekend,91
2019,Watching TV,2019-228,45–64,Weekend,148
2019,Traveling,2019-228,45–64,Weekend,53
2019,Exercise,2019-228,45–64,Weekend,35
2019,Shopping,2019-228,45–64,Weekend,32
2019,Sleeping,2019-229,45–64,Weekday,512
2019,Working,2019-229,45–64,Weekday,440
2019,Eating and drinking,2019-229,45–64,Weekday,74
2019,Housework,2019-229,45–64,Weekday,53
2019,Watching TV,2019-229,45–64,Weekday,122
2019,Traveling,2019-229,45–64,Weekday,71
2019,Caring for children,2019-229,45–64,Weekday,55
2019,Socializing,2019-229,45–64,Weekday,31
2019,Games and computer,2019-229,45–64,Weekday,25
2019,Sleeping,2019-230,65+,Weekend,487
2019,Eating and drinking,2019-230,65+,Weekend,77
2019,Watching TV,2019-230,65+,Weekend,166
2019,Socializing,2019-230,65+,Weekend,42
2019,Exercise,2019-230,65+,Weekend,44
2019,Shopping,2019-230,65+,Weekend,25
2019,Games and computer,2019-230,65+,Weekend,43
2019,Sleeping,2019-231,45–64,Weekday,561
2019,Working,2019-231,45–64,Weekday,468
2019,Eating and drinking,2019-231,45–64,Weekday,44
2019,Watching TV,2019-231,45–64,Weekday,119
2019,Traveling,2019-231,45–64,Weekday,118
2019,Caring for children,2019-231,45–64,Weekday,92
2019,Exercise,2019-231,45–64,Weekday,44
2019,Sleeping,2019-232,45–64,Weekend,526
2019,Eating and drinking,2019-232,45–64,Weekend,56
2019,Housework,2019-232,45–64,Weekend,25
2019,Watching TV,2019-232,45–64,Weekend,229
2019,Traveling,2019-232,45–64,Weekend,77
2019,Socializing,2019-232,45–64,Weekend,61
2019,Exercise,2019-232,45–64,Weekend,42
2019,Shopping,2019-232,45–64,Weekend,31
2019,Reading,2019-232,45–64,Weekend,42
2019,Sleeping,2019-233,15–24,Weekday,480
2019,Working,2019-233,15–24,Weekday,407
2019,Eating and drinking,2019-233,15–24,Weekday,84
2019,Watching TV,2019-233,15–24,Weekday,208
2019,Exercise,2019-233,15–24,Weekday,43
2019,Shopping,2019-233,15–24,Weekday,35
2019,Sleeping,2019-234,65+,Weekday,547
2019,Eating and drinking,2019-234,65+,Weekday,54
2019,Housework,2019-234,65+,Weekday,73
2019,Watching TV,2019-234,65+,Weekday,145
2019,Traveling,2019-234,65+,Weekday,55
2019,Caring for children,2019-234,65+,Weekday,68
2019,Socializing,2019-234,65+,Weekday,19
2019,Exercise,2019-234,65+,Weekday,29
2019,Sleeping,2019-235,65+,Weekday,549
2019,Eating and drinking,2019-235,65+,Weekday,75
2019,Watching TV,2019-235,65+,Weekday,146
2019,Traveling,2019-235,65+,Weekday,60
2019,Exercise,2019-235,65+,Weekday,40
2019,Games and computer,2019-235,65+,Weekday,46
2019,Sleeping,2019-236,45–64,Weekend,552
2019,Working,2019-236,45–64,Weekend,392
2019,Eating and drinking,2019-236,45–64,Weekend,63
2019,Housework,2019-236,45–64,Weekend,52
2019,Watching TV,2019-236,45–64,Weekend,104
2019,Traveling,2019-236,45–64,Weekend,56
2019,Exercise,2019-236,45–64,Weekend,62
2019,Shopping,2019-236,45–64,Weekend,33
2019,Sleeping,2019-237,25–44,Weekday,509
2019,Eating and drinking,2019-237,25–44,Weekday,74
2019,Traveling,2019-237,25–44,Weekday,75
2019,Socializing,2019-237,25–44,Weekday,34
2019,Reading,2019-237,25–44,Weekday,33
2019,Sleeping,2019-238,15–24,Weekend,523
2019,Eating and drinking,2019-238,15–24,Weekend,79
2019,Housework,2019-238,15–24,Weekend,92
2019,Watching TV,2019-238,15–24,Weekend,114
2019,Traveling,2019-238,15–24,Weekend,71
2019,Caring for children,2019-238,15–24,Weekend,45
2019,Sleeping,2019-239,15–24,Weekday,514
2019,Eating and drinking,2019-239,15–24,Weekday,52
2019,Housework,2019-239,15–24,Weekday,34
2019,Watching TV,2019-239,15–24,Weekday,153
2019,Traveling,2019-239,15–24,Weekday,79
2019,Socializing,2019-239,15–24,Weekday,46
2019,Reading,2019-239,15–24,Weekday,25
2019,Games and computer,2019-239,15–24,Weekday,84
2019,Sleeping,2019-240,25–44,Weekday,508
2019,Working,2019-240,25–44,Weekday,415
2019,Eating and drinking,2019-240,25–44,Weekday,89
2019,Housework,2019-240,25–44,Weekday,51
2019,Traveling,2019-240,25–44,Weekday,61
2019,Caring for children,2019-240,25–44,Weekday,88
2019,Sleeping,2019-241,25–44,Weekend,488
2019,Working,2019-241,25–44,Weekend,445
2019,Eating and drinking,2019-241,25–44,Weekend,65
2019,Housework,2019-241,25–44,Weekend,52
2019,Traveling,2019-241,25–44,Weekend,63
2019,Reading,2019-241,25–44,Weekend,27
2019,Sleeping,2019-242,65+,Weekday,523
2019,Working,2019-242,65+,Weekday,354
2019,Eating and drinking,2019-242,65+,Weekday,60
2019,Watching TV,2019-242,65+,Weekday,168
2019,Socializing,2019-242,65+,Weekday,73
2019,Sleeping,2019-243,45–64,Weekday,529
2019,Working,2019-243,45–64,Weekday,462
2019,Eating and drinking,2019-243,45–64,Weekday,92
2019,Housework,2019-243,45–64,Weekday,69
2019,Watching TV,2019-243,45–64,Weekday,207
2019,Traveling,2019-243,45–64,Weekday,63
2019,Exercise,2019-243,45–64,Weekday,48
2019,Shopping,2019-243,45–64,Weekday,36
2019,Sleeping,2019-244,15–24,Weekday,526
2019,Working,2019-244,15–24,Weekday,411
2019,Eating and drinking,2019-244,15–24,Weekday,60
2019,Housework,2019-244,15–24,Weekday,95
2019,Watching TV,2019-244,15–24,Weekday,185
2019,Traveling,2019-244,15–24,Weekday,69
2019,Caring for children,2019-244,15–24,Weekday,89
2019,Socializing,2019-244,15–24,Weekday,49
2019,Sleeping,2019-245,45–64,Weekend,507
2019,Working,2019-245,45–64,Weekend,539
2019,Housework,2019-245,45–64,Weekend,73
2019,Watching TV,2019-245,45–64,Weekend,107
2019,Traveling,2019-245,45–64,Weekend,65
2019,Exercise,2019-245,45–64,Weekend,55
2019,Games and computer,2019-245,45–64,Weekend,67
2019,Sleeping,2019-246,65+,Weekday,507
2019,Eating and drinking,2019-246,65+,Weekday,71
2019,Housework,2019-246,65+,Weekday,57
2019,Watching TV,2019-246,65+,Weekday,134
2019,Traveling,2019-246,65+,Weekday,63
2019,Caring for children,2019-246,65+,Weekday,111
2019,Socializing,2019-246,65+,Weekday,30
2019,Exercise,2019-246,65+,Weekday,46
2019,Shopping,2019-246,65+,Weekday,54
2019,Sleeping,2019-247,25–44,Weekday,495
2019,Eating and drinking,2019-247,25–44,Weekday,76
2019,Housework,2019-247,25–44,Weekday,51
2019,Watching TV,2019-247,25–44,Weekday,128
2019,Traveling,2019-247,25–44,Weekday,75
2019,Socializing,2019-247,25–44,Weekday,50
2019,Shopping,2019-247,25–44,Weekday,32
2019,Sleeping,2019-248,15–24,Weekday,509
2019,Working,2019-248,15–24,Weekday,495
2019,Eating and drinking,2019-248,15–24,Weekday,70
2019,Housework,2019-248,15–24,Weekday,28
2019,Watching TV,2019-248,15–24,Weekday,125
2019,Traveling,2019-248,15–24,Weekday,77
2019,Caring for children,2019-248,15–24,Weekday,83
2019,Shopping,2019-248,15–24,Weekday,31
2019,Sleeping,2019-249,25–44,Weekday,513
2019,Working,2019-249,25–44,Weekday,431
2019,Eating and drinking,2019-249,25–44,Weekday,43
2019,Housework,2019-249,25–44,Weekday,31
2019,Watching TV,2019-249,25–44,Weekday,146
2019,Traveling,2019-249,25–44,Weekday,104
2019,Shopping,2019-249,25–44,Weekday,39
2019,Sleeping,2019-250,45–64,Weekday,469
2019,Working,2019-250,45–64,Weekday,465
2019,Eating and drinking,2019-250,45–64,Weekday,69
2019,Watching TV,2019-250,45–64,Weekday,90
2019,Socializing,2019-250,45–64,Weekday,13
2019,Shopping,2019-250,45–64,Weekday,31
2019,Sleeping,2019-251,65+,Weekday,518
2019,Working,2019-251,65+,Weekday,549
2019,Eating and drinking,2019-251,65+,Weekday,62
2019,Housework,2019-251,65+,Weekday,90
2019,Watching TV,2019-251,65+,Weekday,100
2019,Traveling,2019-251,65+,Weekday,65
2019,Socializing,2019-251,65+,Weekday,56
2019,Exercise,2019-251,65+,Weekday,46
2019,Shopping,2019-251,65+,Weekday,23
2019,Games and computer,2019-251,65+,Weekday,59
2019,Sleeping,2019-252,65+,Weekday,535
2019,Eating and drinking,2019-252,65+,Weekday,49
2019,Housework,2019-252,65+,Weekday,57
2019,Watching TV,2019-252,65+,Weekday,135
2019,Traveling,2019-252,65+,Weekday,93
2019,Caring for children,2019-252,65+,Weekday,97
2019,Socializing,2019-252,65+,Weekday,55
2019,Shopping,2019-252,65+,Weekday,35
2019,Games and computer,2019-252,65+,Weekday,24
2019,Sleeping,2019-253,15–24,Weekend,511
2019,Eating and drinking,2019-253,15–24,Weekend,77
2019,Traveling,2019-253,15–24,Weekend,70
2019,Exercise,2019-253,15–24,Weekend,36
2019,Reading,2019-253,15–24,Weekend,38
2019,Sleeping,2019-254,65+,Weekday,561
2019,Eating and drinking,2019-254,65+,Weekday,62
2019,Housework,2019-254,65+,Weekday,84
2019,Watching TV,2019-254,65+,Weekday,186
2019,Traveling,2019-254,65+,Weekday,91
2019,Socializing,2019-254,65+,Weekday,26
2019,Sleeping,2019-255,65+,Weekday,515
2019,Working,2019-255,65+,Weekday,401
2019,Eating and drinking,2019-255,65+,Weekday,62
2019,Housework,2019-255,65+,Weekday,58
2019,Traveling,2019-255,65+,Weekday,90
2019,Caring for children,2019-255,65+,Weekday,98
2019,Socializing,2019-255,65+,Weekday,69
2019,Sleeping,2019-256,15–24,Weekday,543
2019,Eating and drinking,2019-256,15–24,Weekday,90
2019,Housework,2019-256,15–24,Weekday,61
2019,Socializing,2019-256,15–24,Weekday,21
2019,Sleeping,2019-257,15–24,Weekend,472
2019,Working,2019-257,15–24,Weekend,473
2019,Eating and drinking,2019-257,15–24,Weekend,58
2019,Housework,2019-257,15–24,Weekend,83
2019,Traveling,2019-257,15–24,Weekend,106
2019,Shopping,2019-257,15–24,Weekend,32
2019,Sleeping,2019-258,45–64,Weekend,529
2019,Eating and drinking,2019-258,45–64,Weekend,76
2019,Watching TV,2019-258,45–64,Weekend,111
2019,Traveling,2019-258,45–64,Weekend,65
2019,Caring for children,2019-258,45–64,Weekend,51
2019,Reading,2019-258,45–64,Weekend,19
2019,Games and computer,2019-258,45–64,Weekend,79
2019,Sleeping,2019-259,15–24,Weekend,493
2019,Working,2019-259,15–24,Weekend,473
2019,Eating and drinking,2019-259,15–24,Weekend,78
2019,Watching TV,2019-259,15–24,Weekend,182
2019,Caring for children,2019-259,15–24,Weekend,88
2019,Shopping,2019-259,15–24,Weekend,35
2019,Sleeping,2019-260,65+,Weekday,486
2019,Working,2019-260,65+,Weekday,430
2019,Eating and drinking,2019-260,65+,Weekday,63
2019,Housework,2019-260,65+,Weekday,70
2019,Watching TV,2019-260,65+,Weekday,160
2019,Traveling,2019-260,65+,Weekday,81
2019,Shopping,2019-260,65+,Weekday,34
2019,Sleeping,2019-261,15–24,Weekend,526
2019,Eating and drinking,2019-261,15–24,Weekend,71
2019,Housework,2019-261,15–24,Weekend,53
2019,Watching TV,2019-261,15–24,Weekend,210
2019,Traveling,2019-261,15–24,Weekend,118
2019,Caring for children,2019-261,15–24,Weekend,72
2019,Socializing,2019-261,15–24,Weekend,30
2019,Games and computer,2019-261,15–24,Weekend,68
2019,Sleeping,2019-262,15–24,Weekend,453
2019,Eating and drinking,2019-262,15–24,Weekend,51
2019,Watching TV,2019-262,15–24,Weekend,68
2019,Sleeping,2019-263,45–64,Weekday,516
2019,Working,2019-263,45–64,Weekday,309
2019,Eating and drinking,2019-263,45–64,Weekday,77
2019,Housework,2019-263,45–64,Weekday,48
2019,Watching TV,2019-263,45–64,Weekday,115
2019,Traveling,2019-263,45–64,Weekday,64
2019,Socializing,2019-263,45–64,Weekday,44
2019,Exercise,2019-263,45–64,Weekday,50
2019,Reading,2019-263,45–64,Weekday,45
2019,Sleeping,2019-264,25–44,Weekday,555
2019,Eating and drinking,2019-264,25–44,Weekday,77
2019,Housework,2019-264,25–44,Weekday,76
2019,Watching TV,2019-264,25–44,Weekday,102
2019,Traveling,2019-264,25–44,Weekday,55
2019,Exercise,2019-264,25–44,Weekday,60
2019,Games and computer,2019-264,25–44,Weekday,42
2019,Sleeping,2019-265,45–64,Weekday,449
2019,Working,2019-265,45–64,Weekday,450
2019,Eating and drinking,2019-265,45–64,Weekday,55
2019,Housework,2019-265,45–64,Weekday,52
2019,Traveling,2019-265,45–64,Weekday,54
2019,Socializing,2019-265,45–64,Weekday,54
2019,Shopping,2019-265,45–64,Weekday,36
2019,Sleeping,2019-266,15–24,Weekday,503
2019,Eating and drinking,2019-266,15–24,Weekday,71
2019,Housework,2019-266,15–24,Weekday,112
2019,Traveling,2019-266,15–24,Weekday,81
2019,Shopping,2019-266,15–24,Weekday,30
2019,Sleeping,2019-267,15–24,Weekday,541
2019,Eating and drinking,2019-267,15–24,Weekday,81
2019,Housework,2019-267,15–24,Weekday,62
2019,Watching TV,2019-267,15–24,Weekday,238
2019,Traveling,2019-267,15–24,Weekday,73
2019,Caring for children,2019-267,15–24,Weekday,96
2019,Socializing,2019-267,15–24,Weekday,41
2019,Exercise,2019-267,15–24,Weekday,28
2019,Sleeping,2019-268,45–64,Weekend,545
2019,Eating and drinking,2019-268,45–64,Weekend,70
2019,Socializing,2019-268,45–64,Weekend,74
2019,Reading,2019-268,45–64,Weekend,15
2019,Sleeping,2019-269,15–24,Weekday,498
2019,Working,2019-269,15–24,Weekday,498
2019,Eating and drinking,2019-269,15–24,Weekday,78
2019,Housework,2019-269,15–24,Weekday,54
2019,Traveling,2019-269,15–24,Weekday,95
2019,Socializing,2019-269,15–24,Weekday,28
2019,Games and computer,2019-269,15–24,Weekday,43
2019,Sleeping,2019-270,15–24,Weekday,554
2019,Eating and drinking,2019-270,15–24,Weekday,40
2019,Housework,2019-270,15–24,Weekday,32
2019,Watching TV,2019-270,15–24,Weekday,211
2019,Traveling,2019-270,15–24,Weekday,54
2019,Exercise,2019-270,15–24,Weekday,31
2019,Sleeping,2019-271,65+,Weekday,539
2019,Eating and drinking,2019-271,65+,Weekday,63
2019,Housework,2019-271,65+,Weekday,81
2019,Watching TV,2019-271,65+,Weekday,181
2019,Traveling,2019-271,65+,Weekday,83
2019,Caring for children,2019-271,65+,Weekday,67
2019,Games and computer,2019-271,65+,Weekday,68
2019,Sleeping,2019-272,25–44,Weekday,475
2019,Eating and drinking,2019-272,25–44,Weekday,95
2019,Housework,2019-272,25–44,Weekday,69
2019,Watching TV,2019-272,25–44,Weekday,196
2019,Traveling,2019-272,25–44,Weekday,51
2019,Caring for children,2019-272,25–44,Weekday,98
2019,Socializing,2019-272,25–44,Weekday,83
2019,Sleeping,2019-273,45–64,Weekday,493
2019,Working,2019-273,45–64,Weekday,436
2019,Eating and drinking,2019-273,45–64,Weekday,57
2019,Housework,2019-273,45–64,Weekday,108
2019,Watching TV,2019-273,45–64,Weekday,149
2019,Traveling,2019-273,45–64,Weekday,54
2019,Games and computer,2019-273,45–64,Weekday,38
2019,Sleeping,2019-274,25–44,Weekday,536
2019,Working,2019-274,25–44,Weekday,539
2019,Eating and drinking,2019-274,25–44,Weekday,75
2019,Housework,2019-274,25–44,Weekday,74
2019,Watching TV,2019-274,25–44,Weekday,110
2019,Traveling,2019-274,25–44,Weekday,64
2019,Reading,2019-274,25–44,Weekday,40
2019,Sleeping,2019-275,45–64,Weekday,517
2019,Working,2019-275,45–64,Weekday,384
2019,Eating and drinking,2019-275,45–64,Weekday,72
2019,Watching TV,2019-275,45–64,Weekday,79
2019,Traveling,2019-275,45–64,Weekday,77
2019,Caring for children,2019-275,45–64,Weekday,69
2019,Exercise,2019-275,45–64,Weekday,56
2019,Shopping,2019-275,45–64,Weekday,46
2019,Reading,2019-275,45–64,Weekday,39
2019,Sleeping,2019-276,45–64,Weekday,565
2019,Working,2019-276,45–64,Weekday,482
2019,Eating and drinking,2019-276,45–64,Weekday,69
2019,Housework,2019-276,45–64,Weekday,71
2019,Watching TV,2019-276,45–64,Weekday,171
2019,Traveling,2019-276,45–64,Weekday,92
2019,Shopping,2019-276,45–64,Weekday,12
2019,Reading,2019-276,45–64,Weekday,22
2019,Sleeping,2019-277,45–64,Weekday,454
2019,Working,2019-277,45–64,Weekday,478
2019,Eating and drinking,2019-277,45–64,Weekday,81
2019,Traveling,2019-277,45–64,Weekday,104
2019,Caring for children,2019-277,45–64,Weekday,59
2019,Socializing,2019-277,45–64,Weekday,30
2019,Exercise,2019-277,45–64,Weekday,33
2019,Reading,2019-277,45–64,Weekday,12
2019,Sleeping,2019-278,25–44,Weekday,509
2019,Working,2019-278,25–44,Weekday,381
2019,Eating and drinking,2019-278,25–44,Weekday,71
2019,Housework,2019-278,25–44,Weekday,75
2019,Watching TV,2019-278,25–44,Weekday,234
2019,Traveling,2019-278,25–44,Weekday,61
2019,Socializing,2019-278,25–44,Weekday,65
2019,Games and computer,2019-278,25–44,Weekday,47
2019,Sleeping,2019-279,65+,Weekend,518
2019,Working,2019-279,65+,Weekend,483
2019,Eating and drinking,2019-279,65+,Weekend,67
2019,Housework,2019-279,65+,Weekend,17
2019,Watching TV,2019-279,65+,Weekend,240
2019,Traveling,2019-279,65+,Weekend,101
2019,Sleeping,2019-280,15–24,Weekday,468
2019,Working,2019-280,15–24,Weekday,480
2019,Eating and drinking,2019-280,15–24,Weekday,70
2019,Housework,2019-280,15–24,Weekday,51
2019,Watching TV,2019-280,15–24,Weekday,83
2019,Traveling,2019-280,15–24,Weekday,62
2019,Socializing,2019-280,15–24,Weekday,63
2019,Exercise,2019-280,15–24,Weekday,33
2019,Reading,2019-280,15–24,Weekday,47
2019,Games and computer,2019-280,15–24,Weekday,24
2019,Sleeping,2019-281,15–24,Weekday,507
2019,Working,2019-281,15–24,Weekday,419
2019,Eating and drinking,2019-281,15–24,Weekday,80
2019,Watching TV,2019-281,15–24,Weekday,154
2019,Traveling,2019-281,15–24,Weekday,48
2019,Exercise,2019-281,15–24,Weekday,64
2019,Games and computer,2019-281,15–24,Weekday,78
2019,Sleeping,2019-282,25–44,Weekday,476
2019,Working,2019-282,25–44,Weekday,390
2019,Eating and drinking,2019-282,25–44,Weekday,75
2019,Housework,2019-282,25–44,Weekday,87
2019,Watching TV,2019-282,25–44,Weekday,112
2019,Traveling,2019-282,25–44,Weekday,69
2019,Socializing,2019-282,25–44,Weekday,25
2019,Reading,2019-282,25–44,Weekday,22
2019,Sleeping,2019-283,15–24,Weekend,549
2019,Eating and drinking,2019-283,15–24,Weekend,71
2019,Housework,2019-283,15–24,Weekend,54
2019,Traveling,2019-283,15–24,Weekend,85
2019,Caring for children,2019-283,15–24,Weekend,57
2019,Sleeping,2019-284,45–64,Weekday,484
2019,Eating and drinking,2019-284,45–64,Weekday,78
2019,Watching TV,2019-284,45–64,Weekday,189
2019,Caring for children,2019-284,45–64,Weekday,86
2019,Socializing,2019-284,45–64,Weekday,16
2019,Sleeping,2019-285,65+,Weekday,554
2019,Eating and drinking,2019-285,65+,Weekday,61
2019,Housework,2019-285,65+,Weekday,76
2019,Watching TV,2019-285,65+,Weekday,165
2019,Traveling,2019-285,65+,Weekday,64
2019,Socializing,2019-285,65+,Weekday,25
2019,Exercise,2019-285,65+,Weekday,51
2019,Sleeping,2019-286,65+,Weekday,499
2019,Eating and drinking,2019-286,65+,Weekday,73
2019,Housework,2019-286,65+,Weekday,58
2019,Watching TV,2019-286,65+,Weekday,187
2019,Traveling,2019-286,65+,Weekday,98
2019,Socializing,2019-286,65+,Weekday,51
2019,Games and computer,2019-286,65+,Weekday,50
2019,Sleeping,2019-287,15–24,Weekday,499
2019,Working,2019-287,15–24,Weekday,412
2019,Eating and drinking,2019-287,15–24,Weekday,42
2019,Housework,2019-287,15–24,Weekday,77
2019,Watching TV,2019-287,15–24,Weekday,104
2019,Traveling,2019-287,15–24,Weekday,55
2019,Caring for children,2019-287,15–24,Weekday,82
2019,Socializing,2019-287,15–24,Weekday,47
2019,Sleeping,2019-288,25–44,Weekend,565
2019,Eating and drinking,2019-288,25–44,Weekend,77
2019,Housework,2019-288,25–44,Weekend,34
2019,Watching TV,2019-288,25–44,Weekend,219
2019,Traveling,2019-288,25–44,Weekend,68
2019,Caring for children,2019-288,25–44,Weekend,70
2019,Sleeping,2019-289,25–44,Weekday,527
2019,Working,2019-289,25–44,Weekday,424
2019,Eating and drinking,2019-289,25–44,Weekday,65
2019,Housework,2019-289,25–44,Weekday,84
2019,Watching TV,2019-289,25–44,Weekday,204
2019,Traveling,2019-289,25–44,Weekday,51
2019,Shopping,2019-289,25–44,Weekday,33
2019,Sleeping,2019-290,65+,Weekday,497
2019,Eating and drinking,2019-290,65+,Weekday,62
2019,Housework,2019-290,65+,Weekday,78
2019,Traveling,2019-290,65+,Weekday,86
2019,Caring for children,2019-290,65+,Weekday,95
2019,Socializing,2019-290,65+,Weekday,32
2019,Exercise,2019-290,65+,Weekday,47
2019,Shopping,2019-290,65+,Weekday,24
2019,Reading,2019-290,65+,Weekday,35
2019,Sleeping,2019-291,15–24,Weekend,557
2019,Working,2019-291,15–24,Weekend,380
2019,Eating and drinking,2019-291,15–24,Weekend,80
2019,Housework,2019-291,15–24,Weekend,58
2019,Watching TV,2019-291,15–24,Weekend,205
2019,Traveling,2019-291,15–24,Weekend,42
2019,Caring for children,2019-291,15–24,Weekend,130
2019,Shopping,2019-291,15–24,Weekend,41
2019,Games and computer,2019-291,15–24,Weekend,5
2019,Sleeping,2019-292,65+,Weekday,536
2019,Working,2019-292,65+,Weekday,447
2019,Eating and drinking,2019-292,65+,Weekday,85
2019,Housework,2019-292,65+,Weekday,69
2019,Traveling,2019-292,65+,Weekday,42
2019,Caring for children,2019-292,65+,Weekday,120
2019,Socializing,2019-292,65+,Weekday,53
2019,Shopping,2019-292,65+,Weekday,58
2019,Sleeping,2019-293,15–24,Weekend,459
2019,Eating and drinking,2019-293,15–24,Weekend,64
2019,Housework,2019-293,15–24,Weekend,25
2019,Watching TV,2019-293,15–24,Weekend,140
2019,Traveling,2019-293,15–24,Weekend,64
2019,Caring for children,2019-293,15–24,Weekend,33
2019,Exercise,2019-293,15–24,Weekend,37
2019,Reading,2019-293,15–24,Weekend,36
2019,Sleeping,2019-294,25–44,Weekday,565
2019,Eating and drinking,2019-294,25–44,Weekday,82
2019,Housework,2019-294,25–44,Weekday,57
2019,Watching TV,2019-294,25–44,Weekday,193
2019,Traveling,2019-294,25–44,Weekday,68
2019,Socializing,2019-294,25–44,Weekday,48
2019,Reading,2019-294,25–44,Weekday,35
2019,Games and computer,2019-294,25–44,Weekday,47
2019,Sleeping,2019-295,25–44,Weekend,524
2019,Eating and drinking,2019-295,25–44,Weekend,56
2019,Housework,2019-295,25–44,Weekend,85
2019,Watching TV,2019-295,25–44,Weekend,193
2019,Traveling,2019-295,25–44,Weekend,44
2019,Socializing,2019-295,25–44,Weekend,60
2019,Exercise,2019-295,25–44,Weekend,32
2019,Shopping,2019-295,25–44,Weekend,35
2019,Sleeping,2019-296,65+,Weekday,472
2019,Eating and drinking,2019-296,65+,Weekday,69
2019,Watching TV,2019-296,65+,Weekday,159
2019,Traveling,2019-296,65+,Weekday,72
2019,Shopping,2019-296,65+,Weekday,47
2019,Reading,2019-296,65+,Weekday,16
2019,Sleeping,2019-297,25–44,Weekday,481
2019,Working,2019-297,25–44,Weekday,499
2019,Eating and drinking,2019-297,25–44,Weekday,81
2019,Watching TV,2019-297,25–44,Weekday,122
2019,Traveling,2019-297,25–44,Weekday,74
2019,Reading,2019-297,25–44,Weekday,35
2019,Games and computer,2019-297,25–44,Weekday,83
2019,Sleeping,2019-298,65+,Weekday,537
2019,Working,2019-298,65+,Weekday,370
2019,Eating and drinking,2019-298,65+,Weekday,86
2019,Housework,2019-298,65+,Weekday,30
2019,Watching TV,2019-298,65+,Weekday,212
2019,Traveling,2019-298,65+,Weekday,101
2019,Socializing,2019-298,65+,Weekday,52
2019,Shopping,2019-298,65+,Weekday,30
2019,Sleeping,2019-299,15–24,Weekday,530
2019,Eating and drinking,2019-299,15–24,Weekday,75
2019,Housework,2019-299,15–24,Weekday,62
2019,Watching TV,2019-299,15–24,Weekday,115
2019,Traveling,2019-299,15–24,Weekday,108
2019,Caring for children,2019-299,15–24,Weekday,106
2019,Shopping,2019-299,15–24,Weekday,50
2019,Sleeping,2019-300,45–64,Weekday,531
2019,Working,2019-300,45–64,Weekday,340
2019,Eating and drinking,2019-300,45–64,Weekday,73
2019,Housework,2019-300,45–64,Weekday,55
2019,Watching TV,2019-300,45–64,Weekday,157
2019,Traveling,2019-300,45–64,Weekday,55
2019,Caring for children,2019-300,45–64,Weekday,69
2019,Socializing,2019-300,45–64,Weekday,41
2019,Games and computer,2019-300,45–64,Weekday,40
2019,Sleeping,2019-301,65+,Weekday,447
2019,Working,2019-301,65+,Weekday,477
2019,Eating and drinking,2019-301,65+,Weekday,68
2019,Housework,2019-301,65+,Weekday,46
2019,Traveling,2019-301,65+,Weekday,64
2019,Caring for children,2019-301,65+,Weekday,60
2019,Exercise,2019-301,65+,Weekday,22
2019,Reading,2019-301,65+,Weekday,30
2019,Games and computer,2019-301,65+,Weekday,57
2019,Sleeping,2019-302,65+,Weekday,564
2019,Working,2019-302,65+,Weekday,394
2019,Eating and drinking,2019-302,65+,Weekday,80
2019,Housework,2019-302,65+,Weekday,65
2019,Watching TV,2019-302,65+,Weekday,161
2019,Traveling,2019-302,65+,Weekday,58
2019,Exercise,2019-302,65+,Weekday,46
2019,Shopping,2019-302,65+,Weekday,15
2019,Games and computer,2019-302,65+,Weekday,69
2019,Sleeping,2019-303,45–64,Weekend,499
2019,Eating and drinking,2019-303,45–64,Weekend,72
2019,Housework,2019-303,45–64,Weekend,65
2019,Watching TV,2019-303,45–64,Weekend,174
2019,Traveling,2019-303,45–64,Weekend,40
2019,Caring for children,2019-303,45–64,Weekend,126
2019,Shopping,2019-303,45–64,Weekend,38
2019,Reading,2019-303,45–64,Weekend,11
2019,Games and computer,2019-303,45–64,Weekend,12
2019,Sleeping,2019-304,25–44,Weekday,483
2019,Eating and drinking,2019-304,25–44,Weekday,85
2019,Housework,2019-304,25–44,Weekday,105
2019,Watching TV,2019-304,25–44,Weekday,221
2019,Socializing,2019-304,25–44,Weekday,74
2019,Sleeping,2019-305,15–24,Weekday,552
2019,Working,2019-305,15–24,Weekday,346
2019,Eating and drinking,2019-305,15–24,Weekday,81
2019,Housework,2019-305,15–24,Weekday,63
2019,Watching TV,2019-305,15–24,Weekday,144
2019,Caring for children,2019-305,15–24,Weekday,94
2019,Sleeping,2019-306,65+,Weekend,557
2019,Eating and drinking,2019-306,65+,Weekend,70
2019,Watching TV,2019-306,65+,Weekend,241
2019,Traveling,2019-306,65+,Weekend,89
2019,Socializing,2019-306,65+,Weekend,47
2019,Shopping,2019-306,65+,Weekend,42
2019,Sleeping,2019-307,65+,Weekday,512
2019,Working,2019-307,65+,Weekday,517
2019,Eating and drinking,2019-307,65+,Weekday,66
2019,Housework,2019-307,65+,Weekday,43
2019,Watching TV,2019-307,65+,Weekday,197
2019,Traveling,2019-307,65+,Weekday,70
2019,Caring for children,2019-307,65+,Weekday,134
2019,Socializing,2019-307,65+,Weekday,45
2019,Exercise,2019-307,65+,Weekday,51
2019,Reading,2019-307,65+,Weekday,50
2019,Games and computer,2019-307,65+,Weekday,74
2019,Sleeping,2019-308,15–24,Weekday,529
2019,Working,2019-308,15–24,Weekday,412
2019,Eating and drinking,2019-308,15–24,Weekday,71
2019,Housework,2019-308,15–24,Weekday,72
2019,Watching TV,2019-308,15–24,Weekday,128
2019,Traveling,2019-308,15–24,Weekday,66
2019,Caring for children,2019-308,15–24,Weekday,79
2019,Sleeping,2019-309,25–44,Weekday,510
2019,Eating and drinking,2019-309,25–44,Weekday,90
2019,Housework,2019-309,25–44,Weekday,54
2019,Traveling,2019-309,25–44,Weekday,84
2019,Caring for children,2019-309,25–44,Weekday,58
2019,Exercise,2019-309,25–44,Weekday,20
2019,Reading,2019-309,25–44,Weekday,16
2019,Sleeping,2019-310,45–64,Weekday,488
2019,Working,2019-310,45–64,Weekday,462
2019,Eating and drinking,2019-310,45–64,Weekday,68
2019,Housework,2019-310,45–64,Weekday,71
2019,Watching TV,2019-310,45–64,Weekday,104
2019,Exercise,2019-310,45–64,Weekday,55
2019,Reading,2019-310,45–64,Weekday,27
2019,Games and computer,2019-310,45–64,Weekday,48
2019,Sleeping,2019-311,45–64,Weekday,502
2019,Eating and drinking,2019-311,45–64,Weekday,78
2019,Housework,2019-311,45–64,Weekday,55
2019,Watching TV,2019-311,45–64,Weekday,233
2019,Traveling,2019-311,45–64,Weekday,88
2019,Caring for children,2019-311,45–64,Weekday,142
2019,Socializing,2019-311,45–64,Weekday,46
2019,Reading,2019-311,45–64,Weekday,25
2019,Sleeping,2019-312,15–24,Weekday,535
2019,Eating and drinking,2019-312,15–24,Weekday,56
2019,Watching TV,2019-312,15–24,Weekday,124
2019,Traveling,2019-312,15–24,Weekday,66
2019,Socializing,2019-312,15–24,Weekday,45
2019,Sleeping,2019-313,65+,Weekday,468
2019,Working,2019-313,65+,Weekday,510
2019,Eating and drinking,2019-313,65+,Weekday,65
2019,Housework,2019-313,65+,Weekday,45
2019,Watching TV,2019-313,65+,Weekday,209
2019,Traveling,2019-313,65+,Weekday,100
2019,Socializing,2019-313,65+,Weekday,34
2019,Sleeping,2019-314,65+,Weekend,506
2019,Working,2019-314,65+,Weekend,458
2019,Eating and drinking,2019-314,65+,Weekend,105
2019,Housework,2019-314,65+,Weekend,37
2019,Watching TV,2019-314,65+,Weekend,131
2019,Traveling,2019-314,65+,Weekend,61
2019,Caring for children,2019-314,65+,Weekend,44
2019,Reading,2019-314,65+,Weekend,32
2019,Sleeping,2019-315,65+,Weekend,446
2019,Working,2019-315,65+,Weekend,450
2019,Eating and drinking,2019-315,65+,Weekend,61
2019,Housework,2019-315,65+,Weekend,89
2019,Watching TV,2019-315,65+,Weekend,204
2019,Traveling,2019-315,65+,Weekend,74
2019,Games and computer,2019-315,65+,Weekend,42
2019,Sleeping,2019-316,15–24,Weekend,492
2019,Eating and drinking,2019-316,15–24,Weekend,71
2019,Watching TV,2019-316,15–24,Weekend,175
2019,Traveling,2019-316,15–24,Weekend,46
2019,Caring for children,2019-316,15–24,Weekend,67
2019,Exercise,2019-316,15–24,Weekend,38
2019,Sleeping,2019-317,15–24,Weekday,478
2019,Eating and drinking,2019-317,15–24,Weekday,62
2019,Housework,2019-317,15–24,Weekday,65
2019,Watching TV,2019-317,15–24,Weekday,172
2019,Traveling,2019-317,15–24,Weekday,107
2019,Caring for children,2019-317,15–24,Weekday,59
2019,Socializing,2019-317,15–24,Weekday,76
2019,Exercise,2019-317,15–24,Weekday,26
2019,Shopping,2019-317,15–24,Weekday,41
2019,Sleeping,2019-318,65+,Weekday,503
2019,Working,2019-318,65+,Weekday,392
2019,Eating and drinking,2019-318,65+,Weekday,82
2019,Watching TV,2019-318,65+,Weekday,183
2019,Traveling,2019-318,65+,Weekday,72
2019,Socializing,2019-318,65+,Weekday,76
2019,Shopping,2019-318,65+,Weekday,48
2019,Games and computer,2019-318,65+,Weekday,92
2019,Sleeping,2019-319,25–44,Weekday,527
2019,Eating and drinking,2019-319,25–44,Weekday,69
2019,Watching TV,2019-319,25–44,Weekday,53
2019,Traveling,2019-319,25–44,Weekday,79
2019,Exercise,2019-319,25–44,Weekday,25
2019,Games and computer,2019-319,25–44,Weekday,15
2019,Sleeping,2019-320,15–24,Weekday,500
2019,Working,2019-320,15–24,Weekday,447
2019,Eating and drinking,2019-320,15–24,Weekday,78
2019,Housework,2019-320,15–24,Weekday,87
2019,Socializing,2019-320,15–24,Weekday,13
2019,Shopping,2019-320,15–24,Weekday,23
2019,Sleeping,2019-321,65+,Weekday,535
2019,Eating and drinking,2019-321,65+,Weekday,76
2019,Watching TV,2019-321,65+,Weekday,127
2019,Traveling,2019-321,65+,Weekday,89
2019,Caring for children,2019-321,65+,Weekday,84
2019,Socializing,2019-321,65+,Weekday,58
2019,Sleeping,2019-322,15–24,Weekday,560
2019,Working,2019-322,15–24,Weekday,402
2019,Eating and drinking,2019-322,15–24,Weekday,49
2019,Housework,2019-322,15–24,Weekday,42
2019,Watching TV,2019-322,15–24,Weekday,145
2019,Socializing,2019-322,15–24,Weekday,43
2019,Exercise,2019-322,15–24,Weekday,46
2019,Shopping,2019-322,15–24,Weekday,37
2019,Sleeping,2019-323,15–24,Weekend,524
2019,Working,2019-323,15–24,Weekend,379
2019,Eating and drinking,2019-323,15–24,Weekend,81
2019,Housework,2019-323,15–24,Weekend,55
2019,Watching TV,2019-323,15–24,Weekend,222
2019,Traveling,2019-323,15–24,Weekend,65
2019,Socializing,2019-323,15–24,Weekend,30
2019,Shopping,2019-323,15–24,Weekend,32
2019,Sleeping,2019-324,25–44,Weekday,549
2019,Working,2019-324,25–44,Weekday,444
2019,Eating and drinking,2019-324,25–44,Weekday,76
2019,Watching TV,2019-324,25–44,Weekday,56
2019,Traveling,2019-324,25–44,Weekday,65
2019,Socializing,2019-324,25–44,Weekday,54
2019,Exercise,2019-324,25–44,Weekday,31
2019,Reading,2019-324,25–44,Weekday,37
2019,Games and computer,2019-324,25–44,Weekday,48
2019,Sleeping,2019-325,65+,Weekday,478
2019,Working,2019-325,65+,Weekday,492
2019,Eating and drinking,2019-325,65+,Weekday,74
2019,Housework,2019-325,65+,Weekday,53
2019,Traveling,2019-325,65+,Weekday,63
2019,Socializing,2019-325,65+,Weekday,45
2019,Shopping,2019-325,65+,Weekday,20
2019,Sleeping,2019-326,45–64,Weekday,456
2019,Eating and drinking,2019-326,45–64,Weekday,88
2019,Housework,2019-326,45–64,Weekday,17
2019,Watching TV,2019-326,45–64,Weekday,142
2019,Traveling,2019-326,45–64,Weekday,116
2019,Socializing,2019-326,45–64,Weekday,24
2019,Reading,2019-326,45–64,Weekday,33
2019,Sleeping,2019-327,15–24,Weekday,483
2019,Eating and drinking,2019-327,15–24,Weekday,66
2019,Watching TV,2019-327,15–24,Weekday,154
2019,Traveling,2019-327,15–24,Weekday,83
2019,Caring for children,2019-327,15–24,Weekday,68
2019,Socializing,2019-327,15–24,Weekday,48
2019,Shopping,2019-327,15–24,Weekday,47
2019,Sleeping,2019-328,15–24,Weekday,522
2019,Working,2019-328,15–24,Weekday,463
2019,Eating and drinking,2019-328,15–24,Weekday,91
2019,Housework,2019-328,15–24,Weekday,60
2019,Watching TV,2019-328,15–24,Weekday,123
2019,Traveling,2019-328,15–24,Weekday,62
2019,Socializing,2019-328,15–24,Weekday,41
2019,Reading,2019-328,15–24,Weekday,56
2019,Sleeping,2019-329,15–24,Weekend,453
2019,Working,2019-329,15–24,Weekend,358
2019,Eating and drinking,2019-329,15–24,Weekend,71
2019,Housework,2019-329,15–24,Weekend,60
2019,Watching TV,2019-329,15–24,Weekend,158
2019,Traveling,2019-329,15–24,Weekend,86
2019,Socializing,2019-329,15–24,Weekend,34
2019,Exercise,2019-329,15–24,Weekend,31
2019,Games and computer,2019-329,15–24,Weekend,25
2019,Sleeping,2019-330,25–44,Weekend,518
2019,Working,2019-330,25–44,Weekend,358
2019,Eating and drinking,2019-330,25–44,Weekend,67
2019,Housework,2019-330,25–44,Weekend,42
2019,Watching TV,2019-330,25–44,Weekend,147
2019,Traveling,2019-330,25–44,Weekend,89
2019,Caring for children,2019-330,25–44,Weekend,57
2019,Exercise,2019-330,25–44,Weekend,31
2019,Shopping,2019-330,25–44,Weekend,28
2019,Sleeping,2019-331,15–24,Weekday,484
2019,Working,2019-331,15–24,Weekday,511
2019,Eating and drinking,2019-331,15–24,Weekday,76
2019,Housework,2019-331,15–24,Weekday,33
2019,Watching TV,2019-331,15–24,Weekday,190
2019,Traveling,2019-331,15–24,Weekday,73
2019,Shopping,2019-331,15–24,Weekday,26
2019,Sleeping,2019-332,65+,Weekday,532
2019,Working,2019-332,65+,Weekday,404
2019,Eating and drinking,2019-332,65+,Weekday,64
2019,Housework,2019-332,65+,Weekday,55
2019,Traveling,2019-332,65+,Weekday,73
2019,Socializing,2019-332,65+,Weekday,14
2019,Exercise,2019-332,65+,Weekday,42
2019,Games and computer,2019-332,65+,Weekday,28
2019,Sleeping,2019-333,15–24,Weekday,546
2019,Working,2019-333,15–24,Weekday,491
2019,Eating and drinking,2019-333,15–24,Weekday,86
2019,Watching TV,2019-333,15–24,Weekday,207
2019,Sleeping,2019-334,65+,Weekday,482
2019,Eating and drinking,2019-334,65+,Weekday,43
2019,Housework,2019-334,65+,Weekday,68
2019,Watching TV,2019-334,65+,Weekday,154
2019,Traveling,2019-334,65+,Weekday,78
2019,Caring for children,2019-334,65+,Weekday,133
2019,Socializing,2019-334,65+,Weekday,55
2019,Exercise,2019-334,65+,Weekday,33
2019,Shopping,2019-334,65+,Weekday,25
2019,Reading,2019-334,65+,Weekday,40
2019,Sleeping,2019-335,45–64,Weekday,479
2019,Working,2019-335,45–64,Weekday,424
2019,Eating and drinking,2019-335,45–64,Weekday,74
2019,Watching TV,2019-335,45–64,Weekday,186
2019,Traveling,2019-335,45–64,Weekday,62
2019,Shopping,2019-335,45–64,Weekday,14
2019,Games and computer,2019-335,45–64,Weekday,32
2019,Sleeping,2019-336,15–24,Weekday,551
2019,Working,2019-336,15–24,Weekday,471
2019,Eating and drinking,2019-336,15–24,Weekday,67
2019,Housework,2019-336,15–24,Weekday,39
2019,Watching TV,2019-336,15–24,Weekday,78
2019,Traveling,2019-336,15–24,Weekday,83
2019,Caring for children,2019-336,15–24,Weekday,107
2019,Shopping,2019-336,15–24,Weekday,32
2019,Sleeping,2019-337,45–64,Weekend,514
2019,Eating and drinking,2019-337,45–64,Weekend,50
2019,Housework,2019-337,45–64,Weekend,99
2019,Watching TV,2019-337,45–64,Weekend,91
2019,Traveling,2019-337,45–64,Weekend,70
2019,Caring for children,2019-337,45–64,Weekend,86
2019,Sleeping,2019-338,25–44,Weekday,533
2019,Working,2019-338,25–44,Weekday,421
2019,Eating and drinking,2019-338,25–44,Weekday,56
2019,Housework,2019-338,25–44,Weekday,86
2019,Watching TV,2019-338,25–44,Weekday,214
2019,Traveling,2019-338,25–44,Weekday,79
2019,Caring for children,2019-338,25–44,Weekday,97
2019,Socializing,2019-338,25–44,Weekday,40
2019,Sleeping,2019-339,15–24,Weekend,477
2019,Working,2019-339,15–24,Weekend,456
2019,Eating and drinking,2019-339,15–24,Weekend,82
2019,Housework,2019-339,15–24,Weekend,30
2019,Watching TV,2019-339,15–24,Weekend,115
2019,Traveling,2019-339,15–24,Weekend,85
2019,Sleeping,2019-340,25–44,Weekday,484
2019,Eating and drinking,2019-340,25–44,Weekday,81
2019,Housework,2019-340,25–44,Weekday,34
2019,Traveling,2019-340,25–44,Weekday,82
2019,Exercise,2019-340,25–44,Weekday,36
2019,Reading,2019-340,25–44,Weekday,47
2019,Sleeping,2019-341,15–24,Weekday,539
2019,Working,2019-341,15–24,Weekday,478
2019,Eating and drinking,2019-341,15–24,Weekday,60
2019,Housework,2019-341,15–24,Weekday,75
2019,Watching TV,2019-341,15–24,Weekday,230
2019,Traveling,2019-341,15–24,Weekday,78
2019,Socializing,2019-341,15–24,Weekday,44
2019,Sleeping,2019-342,65+,Weekend,524
2019,Eating and drinking,2019-342,65+,Weekend,68
2019,Housework,2019-342,65+,Weekend,26
2019,Watching TV,2019-342,65+,Weekend,162
2019,Traveling,2019-342,65+,Weekend,59
2019,Caring for children,2019-342,65+,Weekend,23
2019,Socializing,2019-342,65+,Weekend,29
2019,Shopping,2019-342,65+,Weekend,43
2019,Sleeping,2019-343,15–24,Weekday,532
2019,Working,2019-343,15–24,Weekday,345
2019,Eating and drinking,2019-343,15–24,Weekday,80
2019,Housework,2019-343,15–24,Weekday,71
2019,Watching TV,2019-343,15–24,Weekday,140
2019,Caring for children,2019-343,15–24,Weekday,121
2019,Shopping,2019-343,15–24,Weekday,44
2019,Sleeping,2019-344,45–64,Weekday,526
2019,Eating and drinking,2019-344,45–64,Weekday,74
2019,Watching TV,2019-344,45–64,Weekday,176
2019,Traveling,2019-344,45–64,Weekday,54
2019,Caring for children,2019-344,45–64,Weekday,127
2019,Exercise,2019-344,45–64,Weekday,30
2019,Sleeping,2019-345,25–44,Weekday,531
2019,Eating and drinking,2019-345,25–44,Weekday,61
2019,Housework,2019-345,25–44,Weekday,64
2019,Watching TV,2019-345,25–44,Weekday,251
2019,Traveling,2019-345,25–44,Weekday,57
2019,Socializing,2019-345,25–44,Weekday,20
2019,Exercise,2019-345,25–44,Weekday,36
2019,Shopping,2019-345,25–44,Weekday,54
2019,Games and computer,2019-345,25–44,Weekday,40
2019,Sleeping,2019-346,45–64,Weekday,486
2019,Working,2019-346,45–64,Weekday,444
2019,Eating and drinking,2019-346,45–64,Weekday,69
2019,Housework,2019-346,45–64,Weekday,75
2019,Watching TV,2019-346,45–64,Weekday,141
2019,Traveling,2019-346,45–64,Weekday,76
2019,Shopping,2019-346,45–64,Weekday,36
2019,Sleeping,2019-347,25–44,Weekday,473
2019,Working,2019-347,25–44,Weekday,404
2019,Eating and drinking,2019-347,25–44,Weekday,52
2019,Watching TV,2019-347,25–44,Weekday,164
2019,Traveling,2019-347,25–44,Weekday,101
2019,Caring for children,2019-347,25–44,Weekday,134
2019,Socializing,2019-347,25–44,Weekday,50
2019,Shopping,2019-347,25–44,Weekday,35
2019,Sleeping,2019-348,65+,Weekday,518
2019,Working,2019-348,65+,Weekday,553
2019,Eating and drinking,2019-348,65+,Weekday,71
2019,Housework,2019-348,65+,Weekday,50
2019,Watching TV,2019-348,65+,Weekday,175
2019,Traveling,2019-348,65+,Weekday,45
2019,Reading,2019-348,65+,Weekday,19
2019,Sleeping,2019-349,25–44,Weekday,499
2019,Working,2019-349,25–44,Weekday,486
2019,Eating and drinking,2019-349,25–44,Weekday,47
2019,Housework,2019-349,25–44,Weekday,36
2019,Watching TV,2019-349,25–44,Weekday,174
2019,Traveling,2019-349,25–44,Weekday,75
2019,Sleeping,2019-350,25–44,Weekday,533
2019,Working,2019-350,25–44,Weekday,464
2019,Eating and drinking,2019-350,25–44,Weekday,69
2019,Housework,2019-350,25–44,Weekday,52
2019,Watching TV,2019-350,25–44,Weekday,145
2019,Traveling,2019-350,25–44,Weekday,65
2019,Socializing,2019-350,25–44,Weekday,41
2019,Exercise,2019-350,25–44,Weekday,33
2019,Shopping,2019-350,25–44,Weekday,45
2019,Games and computer,2019-350,25–44,Weekday,55
2019,Sleeping,2019-351,45–64,Weekend,522
2019,Eating and drinking,2019-351,45–64,Weekend,73
2019,Housework,2019-351,45–64,Weekend,30
2019,Watching TV,2019-351,45–64,Weekend,139
2019,Traveling,2019-351,45–64,Weekend,106
2019,Socializing,2019-351,45–64,Weekend,29
2019,Shopping,2019-351,45–64,Weekend,44
2019,Sleeping,2019-352,45–64,Weekday,540
2019,Eating and drinking,2019-352,45–64,Weekday,69
2019,Watching TV,2019-352,45–64,Weekday,132
2019,Socializing,2019-352,45–64,Weekday,68
2019,Sleeping,2019-353,15–24,Weekday,506
2019,Working,2019-353,15–24,Weekday,383
2019,Eating and drinking,2019-353,15–24,Weekday,62
2019,Watching TV,2019-353,15–24,Weekday,161
2019,Traveling,2019-353,15–24,Weekday,54
2019,Shopping,2019-353,15–24,Weekday,19
2019,Sleeping,2019-354,65+,Weekday,479
2019,Working,2019-354,65+,Weekday,446
2019,Eating and drinking,2019-354,65+,Weekday,65
2019,Watching TV,2019-354,65+,Weekday,103
2019,Traveling,2019-354,65+,Weekday,77
2019,Caring for children,2019-354,65+,Weekday,110
2019,Exercise,2019-354,65+,Weekday,14
2019,Shopping,2019-354,65+,Weekday,32
2019,Sleeping,2019-355,15–24,Weekend,528
2019,Working,2019-355,15–24,Weekend,444
2019,Eating and drinking,2019-355,15–24,Weekend,69
2019,Housework,2019-355,15–24,Weekend,53
2019,Watching TV,2019-355,15–24,Weekend,116
2019,Traveling,2019-355,15–24,Weekend,115
2019,Socializing,2019-355,15–24,Weekend,54
2019,Exercise,2019-355,15–24,Weekend,49
2019,Sleeping,2019-356,15–24,Weekday,568
2019,Eating and drinking,2019-356,15–24,Weekday,76
2019,Housework,2019-356,15–24,Weekday,16
2019,Watching TV,2019-356,15–24,Weekday,184
2019,Shopping,2019-356,15–24,Weekday,31
2019,Games and computer,2019-356,15–24,Weekday,37
2019,Sleeping,2019-357,25–44,Weekday,438
2019,Working,2019-357,25–44,Weekday,511
2019,Eating and drinking,2019-357,25–44,Weekday,47
2019,Housework,2019-357,25–44,Weekday,30
2019,Traveling,2019-357,25–44,Weekday,85
2019,Reading,2019-357,25–44,Weekday,29
2019,Games and computer,2019-357,25–44,Weekday,60
2019,Sleeping,2019-358,45–64,Weekend,458
2019,Eating and drinking,2019-358,45–64,Weekend,63
2019,Traveling,2019-358,45–64,Weekend,60
2019,Socializing,2019-358,45–64,Weekend,49
2019,Reading,2019-358,45–64,Weekend,30
2019,Games and computer,2019-358,45–64,Weekend,88
2019,Sleeping,2019-359,15–24,Weekend,519
2019,Working,2019-359,15–24,Weekend,457
2019,Eating and drinking,2019-359,15–24,Weekend,64
2019,Housework,2019-359,15–24,Weekend,46
2019,Watching TV,2019-359,15–24,Weekend,170
2019,Traveling,2019-359,15–24,Weekend,90
2019,Socializing,2019-359,15–24,Weekend,44
2019,Shopping,2019-359,15–24,Weekend,42
2019,Sleeping,2019-360,45–64,Weekend,514
2019,Eating and drinking,2019-360,45–64,Weekend,79
2019,Housework,2019-360,45–64,Weekend,73
2019,Watching TV,2019-360,45–64,Weekend,125
2019,Traveling,2019-360,45–64,Weekend,79
2019,Caring for children,2019-360,45–64,Weekend,91
2019,Shopping,2019-360,45–64,Weekend,22
2019,Sleeping,2019-361,65+,Weekend,542
2019,Eating and drinking,2019-361,65+,Weekend,68
2019,Housework,2019-361,65+,Weekend,107
2019,Traveling,2019-361,65+,Weekend,102
2019,Games and computer,2019-361,65+,Weekend,24
2019,Sleeping,2019-362,25–44,Weekday,489
2019,Working,2019-362,25–44,Weekday,405
2019,Eating and drinking,2019-362,25–44,Weekday,65
2019,Housework,2019-362,25–44,Weekday,79
2019,Watching TV,2019-362,25–44,Weekday,129
2019,Traveling,2019-362,25–44,Weekday,70
2019,Caring for children,2019-362,25–44,Weekday,64
2019,Socializing,2019-362,25–44,Weekday,39
2019,Exercise,2019-362,25–44,Weekday,21
2019,Reading,2019-362,25–44,Weekday,26
2019,Sleeping,2019-363,45–64,Weekday,511
2019,Working,2019-363,45–64,Weekday,474
2019,Eating and drinking,2019-363,45–64,Weekday,73
2019,Housework,2019-363,45–64,Weekday,43
2019,Watching TV,2019-363,45–64,Weekday,126
2019,Traveling,2019-363,45–64,Weekday,75
2019,Reading,2019-363,45–64,Weekday,31
2019,Games and computer,2019-363,45–64,Weekday,35
2019,Sleeping,2019-364,45–64,Weekday,556
2019,Working,2019-364,45–64,Weekday,372
2019,Eating and drinking,2019-364,45–64,Weekday,95
2019,Housework,2019-364,45–64,Weekday,75
2019,Watching TV,2019-364,45–64,Weekday,109
2019,Traveling,2019-364,45–64,Weekday,90
2019,Exercise,2019-364,45–64,Weekday,47
2019,Reading,2019-364,45–64,Weekday,35
2019,Sleeping,2019-365,15–24,Weekend,564
2019,Eating and drinking,2019-365,15–24,Weekend,64
2019,Housework,2019-365,15–24,Weekend,33
2019,Watching TV,2019-365,15–24,Weekend,206
2019,Traveling,2019-365,15–24,Weekend,68
2019,Caring for children,2019-365,15–24,Weekend,134
2019,Exercise,2019-365,15–24,Weekend,35
2019,Sleeping,2019-366,15–24,Weekend,540
2019,Working,2019-366,15–24,Weekend,513
2019,Eating and drinking,2019-366,15–24,Weekend,61
2019,Watching TV,2019-366,15–24,Weekend,102
2019,Traveling,2019-366,15–24,Weekend,76
2019,Reading,2019-366,15–24,Weekend,42
2019,Games and computer,2019-366,15–24,Weekend,37
2019,Sleeping,2019-367,15–24,Weekday,574
2019,Working,2019-367,15–24,Weekday,357
2019,Eating and drinking,2019-367,15–24,Weekday,88
2019,Housework,2019-367,15–24,Weekday,46
2019,Watching TV,2019-367,15–24,Weekday,182
2019,Traveling,2019-367,15–24,Weekday,74
2019,Caring for children,2019-367,15–24,Weekday,149
2019,Reading,2019-367,15–24,Weekday,34
2019,Sleeping,2019-368,45–64,Weekday,465
2019,Working,2019-368,45–64,Weekday,401
2019,Eating and drinking,2019-368,45–64,Weekday,61
2019,Watching TV,2019-368,45–64,Weekday,130
2019,Traveling,2019-368,45–64,Weekday,59
2019,Socializing,2019-368,45–64,Weekday,35
2019,Shopping,2019-368,45–64,Weekday,36
2019,Games and computer,2019-368,45–64,Weekday,40
2019,Sleeping,2019-369,25–44,Weekday,523
2019,Working,2019-369,25–44,Weekday,424
2019,Eating and drinking,2019-369,25–44,Weekday,56
2019,Housework,2019-369,25–44,Weekday,87
2019,Watching TV,2019-369,25–44,Weekday,168
2019,Traveling,2019-369,25–44,Weekday,64
2019,Caring for children,2019-369,25–44,Weekday,127
2019,Socializing,2019-369,25–44,Weekday,58
2019,Shopping,2019-369,25–44,Weekday,61
2019,Games and computer,2019-369,25–44,Weekday,66
2019,Sleeping,2019-370,15–24,Weekday,493
2019,Working,2019-370,15–24,Weekday,393
2019,Eating and drinking,2019-370,15–24,Weekday,93
2019,Watching TV,2019-370,15–24,Weekday,175
2019,Traveling,2019-370,15–24,Weekday,110
2019,Exercise,2019-370,15–24,Weekday,62
2019,Shopping,2019-370,15–24,Weekday,23
2019,Sleeping,2019-371,45–64,Weekday,499
2019,Eating and drinking,2019-371,45–64,Weekday,61
2019,Housework,2019-371,45–64,Weekday,78
2019,Watching TV,2019-371,45–64,Weekday,143
2019,Traveling,2019-371,45–64,Weekday,90
2019,Shopping,2019-371,45–64,Weekday,25
2019,Reading,2019-371,45–64,Weekday,30
2019,Sleeping,2019-372,15–24,Weekday,529
2019,Working,2019-372,15–24,Weekday,480
2019,Eating and drinking,2019-372,15–24,Weekday,90
2019,Watching TV,2019-372,15–24,Weekday,200
2019,Traveling,2019-372,15–24,Weekday,67
2019,Reading,2019-372,15–24,Weekday,22
2019,Sleeping,2019-373,65+,Weekday,501
2019,Eating and drinking,2019-373,65+,Weekday,77
2019,Housework,2019-373,65+,Weekday,55
2019,Traveling,2019-373,65+,Weekday,71
2019,Exercise,2019-373,65+,Weekday,48
2019,Reading,2019-373,65+,Weekday,34
2019,Sleeping,2019-374,15–24,Weekday,491
2019,Working,2019-374,15–24,Weekday,440
2019,Eating and drinking,2019-374,15–24,Weekday,78
2019,Watching TV,2019-374,15–24,Weekday,92
2019,Traveling,2019-374,15–24,Weekday,42
2019,Caring for children,2019-374,15–24,Weekday,78
2019,Sleeping,2019-375,15–24,Weekday,545
2019,Working,2019-375,15–24,Weekday,417
2019,Housework,2019-375,15–24,Weekday,44
2019,Watching TV,2019-375,15–24,Weekday,165
2019,Traveling,2019-375,15–24,Weekday,96
2019,Reading,2019-375,15–24,Weekday,14
2019,Sleeping,2019-376,65+,Weekday,581
2019,Eating and drinking,2019-376,65+,Weekday,88
2019,Housework,2019-376,65+,Weekday,69
2019,Watching TV,2019-376,65+,Weekday,201
2019,Traveling,2019-376,65+,Weekday,105
2019,Shopping,2019-376,65+,Weekday,17
2019,Games and computer,2019-376,65+,Weekday,23
2019,Sleeping,2019-377,65+,Weekday,556
2019,Working,2019-377,65+,Weekday,424
2019,Eating and drinking,2019-377,65+,Weekday,83
2019,Watching TV,2019-377,65+,Weekday,131
2019,Traveling,2019-377,65+,Weekday,52
2019,Shopping,2019-377,65+,Weekday,21
2019,Games and computer,2019-377,65+,Weekday,56
2019,Sleeping,2019-378,45–64,Weekday,531
2019,Working,2019-378,45–64,Weekday,480
2019,Eating and drinking,2019-378,45–64,Weekday,88
2019,Housework,2019-378,45–64,Weekday,42
2019,Traveling,2019-378,45–64,Weekday,41
2019,Caring for children,2019-378,45–64,Weekday,68
2019,Exercise,2019-378,45–64,Weekday,18
2019,Shopping,2019-378,45–64,Weekday,47
2019,Sleeping,2019-379,25–44,Weekday,576
2019,Eating and drinking,2019-379,25–44,Weekday,74
2019,Housework,2019-379,25–44,Weekday,73
2019,Watching TV,2019-379,25–44,Weekday,192
2019,Traveling,2019-379,25–44,Weekday,56
2019,Socializing,2019-379,25–44,Weekday,28
2019,Shopping,2019-379,25–44,Weekday,44
2019,Games and computer,2019-379,25–44,Weekday,80
2019,Sleeping,2019-380,15–24,Weekday,488
2019,Working,2019-380,15–24,Weekday,397
2019,Eating and drinking,2019-380,15–24,Weekday,59
2019,Housework,2019-380,15–24,Weekday,38
2019,Watching TV,2019-380,15–24,Weekday,181
2019,Traveling,2019-380,15–24,Weekday,99
2019,Games and computer,2019-380,15–24,Weekday,53
2019,Sleeping,2019-381,65+,Weekday,485
2019,Working,2019-381,65+,Weekday,297
2019,Eating and drinking,2019-381,65+,Weekday,47
2019,Watching TV,2019-381,65+,Weekday,185
2019,Traveling,2019-381,65+,Weekday,74
2019,Socializing,2019-381,65+,Weekday,10
2019,Exercise,2019-381,65+,Weekday,39
2019,Games and computer,2019-381,65+,Weekday,50
2019,Sleeping,2019-382,65+,Weekend,529
2019,Eating and drinking,2019-382,65+,Weekend,57
2019,Housework,2019-382,65+,Weekend,47
2019,Watching TV,2019-382,65+,Weekend,144
2019,Traveling,2019-382,65+,Weekend,85
2019,Socializing,2019-382,65+,Weekend,46
2019,Reading,2019-382,65+,Weekend,29
2019,Sleeping,2019-383,45–64,Weekday,518
2019,Working,2019-383,45–64,Weekday,333
2019,Eating and drinking,2019-383,45–64,Weekday,50
2019,Watching TV,2019-383,45–64,Weekday,146
2019,Traveling,2019-383,45–64,Weekday,76
2019,Socializing,2019-383,45–64,Weekday,50
2019,Exercise,2019-383,45–64,Weekday,38
2019,Shopping,2019-383,45–64,Weekday,42
2019,Sleeping,2019-384,65+,Weekend,488
2019,Working,2019-384,65+,Weekend,515
2019,Eating and drinking,2019-384,65+,Weekend,78
2019,Housework,2019-384,65+,Weekend,57
2019,Watching TV,2019-384,65+,Weekend,150
2019,Traveling,2019-384,65+,Weekend,76
2019,Socializing,2019-384,65+,Weekend,31
2019,Shopping,2019-384,65+,Weekend,31
2019,Games and computer,2019-384,65+,Weekend,59
2019,Sleeping,2019-385,45–64,Weekday,526
2019,Eating and drinking,2019-385,45–64,Weekday,74
2019,Watching TV,2019-385,45–64,Weekday,195
2019,Caring for children,2019-385,45–64,Weekday,97
2019,Socializing,2019-385,45–64,Weekday,16
2019,Shopping,2019-385,45–64,Weekday,24
2019,Sleeping,2019-386,45–64,Weekday,494
2019,Working,2019-386,45–64,Weekday,422
2019,Eating and drinking,2019-386,45–64,Weekday,58
2019,Housework,2019-386,45–64,Weekday,49
2019,Watching TV,2019-386,45–64,Weekday,184
2019,Traveling,2019-386,45–64,Weekday,69
2019,Exercise,2019-386,45–64,Weekday,34
2019,Shopping,2019-386,45–64,Weekday,15
2019,Sleeping,2019-387,25–44,Weekday,465
2019,Working,2019-387,25–44,Weekday,389
2019,Eating and drinking,2019-387,25–44,Weekday,78
2019,Housework,2019-387,25–44,Weekday,53
2019,Watching TV,2019-387,25–44,Weekday,95
2019,Traveling,2019-387,25–44,Weekday,75
2019,Caring for children,2019-387,25–44,Weekday,96
2019,Socializing,2019-387,25–44,Weekday,45
2019,Sleeping,2019-388,45–64,Weekday,528
2019,Eating and drinking,2019-388,45–64,Weekday,61
2019,Housework,2019-388,45–64,Weekday,62
2019,Watching TV,2019-388,45–64,Weekday,182
2019,Traveling,2019-388,45–64,Weekday,100
2019,Socializing,2019-388,45–64,Weekday,50
2019,Sleeping,2019-389,15–24,Weekday,540
2019,Working,2019-389,15–24,Weekday,349
2019,Eating and drinking,2019-389,15–24,Weekday,66
2019,Watching TV,2019-389,15–24,Weekday,183
2019,Traveling,2019-389,15–24,Weekday,83
2019,Shopping,2019-389,15–24,Weekday,21
2019,Sleeping,2019-390,25–44,Weekend,529
2019,Working,2019-390,25–44,Weekend,440
2019,Eating and drinking,2019-390,25–44,Weekend,73
2019,Watching TV,2019-390,25–44,Weekend,154
2019,Traveling,2019-390,25–44,Weekend,52
2019,Socializing,2019-390,25–44,Weekend,38
2019,Exercise,2019-390,25–44,Weekend,35
2019,Sleeping,2019-391,65+,Weekday,525
2019,Working,2019-391,65+,Weekday,429
2019,Eating and drinking,2019-391,65+,Weekday,79
2019,Housework,2019-391,65+,Weekday,48
2019,Watching TV,2019-391,65+,Weekday,70
2019,Traveling,2019-391,65+,Weekday,72
2019,Socializing,2019-391,65+,Weekday,19
2019,Exercise,2019-391,65+,Weekday,54
2019,Reading,2019-391,65+,Weekday,30
2019,Sleeping,2019-392,45–64,Weekday,455
2019,Watching TV,2019-392,45–64,Weekday,123
2019,Traveling,2019-392,45–64,Weekday,74
2019,Sleeping,2019-393,25–44,Weekday,453
2019,Working,2019-393,25–44,Weekday,429
2019,Eating and drinking,2019-393,25–44,Weekday,83
2019,Housework,2019-393,25–44,Weekday,111
2019,Watching TV,2019-393,25–44,Weekday,206
2019,Traveling,2019-393,25–44,Weekday,74
2019,Caring for children,2019-393,25–44,Weekday,100
2019,Socializing,2019-393,25–44,Weekday,60
2019,Shopping,2019-393,25–44,Weekday,38
2019,Games and computer,2019-393,25–44,Weekday,54
2019,Sleeping,2019-394,15–24,Weekend,556
2019,Working,2019-394,15–24,Weekend,389
2019,Eating and drinking,2019-394,15–24,Weekend,55
2019,Watching TV,2019-394,15–24,Weekend,113
2019,Traveling,2019-394,15–24,Weekend,87
2019,Socializing,2019-394,15–24,Weekend,62
2019,Games and computer,2019-394,15–24,Weekend,26
2019,Sleeping,2019-395,25–44,Weekend,481
2019,Working,2019-395,25–44,Weekend,420
2019,Eating and drinking,2019-395,25–44,Weekend,59
2019,Housework,2019-395,25–44,Weekend,32
2019,Watching TV,2019-395,25–44,Weekend,74
2019,Traveling,2019-395,25–44,Weekend,83
2019,Socializing,2019-395,25–44,Weekend,67
2019,Shopping,2019-395,25–44,Weekend,34
2019,Games and computer,2019-395,25–44,Weekend,55
2019,Sleeping,2019-396,45–64,Weekday,499
2019,Working,2019-396,45–64,Weekday,420
2019,Housework,2019-396,45–64,Weekday,46
2019,Watching TV,2019-396,45–64,Weekday,123
2019,Traveling,2019-396,45–64,Weekday,61
2019,Caring for children,2019-396,45–64,Weekday,114
2019,Socializing,2019-396,45–64,Weekday,64
2019,Exercise,2019-396,45–64,Weekday,44
2019,Shopping,2019-396,45–64,Weekday,35
2019,Games and computer,2019-396,45–64,Weekday,55
2019,Sleeping,2019-397,15–24,Weekday,482
2019,Working,2019-397,15–24,Weekday,384
2019,Eating and drinking,2019-397,15–24,Weekday,75
2019,Traveling,2019-397,15–24,Weekday,54
2019,Socializing,2019-397,15–24,Weekday,67
2019,Shopping,2019-397,15–24,Weekday,31
2019,Sleeping,2019-398,25–44,Weekend,470
2019,Eating and drinking,2019-398,25–44,Weekend,63
2019,Watching TV,2019-398,25–44,Weekend,215
2019,Traveling,2019-398,25–44,Weekend,77
2019,Socializing,2019-398,25–44,Weekend,56
2019,Exercise,2019-398,25–44,Weekend,30
2019,Sleeping,2019-399,65+,Weekday,503
2019,Eating and drinking,2019-399,65+,Weekday,70
2019,Housework,2019-399,65+,Weekday,84
2019,Traveling,2019-399,65+,Weekday,71
2019,Caring for children,2019-399,65+,Weekday,57
2019,Reading,2019-399,65+,Weekday,51
2019,Sleeping,2019-400,45–64,Weekday,514
2019,Eating and drinking,2019-400,45–64,Weekday,92
2019,Watching TV,2019-400,45–64,Weekday,103
2019,Traveling,2019-400,45–64,Weekday,34
2020,Sleeping,2020-001,65+,Weekend,575
2020,Working,2020-001,65+,Weekend,466
2020,Eating and drinking,2020-001,65+,Weekend,90
2020,Watching TV,2020-001,65+,Weekend,127
2020,Traveling,2020-001,65+,Weekend,48
2020,Exercise,2020-001,65+,Weekend,19
2020,Shopping,2020-001,65+,Weekend,26
2020,Sleeping,2020-002,65+,Weekday,527
2020,Working,2020-002,65+,Weekday,282
2020,Eating and drinking,2020-002,65+,Weekday,87
2020,Housework,2020-002,65+,Weekday,32
2020,Watching TV,2020-002,65+,Weekday,198
2020,Caring for children,2020-002,65+,Weekday,129
2020,Socializing,2020-002,65+,Weekday,5
2020,Reading,2020-002,65+,Weekday,34
2020,Sleeping,2020-003,45–64,Weekday,542
2020,Eating and drinking,2020-003,45–64,Weekday,75
2020,Watching TV,2020-003,45–64,Weekday,233
2020,Traveling,2020-003,45–64,Weekday,40
2020,Exercise,2020-003,45–64,Weekday,60
2020,Games and computer,2020-003,45–64,Weekday,111
2020,Sleeping,2020-004,25–44,Weekend,542
2020,Eating and drinking,2020-004,25–44,Weekend,76
2020,Housework,2020-004,25–44,Weekend,99
2020,Traveling,2020-004,25–44,Weekend,58
2020,Shopping,2020-004,25–44,Weekend,25
2020,Reading,2020-004,25–44,Weekend,62
2020,Sleeping,2020-005,15–24,Weekday,600
2020,Eating and drinking,2020-005,15–24,Weekday,75
2020,Watching TV,2020-005,15–24,Weekday,180
2020,Traveling,2020-005,15–24,Weekday,39
2020,Sleeping,2020-006,15–24,Weekend,532
2020,Eating and drinking,2020-006,15–24,Weekend,67
2020,Housework,2020-006,15–24,Weekend,90
2020,Watching TV,2020-006,15–24,Weekend,241
2020,Traveling,2020-006,15–24,Weekend,39
2020,Socializing,2020-006,15–24,Weekend,24
2020,Shopping,2020-006,15–24,Weekend,14
2020,Sleeping,2020-007,65+,Weekday,512
2020,Working,2020-007,65+,Weekday,382
2020,Eating and drinking,2020-007,65+,Weekday,52
2020,Housework,2020-007,65+,Weekday,91
2020,Watching TV,2020-007,65+,Weekday,143
2020,Traveling,2020-007,65+,Weekday,37
2020,Caring for children,2020-007,65+,Weekday,94
2020,Sleeping,2020-008,15–24,Weekday,535
2020,Eating and drinking,2020-008,15–24,Weekday,68
2020,Housework,2020-008,15–24,Weekday,96
2020,Traveling,2020-008,15–24,Weekday,65
2020,Socializing,2020-008,15–24,Weekday,18
2020,Exercise,2020-008,15–24,Weekday,39
2020,Sleeping,2020-009,65+,Weekday,563
2020,Housework,2020-009,65+,Weekday,42
2020,Watching TV,2020-009,65+,Weekday,116
2020,Traveling,2020-009,65+,Weekday,44
2020,Caring for children,2020-009,65+,Weekday,142
2020,Socializing,2020-009,65+,Weekday,43
2020,Sleeping,2020-010,45–64,Weekday,514
2020,Eating and drinking,2020-010,45–64,Weekday,79
2020,Watching TV,2020-010,45–64,Weekday,175
2020,Traveling,2020-010,45–64,Weekday,62
2020,Caring for children,2020-010,45–64,Weekday,170
2020,Socializing,2020-010,45–64,Weekday,26
2020,Shopping,2020-010,45–64,Weekday,13
2020,Sleeping,2020-011,25–44,Weekend,543
2020,Eating and drinking,2020-011,25–44,Weekend,74
2020,Housework,2020-011,25–44,Weekend,58
2020,Watching TV,2020-011,25–44,Weekend,243
2020,Traveling,2020-011,25–44,Weekend,56
2020,Caring for children,2020-011,25–44,Weekend,101
2020,Socializing,2020-011,25–44,Weekend,18
2020,Exercise,2020-011,25–44,Weekend,70
2020,Shopping,2020-011,25–44,Weekend,15
2020,Sleeping,2020-012,45–64,Weekday,469
2020,Working,2020-012,45–64,Weekday,393
2020,Eating and drinking,2020-012,45–64,Weekday,65
2020,Housework,2020-012,45–64,Weekday,46
2020,Watching TV,2020-012,45–64,Weekday,179
2020,Traveling,2020-012,45–64,Weekday,60
2020,Socializing,2020-012,45–64,Weekday,24
2020,Exercise,2020-012,45–64,Weekday,41
2020,Sleeping,2020-013,65+,Weekday,530
2020,Working,2020-013,65+,Weekday,357
2020,Eating and drinking,2020-013,65+,Weekday,80
2020,Housework,2020-013,65+,Weekday,49
2020,Watching TV,2020-013,65+,Weekday,183
2020,Traveling,2020-013,65+,Weekday,31
2020,Caring for children,2020-013,65+,Weekday,119
2020,Exercise,2020-013,65+,Weekday,48
2020,Shopping,2020-013,65+,Weekday,19
2020,Games and computer,2020-013,65+,Weekday,119
2020,Sleeping,2020-014,25–44,Weekend,470
2020,Eating and drinking,2020-014,25–44,Weekend,78
2020,Housework,2020-014,25–44,Weekend,31
2020,Socializing,2020-014,25–44,Weekend,38
2020,Shopping,2020-014,25–44,Weekend,19
2020,Reading,2020-014,25–44,Weekend,17
2020,Games and computer,2020-014,25–44,Weekend,128
2020,Sleeping,2020-015,25–44,Weekend,508
2020,Working,2020-015,25–44,Weekend,335
2020,Eating and drinking,2020-015,25–44,Weekend,83
2020,Housework,2020-015,25–44,Weekend,112
2020,Watching TV,2020-015,25–44,Weekend,189
2020,Traveling,2020-015,25–44,Weekend,45
2020,Caring for children,2020-015,25–44,Weekend,107
2020,Socializing,2020-015,25–44,Weekend,27
2020,Sleeping,2020-016,65+,Weekend,505
2020,Working,2020-016,65+,Weekend,255
2020,Eating and drinking,2020-016,65+,Weekend,62
2020,Housework,2020-016,65+,Weekend,54
2020,Traveling,2020-016,65+,Weekend,36
2020,Caring for children,2020-016,65+,Weekend,90
2020,Socializing,2020-016,65+,Weekend,14
2020,Shopping,2020-016,65+,Weekend,35
2020,Sleeping,2020-017,25–44,Weekday,576
2020,Eating and drinking,2020-017,25–44,Weekday,84
2020,Watching TV,2020-017,25–44,Weekday,232
2020,Traveling,2020-017,25–44,Weekday,60
2020,Exercise,2020-017,25–44,Weekday,24
2020,Shopping,2020-017,25–44,Weekday,22
2020,Sleeping,2020-018,15–24,Weekday,542
2020,Eating and drinking,2020-018,15–24,Weekday,87
2020,Housework,2020-018,15–24,Weekday,113
2020,Watching TV,2020-018,15–24,Weekday,188
2020,Caring for children,2020-018,15–24,Weekday,150
2020,Sleeping,2020-019,25–44,Weekday,539
2020,Working,2020-019,25–44,Weekday,372
2020,Eating and drinking,2020-019,25–44,Weekday,53
2020,Housework,2020-019,25–44,Weekday,112
2020,Watching TV,2020-019,25–44,Weekday,142
2020,Traveling,2020-019,25–44,Weekday,35
2020,Socializing,2020-019,25–44,Weekday,11
2020,Exercise,2020-019,25–44,Weekday,11
2020,Shopping,2020-019,25–44,Weekday,28
2020,Sleeping,2020-020,45–64,Weekday,564
2020,Working,2020-020,45–64,Weekday,431
2020,Eating and drinking,2020-020,45–64,Weekday,78
2020,Housework,2020-020,45–64,Weekday,51
2020,Watching TV,2020-020,45–64,Weekday,202
2020,Traveling,2020-020,45–64,Weekday,43
2020,Shopping,2020-020,45–64,Weekday,26
2020,Sleeping,2020-021,15–24,Weekday,535
2020,Eating and drinking,2020-021,15–24,Weekday,66
2020,Housework,2020-021,15–24,Weekday,96
2020,Watching TV,2020-021,15–24,Weekday,206
2020,Traveling,2020-021,15–24,Weekday,46
2020,Sleeping,2020-022,25–44,Weekend,546
2020,Eating and drinking,2020-022,25–44,Weekend,98
2020,Traveling,2020-022,25–44,Weekend,36
2020,Socializing,2020-022,25–44,Weekend,46
2020,Shopping,2020-022,25–44,Weekend,28
2020,Games and computer,2020-022,25–44,Weekend,86
2020,Sleeping,2020-023,25–44,Weekday,529
2020,Working,2020-023,25–44,Weekday,328
2020,Eating and drinking,2020-023,25–44,Weekday,73
2020,Watching TV,2020-023,25–44,Weekday,129
2020,Traveling,2020-023,25–44,Weekday,44
2020,Socializing,2020-023,25–44,Weekday,13
2020,Shopping,2020-023,25–44,Weekday,35
2020,Games and computer,2020-023,25–44,Weekday,35
2020,Sleeping,2020-024,15–24,Weekend,501
2020,Working,2020-024,15–24,Weekend,335
2020,Eating and drinking,2020-024,15–24,Weekend,98
2020,Housework,2020-024,15–24,Weekend,72
2020,Watching TV,2020-024,15–24,Weekend,248
2020,Traveling,2020-024,15–24,Weekend,44
2020,Caring for children,2020-024,15–24,Weekend,170
2020,Socializing,2020-024,15–24,Weekend,26
2020,Reading,2020-024,15–24,Weekend,42
2020,Sleeping,2020-025,45–64,Weekday,544
2020,Working,2020-025,45–64,Weekday,415
2020,Eating and drinking,2020-025,45–64,Weekday,68
2020,Housework,2020-025,45–64,Weekday,96
2020,Traveling,2020-025,45–64,Weekday,58
2020,Exercise,2020-025,45–64,Weekday,40
2020,Sleeping,2020-026,15–24,Weekend,485
2020,Working,2020-026,15–24,Weekend,406
2020,Eating and drinking,2020-026,15–24,Weekend,85
2020,Housework,2020-026,15–24,Weekend,111
2020,Watching TV,2020-026,15–24,Weekend,219
2020,Traveling,2020-026,15–24,Weekend,50
2020,Socializing,2020-026,15–24,Weekend,24
2020,Exercise,2020-026,15–24,Weekend,33
2020,Shopping,2020-026,15–24,Weekend,30
2020,Sleeping,2020-027,65+,Weekday,575
2020,Working,2020-027,65+,Weekday,406
2020,Eating and drinking,2020-027,65+,Weekday,73
2020,Housework,2020-027,65+,Weekday,63
2020,Watching TV,2020-027,65+,Weekday,133
2020,Traveling,2020-027,65+,Weekday,60
2020,Socializing,2020-027,65+,Weekday,26
2020,Exercise,2020-027,65+,Weekday,62
2020,Shopping,2020-027,65+,Weekday,29
2020,Reading,2020-027,65+,Weekday,35
2020,Games and computer,2020-027,65+,Weekday,105
2020,Sleeping,2020-028,15–24,Weekday,576
2020,Eating and drinking,2020-028,15–24,Weekday,60
2020,Housework,2020-028,15–24,Weekday,67
2020,Watching TV,2020-028,15–24,Weekday,243
2020,Traveling,2020-028,15–24,Weekday,35
2020,Shopping,2020-028,15–24,Weekday,32
2020,Reading,2020-028,15–24,Weekday,38
2020,Sleeping,2020-029,25–44,Weekend,504
2020,Working,2020-029,25–44,Weekend,366
2020,Eating and drinking,2020-029,25–44,Weekend,84
2020,Housework,2020-029,25–44,Weekend,89
2020,Watching TV,2020-029,25–44,Weekend,230
2020,Traveling,2020-029,25–44,Weekend,48
2020,Socializing,2020-029,25–44,Weekend,28
2020,Games and computer,2020-029,25–44,Weekend,97
2020,Sleeping,2020-030,65+,Weekday,535
2020,Eating and drinking,2020-030,65+,Weekday,52
2020,Traveling,2020-030,65+,Weekday,31
2020,Socializing,2020-030,65+,Weekday,32
2020,Sleeping,2020-031,25–44,Weekday,513
2020,Working,2020-031,25–44,Weekday,441
2020,Eating and drinking,2020-031,25–44,Weekday,50
2020,Housework,2020-031,25–44,Weekday,79
2020,Watching TV,2020-031,25–44,Weekday,186
2020,Traveling,2020-031,25–44,Weekday,48
2020,Caring for children,2020-031,25–44,Weekday,163
2020,Socializing,2020-031,25–44,Weekday,37
2020,Reading,2020-031,25–44,Weekday,54
2020,Sleeping,2020-032,25–44,Weekend,539
2020,Working,2020-032,25–44,Weekend,397
2020,Eating and drinking,2020-032,25–44,Weekend,70
2020,Housework,2020-032,25–44,Weekend,77
2020,Watching TV,2020-032,25–44,Weekend,217
2020,Exercise,2020-032,25–44,Weekend,55
2020,Shopping,2020-032,25–44,Weekend,31
2020,Sleeping,2020-033,25–44,Weekday,614
2020,Eating and drinking,2020-033,25–44,Weekday,82
2020,Housework,2020-033,25–44,Weekday,95
2020,Watching TV,2020-033,25–44,Weekday,213
2020,Traveling,2020-033,25–44,Weekday,46
2020,Sleeping,2020-034,25–44,Weekday,578
2020,Working,2020-034,25–44,Weekday,373
2020,Eating and drinking,2020-034,25–44,Weekday,103
2020,Housework,2020-034,25–44,Weekday,102
2020,Watching TV,2020-034,25–44,Weekday,267
2020,Traveling,2020-034,25–44,Weekday,35
2020,Shopping,2020-034,25–44,Weekday,36
2020,Games and computer,2020-034,25–44,Weekday,46
2020,Sleeping,2020-035,45–64,Weekday,510
2020,Working,2020-035,45–64,Weekday,349
2020,Eating and drinking,2020-035,45–64,Weekday,73
2020,Watching TV,2020-035,45–64,Weekday,158
2020,Traveling,2020-035,45–64,Weekday,43
2020,Caring for children,2020-035,45–64,Weekday,105
2020,Socializing,2020-035,45–64,Weekday,29
2020,Shopping,2020-035,45–64,Weekday,25
2020,Sleeping,2020-036,15–24,Weekend,575
2020,Working,2020-036,15–24,Weekend,371
2020,Eating and drinking,2020-036,15–24,Weekend,72
2020,Watching TV,2020-036,15–24,Weekend,173
2020,Traveling,2020-036,15–24,Weekend,53
2020,Socializing,2020-036,15–24,Weekend,28
2020,Exercise,2020-036,15–24,Weekend,69
2020,Shopping,2020-036,15–24,Weekend,22
2020,Sleeping,2020-037,25–44,Weekday,573
2020,Eating and drinking,2020-037,25–44,Weekday,66
2020,Housework,2020-037,25–44,Weekday,63
2020,Watching TV,2020-037,25–44,Weekday,177
2020,Traveling,2020-037,25–44,Weekday,59
2020,Caring for children,2020-037,25–44,Weekday,176
2020,Shopping,2020-037,25–44,Weekday,24
2020,Games and computer,2020-037,25–44,Weekday,94
2020,Sleeping,2020-038,45–64,Weekend,527
2020,Eating and drinking,2020-038,45–64,Weekend,74
2020,Housework,2020-038,45–64,Weekend,99
2020,Watching TV,2020-038,45–64,Weekend,189
2020,Traveling,2020-038,45–64,Weekend,54
2020,Socializing,2020-038,45–64,Weekend,31
2020,Sleeping,2020-039,65+,Weekday,525
2020,Working,2020-039,65+,Weekday,365
2020,Eating and drinking,2020-039,65+,Weekday,88
2020,Housework,2020-039,65+,Weekday,69
2020,Traveling,2020-039,65+,Weekday,45
2020,Socializing,2020-039,65+,Weekday,28
2020,Games and computer,2020-039,65+,Weekday,40
2020,Sleeping,2020-040,25–44,Weekday,603
2020,Working,2020-040,25–44,Weekday,408
2020,Eating and drinking,2020-040,25–44,Weekday,89
2020,Housework,2020-040,25–44,Weekday,70
2020,Traveling,2020-040,25–44,Weekday,46
2020,Caring for children,2020-040,25–44,Weekday,137
2020,Shopping,2020-040,25–44,Weekday,24
2020,Reading,2020-040,25–44,Weekday,69
2020,Sleeping,2020-041,15–24,Weekday,499
2020,Eating and drinking,2020-041,15–24,Weekday,67
2020,Housework,2020-041,15–24,Weekday,73
2020,Watching TV,2020-041,15–24,Weekday,152
2020,Traveling,2020-041,15–24,Weekday,39
2020,Caring for children,2020-041,15–24,Weekday,76
2020,Socializing,2020-041,15–24,Weekday,13
2020,Sleeping,2020-042,15–24,Weekday,539
2020,Working,2020-042,15–24,Weekday,334
2020,Watching TV,2020-042,15–24,Weekday,113
2020,Traveling,2020-042,15–24,Weekday,55
2020,Shopping,2020-042,15–24,Weekday,34
2020,Games and computer,2020-042,15–24,Weekday,61
2020,Sleeping,2020-043,45–64,Weekday,575
2020,Working,2020-043,45–64,Weekday,247
2020,Eating and drinking,2020-043,45–64,Weekday,67
2020,Housework,2020-043,45–64,Weekday,94
2020,Watching TV,2020-043,45–64,Weekday,208
2020,Traveling,2020-043,45–64,Weekday,49
2020,Socializing,2020-043,45–64,Weekday,26
2020,Exercise,2020-043,45–64,Weekday,39
2020,Shopping,2020-043,45–64,Weekday,36
2020,Reading,2020-043,45–64,Weekday,30
2020,Sleeping,2020-044,25–44,Weekday,583
2020,Eating and drinking,2020-044,25–44,Weekday,74
2020,Housework,2020-044,25–44,Weekday,59
2020,Watching TV,2020-044,25–44,Weekday,60
2020,Traveling,2020-044,25–44,Weekday,40
2020,Caring for children,2020-044,25–44,Weekday,162
2020,Socializing,2020-044,25–44,Weekday,28
2020,Exercise,2020-044,25–44,Weekday,58
2020,Sleeping,2020-045,45–64,Weekend,566
2020,Eating and drinking,2020-045,45–64,Weekend,89
2020,Watching TV,2020-045,45–64,Weekend,132
2020,Traveling,2020-045,45–64,Weekend,54
2020,Socializing,2020-045,45–64,Weekend,23
2020,Sleeping,2020-046,15–24,Weekend,578
2020,Working,2020-046,15–24,Weekend,277
2020,Eating and drinking,2020-046,15–24,Weekend,74
2020,Housework,2020-046,15–24,Weekend,90
2020,Watching TV,2020-046,15–24,Weekend,187
2020,Traveling,2020-046,15–24,Weekend,18
2020,Shopping,2020-046,15–24,Weekend,25
2020,Games and computer,2020-046,15–24,Weekend,84
2020,Sleeping,2020-047,45–64,Weekday,553
2020,Working,2020-047,45–64,Weekday,352
2020,Eating and drinking,2020-047,45–64,Weekday,81
2020,Housework,2020-047,45–64,Weekday,88
2020,Watching TV,2020-047,45–64,Weekday,186
2020,Shopping,2020-047,45–64,Weekday,32
2020,Sleeping,2020-048,25–44,Weekday,485
2020,Eating and drinking,2020-048,25–44,Weekday,81
2020,Housework,2020-048,25–44,Weekday,84
2020,Watching TV,2020-048,25–44,Weekday,194
2020,Traveling,2020-048,25–44,Weekday,63
2020,Exercise,2020-048,25–44,Weekday,40
2020,Shopping,2020-048,25–44,Weekday,25
2020,Reading,2020-048,25–44,Weekday,59
2020,Sleeping,2020-049,65+,Weekend,580
2020,Working,2020-049,65+,Weekend,449
2020,Eating and drinking,2020-049,65+,Weekend,76
2020,Housework,2020-049,65+,Weekend,71
2020,Watching TV,2020-049,65+,Weekend,219
2020,Traveling,2020-049,65+,Weekend,48
2020,Socializing,2020-049,65+,Weekend,37
2020,Shopping,2020-049,65+,Weekend,26
2020,Sleeping,2020-050,65+,Weekend,581
2020,Working,2020-050,65+,Weekend,406
2020,Eating and drinking,2020-050,65+,Weekend,79
2020,Traveling,2020-050,65+,Weekend,55
2020,Caring for children,2020-050,65+,Weekend,128
2020,Socializing,2020-050,65+,Weekend,7
2020,Shopping,2020-050,65+,Weekend,25
2020,Games and computer,2020-050,65+,Weekend,16
2020,Sleeping,2020-051,15–24,Weekend,561
2020,Working,2020-051,15–24,Weekend,403
2020,Eating and drinking,2020-051,15–24,Weekend,77
2020,Housework,2020-051,15–24,Weekend,42
2020,Traveling,2020-051,15–24,Weekend,32
2020,Socializing,2020-051,15–24,Weekend,29
2020,Sleeping,2020-052,25–44,Weekday,517
2020,Working,2020-052,25–44,Weekday,378
2020,Eating and drinking,2020-052,25–44,Weekday,83
2020,Housework,2020-052,25–44,Weekday,76
2020,Watching TV,2020-052,25–44,Weekday,207
2020,Traveling,2020-052,25–44,Weekday,38
2020,Caring for children,2020-052,25–44,Weekday,62
2020,Socializing,2020-052,25–44,Weekday,26
2020,Sleeping,2020-053,25–44,Weekday,521
2020,Working,2020-053,25–44,Weekday,315
2020,Eating and drinking,2020-053,25–44,Weekday,105
2020,Housework,2020-053,25–44,Weekday,98
2020,Watching TV,2020-053,25–44,Weekday,196
2020,Traveling,2020-053,25–44,Weekday,36
2020,Games and computer,2020-053,25–44,Weekday,88
2020,Sleeping,2020-054,65+,Weekday,518
2020,Working,2020-054,65+,Weekday,401
2020,Housework,2020-054,65+,Weekday,68
2020,Watching TV,2020-054,65+,Weekday,153
2020,Socializing,2020-054,65+,Weekday,33
2020,Exercise,2020-054,65+,Weekday,41
2020,Shopping,2020-054,65+,Weekday,14
2020,Reading,2020-054,65+,Weekday,49
2020,Games and computer,2020-054,65+,Weekday,5
2020,Sleeping,2020-055,25–44,Weekend,492
2020,Working,2020-055,25–44,Weekend,405
2020,Eating and drinking,2020-055,25–44,Weekend,73
2020,Watching TV,2020-055,25–44,Weekend,179
2020,Traveling,2020-055,25–44,Weekend,51
2020,Caring for children,2020-055,25–44,Weekend,128
2020,Exercise,2020-055,25–44,Weekend,44
2020,Shopping,2020-055,25–44,Weekend,26
2020,Sleeping,2020-056,15–24,Weekday,534
2020,Working,2020-056,15–24,Weekday,334
2020,Eating and drinking,2020-056,15–24,Weekday,73
2020,Watching TV,2020-056,15–24,Weekday,189
2020,Reading,2020-056,15–24,Weekday,29
2020,Sleeping,2020-057,65+,Weekday,508
2020,Housework,2020-057,65+,Weekday,60
2020,Watching TV,2020-057,65+,Weekday,135
2020,Traveling,2020-057,65+,Weekday,53
2020,Games and computer,2020-057,65+,Weekday,38
2020,Sleeping,2020-058,65+,Weekend,531
2020,Eating and drinking,2020-058,65+,Weekend,64
2020,Housework,2020-058,65+,Weekend,109
2020,Watching TV,2020-058,65+,Weekend,198
2020,Traveling,2020-058,65+,Weekend,62
2020,Shopping,2020-058,65+,Weekend,28
2020,Sleeping,2020-059,25–44,Weekday,560
2020,Working,2020-059,25–44,Weekday,360
2020,Eating and drinking,2020-059,25–44,Weekday,94
2020,Watching TV,2020-059,25–44,Weekday,207
2020,Traveling,2020-059,25–44,Weekday,46
2020,Reading,2020-059,25–44,Weekday,29
2020,Games and computer,2020-059,25–44,Weekday,55
2020,Sleeping,2020-060,25–44,Weekday,580
2020,Working,2020-060,25–44,Weekday,355
2020,Eating and drinking,2020-060,25–44,Weekday,61
2020,Watching TV,2020-060,25–44,Weekday,216
2020,Traveling,2020-060,25–44,Weekday,40
2020,Socializing,2020-060,25–44,Weekday,19
2020,Exercise,2020-060,25–44,Weekday,43
2020,Reading,2020-060,25–44,Weekday,43
2020,Games and computer,2020-060,25–44,Weekday,118
2020,Sleeping,2020-061,25–44,Weekday,517
2020,Working,2020-061,25–44,Weekday,400
2020,Eating and drinking,2020-061,25–44,Weekday,42
2020,Housework,2020-061,25–44,Weekday,79
2020,Watching TV,2020-061,25–44,Weekday,113
2020,Socializing,2020-061,25–44,Weekday,27
2020,Shopping,2020-061,25–44,Weekday,38
2020,Reading,2020-061,25–44,Weekday,38
2020,Sleeping,2020-062,45–64,Weekday,524
2020,Working,2020-062,45–64,Weekday,342
2020,Eating and drinking,2020-062,45–64,Weekday,89
2020,Housework,2020-062,45–64,Weekday,90
2020,Watching TV,2020-062,45–64,Weekday,92
2020,Traveling,2020-062,45–64,Weekday,40
2020,Exercise,2020-062,45–64,Weekday,33
2020,Sleeping,2020-063,65+,Weekday,520
2020,Working,2020-063,65+,Weekday,305
2020,Eating and drinking,2020-063,65+,Weekday,60
2020,Housework,2020-063,65+,Weekday,71
2020,Watching TV,2020-063,65+,Weekday,114
2020,Traveling,2020-063,65+,Weekday,43
2020,Caring for children,2020-063,65+,Weekday,80
2020,Socializing,2020-063,65+,Weekday,25
2020,Shopping,2020-063,65+,Weekday,18
2020,Reading,2020-063,65+,Weekday,36
2020,Sleeping,2020-064,45–64,Weekday,525
2020,Working,2020-064,45–64,Weekday,316
2020,Eating and drinking,2020-064,45–64,Weekday,45
2020,Housework,2020-064,45–64,Weekday,82
2020,Watching TV,2020-064,45–64,Weekday,213
2020,Traveling,2020-064,45–64,Weekday,52
2020,Caring for children,2020-064,45–64,Weekday,127
2020,Exercise,2020-064,45–64,Weekday,41
2020,Sleeping,2020-065,15–24,Weekday,532
2020,Working,2020-065,15–24,Weekday,401
2020,Eating and drinking,2020-065,15–24,Weekday,54
2020,Housework,2020-065,15–24,Weekday,61
2020,Watching TV,2020-065,15–24,Weekday,208
2020,Traveling,2020-065,15–24,Weekday,50
2020,Caring for children,2020-065,15–24,Weekday,190
2020,Socializing,2020-065,15–24,Weekday,24
2020,Sleeping,2020-066,25–44,Weekday,549
2020,Working,2020-066,25–44,Weekday,346
2020,Eating and drinking,2020-066,25–44,Weekday,67
2020,Housework,2020-066,25–44,Weekday,93
2020,Traveling,2020-066,25–44,Weekday,48
2020,Sleeping,2020-067,65+,Weekday,502
2020,Working,2020-067,65+,Weekday,361
2020,Eating and drinking,2020-067,65+,Weekday,73
2020,Housework,2020-067,65+,Weekday,69
2020,Watching TV,2020-067,65+,Weekday,124
2020,Traveling,2020-067,65+,Weekday,47
2020,Exercise,2020-067,65+,Weekday,38
2020,Reading,2020-067,65+,Weekday,48
2020,Sleeping,2020-068,25–44,Weekday,539
2020,Eating and drinking,2020-068,25–44,Weekday,75
2020,Housework,2020-068,25–44,Weekday,78
2020,Watching TV,2020-068,25–44,Weekday,208
2020,Traveling,2020-068,25–44,Weekday,49
2020,Exercise,2020-068,25–44,Weekday,52
2020,Shopping,2020-068,25–44,Weekday,29
2020,Sleeping,2020-069,45–64,Weekend,547
2020,Working,2020-069,45–64,Weekend,293
2020,Eating and drinking,2020-069,45–64,Weekend,89
2020,Housework,2020-069,45–64,Weekend,30
2020,Watching TV,2020-069,45–64,Weekend,181
2020,Traveling,2020-069,45–64,Weekend,32
2020,Games and computer,2020-069,45–64,Weekend,62
2020,Sleeping,2020-070,45–64,Weekday,495
2020,Working,2020-070,45–64,Weekday,375
2020,Eating and drinking,2020-070,45–64,Weekday,74
2020,Watching TV,2020-070,45–64,Weekday,197
2020,Traveling,2020-070,45–64,Weekday,48
2020,Shopping,2020-070,45–64,Weekday,21
2020,Sleeping,2020-071,25–44,Weekday,496
2020,Eating and drinking,2020-071,25–44,Weekday,58
2020,Housework,2020-071,25–44,Weekday,58
2020,Watching TV,2020-071,25–44,Weekday,180
2020,Traveling,2020-071,25–44,Weekday,38
2020,Socializing,2020-071,25–44,Weekday,38
2020,Exercise,2020-071,25–44,Weekday,41
2020,Shopping,2020-071,25–44,Weekday,22
2020,Reading,2020-071,25–44,Weekday,58
2020,Games and computer,2020-071,25–44,Weekday,110
2020,Sleeping,2020-072,25–44,Weekday,480
2020,Working,2020-072,25–44,Weekday,391
2020,Eating and drinking,2020-072,25–44,Weekday,72
2020,Housework,2020-072,25–44,Weekday,111
2020,Traveling,2020-072,25–44,Weekday,40
2020,Caring for children,2020-072,25–44,Weekday,89
2020,Sleeping,2020-073,65+,Weekend,531
2020,Eating and drinking,2020-073,65+,Weekend,72
2020,Housework,2020-073,65+,Weekend,63
2020,Watching TV,2020-073,65+,Weekend,93
2020,Traveling,2020-073,65+,Weekend,54
2020,Socializing,2020-073,65+,Weekend,28
2020,Exercise,2020-073,65+,Weekend,46
2020,Shopping,2020-073,65+,Weekend,22
2020,Games and computer,2020-073,65+,Weekend,85
2020,Sleeping,2020-074,65+,Weekend,532
2020,Working,2020-074,65+,Weekend,364
2020,Eating and drinking,2020-074,65+,Weekend,76
2020,Housework,2020-074,65+,Weekend,57
2020,Traveling,2020-074,65+,Weekend,60
2020,Caring for children,2020-074,65+,Weekend,83
2020,Socializing,2020-074,65+,Weekend,29
2020,Exercise,2020-074,65+,Weekend,44
2020,Reading,2020-074,65+,Weekend,34
2020,Sleeping,2020-075,25–44,Weekday,581
2020,Working,2020-075,25–44,Weekday,413
2020,Eating and drinking,2020-075,25–44,Weekday,68
2020,Housework,2020-075,25–44,Weekday,56
2020,Watching TV,2020-075,25–44,Weekday,242
2020,Caring for children,2020-075,25–44,Weekday,89
2020,Socializing,2020-075,25–44,Weekday,25
2020,Reading,2020-075,25–44,Weekday,32
2020,Sleeping,2020-076,65+,Weekday,509
2020,Working,2020-076,65+,Weekday,409
2020,Eating and drinking,2020-076,65+,Weekday,77
2020,Housework,2020-076,65+,Weekday,89
2020,Watching TV,2020-076,65+,Weekday,185
2020,Traveling,2020-076,65+,Weekday,37
2020,Socializing,2020-076,65+,Weekday,26
2020,Reading,2020-076,65+,Weekday,41
2020,Sleeping,2020-077,15–24,Weekday,516
2020,Working,2020-077,15–24,Weekday,394
2020,Eating and drinking,2020-077,15–24,Weekday,67
2020,Housework,2020-077,15–24,Weekday,87
2020,Watching TV,2020-077,15–24,Weekday,109
2020,Traveling,2020-077,15–24,Weekday,30
2020,Exercise,2020-077,15–24,Weekday,68
2020,Shopping,2020-077,15–24,Weekday,32
2020,Sleeping,2020-078,45–64,Weekday,586
2020,Eating and drinking,2020-078,45–64,Weekday,79
2020,Housework,2020-078,45–64,Weekday,70
2020,Watching TV,2020-078,45–64,Weekday,161
2020,Traveling,2020-078,45–64,Weekday,57
2020,Sleeping,2020-079,25–44,Weekday,531
2020,Working,2020-079,25–44,Weekday,435
2020,Eating and drinking,2020-079,25–44,Weekday,74
2020,Watching TV,2020-079,25–44,Weekday,161
2020,Traveling,2020-079,25–44,Weekday,35
2020,Caring for children,2020-079,25–44,Weekday,79
2020,Socializing,2020-079,25–44,Weekday,26
2020,Exercise,2020-079,25–44,Weekday,45
2020,Shopping,2020-079,25–44,Weekday,26
2020,Reading,2020-079,25–44,Weekday,49
2020,Sleeping,2020-080,65+,Weekend,596
2020,Eating and drinking,2020-080,65+,Weekend,62
2020,Housework,2020-080,65+,Weekend,72
2020,Watching TV,2020-080,65+,Weekend,203
2020,Traveling,2020-080,65+,Weekend,44
2020,Socializing,2020-080,65+,Weekend,29
2020,Exercise,2020-080,65+,Weekend,62
2020,Sleeping,2020-081,45–64,Weekend,572
2020,Eating and drinking,2020-081,45–64,Weekend,63
2020,Housework,2020-081,45–64,Weekend,72
2020,Watching TV,2020-081,45–64,Weekend,205
2020,Traveling,2020-081,45–64,Weekend,60
2020,Socializing,2020-081,45–64,Weekend,29
2020,Exercise,2020-081,45–64,Weekend,30
2020,Sleeping,2020-082,65+,Weekday,513
2020,Eating and drinking,2020-082,65+,Weekday,92
2020,Watching TV,2020-082,65+,Weekday,307
2020,Traveling,2020-082,65+,Weekday,40
2020,Shopping,2020-082,65+,Weekday,24
2020,Reading,2020-082,65+,Weekday,44
2020,Games and computer,2020-082,65+,Weekday,86
2020,Sleeping,2020-083,45–64,Weekend,548
2020,Working,2020-083,45–64,Weekend,374
2020,Eating and drinking,2020-083,45–64,Weekend,72
2020,Watching TV,2020-083,45–64,Weekend,230
2020,Traveling,2020-083,45–64,Weekend,64
2020,Socializing,2020-083,45–64,Weekend,35
2020,Games and computer,2020-083,45–64,Weekend,48
2020,Sleeping,2020-084,65+,Weekend,498
2020,Working,2020-084,65+,Weekend,455
2020,Eating and drinking,2020-084,65+,Weekend,72
2020,Housework,2020-084,65+,Weekend,61
2020,Watching TV,2020-084,65+,Weekend,162
2020,Traveling,2020-084,65+,Weekend,50
2020,Caring for children,2020-084,65+,Weekend,166
2020,Reading,2020-084,65+,Weekend,48
2020,Games and computer,2020-084,65+,Weekend,96
2020,Sleeping,2020-085,65+,Weekday,515
2020,Eating and drinking,2020-085,65+,Weekday,79
2020,Housework,2020-085,65+,Weekday,104
2020,Watching TV,2020-085,65+,Weekday,247
2020,Traveling,2020-085,65+,Weekday,62
2020,Caring for children,2020-085,65+,Weekday,38
2020,Shopping,2020-085,65+,Weekday,26
2020,Reading,2020-085,65+,Weekday,34
2020,Sleeping,2020-086,45–64,Weekend,593
2020,Working,2020-086,45–64,Weekend,413
2020,Eating and drinking,2020-086,45–64,Weekend,78
2020,Housework,2020-086,45–64,Weekend,87
2020,Watching TV,2020-086,45–64,Weekend,147
2020,Traveling,2020-086,45–64,Weekend,57
2020,Caring for children,2020-086,45–64,Weekend,168
2020,Socializing,2020-086,45–64,Weekend,29
2020,Sleeping,2020-087,45–64,Weekday,527
2020,Working,2020-087,45–64,Weekday,353
2020,Eating and drinking,2020-087,45–64,Weekday,87
2020,Housework,2020-087,45–64,Weekday,13
2020,Watching TV,2020-087,45–64,Weekday,161
2020,Traveling,2020-087,45–64,Weekday,54
2020,Caring for children,2020-087,45–64,Weekday,124
2020,Sleeping,2020-088,45–64,Weekday,538
2020,Working,2020-088,45–64,Weekday,458
2020,Eating and drinking,2020-088,45–64,Weekday,63
2020,Housework,2020-088,45–64,Weekday,105
2020,Traveling,2020-088,45–64,Weekday,28
2020,Socializing,2020-088,45–64,Weekday,9
2020,Shopping,2020-088,45–64,Weekday,29
2020,Sleeping,2020-089,45–64,Weekday,606
2020,Working,2020-089,45–64,Weekday,371
2020,Eating and drinking,2020-089,45–64,Weekday,82
2020,Watching TV,2020-089,45–64,Weekday,285
2020,Traveling,2020-089,45–64,Weekday,58
2020,Caring for children,2020-089,45–64,Weekday,139
2020,Socializing,2020-089,45–64,Weekday,22
2020,Exercise,2020-089,45–64,Weekday,45
2020,Games and computer,2020-089,45–64,Weekday,78
2020,Sleeping,2020-090,15–24,Weekday,543
2020,Working,2020-090,15–24,Weekday,293
2020,Eating and drinking,2020-090,15–24,Weekday,62
2020,Housework,2020-090,15–24,Weekday,35
2020,Watching TV,2020-090,15–24,Weekday,264
2020,Traveling,2020-090,15–24,Weekday,42
2020,Sleeping,2020-091,45–64,Weekend,538
2020,Eating and drinking,2020-091,45–64,Weekend,75
2020,Housework,2020-091,45–64,Weekend,61
2020,Watching TV,2020-091,45–64,Weekend,131
2020,Traveling,2020-091,45–64,Weekend,45
2020,Games and computer,2020-091,45–64,Weekend,14
2020,Sleeping,2020-092,15–24,Weekend,512
2020,Eating and drinking,2020-092,15–24,Weekend,64
2020,Housework,2020-092,15–24,Weekend,110
2020,Watching TV,2020-092,15–24,Weekend,178
2020,Traveling,2020-092,15–24,Weekend,64
2020,Socializing,2020-092,15–24,Weekend,40
2020,Exercise,2020-092,15–24,Weekend,30
2020,Sleeping,2020-093,65+,Weekend,562
2020,Eating and drinking,2020-093,65+,Weekend,75
2020,Housework,2020-093,65+,Weekend,87
2020,Watching TV,2020-093,65+,Weekend,159
2020,Traveling,2020-093,65+,Weekend,46
2020,Shopping,2020-093,65+,Weekend,27
2020,Sleeping,2020-094,45–64,Weekday,520
2020,Working,2020-094,45–64,Weekday,282
2020,Eating and drinking,2020-094,45–64,Weekday,88
2020,Watching TV,2020-094,45–64,Weekday,100
2020,Traveling,2020-094,45–64,Weekday,50
2020,Caring for children,2020-094,45–64,Weekday,94
2020,Socializing,2020-094,45–64,Weekday,27
2020,Exercise,2020-094,45–64,Weekday,35
2020,Shopping,2020-094,45–64,Weekday,38
2020,Sleeping,2020-095,15–24,Weekend,536
2020,Eating and drinking,2020-095,15–24,Weekend,88
2020,Watching TV,2020-095,15–24,Weekend,105
2020,Traveling,2020-095,15–24,Weekend,33
2020,Exercise,2020-095,15–24,Weekend,28
2020,Shopping,2020-095,15–24,Weekend,34
2020,Sleeping,2020-096,15–24,Weekend,555
2020,Eating and drinking,2020-096,15–24,Weekend,77
2020,Watching TV,2020-096,15–24,Weekend,117
2020,Traveling,2020-096,15–24,Weekend,46
2020,Socializing,2020-096,15–24,Weekend,26
2020,Exercise,2020-096,15–24,Weekend,55
2020,Reading,2020-096,15–24,Weekend,42
2020,Sleeping,2020-097,15–24,Weekday,561
2020,Working,2020-097,15–24,Weekday,275
2020,Eating and drinking,2020-097,15–24,Weekday,81
2020,Watching TV,2020-097,15–24,Weekday,192
2020,Traveling,2020-097,15–24,Weekday,53
2020,Caring for children,2020-097,15–24,Weekday,124
2020,Socializing,2020-097,15–24,Weekday,34
2020,Games and computer,2020-097,15–24,Weekday,95
2020,Sleeping,2020-098,65+,Weekday,566
2020,Eating and drinking,2020-098,65+,Weekday,86
2020,Housework,2020-098,65+,Weekday,71
2020,Watching TV,2020-098,65+,Weekday,160
2020,Traveling,2020-098,65+,Weekday,46
2020,Reading,2020-098,65+,Weekday,44
2020,Sleeping,2020-099,65+,Weekday,577
2020,Eating and drinking,2020-099,65+,Weekday,73
2020,Housework,2020-099,65+,Weekday,39
2020,Watching TV,2020-099,65+,Weekday,124
2020,Traveling,2020-099,65+,Weekday,55
2020,Caring for children,2020-099,65+,Weekday,125
2020,Socializing,2020-099,65+,Weekday,39
2020,Shopping,2020-099,65+,Weekday,33
2020,Sleeping,2020-100,45–64,Weekend,524
2020,Working,2020-100,45–64,Weekend,359
2020,Eating and drinking,2020-100,45–64,Weekend,87
2020,Housework,2020-100,45–64,Weekend,62
2020,Watching TV,2020-100,45–64,Weekend,202
2020,Traveling,2020-100,45–64,Weekend,46
2020,Socializing,2020-100,45–64,Weekend,26
2020,Shopping,2020-100,45–64,Weekend,17
2020,Games and computer,2020-100,45–64,Weekend,53
2020,Sleeping,2020-101,45–64,Weekday,568
2020,Working,2020-101,45–64,Weekday,400
2020,Eating and drinking,2020-101,45–64,Weekday,98
2020,Watching TV,2020-101,45–64,Weekday,168
2020,Traveling,2020-101,45–64,Weekday,45
2020,Socializing,2020-101,45–64,Weekday,27
2020,Exercise,2020-101,45–64,Weekday,16
2020,Sleeping,2020-102,25–44,Weekday,559
2020,Eating and drinking,2020-102,25–44,Weekday,73
2020,Housework,2020-102,25–44,Weekday,81
2020,Watching TV,2020-102,25–44,Weekday,111
2020,Traveling,2020-102,25–44,Weekday,39
2020,Exercise,2020-102,25–44,Weekday,39
2020,Sleeping,2020-103,25–44,Weekday,500
2020,Working,2020-103,25–44,Weekday,444
2020,Eating and drinking,2020-103,25–44,Weekday,48
2020,Watching TV,2020-103,25–44,Weekday,265
2020,Traveling,2020-103,25–44,Weekday,46
2020,Reading,2020-103,25–44,Weekday,33
2020,Sleeping,2020-104,25–44,Weekday,515
2020,Eating and drinking,2020-104,25–44,Weekday,70
2020,Housework,2020-104,25–44,Weekday,34
2020,Caring for children,2020-104,25–44,Weekday,179
2020,Socializing,2020-104,25–44,Weekday,21
2020,Games and computer,2020-104,25–44,Weekday,102
2020,Sleeping,2020-105,65+,Weekday,503
2020,Working,2020-105,65+,Weekday,423
2020,Eating and drinking,2020-105,65+,Weekday,93
2020,Housework,2020-105,65+,Weekday,91
2020,Watching TV,2020-105,65+,Weekday,174
2020,Traveling,2020-105,65+,Weekday,61
2020,Socializing,2020-105,65+,Weekday,19
2020,Shopping,2020-105,65+,Weekday,31
2020,Reading,2020-105,65+,Weekday,19
2020,Sleeping,2020-106,65+,Weekend,565
2020,Housework,2020-106,65+,Weekend,25
2020,Watching TV,2020-106,65+,Weekend,300
2020,Traveling,2020-106,65+,Weekend,27
2020,Sleeping,2020-107,65+,Weekday,527
2020,Working,2020-107,65+,Weekday,302
2020,Eating and drinking,2020-107,65+,Weekday,85
2020,Housework,2020-107,65+,Weekday,52
2020,Watching TV,2020-107,65+,Weekday,112
2020,Traveling,2020-107,65+,Weekday,55
2020,Socializing,2020-107,65+,Weekday,29
2020,Sleeping,2020-108,15–24,Weekday,588
2020,Working,2020-108,15–24,Weekday,261
2020,Eating and drinking,2020-108,15–24,Weekday,58
2020,Housework,2020-108,15–24,Weekday,67
2020,Watching TV,2020-108,15–24,Weekday,211
2020,Traveling,2020-108,15–24,Weekday,59
2020,Caring for children,2020-108,15–24,Weekday,109
2020,Socializing,2020-108,15–24,Weekday,25
2020,Shopping,2020-108,15–24,Weekday,15
2020,Sleeping,2020-109,65+,Weekday,488
2020,Working,2020-109,65+,Weekday,452
2020,Eating and drinking,2020-109,65+,Weekday,62
2020,Housework,2020-109,65+,Weekday,31
2020,Watching TV,2020-109,65+,Weekday,205
2020,Traveling,2020-109,65+,Weekday,39
2020,Socializing,2020-109,65+,Weekday,10
2020,Exercise,2020-109,65+,Weekday,34
2020,Sleeping,2020-110,25–44,Weekday,487
2020,Eating and drinking,2020-110,25–44,Weekday,83
2020,Housework,2020-110,25–44,Weekday,80
2020,Exercise,2020-110,25–44,Weekday,55
2020,Games and computer,2020-110,25–44,Weekday,86
2020,Sleeping,2020-111,25–44,Weekday,537
2020,Working,2020-111,25–44,Weekday,394
2020,Eating and drinking,2020-111,25–44,Weekday,99
2020,Housework,2020-111,25–44,Weekday,75
2020,Watching TV,2020-111,25–44,Weekday,204
2020,Traveling,2020-111,25–44,Weekday,39
2020,Socializing,2020-111,25–44,Weekday,21
2020,Games and computer,2020-111,25–44,Weekday,84
2020,Sleeping,2020-112,25–44,Weekday,507
2020,Working,2020-112,25–44,Weekday,273
2020,Eating and drinking,2020-112,25–44,Weekday,108
2020,Traveling,2020-112,25–44,Weekday,42
2020,Socializing,2020-112,25–44,Weekday,25
2020,Exercise,2020-112,25–44,Weekday,31
2020,Sleeping,2020-113,45–64,Weekend,551
2020,Eating and drinking,2020-113,45–64,Weekend,70
2020,Housework,2020-113,45–64,Weekend,42
2020,Watching TV,2020-113,45–64,Weekend,230
2020,Traveling,2020-113,45–64,Weekend,61
2020,Caring for children,2020-113,45–64,Weekend,148
2020,Exercise,2020-113,45–64,Weekend,51
2020,Sleeping,2020-114,45–64,Weekday,515
2020,Eating and drinking,2020-114,45–64,Weekday,51
2020,Watching TV,2020-114,45–64,Weekday,221
2020,Traveling,2020-114,45–64,Weekday,35
2020,Caring for children,2020-114,45–64,Weekday,79
2020,Games and computer,2020-114,45–64,Weekday,75
2020,Sleeping,2020-115,15–24,Weekday,539
2020,Eating and drinking,2020-115,15–24,Weekday,65
2020,Watching TV,2020-115,15–24,Weekday,231
2020,Traveling,2020-115,15–24,Weekday,27
2020,Caring for children,2020-115,15–24,Weekday,120
2020,Shopping,2020-115,15–24,Weekday,15
2020,Sleeping,2020-116,15–24,Weekday,563
2020,Working,2020-116,15–24,Weekday,430
2020,Eating and drinking,2020-116,15–24,Weekday,61
2020,Housework,2020-116,15–24,Weekday,62
2020,Watching TV,2020-116,15–24,Weekday,121
2020,Traveling,2020-116,15–24,Weekday,37
2020,Socializing,2020-116,15–24,Weekday,32
2020,Sleeping,2020-117,65+,Weekend,495
2020,Working,2020-117,65+,Weekend,449
2020,Eating and drinking,2020-117,65+,Weekend,62
2020,Housework,2020-117,65+,Weekend,80
2020,Traveling,2020-117,65+,Weekend,50
2020,Caring for children,2020-117,65+,Weekend,157
2020,Socializing,2020-117,65+,Weekend,25
2020,Shopping,2020-117,65+,Weekend,24
2020,Reading,2020-117,65+,Weekend,28
2020,Sleeping,2020-118,25–44,Weekend,590
2020,Eating and drinking,2020-118,25–44,Weekend,87
2020,Housework,2020-118,25–44,Weekend,73
2020,Watching TV,2020-118,25–44,Weekend,155
2020,Traveling,2020-118,25–44,Weekend,42
2020,Caring for children,2020-118,25–44,Weekend,110
2020,Shopping,2020-118,25–44,Weekend,17
2020,Games and computer,2020-118,25–44,Weekend,69
2020,Sleeping,2020-119,65+,Weekday,546
2020,Eating and drinking,2020-119,65+,Weekday,107
2020,Housework,2020-119,65+,Weekday,106
2020,Traveling,2020-119,65+,Weekday,46
2020,Exercise,2020-119,65+,Weekday,35
2020,Reading,2020-119,65+,Weekday,23
2020,Sleeping,2020-120,15–24,Weekday,471
2020,Eating and drinking,2020-120,15–24,Weekday,47
2020,Watching TV,2020-120,15–24,Weekday,184
2020,Traveling,2020-120,15–24,Weekday,31
2020,Shopping,2020-120,15–24,Weekday,28
2020,Sleeping,2020-121,15–24,Weekday,515
2020,Working,2020-121,15–24,Weekday,299
2020,Eating and drinking,2020-121,15–24,Weekday,90
2020,Housework,2020-121,15–24,Weekday,57
2020,Watching TV,2020-121,15–24,Weekday,178
2020,Traveling,2020-121,15–24,Weekday,52
2020,Shopping,2020-121,15–24,Weekday,21
2020,Reading,2020-121,15–24,Weekday,39
2020,Games and computer,2020-121,15–24,Weekday,52
2020,Sleeping,2020-122,25–44,Weekday,567
2020,Eating and drinking,2020-122,25–44,Weekday,64
2020,Housework,2020-122,25–44,Weekday,74
2020,Watching TV,2020-122,25–44,Weekday,198
2020,Caring for children,2020-122,25–44,Weekday,32
2020,Socializing,2020-122,25–44,Weekday,24
2020,Shopping,2020-122,25–44,Weekday,22
2020,Sleeping,2020-123,25–44,Weekend,524
2020,Eating and drinking,2020-123,25–44,Weekend,90
2020,Housework,2020-123,25–44,Weekend,50
2020,Watching TV,2020-123,25–44,Weekend,223
2020,Traveling,2020-123,25–44,Weekend,51
2020,Caring for children,2020-123,25–44,Weekend,139
2020,Socializing,2020-123,25–44,Weekend,25
2020,Exercise,2020-123,25–44,Weekend,20
2020,Sleeping,2020-124,15–24,Weekday,546
2020,Working,2020-124,15–24,Weekday,311
2020,Eating and drinking,2020-124,15–24,Weekday,95
2020,Watching TV,2020-124,15–24,Weekday,195
2020,Traveling,2020-124,15–24,Weekday,49
2020,Exercise,2020-124,15–24,Weekday,28
2020,Shopping,2020-124,15–24,Weekday,29
2020,Sleeping,2020-125,45–64,Weekend,495
2020,Working,2020-125,45–64,Weekend,323
2020,Eating and drinking,2020-125,45–64,Weekend,77
2020,Housework,2020-125,45–64,Weekend,90
2020,Traveling,2020-125,45–64,Weekend,56
2020,Sleeping,2020-126,65+,Weekday,578
2020,Eating and drinking,2020-126,65+,Weekday,102
2020,Housework,2020-126,65+,Weekday,70
2020,Watching TV,2020-126,65+,Weekday,197
2020,Traveling,2020-126,65+,Weekday,31
2020,Socializing,2020-126,65+,Weekday,38
2020,Shopping,2020-126,65+,Weekday,33
2020,Games and computer,2020-126,65+,Weekday,29
2020,Sleeping,2020-127,25–44,Weekday,572
2020,Working,2020-127,25–44,Weekday,333
2020,Eating and drinking,2020-127,25–44,Weekday,53
2020,Watching TV,2020-127,25–44,Weekday,156
2020,Traveling,2020-127,25–44,Weekday,49
2020,Shopping,2020-127,25–44,Weekday,32
2020,Sleeping,2020-128,15–24,Weekday,509
2020,Working,2020-128,15–24,Weekday,437
2020,Eating and drinking,2020-128,15–24,Weekday,71
2020,Housework,2020-128,15–24,Weekday,95
2020,Watching TV,2020-128,15–24,Weekday,208
2020,Traveling,2020-128,15–24,Weekday,37
2020,Caring for children,2020-128,15–24,Weekday,134
2020,Shopping,2020-128,15–24,Weekday,28
2020,Reading,2020-128,15–24,Weekday,33
2020,Games and computer,2020-128,15–24,Weekday,53
2020,Sleeping,2020-129,15–24,Weekend,559
2020,Working,2020-129,15–24,Weekend,446
2020,Eating and drinking,2020-129,15–24,Weekend,81
2020,Housework,2020-129,15–24,Weekend,91
2020,Watching TV,2020-129,15–24,Weekend,148
2020,Traveling,2020-129,15–24,Weekend,48
2020,Games and computer,2020-129,15–24,Weekend,98
2020,Sleeping,2020-130,25–44,Weekday,511
2020,Housework,2020-130,25–44,Weekday,62
2020,Watching TV,2020-130,25–44,Weekday,213
2020,Traveling,2020-130,25–44,Weekday,28
2020,Caring for children,2020-130,25–44,Weekday,82
2020,Socializing,2020-130,25–44,Weekday,28
2020,Shopping,2020-130,25–44,Weekday,21
2020,Games and computer,2020-130,25–44,Weekday,72
2020,Sleeping,2020-131,45–64,Weekday,499
2020,Working,2020-131,45–64,Weekday,441
2020,Housework,2020-131,45–64,Weekday,90
2020,Watching TV,2020-131,45–64,Weekday,258
2020,Traveling,2020-131,45–64,Weekday,45
2020,Caring for children,2020-131,45–64,Weekday,157
2020,Socializing,2020-131,45–64,Weekday,21
2020,Reading,2020-131,45–64,Weekday,7
2020,Sleeping,2020-132,65+,Weekday,578
2020,Eating and drinking,2020-132,65+,Weekday,67
2020,Housework,2020-132,65+,Weekday,88
2020,Watching TV,2020-132,65+,Weekday,202
2020,Traveling,2020-132,65+,Weekday,33
2020,Caring for children,2020-132,65+,Weekday,57
2020,Sleeping,2020-133,25–44,Weekday,574
2020,Eating and drinking,2020-133,25–44,Weekday,95
2020,Watching TV,2020-133,25–44,Weekday,243
2020,Traveling,2020-133,25–44,Weekday,32
2020,Socializing,2020-133,25–44,Weekday,26
2020,Sleeping,2020-134,15–24,Weekend,476
2020,Working,2020-134,15–24,Weekend,409
2020,Eating and drinking,2020-134,15–24,Weekend,72
2020,Watching TV,2020-134,15–24,Weekend,194
2020,Shopping,2020-134,15–24,Weekend,23
2020,Sleeping,2020-135,15–24,Weekday,537
2020,Eating and drinking,2020-135,15–24,Weekday,82
2020,Traveling,2020-135,15–24,Weekday,55
2020,Sleeping,2020-136,65+,Weekday,562
2020,Working,2020-136,65+,Weekday,385
2020,Eating and drinking,2020-136,65+,Weekday,61
2020,Housework,2020-136,65+,Weekday,68
2020,Watching TV,2020-136,65+,Weekday,145
2020,Traveling,2020-136,65+,Weekday,44
2020,Caring for children,2020-136,65+,Weekday,102
2020,Socializing,2020-136,65+,Weekday,15
2020,Sleeping,2020-137,15–24,Weekday,562
2020,Eating and drinking,2020-137,15–24,Weekday,83
2020,Watching TV,2020-137,15–24,Weekday,234
2020,Traveling,2020-137,15–24,Weekday,48
2020,Socializing,2020-137,15–24,Weekday,39
2020,Exercise,2020-137,15–24,Weekday,38
2020,Shopping,2020-137,15–24,Weekday,14
2020,Sleeping,2020-138,45–64,Weekday,506
2020,Working,2020-138,45–64,Weekday,310
2020,Eating and drinking,2020-138,45–64,Weekday,70
2020,Housework,2020-138,45–64,Weekday,73
2020,Watching TV,2020-138,45–64,Weekday,160
2020,Traveling,2020-138,45–64,Weekday,56
2020,Socializing,2020-138,45–64,Weekday,31
2020,Shopping,2020-138,45–64,Weekday,28
2020,Sleeping,2020-139,25–44,Weekday,586
2020,Working,2020-139,25–44,Weekday,332
2020,Eating and drinking,2020-139,25–44,Weekday,69
2020,Housework,2020-139,25–44,Weekday,98
2020,Watching TV,2020-139,25–44,Weekday,200
2020,Traveling,2020-139,25–44,Weekday,33
2020,Socializing,2020-139,25–44,Weekday,44
2020,Shopping,2020-139,25–44,Weekday,27
2020,Sleeping,2020-140,15–24,Weekday,563
2020,Working,2020-140,15–24,Weekday,321
2020,Eating and drinking,2020-140,15–24,Weekday,64
2020,Housework,2020-140,15–24,Weekday,99
2020,Watching TV,2020-140,15–24,Weekday,150
2020,Traveling,2020-140,15–24,Weekday,25
2020,Caring for children,2020-140,15–24,Weekday,152
2020,Sleeping,2020-141,65+,Weekday,544
2020,Eating and drinking,2020-141,65+,Weekday,107
2020,Watching TV,2020-141,65+,Weekday,137
2020,Traveling,2020-141,65+,Weekday,35
2020,Exercise,2020-141,65+,Weekday,63
2020,Sleeping,2020-142,65+,Weekday,575
2020,Working,2020-142,65+,Weekday,468
2020,Eating and drinking,2020-142,65+,Weekday,91
2020,Watching TV,2020-142,65+,Weekday,162
2020,Traveling,2020-142,65+,Weekday,30
2020,Socializing,2020-142,65+,Weekday,31
2020,Shopping,2020-142,65+,Weekday,31
2020,Sleeping,2020-143,65+,Weekday,491
2020,Eating and drinking,2020-143,65+,Weekday,79
2020,Housework,2020-143,65+,Weekday,15
2020,Watching TV,2020-143,65+,Weekday,201
2020,Traveling,2020-143,65+,Weekday,48
2020,Socializing,2020-143,65+,Weekday,29
2020,Games and computer,2020-143,65+,Weekday,58
2020,Sleeping,2020-144,45–64,Weekday,553
2020,Eating and drinking,2020-144,45–64,Weekday,76
2020,Housework,2020-144,45–64,Weekday,76
2020,Watching TV,2020-144,45–64,Weekday,118
2020,Traveling,2020-144,45–64,Weekday,33
2020,Caring for children,2020-144,45–64,Weekday,132
2020,Sleeping,2020-145,65+,Weekday,542
2020,Working,2020-145,65+,Weekday,452
2020,Eating and drinking,2020-145,65+,Weekday,101
2020,Housework,2020-145,65+,Weekday,74
2020,Watching TV,2020-145,65+,Weekday,177
2020,Exercise,2020-145,65+,Weekday,60
2020,Sleeping,2020-146,65+,Weekday,516
2020,Working,2020-146,65+,Weekday,292
2020,Eating and drinking,2020-146,65+,Weekday,73
2020,Watching TV,2020-146,65+,Weekday,186
2020,Traveling,2020-146,65+,Weekday,57
2020,Caring for children,2020-146,65+,Weekday,169
2020,Socializing,2020-146,65+,Weekday,31
2020,Exercise,2020-146,65+,Weekday,49
2020,Sleeping,2020-147,25–44,Weekday,476
2020,Eating and drinking,2020-147,25–44,Weekday,75
2020,Watching TV,2020-147,25–44,Weekday,217
2020,Traveling,2020-147,25–44,Weekday,38
2020,Caring for children,2020-147,25–44,Weekday,91
2020,Shopping,2020-147,25–44,Weekday,25
2020,Sleeping,2020-148,65+,Weekend,542
2020,Eating and drinking,2020-148,65+,Weekend,52
2020,Housework,2020-148,65+,Weekend,66
2020,Watching TV,2020-148,65+,Weekend,178
2020,Traveling,2020-148,65+,Weekend,52
2020,Caring for children,2020-148,65+,Weekend,125
2020,Socializing,2020-148,65+,Weekend,25
2020,Shopping,2020-148,65+,Weekend,24
2020,Sleeping,2020-149,25–44,Weekday,591
2020,Working,2020-149,25–44,Weekday,355
2020,Eating and drinking,2020-149,25–44,Weekday,60
2020,Housework,2020-149,25–44,Weekday,90
2020,Watching TV,2020-149,25–44,Weekday,115
2020,Traveling,2020-149,25–44,Weekday,49
2020,Sleeping,2020-150,15–24,Weekday,548
2020,Working,2020-150,15–24,Weekday,331
2020,Eating and drinking,2020-150,15–24,Weekday,70
2020,Housework,2020-150,15–24,Weekday,32
2020,Watching TV,2020-150,15–24,Weekday,204
2020,Traveling,2020-150,15–24,Weekday,64
2020,Caring for children,2020-150,15–24,Weekday,144
2020,Reading,2020-150,15–24,Weekday,49
2020,Sleeping,2020-151,15–24,Weekend,551
2020,Eating and drinking,2020-151,15–24,Weekend,77
2020,Housework,2020-151,15–24,Weekend,72
2020,Watching TV,2020-151,15–24,Weekend,218
2020,Traveling,2020-151,15–24,Weekend,46
2020,Exercise,2020-151,15–24,Weekend,68
2020,Shopping,2020-151,15–24,Weekend,21
2020,Sleeping,2020-152,45–64,Weekday,548
2020,Eating and drinking,2020-152,45–64,Weekday,63
2020,Housework,2020-152,45–64,Weekday,52
2020,Watching TV,2020-152,45–64,Weekday,104
2020,Traveling,2020-152,45–64,Weekday,31
2020,Caring for children,2020-152,45–64,Weekday,136
2020,Sleeping,2020-153,65+,Weekday,527
2020,Eating and drinking,2020-153,65+,Weekday,76
2020,Housework,2020-153,65+,Weekday,73
2020,Watching TV,2020-153,65+,Weekday,154
2020,Socializing,2020-153,65+,Weekday,15
2020,Shopping,2020-153,65+,Weekday,10
2020,Reading,2020-153,65+,Weekday,46
2020,Sleeping,2020-154,65+,Weekday,573
2020,Working,2020-154,65+,Weekday,363
2020,Eating and drinking,2020-154,65+,Weekday,79
2020,Housework,2020-154,65+,Weekday,49
2020,Watching TV,2020-154,65+,Weekday,140
2020,Traveling,2020-154,65+,Weekday,25
2020,Games and computer,2020-154,65+,Weekday,145
2020,Sleeping,2020-155,25–44,Weekend,551
2020,Eating and drinking,2020-155,25–44,Weekend,69
2020,Watching TV,2020-155,25–44,Weekend,250
2020,Caring for children,2020-155,25–44,Weekend,97
2020,Socializing,2020-155,25–44,Weekend,19
2020,Games and computer,2020-155,25–44,Weekend,73
2020,Sleeping,2020-156,15–24,Weekend,566
2020,Working,2020-156,15–24,Weekend,358
2020,Eating and drinking,2020-156,15–24,Weekend,62
2020,Housework,2020-156,15–24,Weekend,94
2020,Watching TV,2020-156,15–24,Weekend,147
2020,Traveling,2020-156,15–24,Weekend,31
2020,Caring for children,2020-156,15–24,Weekend,169
2020,Socializing,2020-156,15–24,Weekend,33
2020,Shopping,2020-156,15–24,Weekend,18
2020,Sleeping,2020-157,65+,Weekday,540
2020,Eating and drinking,2020-157,65+,Weekday,94
2020,Housework,2020-157,65+,Weekday,53
2020,Watching TV,2020-157,65+,Weekday,295
2020,Traveling,2020-157,65+,Weekday,51
2020,Caring for children,2020-157,65+,Weekday,114
2020,Sleeping,2020-158,45–64,Weekday,458
2020,Housework,2020-158,45–64,Weekday,80
2020,Watching TV,2020-158,45–64,Weekday,207
2020,Traveling,2020-158,45–64,Weekday,26
2020,Caring for children,2020-158,45–64,Weekday,140
2020,Socializing,2020-158,45–64,Weekday,31
2020,Shopping,2020-158,45–64,Weekday,17
2020,Sleeping,2020-159,15–24,Weekend,520
2020,Working,2020-159,15–24,Weekend,427
2020,Eating and drinking,2020-159,15–24,Weekend,64
2020,Housework,2020-159,15–24,Weekend,80
2020,Watching TV,2020-159,15–24,Weekend,204
2020,Traveling,2020-159,15–24,Weekend,39
2020,Socializing,2020-159,15–24,Weekend,17
2020,Exercise,2020-159,15–24,Weekend,37
2020,Shopping,2020-159,15–24,Weekend,7
2020,Games and computer,2020-159,15–24,Weekend,72
2020,Sleeping,2020-160,15–24,Weekday,570
2020,Working,2020-160,15–24,Weekday,274
2020,Eating and drinking,2020-160,15–24,Weekday,93
2020,Watching TV,2020-160,15–24,Weekday,127
2020,Traveling,2020-160,15–24,Weekday,42
2020,Caring for children,2020-160,15–24,Weekday,188
2020,Sleeping,2020-161,15–24,Weekend,527
2020,Working,2020-161,15–24,Weekend,445
2020,Eating and drinking,2020-161,15–24,Weekend,83
2020,Housework,2020-161,15–24,Weekend,114
2020,Traveling,2020-161,15–24,Weekend,30
2020,Caring for children,2020-161,15–24,Weekend,88
2020,Reading,2020-161,15–24,Weekend,41
2020,Sleeping,2020-162,15–24,Weekend,521
2020,Working,2020-162,15–24,Weekend,348
2020,Eating and drinking,2020-162,15–24,Weekend,79
2020,Housework,2020-162,15–24,Weekend,69
2020,Watching TV,2020-162,15–24,Weekend,205
2020,Traveling,2020-162,15–24,Weekend,39
2020,Caring for children,2020-162,15–24,Weekend,105
2020,Exercise,2020-162,15–24,Weekend,63
2020,Shopping,2020-162,15–24,Weekend,26
2020,Sleeping,2020-163,25–44,Weekday,557
2020,Eating and drinking,2020-163,25–44,Weekday,66
2020,Watching TV,2020-163,25–44,Weekday,121
2020,Traveling,2020-163,25–44,Weekday,52
2020,Sleeping,2020-164,65+,Weekend,563
2020,Working,2020-164,65+,Weekend,388
2020,Eating and drinking,2020-164,65+,Weekend,75
2020,Housework,2020-164,65+,Weekend,103
2020,Traveling,2020-164,65+,Weekend,52
2020,Shopping,2020-164,65+,Weekend,26
2020,Games and computer,2020-164,65+,Weekend,46
2020,Sleeping,2020-165,15–24,Weekday,560
2020,Eating and drinking,2020-165,15–24,Weekday,72
2020,Housework,2020-165,15–24,Weekday,85
2020,Watching TV,2020-165,15–24,Weekday,251
2020,Caring for children,2020-165,15–24,Weekday,125
2020,Exercise,2020-165,15–24,Weekday,43
2020,Games and computer,2020-165,15–24,Weekday,91
2020,Sleeping,2020-166,15–24,Weekday,583
2020,Eating and drinking,2020-166,15–24,Weekday,91
2020,Watching TV,2020-166,15–24,Weekday,254
2020,Traveling,2020-166,15–24,Weekday,62
2020,Socializing,2020-166,15–24,Weekday,26
2020,Sleeping,2020-167,25–44,Weekday,539
2020,Eating and drinking,2020-167,25–44,Weekday,68
2020,Housework,2020-167,25–44,Weekday,96
2020,Watching TV,2020-167,25–44,Weekday,106
2020,Traveling,2020-167,25–44,Weekday,47
2020,Sleeping,2020-168,15–24,Weekday,545
2020,Working,2020-168,15–24,Weekday,366
2020,Eating and drinking,2020-168,15–24,Weekday,67
2020,Housework,2020-168,15–24,Weekday,37
2020,Watching TV,2020-168,15–24,Weekday,251
2020,Socializing,2020-168,15–24,Weekday,24
2020,Shopping,2020-168,15–24,Weekday,30
2020,Sleeping,2020-169,25–44,Weekday,565
2020,Eating and drinking,2020-169,25–44,Weekday,67
2020,Housework,2020-169,25–44,Weekday,72
2020,Traveling,2020-169,25–44,Weekday,60
2020,Socializing,2020-169,25–44,Weekday,9
2020,Shopping,2020-169,25–44,Weekday,35
2020,Reading,2020-169,25–44,Weekday,40
2020,Sleeping,2020-170,15–24,Weekday,508
2020,Eating and drinking,2020-170,15–24,Weekday,68
2020,Housework,2020-170,15–24,Weekday,42
2020,Watching TV,2020-170,15–24,Weekday,128
2020,Traveling,2020-170,15–24,Weekday,32
2020,Socializing,2020-170,15–24,Weekday,34
2020,Shopping,2020-170,15–24,Weekday,21
2020,Games and computer,2020-170,15–24,Weekday,40
2020,Sleeping,2020-171,15–24,Weekend,546
2020,Working,2020-171,15–24,Weekend,323
2020,Eating and drinking,2020-171,15–24,Weekend,53
2020,Housework,2020-171,15–24,Weekend,58
2020,Traveling,2020-171,15–24,Weekend,61
2020,Caring for children,2020-171,15–24,Weekend,107
2020,Socializing,2020-171,15–24,Weekend,38
2020,Reading,2020-171,15–24,Weekend,31
2020,Sleeping,2020-172,15–24,Weekend,518
2020,Eating and drinking,2020-172,15–24,Weekend,100
2020,Watching TV,2020-172,15–24,Weekend,194
2020,Traveling,2020-172,15–24,Weekend,53
2020,Caring for children,2020-172,15–24,Weekend,170
2020,Socializing,2020-172,15–24,Weekend,28
2020,Reading,2020-172,15–24,Weekend,32
2020,Games and computer,2020-172,15–24,Weekend,101
2020,Sleeping,2020-173,15–24,Weekday,532
2020,Working,2020-173,15–24,Weekday,405
2020,Eating and drinking,2020-173,15–24,Weekday,70
2020,Housework,2020-173,15–24,Weekday,66
2020,Watching TV,2020-173,15–24,Weekday,121
2020,Traveling,2020-173,15–24,Weekday,42
2020,Socializing,2020-173,15–24,Weekday,22
2020,Exercise,2020-173,15–24,Weekday,62
2020,Sleeping,2020-174,65+,Weekend,487
2020,Eating and drinking,2020-174,65+,Weekend,79
2020,Housework,2020-174,65+,Weekend,70
2020,Watching TV,2020-174,65+,Weekend,215
2020,Traveling,2020-174,65+,Weekend,49
2020,Shopping,2020-174,65+,Weekend,34
2020,Sleeping,2020-175,15–24,Weekday,549
2020,Working,2020-175,15–24,Weekday,354
2020,Eating and drinking,2020-175,15–24,Weekday,77
2020,Housework,2020-175,15–24,Weekday,37
2020,Watching TV,2020-175,15–24,Weekday,116
2020,Traveling,2020-175,15–24,Weekday,35
2020,Caring for children,2020-175,15–24,Weekday,159
2020,Games and computer,2020-175,15–24,Weekday,46
2020,Sleeping,2020-176,15–24,Weekend,529
2020,Eating and drinking,2020-176,15–24,Weekend,86
2020,Watching TV,2020-176,15–24,Weekend,297
2020,Traveling,2020-176,15–24,Weekend,35
2020,Socializing,2020-176,15–24,Weekend,28
2020,Exercise,2020-176,15–24,Weekend,62
2020,Shopping,2020-176,15–24,Weekend,22
2020,Games and computer,2020-176,15–24,Weekend,115
2020,Sleeping,2020-177,65+,Weekday,490
2020,Working,2020-177,65+,Weekday,337
2020,Eating and drinking,2020-177,65+,Weekday,61
2020,Housework,2020-177,65+,Weekday,59
2020,Watching TV,2020-177,65+,Weekday,191
2020,Shopping,2020-177,65+,Weekday,18
2020,Sleeping,2020-178,15–24,Weekend,585
2020,Eating and drinking,2020-178,15–24,Weekend,75
2020,Housework,2020-178,15–24,Weekend,74
2020,Watching TV,2020-178,15–24,Weekend,173
2020,Reading,2020-178,15–24,Weekend,39
2020,Games and computer,2020-178,15–24,Weekend,39
2020,Sleeping,2020-179,25–44,Weekday,509
2020,Working,2020-179,25–44,Weekday,369
2020,Eating and drinking,2020-179,25–44,Weekday,73
2020,Housework,2020-179,25–44,Weekday,96
2020,Watching TV,2020-179,25–44,Weekday,205
2020,Games and computer,2020-179,25–44,Weekday,56
2020,Sleeping,2020-180,15–24,Weekday,497
2020,Eating and drinking,2020-180,15–24,Weekday,91
2020,Housework,2020-180,15–24,Weekday,117
2020,Traveling,2020-180,15–24,Weekday,56
2020,Caring for children,2020-180,15–24,Weekday,108
2020,Shopping,2020-180,15–24,Weekday,25
2020,Games and computer,2020-180,15–24,Weekday,116
2020,Sleeping,2020-181,25–44,Weekday,474
2020,Eating and drinking,2020-181,25–44,Weekday,66
2020,Housework,2020-181,25–44,Weekday,62
2020,Watching TV,2020-181,25–44,Weekday,230
2020,Traveling,2020-181,25–44,Weekday,38
2020,Socializing,2020-181,25–44,Weekday,32
2020,Sleeping,2020-182,45–64,Weekday,486
2020,Working,2020-182,45–64,Weekday,368
2020,Eating and drinking,2020-182,45–64,Weekday,95
2020,Housework,2020-182,45–64,Weekday,45
2020,Watching TV,2020-182,45–64,Weekday,170
2020,Traveling,2020-182,45–64,Weekday,44
2020,Caring for children,2020-182,45–64,Weekday,112
2020,Socializing,2020-182,45–64,Weekday,28
2020,Reading,2020-182,45–64,Weekday,55
2020,Sleeping,2020-183,45–64,Weekday,573
2020,Eating and drinking,2020-183,45–64,Weekday,72
2020,Housework,2020-183,45–64,Weekday,69
2020,Watching TV,2020-183,45–64,Weekday,142
2020,Traveling,2020-183,45–64,Weekday,50
2020,Socializing,2020-183,45–64,Weekday,18
2020,Games and computer,2020-183,45–64,Weekday,59
2020,Sleeping,2020-184,15–24,Weekend,496
2020,Eating and drinking,2020-184,15–24,Weekend,90
2020,Traveling,2020-184,15–24,Weekend,47
2020,Sleeping,2020-185,65+,Weekday,579
2020,Eating and drinking,2020-185,65+,Weekday,76
2020,Watching TV,2020-185,65+,Weekday,203
2020,Traveling,2020-185,65+,Weekday,59
2020,Caring for children,2020-185,65+,Weekday,143
2020,Socializing,2020-185,65+,Weekday,24
2020,Games and computer,2020-185,65+,Weekday,80
2020,Sleeping,2020-186,25–44,Weekend,490
2020,Working,2020-186,25–44,Weekend,317
2020,Eating and drinking,2020-186,25–44,Weekend,80
2020,Housework,2020-186,25–44,Weekend,102
2020,Watching TV,2020-186,25–44,Weekend,201
2020,Traveling,2020-186,25–44,Weekend,51
2020,Caring for children,2020-186,25–44,Weekend,145
2020,Sleeping,2020-187,15–24,Weekday,476
2020,Working,2020-187,15–24,Weekday,432
2020,Eating and drinking,2020-187,15–24,Weekday,86
2020,Housework,2020-187,15–24,Weekday,63
2020,Watching TV,2020-187,15–24,Weekday,113
2020,Games and computer,2020-187,15–24,Weekday,82
2020,Sleeping,2020-188,45–64,Weekday,564
2020,Working,2020-188,45–64,Weekday,408
2020,Housework,2020-188,45–64,Weekday,60
2020,Watching TV,2020-188,45–64,Weekday,102
2020,Traveling,2020-188,45–64,Weekday,50
2020,Socializing,2020-188,45–64,Weekday,23
2020,Exercise,2020-188,45–64,Weekday,34
2020,Shopping,2020-188,45–64,Weekday,12
2020,Sleeping,2020-189,45–64,Weekday,567
2020,Working,2020-189,45–64,Weekday,347
2020,Eating and drinking,2020-189,45–64,Weekday,44
2020,Housework,2020-189,45–64,Weekday,92
2020,Watching TV,2020-189,45–64,Weekday,144
2020,Traveling,2020-189,45–64,Weekday,43
2020,Socializing,2020-189,45–64,Weekday,17
2020,Shopping,2020-189,45–64,Weekday,22
2020,Games and computer,2020-189,45–64,Weekday,90
2020,Sleeping,2020-190,65+,Weekend,522
2020,Eating and drinking,2020-190,65+,Weekend,93
2020,Watching TV,2020-190,65+,Weekend,175
2020,Traveling,2020-190,65+,Weekend,34
2020,Socializing,2020-190,65+,Weekend,16
2020,Shopping,2020-190,65+,Weekend,25
2020,Sleeping,2020-191,25–44,Weekday,515
2020,Working,2020-191,25–44,Weekday,311
2020,Eating and drinking,2020-191,25–44,Weekday,91
2020,Housework,2020-191,25–44,Weekday,55
2020,Watching TV,2020-191,25–44,Weekday,304
2020,Traveling,2020-191,25–44,Weekday,48
2020,Exercise,2020-191,25–44,Weekday,42
2020,Shopping,2020-191,25–44,Weekday,21
2020,Sleeping,2020-192,15–24,Weekday,602
2020,Working,2020-192,15–24,Weekday,346
2020,Eating and drinking,2020-192,15–24,Weekday,64
2020,Watching TV,2020-192,15–24,Weekday,159
2020,Traveling,2020-192,15–24,Weekday,48
2020,Socializing,2020-192,15–24,Weekday,13
2020,Sleeping,2020-193,25–44,Weekend,545
2020,Working,2020-193,25–44,Weekend,493
2020,Eating and drinking,2020-193,25–44,Weekend,88
2020,Housework,2020-193,25–44,Weekend,53
2020,Traveling,2020-193,25–44,Weekend,44
2020,Shopping,2020-193,25–44,Weekend,27
2020,Sleeping,2020-194,45–64,Weekday,535
2020,Working,2020-194,45–64,Weekday,311
2020,Eating and drinking,2020-194,45–64,Weekday,86
2020,Housework,2020-194,45–64,Weekday,35
2020,Watching TV,2020-194,45–64,Weekday,177
2020,Traveling,2020-194,45–64,Weekday,38
2020,Socializing,2020-194,45–64,Weekday,22
2020,Shopping,2020-194,45–64,Weekday,34
2020,Games and computer,2020-194,45–64,Weekday,77
2020,Sleeping,2020-195,25–44,Weekend,532
2020,Working,2020-195,25–44,Weekend,413
2020,Eating and drinking,2020-195,25–44,Weekend,77
2020,Housework,2020-195,25–44,Weekend,11
2020,Watching TV,2020-195,25–44,Weekend,129
2020,Traveling,2020-195,25–44,Weekend,59
2020,Caring for children,2020-195,25–44,Weekend,118
2020,Exercise,2020-195,25–44,Weekend,50
2020,Reading,2020-195,25–44,Weekend,51
2020,Games and computer,2020-195,25–44,Weekend,93
2020,Sleeping,2020-196,15–24,Weekday,524
2020,Working,2020-196,15–24,Weekday,403
2020,Eating and drinking,2020-196,15–24,Weekday,62
2020,Watching TV,2020-196,15–24,Weekday,262
2020,Traveling,2020-196,15–24,Weekday,58
2020,Sleeping,2020-197,45–64,Weekday,614
2020,Working,2020-197,45–64,Weekday,420
2020,Eating and drinking,2020-197,45–64,Weekday,70
2020,Housework,2020-197,45–64,Weekday,74
2020,Watching TV,2020-197,45–64,Weekday,226
2020,Traveling,2020-197,45–64,Weekday,51
2020,Caring for children,2020-197,45–64,Weekday,150
2020,Exercise,2020-197,45–64,Weekday,52
2020,Shopping,2020-197,45–64,Weekday,16
2020,Sleeping,2020-198,65+,Weekday,593
2020,Working,2020-198,65+,Weekday,297
2020,Eating and drinking,2020-198,65+,Weekday,64
2020,Watching TV,2020-198,65+,Weekday,283
2020,Traveling,2020-198,65+,Weekday,62
2020,Socializing,2020-198,65+,Weekday,16
2020,Reading,2020-198,65+,Weekday,31
2020,Sleeping,2020-199,45–64,Weekday,516
2020,Eating and drinking,2020-199,45–64,Weekday,84
2020,Housework,2020-199,45–64,Weekday,111
2020,Watching TV,2020-199,45–64,Weekday,116
2020,Traveling,2020-199,45–64,Weekday,21
2020,Exercise,2020-199,45–64,Weekday,46
2020,Reading,2020-199,45–64,Weekday,35
2020,Games and computer,2020-199,45–64,Weekday,137
2020,Sleeping,2020-200,45–64,Weekday,515
2020,Working,2020-200,45–64,Weekday,363
2020,Eating and drinking,2020-200,45–64,Weekday,68
2020,Housework,2020-200,45–64,Weekday,45
2020,Watching TV,2020-200,45–64,Weekday,155
2020,Traveling,2020-200,45–64,Weekday,37
2020,Caring for children,2020-200,45–64,Weekday,92
2020,Socializing,2020-200,45–64,Weekday,22
2020,Shopping,2020-200,45–64,Weekday,18
2020,Games and computer,2020-200,45–64,Weekday,26
2020,Sleeping,2020-201,15–24,Weekday,568
2020,Eating and drinking,2020-201,15–24,Weekday,59
2020,Watching TV,2020-201,15–24,Weekday,134
2020,Traveling,2020-201,15–24,Weekday,48
2020,Caring for children,2020-201,15–24,Weekday,164
2020,Socializing,2020-201,15–24,Weekday,30
2020,Exercise,2020-201,15–24,Weekday,29
2020,Reading,2020-201,15–24,Weekday,33
2020,Games and computer,2020-201,15–24,Weekday,107
2020,Sleeping,2020-202,45–64,Weekend,520
2020,Working,2020-202,45–64,Weekend,404
2020,Eating and drinking,2020-202,45–64,Weekend,77
2020,Housework,2020-202,45–64,Weekend,78
2020,Watching TV,2020-202,45–64,Weekend,216
2020,Traveling,2020-202,45–64,Weekend,37
2020,Socializing,2020-202,45–64,Weekend,18
2020,Reading,2020-202,45–64,Weekend,29
2020,Games and computer,2020-202,45–64,Weekend,115
2020,Sleeping,2020-203,65+,Weekday,518
2020,Working,2020-203,65+,Weekday,366
2020,Eating and drinking,2020-203,65+,Weekday,67
2020,Housework,2020-203,65+,Weekday,78
2020,Watching TV,2020-203,65+,Weekday,130
2020,Traveling,2020-203,65+,Weekday,34
2020,Socializing,2020-203,65+,Weekday,5
2020,Reading,2020-203,65+,Weekday,33
2020,Sleeping,2020-204,45–64,Weekday,527
2020,Eating and drinking,2020-204,45–64,Weekday,57
2020,Housework,2020-204,45–64,Weekday,70
2020,Watching TV,2020-204,45–64,Weekday,180
2020,Traveling,2020-204,45–64,Weekday,32
2020,Reading,2020-204,45–64,Weekday,10
2020,Games and computer,2020-204,45–64,Weekday,82
2020,Sleeping,2020-205,65+,Weekend,580
2020,Eating and drinking,2020-205,65+,Weekend,63
2020,Watching TV,2020-205,65+,Weekend,194
2020,Traveling,2020-205,65+,Weekend,40
2020,Caring for children,2020-205,65+,Weekend,108
2020,Socializing,2020-205,65+,Weekend,21
2020,Games and computer,2020-205,65+,Weekend,40
2020,Sleeping,2020-206,15–24,Weekday,553
2020,Working,2020-206,15–24,Weekday,308
2020,Eating and drinking,2020-206,15–24,Weekday,77
2020,Housework,2020-206,15–24,Weekday,83
2020,Watching TV,2020-206,15–24,Weekday,159
2020,Traveling,2020-206,15–24,Weekday,62
2020,Exercise,2020-206,15–24,Weekday,23
2020,Sleeping,2020-207,65+,Weekday,514
2020,Eating and drinking,2020-207,65+,Weekday,76
2020,Housework,2020-207,65+,Weekday,52
2020,Watching TV,2020-207,65+,Weekday,205
2020,Traveling,2020-207,65+,Weekday,45
2020,Socializing,2020-207,65+,Weekday,18
2020,Exercise,2020-207,65+,Weekday,27
2020,Reading,2020-207,65+,Weekday,54
2020,Games and computer,2020-207,65+,Weekday,90
2020,Sleeping,2020-208,25–44,Weekday,518
2020,Eating and drinking,2020-208,25–44,Weekday,88
2020,Housework,2020-208,25–44,Weekday,54
2020,Watching TV,2020-208,25–44,Weekday,105
2020,Traveling,2020-208,25–44,Weekday,56
2020,Caring for children,2020-208,25–44,Weekday,141
2020,Socializing,2020-208,25–44,Weekday,40
2020,Sleeping,2020-209,45–64,Weekend,492
2020,Working,2020-209,45–64,Weekend,310
2020,Eating and drinking,2020-209,45–64,Weekend,98
2020,Watching TV,2020-209,45–64,Weekend,146
2020,Traveling,2020-209,45–64,Weekend,46
2020,Exercise,2020-209,45–64,Weekend,44
2020,Shopping,2020-209,45–64,Weekend,31
2020,Sleeping,2020-210,25–44,Weekend,527
2020,Working,2020-210,25–44,Weekend,446
2020,Eating and drinking,2020-210,25–44,Weekend,60
2020,Housework,2020-210,25–44,Weekend,44
2020,Watching TV,2020-210,25–44,Weekend,160
2020,Traveling,2020-210,25–44,Weekend,54
2020,Socializing,2020-210,25–44,Weekend,18
2020,Shopping,2020-210,25–44,Weekend,22
2020,Reading,2020-210,25–44,Weekend,25
2020,Sleeping,2020-211,15–24,Weekend,538
2020,Eating and drinking,2020-211,15–24,Weekend,81
2020,Housework,2020-211,15–24,Weekend,49
2020,Watching TV,2020-211,15–24,Weekend,151
2020,Caring for children,2020-211,15–24,Weekend,118
2020,Socializing,2020-211,15–24,Weekend,23
2020,Exercise,2020-211,15–24,Weekend,35
2020,Shopping,2020-211,15–24,Weekend,23
2020,Reading,2020-211,15–24,Weekend,43
2020,Games and computer,2020-211,15–24,Weekend,94
2020,Sleeping,2020-212,45–64,Weekday,602
2020,Eating and drinking,2020-212,45–64,Weekday,81
2020,Housework,2020-212,45–64,Weekday,68
2020,Watching TV,2020-212,45–64,Weekday,146
2020,Socializing,2020-212,45–64,Weekday,32
2020,Reading,2020-212,45–64,Weekday,46
2020,Games and computer,2020-212,45–64,Weekday,54
2020,Sleeping,2020-213,65+,Weekday,565
2020,Working,2020-213,65+,Weekday,350
2020,Eating and drinking,2020-213,65+,Weekday,75
2020,Housework,2020-213,65+,Weekday,60
2020,Watching TV,2020-213,65+,Weekday,221
2020,Exercise,2020-213,65+,Weekday,63
2020,Sleeping,2020-214,15–24,Weekday,487
2020,Working,2020-214,15–24,Weekday,366
2020,Eating and drinking,2020-214,15–24,Weekday,77
2020,Traveling,2020-214,15–24,Weekday,27
2020,Socializing,2020-214,15–24,Weekday,22
2020,Exercise,2020-214,15–24,Weekday,29
2020,Reading,2020-214,15–24,Weekday,35
2020,Sleeping,2020-215,15–24,Weekday,523
2020,Working,2020-215,15–24,Weekday,417
2020,Eating and drinking,2020-215,15–24,Weekday,73
2020,Housework,2020-215,15–24,Weekday,67
2020,Watching TV,2020-215,15–24,Weekday,147
2020,Traveling,2020-215,15–24,Weekday,46
2020,Socializing,2020-215,15–24,Weekday,17
2020,Exercise,2020-215,15–24,Weekday,20
2020,Games and computer,2020-215,15–24,Weekday,132
2020,Sleeping,2020-216,65+,Weekend,520
2020,Working,2020-216,65+,Weekend,431
2020,Eating and drinking,2020-216,65+,Weekend,70
2020,Traveling,2020-216,65+,Weekend,27
2020,Caring for children,2020-216,65+,Weekend,98
2020,Shopping,2020-216,65+,Weekend,11
2020,Games and computer,2020-216,65+,Weekend,85
2020,Sleeping,2020-217,15–24,Weekday,503
2020,Working,2020-217,15–24,Weekday,410
2020,Eating and drinking,2020-217,15–24,Weekday,81
2020,Housework,2020-217,15–24,Weekday,64
2020,Watching TV,2020-217,15–24,Weekday,167
2020,Traveling,2020-217,15–24,Weekday,20
2020,Shopping,2020-217,15–24,Weekday,11
2020,Sleeping,2020-218,25–44,Weekday,497
2020,Eating and drinking,2020-218,25–44,Weekday,59
2020,Housework,2020-218,25–44,Weekday,70
2020,Traveling,2020-218,25–44,Weekday,41
2020,Socializing,2020-218,25–44,Weekday,38
2020,Sleeping,2020-219,65+,Weekday,484
2020,Working,2020-219,65+,Weekday,449
2020,Eating and drinking,2020-219,65+,Weekday,59
2020,Housework,2020-219,65+,Weekday,73
2020,Watching TV,2020-219,65+,Weekday,214
2020,Traveling,2020-219,65+,Weekday,43
2020,Exercise,2020-219,65+,Weekday,35
2020,Games and computer,2020-219,65+,Weekday,74
2020,Sleeping,2020-220,15–24,Weekend,491
2020,Eating and drinking,2020-220,15–24,Weekend,102
2020,Housework,2020-220,15–24,Weekend,55
2020,Watching TV,2020-220,15–24,Weekend,178
2020,Traveling,2020-220,15–24,Weekend,52
2020,Caring for children,2020-220,15–24,Weekend,191
2020,Socializing,2020-220,15–24,Weekend,38
2020,Games and computer,2020-220,15–24,Weekend,50
2020,Sleeping,2020-221,15–24,Weekend,509
2020,Working,2020-221,15–24,Weekend,434
2020,Eating and drinking,2020-221,15–24,Weekend,87
2020,Traveling,2020-221,15–24,Weekend,43
2020,Caring for children,2020-221,15–24,Weekend,113
2020,Socializing,2020-221,15–24,Weekend,27
2020,Sleeping,2020-222,15–24,Weekday,561
2020,Working,2020-222,15–24,Weekday,353
2020,Eating and drinking,2020-222,15–24,Weekday,92
2020,Watching TV,2020-222,15–24,Weekday,219
2020,Traveling,2020-222,15–24,Weekday,52
2020,Shopping,2020-222,15–24,Weekday,21
2020,Games and computer,2020-222,15–24,Weekday,83
2020,Sleeping,2020-223,65+,Weekday,578
2020,Working,2020-223,65+,Weekday,334
2020,Eating and drinking,2020-223,65+,Weekday,66
2020,Housework,2020-223,65+,Weekday,80
2020,Watching TV,2020-223,65+,Weekday,254
2020,Traveling,2020-223,65+,Weekday,36
2020,Sleeping,2020-224,65+,Weekday,554
2020,Eating and drinking,2020-224,65+,Weekday,73
2020,Housework,2020-224,65+,Weekday,71
2020,Watching TV,2020-224,65+,Weekday,203
2020,Traveling,2020-224,65+,Weekday,56
2020,Socializing,2020-224,65+,Weekday,12
2020,Shopping,2020-224,65+,Weekday,26
2020,Games and computer,2020-224,65+,Weekday,73
2020,Sleeping,2020-225,45–64,Weekday,548
2020,Working,2020-225,45–64,Weekday,358
2020,Eating and drinking,2020-225,45–64,Weekday,63
2020,Housework,2020-225,45–64,Weekday,74
2020,Watching TV,2020-225,45–64,Weekday,73
2020,Socializing,2020-225,45–64,Weekday,20
2020,Exercise,2020-225,45–64,Weekday,28
2020,Sleeping,2020-226,15–24,Weekday,528
2020,Working,2020-226,15–24,Weekday,419
2020,Eating and drinking,2020-226,15–24,Weekday,91
2020,Housework,2020-226,15–24,Weekday,88
2020,Watching TV,2020-226,15–24,Weekday,145
2020,Traveling,2020-226,15–24,Weekday,36
2020,Sleeping,2020-227,65+,Weekend,488
2020,Eating and drinking,2020-227,65+,Weekend,77
2020,Housework,2020-227,65+,Weekend,43
2020,Watching TV,2020-227,65+,Weekend,228
2020,Traveling,2020-227,65+,Weekend,54
2020,Socializing,2020-227,65+,Weekend,11
2020,Games and computer,2020-227,65+,Weekend,97
2020,Sleeping,2020-228,65+,Weekend,503
2020,Working,2020-228,65+,Weekend,418
2020,Eating and drinking,2020-228,65+,Weekend,61
2020,Housework,2020-228,65+,Weekend,68
2020,Watching TV,2020-228,65+,Weekend,222
2020,Caring for children,2020-228,65+,Weekend,160
2020,Exercise,2020-228,65+,Weekend,38
2020,Reading,2020-228,65+,Weekend,36
2020,Sleeping,2020-229,15–24,Weekday,565
2020,Eating and drinking,2020-229,15–24,Weekday,59
2020,Watching TV,2020-229,15–24,Weekday,192
2020,Traveling,2020-229,15–24,Weekday,36
2020,Socializing,2020-229,15–24,Weekday,23
2020,Shopping,2020-229,15–24,Weekday,14
2020,Sleeping,2020-230,15–24,Weekday,515
2020,Working,2020-230,15–24,Weekday,370
2020,Eating and drinking,2020-230,15–24,Weekday,91
2020,Watching TV,2020-230,15–24,Weekday,276
2020,Caring for children,2020-230,15–24,Weekday,86
2020,Sleeping,2020-231,15–24,Weekend,522
2020,Working,2020-231,15–24,Weekend,338
2020,Eating and drinking,2020-231,15–24,Weekend,92
2020,Watching TV,2020-231,15–24,Weekend,146
2020,Traveling,2020-231,15–24,Weekend,61
2020,Caring for children,2020-231,15–24,Weekend,102
2020,Socializing,2020-231,15–24,Weekend,16
2020,Shopping,2020-231,15–24,Weekend,31
2020,Sleeping,2020-232,65+,Weekday,508
2020,Eating and drinking,2020-232,65+,Weekday,91
2020,Housework,2020-232,65+,Weekday,95
2020,Traveling,2020-232,65+,Weekday,21
2020,Socializing,2020-232,65+,Weekday,14
2020,Exercise,2020-232,65+,Weekday,45
2020,Shopping,2020-232,65+,Weekday,22
2020,Sleeping,2020-233,15–24,Weekend,516
2020,Working,2020-233,15–24,Weekend,379
2020,Eating and drinking,2020-233,15–24,Weekend,68
2020,Housework,2020-233,15–24,Weekend,95
2020,Watching TV,2020-233,15–24,Weekend,188
2020,Traveling,2020-233,15–24,Weekend,42
2020,Socializing,2020-233,15–24,Weekend,43
2020,Exercise,2020-233,15–24,Weekend,59
2020,Games and computer,2020-233,15–24,Weekend,64
2020,Sleeping,2020-234,45–64,Weekend,601
2020,Eating and drinking,2020-234,45–64,Weekend,74
2020,Watching TV,2020-234,45–64,Weekend,118
2020,Traveling,2020-234,45–64,Weekend,28
2020,Caring for children,2020-234,45–64,Weekend,131
2020,Socializing,2020-234,45–64,Weekend,41
2020,Exercise,2020-234,45–64,Weekend,55
2020,Sleeping,2020-235,25–44,Weekday,504
2020,Eating and drinking,2020-235,25–44,Weekday,83
2020,Housework,2020-235,25–44,Weekday,63
2020,Watching TV,2020-235,25–44,Weekday,303
2020,Traveling,2020-235,25–44,Weekday,46
2020,Caring for children,2020-235,25–44,Weekday,64
2020,Socializing,2020-235,25–44,Weekday,25
2020,Shopping,2020-235,25–44,Weekday,19
2020,Sleeping,2020-236,25–44,Weekend,505
2020,Working,2020-236,25–44,Weekend,332
2020,Eating and drinking,2020-236,25–44,Weekend,90
2020,Watching TV,2020-236,25–44,Weekend,152
2020,Traveling,2020-236,25–44,Weekend,52
2020,Sleeping,2020-237,15–24,Weekday,546
2020,Working,2020-237,15–24,Weekday,390
2020,Eating and drinking,2020-237,15–24,Weekday,59
2020,Housework,2020-237,15–24,Weekday,61
2020,Watching TV,2020-237,15–24,Weekday,198
2020,Traveling,2020-237,15–24,Weekday,33
2020,Socializing,2020-237,15–24,Weekday,39
2020,Reading,2020-237,15–24,Weekday,65
2020,Sleeping,2020-238,45–64,Weekend,541
2020,Working,2020-238,45–64,Weekend,343
2020,Housework,2020-238,45–64,Weekend,94
2020,Watching TV,2020-238,45–64,Weekend,137
2020,Traveling,2020-238,45–64,Weekend,45
2020,Socializing,2020-238,45–64,Weekend,24
2020,Exercise,2020-238,45–64,Weekend,55
2020,Games and computer,2020-238,45–64,Weekend,73
2020,Sleeping,2020-239,15–24,Weekday,534
2020,Working,2020-239,15–24,Weekday,427
2020,Eating and drinking,2020-239,15–24,Weekday,46
2020,Housework,2020-239,15–24,Weekday,80
2020,Watching TV,2020-239,15–24,Weekday,286
2020,Reading,2020-239,15–24,Weekday,45
2020,Games and computer,2020-239,15–24,Weekday,129
2020,Sleeping,2020-240,25–44,Weekday,526
2020,Working,2020-240,25–44,Weekday,392
2020,Eating and drinking,2020-240,25–44,Weekday,65
2020,Housework,2020-240,25–44,Weekday,111
2020,Watching TV,2020-240,25–44,Weekday,225
2020,Traveling,2020-240,25–44,Weekday,48
2020,Socializing,2020-240,25–44,Weekday,24
2020,Exercise,2020-240,25–44,Weekday,63
2020,Shopping,2020-240,25–44,Weekday,39
2020,Sleeping,2020-241,45–64,Weekend,536
2020,Housework,2020-241,45–64,Weekend,50
2020,Watching TV,2020-241,45–64,Weekend,269
2020,Traveling,2020-241,45–64,Weekend,58
2020,Shopping,2020-241,45–64,Weekend,23
2020,Reading,2020-241,45–64,Weekend,42
2020,Games and computer,2020-241,45–64,Weekend,141
2020,Sleeping,2020-242,65+,Weekday,542
2020,Eating and drinking,2020-242,65+,Weekday,56
2020,Housework,2020-242,65+,Weekday,76
2020,Watching TV,2020-242,65+,Weekday,219
2020,Traveling,2020-242,65+,Weekday,52
2020,Socializing,2020-242,65+,Weekday,16
2020,Exercise,2020-242,65+,Weekday,51
2020,Shopping,2020-242,65+,Weekday,25
2020,Games and computer,2020-242,65+,Weekday,69
2020,Sleeping,2020-243,25–44,Weekday,569
2020,Eating and drinking,2020-243,25–44,Weekday,76
2020,Housework,2020-243,25–44,Weekday,108
2020,Traveling,2020-243,25–44,Weekday,40
2020,Caring for children,2020-243,25–44,Weekday,110
2020,Exercise,2020-243,25–44,Weekday,60
2020,Shopping,2020-243,25–44,Weekday,33
2020,Games and computer,2020-243,25–44,Weekday,102
2020,Sleeping,2020-244,25–44,Weekday,575
2020,Eating and drinking,2020-244,25–44,Weekday,92
2020,Watching TV,2020-244,25–44,Weekday,258
2020,Traveling,2020-244,25–44,Weekday,47
2020,Shopping,2020-244,25–44,Weekday,23
2020,Reading,2020-244,25–44,Weekday,66
2020,Games and computer,2020-244,25–44,Weekday,88
2020,Sleeping,2020-245,65+,Weekday,508
2020,Working,2020-245,65+,Weekday,323
2020,Eating and drinking,2020-245,65+,Weekday,78
2020,Housework,2020-245,65+,Weekday,106
2020,Watching TV,2020-245,65+,Weekday,186
2020,Traveling,2020-245,65+,Weekday,52
2020,Socializing,2020-245,65+,Weekday,26
2020,Shopping,2020-245,65+,Weekday,14
2020,Reading,2020-245,65+,Weekday,36
2020,Sleeping,2020-246,45–64,Weekday,523
2020,Working,2020-246,45–64,Weekday,390
2020,Eating and drinking,2020-246,45–64,Weekday,98
2020,Housework,2020-246,45–64,Weekday,50
2020,Watching TV,2020-246,45–64,Weekday,150
2020,Traveling,2020-246,45–64,Weekday,58
2020,Games and computer,2020-246,45–64,Weekday,92
2020,Sleeping,2020-247,15–24,Weekday,553
2020,Working,2020-247,15–24,Weekday,439
2020,Eating and drinking,2020-247,15–24,Weekday,80
2020,Housework,2020-247,15–24,Weekday,62
2020,Watching TV,2020-247,15–24,Weekday,229
2020,Traveling,2020-247,15–24,Weekday,25
2020,Caring for children,2020-247,15–24,Weekday,169
2020,Socializing,2020-247,15–24,Weekday,39
2020,Shopping,2020-247,15–24,Weekday,25
2020,Sleeping,2020-248,15–24,Weekday,541
2020,Working,2020-248,15–24,Weekday,364
2020,Eating and drinking,2020-248,15–24,Weekday,75
2020,Watching TV,2020-248,15–24,Weekday,122
2020,Socializing,2020-248,15–24,Weekday,16
2020,Shopping,2020-248,15–24,Weekday,31
2020,Sleeping,2020-249,65+,Weekday,549
2020,Working,2020-249,65+,Weekday,296
2020,Eating and drinking,2020-249,65+,Weekday,63
2020,Housework,2020-249,65+,Weekday,52
2020,Watching TV,2020-249,65+,Weekday,216
2020,Traveling,2020-249,65+,Weekday,44
2020,Socializing,2020-249,65+,Weekday,31
2020,Exercise,2020-249,65+,Weekday,66
2020,Games and computer,2020-249,65+,Weekday,98
2020,Sleeping,2020-250,15–24,Weekday,561
2020,Working,2020-250,15–24,Weekday,340
2020,Eating and drinking,2020-250,15–24,Weekday,83
2020,Housework,2020-250,15–24,Weekday,78
2020,Watching TV,2020-250,15–24,Weekday,285
2020,Traveling,2020-250,15–24,Weekday,42
2020,Caring for children,2020-250,15–24,Weekday,146
2020,Reading,2020-250,15–24,Weekday,59
2020,Sleeping,2020-251,65+,Weekday,584
2020,Working,2020-251,65+,Weekday,384
2020,Eating and drinking,2020-251,65+,Weekday,77
2020,Watching TV,2020-251,65+,Weekday,206
2020,Traveling,2020-251,65+,Weekday,48
2020,Caring for children,2020-251,65+,Weekday,133
2020,Exercise,2020-251,65+,Weekday,54
2020,Shopping,2020-251,65+,Weekday,30
2020,Reading,2020-251,65+,Weekday,39
2020,Games and computer,2020-251,65+,Weekday,47
2020,Sleeping,2020-252,25–44,Weekend,498
2020,Eating and drinking,2020-252,25–44,Weekend,55
2020,Watching TV,2020-252,25–44,Weekend,178
2020,Traveling,2020-252,25–44,Weekend,63
2020,Caring for children,2020-252,25–44,Weekend,143
2020,Exercise,2020-252,25–44,Weekend,45
2020,Shopping,2020-252,25–44,Weekend,36
2020,Sleeping,2020-253,25–44,Weekend,499
2020,Working,2020-253,25–44,Weekend,359
2020,Eating and drinking,2020-253,25–44,Weekend,59
2020,Watching TV,2020-253,25–44,Weekend,187
2020,Traveling,2020-253,25–44,Weekend,52
2020,Caring for children,2020-253,25–44,Weekend,113
2020,Socializing,2020-253,25–44,Weekend,36
2020,Sleeping,2020-254,45–64,Weekday,568
2020,Eating and drinking,2020-254,45–64,Weekday,76
2020,Watching TV,2020-254,45–64,Weekday,179
2020,Traveling,2020-254,45–64,Weekday,63
2020,Sleeping,2020-255,65+,Weekday,565
2020,Working,2020-255,65+,Weekday,389
2020,Eating and drinking,2020-255,65+,Weekday,74
2020,Watching TV,2020-255,65+,Weekday,183
2020,Traveling,2020-255,65+,Weekday,53
2020,Caring for children,2020-255,65+,Weekday,115
2020,Shopping,2020-255,65+,Weekday,25
2020,Sleeping,2020-256,25–44,Weekday,517
2020,Housework,2020-256,25–44,Weekday,36
2020,Traveling,2020-256,25–44,Weekday,34
2020,Reading,2020-256,25–44,Weekday,56
2020,Games and computer,2020-256,25–44,Weekday,142
2020,Sleeping,2020-257,25–44,Weekday,566
2020,Working,2020-257,25–44,Weekday,306
2020,Eating and drinking,2020-257,25–44,Weekday,73
2020,Housework,2020-257,25–44,Weekday,42
2020,Traveling,2020-257,25–44,Weekday,49
2020,Socializing,2020-257,25–44,Weekday,36
2020,Games and computer,2020-257,25–44,Weekday,87
2020,Sleeping,2020-258,25–44,Weekday,577
2020,Working,2020-258,25–44,Weekday,413
2020,Eating and drinking,2020-258,25–44,Weekday,77
2020,Watching TV,2020-258,25–44,Weekday,218
2020,Traveling,2020-258,25–44,Weekday,43
2020,Caring for children,2020-258,25–44,Weekday,146
2020,Exercise,2020-258,25–44,Weekday,56
2020,Games and computer,2020-258,25–44,Weekday,55
2020,Sleeping,2020-259,15–24,Weekend,513
2020,Eating and drinking,2020-259,15–24,Weekend,84
2020,Watching TV,2020-259,15–24,Weekend,204
2020,Traveling,2020-259,15–24,Weekend,39
2020,Socializing,2020-259,15–24,Weekend,19
2020,Exercise,2020-259,15–24,Weekend,55
2020,Shopping,2020-259,15–24,Weekend,31
2020,Sleeping,2020-260,25–44,Weekday,522
2020,Eating and drinking,2020-260,25–44,Weekday,90
2020,Housework,2020-260,25–44,Weekday,111
2020,Watching TV,2020-260,25–44,Weekday,226
2020,Traveling,2020-260,25–44,Weekday,45
2020,Socializing,2020-260,25–44,Weekday,32
2020,Exercise,2020-260,25–44,Weekday,33
2020,Sleeping,2020-261,65+,Weekend,489
2020,Working,2020-261,65+,Weekend,393
2020,Eating and drinking,2020-261,65+,Weekend,63
2020,Housework,2020-261,65+,Weekend,49
2020,Watching TV,2020-261,65+,Weekend,188
2020,Traveling,2020-261,65+,Weekend,50
2020,Caring for children,2020-261,65+,Weekend,103
2020,Socializing,2020-261,65+,Weekend,44
2020,Exercise,2020-261,65+,Weekend,26
2020,Games and computer,2020-261,65+,Weekend,63
2020,Sleeping,2020-262,65+,Weekday,521
2020,Working,2020-262,65+,Weekday,356
2020,Eating and drinking,2020-262,65+,Weekday,72
2020,Housework,2020-262,65+,Weekday,60
2020,Watching TV,2020-262,65+,Weekday,210
2020,Traveling,2020-262,65+,Weekday,53
2020,Shopping,2020-262,65+,Weekday,39
2020,Sleeping,2020-263,25–44,Weekday,567
2020,Working,2020-263,25–44,Weekday,424
2020,Eating and drinking,2020-263,25–44,Weekday,71
2020,Housework,2020-263,25–44,Weekday,60
2020,Watching TV,2020-263,25–44,Weekday,260
2020,Traveling,2020-263,25–44,Weekday,40
2020,Caring for children,2020-263,25–44,Weekday,144
2020,Sleeping,2020-264,15–24,Weekend,606
2020,Working,2020-264,15–24,Weekend,269
2020,Eating and drinking,2020-264,15–24,Weekend,83
2020,Housework,2020-264,15–24,Weekend,66
2020,Watching TV,2020-264,15–24,Weekend,165
2020,Traveling,2020-264,15–24,Weekend,31
2020,Sleeping,2020-265,45–64,Weekend,548
2020,Working,2020-265,45–64,Weekend,417
2020,Eating and drinking,2020-265,45–64,Weekend,84
2020,Housework,2020-265,45–64,Weekend,50
2020,Watching TV,2020-265,45–64,Weekend,199
2020,Traveling,2020-265,45–64,Weekend,40
2020,Caring for children,2020-265,45–64,Weekend,110
2020,Exercise,2020-265,45–64,Weekend,36
2020,Shopping,2020-265,45–64,Weekend,23
2020,Reading,2020-265,45–64,Weekend,38
2020,Sleeping,2020-266,25–44,Weekday,498
2020,Working,2020-266,25–44,Weekday,270
2020,Eating and drinking,2020-266,25–44,Weekday,73
2020,Housework,2020-266,25–44,Weekday,79
2020,Watching TV,2020-266,25–44,Weekday,241
2020,Traveling,2020-266,25–44,Weekday,52
2020,Caring for children,2020-266,25–44,Weekday,185
2020,Socializing,2020-266,25–44,Weekday,21
2020,Shopping,2020-266,25–44,Weekday,37
2020,Sleeping,2020-267,25–44,Weekday,588
2020,Eating and drinking,2020-267,25–44,Weekday,89
2020,Housework,2020-267,25–44,Weekday,84
2020,Watching TV,2020-267,25–44,Weekday,204
2020,Traveling,2020-267,25–44,Weekday,39
2020,Shopping,2020-267,25–44,Weekday,33
2020,Sleeping,2020-268,15–24,Weekend,580
2020,Working,2020-268,15–24,Weekend,434
2020,Eating and drinking,2020-268,15–24,Weekend,89
2020,Housework,2020-268,15–24,Weekend,41
2020,Watching TV,2020-268,15–24,Weekend,163
2020,Traveling,2020-268,15–24,Weekend,43
2020,Shopping,2020-268,15–24,Weekend,21
2020,Sleeping,2020-269,15–24,Weekend,531
2020,Working,2020-269,15–24,Weekend,326
2020,Eating and drinking,2020-269,15–24,Weekend,90
2020,Housework,2020-269,15–24,Weekend,62
2020,Watching TV,2020-269,15–24,Weekend,173
2020,Traveling,2020-269,15–24,Weekend,41
2020,Shopping,2020-269,15–24,Weekend,20
2020,Reading,2020-269,15–24,Weekend,66
2020,Sleeping,2020-270,65+,Weekday,593
2020,Working,2020-270,65+,Weekday,380
2020,Eating and drinking,2020-270,65+,Weekday,68
2020,Watching TV,2020-270,65+,Weekday,81
2020,Traveling,2020-270,65+,Weekday,49
2020,Caring for children,2020-270,65+,Weekday,117
2020,Socializing,2020-270,65+,Weekday,9
2020,Sleeping,2020-271,25–44,Weekend,472
2020,Working,2020-271,25–44,Weekend,391
2020,Eating and drinking,2020-271,25–44,Weekend,76
2020,Housework,2020-271,25–44,Weekend,47
2020,Watching TV,2020-271,25–44,Weekend,228
2020,Traveling,2020-271,25–44,Weekend,55
2020,Reading,2020-271,25–44,Weekend,47
2020,Sleeping,2020-272,15–24,Weekend,543
2020,Eating and drinking,2020-272,15–24,Weekend,81
2020,Housework,2020-272,15–24,Weekend,46
2020,Watching TV,2020-272,15–24,Weekend,245
2020,Traveling,2020-272,15–24,Weekend,32
2020,Reading,2020-272,15–24,Weekend,28
2020,Games and computer,2020-272,15–24,Weekend,82
2020,Sleeping,2020-273,25–44,Weekend,568
2020,Working,2020-273,25–44,Weekend,399
2020,Eating and drinking,2020-273,25–44,Weekend,75
2020,Housework,2020-273,25–44,Weekend,90
2020,Watching TV,2020-273,25–44,Weekend,175
2020,Caring for children,2020-273,25–44,Weekend,121
2020,Socializing,2020-273,25–44,Weekend,33
2020,Shopping,2020-273,25–44,Weekend,22
2020,Games and computer,2020-273,25–44,Weekend,61
2020,Sleeping,2020-274,45–64,Weekday,476
2020,Eating and drinking,2020-274,45–64,Weekday,84
2020,Housework,2020-274,45–64,Weekday,77
2020,Watching TV,2020-274,45–64,Weekday,200
2020,Traveling,2020-274,45–64,Weekday,49
2020,Caring for children,2020-274,45–64,Weekday,106
2020,Games and computer,2020-274,45–64,Weekday,136
2020,Sleeping,2020-275,25–44,Weekday,529
2020,Working,2020-275,25–44,Weekday,281
2020,Eating and drinking,2020-275,25–44,Weekday,85
2020,Housework,2020-275,25–44,Weekday,55
2020,Traveling,2020-275,25–44,Weekday,53
2020,Socializing,2020-275,25–44,Weekday,19
2020,Games and computer,2020-275,25–44,Weekday,53
2020,Sleeping,2020-276,45–64,Weekday,528
2020,Working,2020-276,45–64,Weekday,317
2020,Eating and drinking,2020-276,45–64,Weekday,72
2020,Housework,2020-276,45–64,Weekday,26
2020,Watching TV,2020-276,45–64,Weekday,195
2020,Traveling,2020-276,45–64,Weekday,47
2020,Socializing,2020-276,45–64,Weekday,5
2020,Exercise,2020-276,45–64,Weekday,41
2020,Sleeping,2020-277,25–44,Weekday,596
2020,Working,2020-277,25–44,Weekday,307
2020,Eating and drinking,2020-277,25–44,Weekday,96
2020,Traveling,2020-277,25–44,Weekday,43
2020,Exercise,2020-277,25–44,Weekday,61
2020,Shopping,2020-277,25–44,Weekday,29
2020,Reading,2020-277,25–44,Weekday,50
2020,Games and computer,2020-277,25–44,Weekday,56
2020,Sleeping,2020-278,25–44,Weekday,554
2020,Working,2020-278,25–44,Weekday,340
2020,Eating and drinking,2020-278,25–44,Weekday,97
2020,Watching TV,2020-278,25–44,Weekday,105
2020,Traveling,2020-278,25–44,Weekday,45
2020,Caring for children,2020-278,25–44,Weekday,85
2020,Socializing,2020-278,25–44,Weekday,31
2020,Sleeping,2020-279,45–64,Weekday,526
2020,Working,2020-279,45–64,Weekday,352
2020,Eating and drinking,2020-279,45–64,Weekday,60
2020,Housework,2020-279,45–64,Weekday,85
2020,Watching TV,2020-279,45–64,Weekday,108
2020,Traveling,2020-279,45–64,Weekday,61
2020,Caring for children,2020-279,45–64,Weekday,115
2020,Socializing,2020-279,45–64,Weekday,23
2020,Shopping,2020-279,45–64,Weekday,29
2020,Sleeping,2020-280,45–64,Weekday,529
2020,Working,2020-280,45–64,Weekday,314
2020,Eating and drinking,2020-280,45–64,Weekday,86
2020,Housework,2020-280,45–64,Weekday,83
2020,Watching TV,2020-280,45–64,Weekday,234
2020,Traveling,2020-280,45–64,Weekday,52
2020,Socializing,2020-280,45–64,Weekday,25
2020,Sleeping,2020-281,25–44,Weekday,491
2020,Working,2020-281,25–44,Weekday,331
2020,Eating and drinking,2020-281,25–44,Weekday,69
2020,Housework,2020-281,25–44,Weekday,46
2020,Watching TV,2020-281,25–44,Weekday,194
2020,Traveling,2020-281,25–44,Weekday,52
2020,Caring for children,2020-281,25–44,Weekday,127
2020,Socializing,2020-281,25–44,Weekday,32
2020,Reading,2020-281,25–44,Weekday,38
2020,Sleeping,2020-282,15–24,Weekday,508
2020,Eating and drinking,2020-282,15–24,Weekday,86
2020,Watching TV,2020-282,15–24,Weekday,194
2020,Traveling,2020-282,15–24,Weekday,48
2020,Shopping,2020-282,15–24,Weekday,22
2020,Sleeping,2020-283,15–24,Weekday,550
2020,Working,2020-283,15–24,Weekday,285
2020,Watching TV,2020-283,15–24,Weekday,98
2020,Shopping,2020-283,15–24,Weekday,22
2020,Sleeping,2020-284,25–44,Weekday,524
2020,Eating and drinking,2020-284,25–44,Weekday,77
2020,Housework,2020-284,25–44,Weekday,80
2020,Watching TV,2020-284,25–44,Weekday,203
2020,Traveling,2020-284,25–44,Weekday,41
2020,Caring for children,2020-284,25–44,Weekday,121
2020,Exercise,2020-284,25–44,Weekday,49
2020,Sleeping,2020-285,15–24,Weekend,546
2020,Eating and drinking,2020-285,15–24,Weekend,63
2020,Housework,2020-285,15–24,Weekend,72
2020,Watching TV,2020-285,15–24,Weekend,227
2020,Traveling,2020-285,15–24,Weekend,69
2020,Sleeping,2020-286,15–24,Weekend,510
2020,Working,2020-286,15–24,Weekend,349
2020,Eating and drinking,2020-286,15–24,Weekend,46
2020,Traveling,2020-286,15–24,Weekend,52
2020,Caring for children,2020-286,15–24,Weekend,166
2020,Socializing,2020-286,15–24,Weekend,31
2020,Exercise,2020-286,15–24,Weekend,56
2020,Shopping,2020-286,15–24,Weekend,25
2020,Reading,2020-286,15–24,Weekend,44
2020,Sleeping,2020-287,65+,Weekend,500
2020,Working,2020-287,65+,Weekend,427
2020,Eating and drinking,2020-287,65+,Weekend,92
2020,Housework,2020-287,65+,Weekend,29
2020,Watching TV,2020-287,65+,Weekend,108
2020,Traveling,2020-287,65+,Weekend,43
2020,Shopping,2020-287,65+,Weekend,22
2020,Sleeping,2020-288,65+,Weekday,548
2020,Working,2020-288,65+,Weekday,331
2020,Eating and drinking,2020-288,65+,Weekday,73
2020,Housework,2020-288,65+,Weekday,82
2020,Traveling,2020-288,65+,Weekday,48
2020,Caring for children,2020-288,65+,Weekday,117
2020,Socializing,2020-288,65+,Weekday,35
2020,Shopping,2020-288,65+,Weekday,11
2020,Reading,2020-288,65+,Weekday,60
2020,Sleeping,2020-289,25–44,Weekday,583
2020,Eating and drinking,2020-289,25–44,Weekday,45
2020,Watching TV,2020-289,25–44,Weekday,193
2020,Traveling,2020-289,25–44,Weekday,45
2020,Reading,2020-289,25–44,Weekday,28
2020,Sleeping,2020-290,45–64,Weekday,496
2020,Working,2020-290,45–64,Weekday,332
2020,Eating and drinking,2020-290,45–64,Weekday,65
2020,Housework,2020-290,45–64,Weekday,107
2020,Watching TV,2020-290,45–64,Weekday,172
2020,Traveling,2020-290,45–64,Weekday,36
2020,Sleeping,2020-291,65+,Weekend,571
2020,Eating and drinking,2020-291,65+,Weekend,110
2020,Housework,2020-291,65+,Weekend,46
2020,Watching TV,2020-291,65+,Weekend,203
2020,Traveling,2020-291,65+,Weekend,53
2020,Socializing,2020-291,65+,Weekend,18
2020,Sleeping,2020-292,15–24,Weekend,463
2020,Working,2020-292,15–24,Weekend,316
2020,Eating and drinking,2020-292,15–24,Weekend,89
2020,Housework,2020-292,15–24,Weekend,121
2020,Watching TV,2020-292,15–24,Weekend,236
2020,Traveling,2020-292,15–24,Weekend,42
2020,Caring for children,2020-292,15–24,Weekend,115
2020,Exercise,2020-292,15–24,Weekend,29
2020,Sleeping,2020-293,65+,Weekday,539
2020,Eating and drinking,2020-293,65+,Weekday,59
2020,Housework,2020-293,65+,Weekday,81
2020,Traveling,2020-293,65+,Weekday,64
2020,Reading,2020-293,65+,Weekday,53
2020,Games and computer,2020-293,65+,Weekday,69
2020,Sleeping,2020-294,15–24,Weekend,559
2020,Eating and drinking,2020-294,15–24,Weekend,64
2020,Housework,2020-294,15–24,Weekend,81
2020,Watching TV,2020-294,15–24,Weekend,155
2020,Traveling,2020-294,15–24,Weekend,52
2020,Caring for children,2020-294,15–24,Weekend,123
2020,Socializing,2020-294,15–24,Weekend,26
2020,Shopping,2020-294,15–24,Weekend,13
2020,Sleeping,2020-295,25–44,Weekday,531
2020,Working,2020-295,25–44,Weekday,336
2020,Eating and drinking,2020-295,25–44,Weekday,79
2020,Housework,2020-295,25–44,Weekday,49
2020,Watching TV,2020-295,25–44,Weekday,245
2020,Traveling,2020-295,25–44,Weekday,51
2020,Shopping,2020-295,25–44,Weekday,22
2020,Sleeping,2020-296,15–24,Weekday,521
2020,Working,2020-296,15–24,Weekday,335
2020,Eating and drinking,2020-296,15–24,Weekday,57
2020,Housework,2020-296,15–24,Weekday,75
2020,Traveling,2020-296,15–24,Weekday,47
2020,Socializing,2020-296,15–24,Weekday,22
2020,Exercise,2020-296,15–24,Weekday,36
2020,Shopping,2020-296,15–24,Weekday,26
2020,Sleeping,2020-297,65+,Weekday,549
2020,Working,2020-297,65+,Weekday,373
2020,Eating and drinking,2020-297,65+,Weekday,95
2020,Watching TV,2020-297,65+,Weekday,200
2020,Traveling,2020-297,65+,Weekday,46
2020,Socializing,2020-297,65+,Weekday,19
2020,Reading,2020-297,65+,Weekday,36
2020,Sleeping,2020-298,65+,Weekday,533
2020,Working,2020-298,65+,Weekday,367
2020,Eating and drinking,2020-298,65+,Weekday,78
2020,Housework,2020-298,65+,Weekday,60
2020,Watching TV,2020-298,65+,Weekday,265
2020,Traveling,2020-298,65+,Weekday,51
2020,Exercise,2020-298,65+,Weekday,43
2020,Shopping,2020-298,65+,Weekday,26
2020,Sleeping,2020-299,45–64,Weekday,557
2020,Working,2020-299,45–64,Weekday,402
2020,Eating and drinking,2020-299,45–64,Weekday,69
2020,Housework,2020-299,45–64,Weekday,64
2020,Watching TV,2020-299,45–64,Weekday,112
2020,Traveling,2020-299,45–64,Weekday,53
2020,Socializing,2020-299,45–64,Weekday,26
2020,Shopping,2020-299,45–64,Weekday,30
2020,Sleeping,2020-300,65+,Weekend,522
2020,Working,2020-300,65+,Weekend,312
2020,Eating and drinking,2020-300,65+,Weekend,63
2020,Housework,2020-300,65+,Weekend,80
2020,Watching TV,2020-300,65+,Weekend,161
2020,Traveling,2020-300,65+,Weekend,47
2020,Caring for children,2020-300,65+,Weekend,73
2020,Exercise,2020-300,65+,Weekend,32
2020,Sleeping,2020-301,65+,Weekday,503
2020,Eating and drinking,2020-301,65+,Weekday,61
2020,Housework,2020-301,65+,Weekday,79
2020,Traveling,2020-301,65+,Weekday,45
2020,Sleeping,2020-302,25–44,Weekend,511
2020,Eating and drinking,2020-302,25–44,Weekend,52
2020,Traveling,2020-302,25–44,Weekend,54
2020,Games and computer,2020-302,25–44,Weekend,86
2020,Sleeping,2020-303,25–44,Weekday,577
2020,Eating and drinking,2020-303,25–44,Weekday,64
2020,Watching TV,2020-303,25–44,Weekday,271
2020,Traveling,2020-303,25–44,Weekday,56
2020,Caring for children,2020-303,25–44,Weekday,168
2020,Socializing,2020-303,25–44,Weekday,25
2020,Sleeping,2020-304,65+,Weekday,540
2020,Working,2020-304,65+,Weekday,320
2020,Eating and drinking,2020-304,65+,Weekday,67
2020,Housework,2020-304,65+,Weekday,63
2020,Watching TV,2020-304,65+,Weekday,109
2020,Traveling,2020-304,65+,Weekday,18
2020,Caring for children,2020-304,65+,Weekday,101
2020,Socializing,2020-304,65+,Weekday,25
2020,Games and computer,2020-304,65+,Weekday,59
2020,Sleeping,2020-305,65+,Weekday,526
2020,Working,2020-305,65+,Weekday,341
2020,Eating and drinking,2020-305,65+,Weekday,97
2020,Housework,2020-305,65+,Weekday,69
2020,Watching TV,2020-305,65+,Weekday,129
2020,Traveling,2020-305,65+,Weekday,50
2020,Caring for children,2020-305,65+,Weekday,149
2020,Socializing,2020-305,65+,Weekday,10
2020,Shopping,2020-305,65+,Weekday,28
2020,Games and computer,2020-305,65+,Weekday,98
2020,Sleeping,2020-306,15–24,Weekday,527
2020,Eating and drinking,2020-306,15–24,Weekday,74
2020,Housework,2020-306,15–24,Weekday,84
2020,Watching TV,2020-306,15–24,Weekday,239
2020,Traveling,2020-306,15–24,Weekday,61
2020,Caring for children,2020-306,15–24,Weekday,158
2020,Socializing,2020-306,15–24,Weekday,31
2020,Exercise,2020-306,15–24,Weekday,36
2020,Reading,2020-306,15–24,Weekday,39
2020,Sleeping,2020-307,45–64,Weekday,520
2020,Working,2020-307,45–64,Weekday,495
2020,Eating and drinking,2020-307,45–64,Weekday,85
2020,Housework,2020-307,45–64,Weekday,36
2020,Watching TV,2020-307,45–64,Weekday,123
2020,Traveling,2020-307,45–64,Weekday,37
2020,Exercise,2020-307,45–64,Weekday,31
2020,Sleeping,2020-308,25–44,Weekday,556
2020,Working,2020-308,25–44,Weekday,389
2020,Watching TV,2020-308,25–44,Weekday,202
2020,Traveling,2020-308,25–44,Weekday,52
2020,Shopping,2020-308,25–44,Weekday,22
2020,Sleeping,2020-309,15–24,Weekday,465
2020,Working,2020-309,15–24,Weekday,450
2020,Eating and drinking,2020-309,15–24,Weekday,69
2020,Housework,2020-309,15–24,Weekday,72
2020,Watching TV,2020-309,15–24,Weekday,142
2020,Traveling,2020-309,15–24,Weekday,31
2020,Socializing,2020-309,15–24,Weekday,11
2020,Exercise,2020-309,15–24,Weekday,51
2020,Shopping,2020-309,15–24,Weekday,27
2020,Sleeping,2020-310,25–44,Weekday,484
2020,Working,2020-310,25–44,Weekday,354
2020,Eating and drinking,2020-310,25–44,Weekday,64
2020,Housework,2020-310,25–44,Weekday,76
2020,Watching TV,2020-310,25–44,Weekday,238
2020,Traveling,2020-310,25–44,Weekday,60
2020,Shopping,2020-310,25–44,Weekday,23
2020,Sleeping,2020-311,25–44,Weekday,537
2020,Working,2020-311,25–44,Weekday,355
2020,Eating and drinking,2020-311,25–44,Weekday,64
2020,Housework,2020-311,25–44,Weekday,77
2020,Watching TV,2020-311,25–44,Weekday,194
2020,Traveling,2020-311,25–44,Weekday,46
2020,Caring for children,2020-311,25–44,Weekday,171
2020,Exercise,2020-311,25–44,Weekday,75
2020,Shopping,2020-311,25–44,Weekday,11
2020,Sleeping,2020-312,45–64,Weekday,531
2020,Working,2020-312,45–64,Weekday,321
2020,Eating and drinking,2020-312,45–64,Weekday,57
2020,Housework,2020-312,45–64,Weekday,92
2020,Watching TV,2020-312,45–64,Weekday,163
2020,Traveling,2020-312,45–64,Weekday,40
2020,Caring for children,2020-312,45–64,Weekday,52
2020,Exercise,2020-312,45–64,Weekday,42
2020,Shopping,2020-312,45–64,Weekday,21
2020,Sleeping,2020-313,65+,Weekday,551
2020,Eating and drinking,2020-313,65+,Weekday,89
2020,Housework,2020-313,65+,Weekday,104
2020,Watching TV,2020-313,65+,Weekday,131
2020,Exercise,2020-313,65+,Weekday,42
2020,Shopping,2020-313,65+,Weekday,13
2020,Sleeping,2020-314,65+,Weekday,463
2020,Working,2020-314,65+,Weekday,350
2020,Eating and drinking,2020-314,65+,Weekday,60
2020,Watching TV,2020-314,65+,Weekday,251
2020,Traveling,2020-314,65+,Weekday,33
2020,Caring for children,2020-314,65+,Weekday,69
2020,Shopping,2020-314,65+,Weekday,35
2020,Sleeping,2020-315,65+,Weekday,538
2020,Working,2020-315,65+,Weekday,307
2020,Eating and drinking,2020-315,65+,Weekday,70
2020,Housework,2020-315,65+,Weekday,79
2020,Watching TV,2020-315,65+,Weekday,133
2020,Shopping,2020-315,65+,Weekday,29
2020,Reading,2020-315,65+,Weekday,19
2020,Sleeping,2020-316,15–24,Weekend,504
2020,Eating and drinking,2020-316,15–24,Weekend,76
2020,Watching TV,2020-316,15–24,Weekend,142
2020,Traveling,2020-316,15–24,Weekend,56
2020,Socializing,2020-316,15–24,Weekend,25
2020,Sleeping,2020-317,45–64,Weekday,517
2020,Working,2020-317,45–64,Weekday,392
2020,Eating and drinking,2020-317,45–64,Weekday,72
2020,Housework,2020-317,45–64,Weekday,88
2020,Watching TV,2020-317,45–64,Weekday,228
2020,Traveling,2020-317,45–64,Weekday,42
2020,Socializing,2020-317,45–64,Weekday,39
2020,Games and computer,2020-317,45–64,Weekday,84
2020,Sleeping,2020-318,25–44,Weekday,551
2020,Working,2020-318,25–44,Weekday,347
2020,Eating and drinking,2020-318,25–44,Weekday,75
2020,Watching TV,2020-318,25–44,Weekday,122
2020,Traveling,2020-318,25–44,Weekday,54
2020,Caring for children,2020-318,25–44,Weekday,152
2020,Shopping,2020-318,25–44,Weekday,23
2020,Reading,2020-318,25–44,Weekday,38
2020,Games and computer,2020-318,25–44,Weekday,38
2020,Sleeping,2020-319,45–64,Weekday,574
2020,Eating and drinking,2020-319,45–64,Weekday,78
2020,Housework,2020-319,45–64,Weekday,56
2020,Watching TV,2020-319,45–64,Weekday,99
2020,Traveling,2020-319,45–64,Weekday,51
2020,Exercise,2020-319,45–64,Weekday,36
2020,Sleeping,2020-320,15–24,Weekday,515
2020,Working,2020-320,15–24,Weekday,357
2020,Eating and drinking,2020-320,15–24,Weekday,75
2020,Housework,2020-320,15–24,Weekday,81
2020,Watching TV,2020-320,15–24,Weekday,159
2020,Traveling,2020-320,15–24,Weekday,49
2020,Socializing,2020-320,15–24,Weekday,34
2020,Sleeping,2020-321,25–44,Weekend,551
2020,Working,2020-321,25–44,Weekend,401
2020,Eating and drinking,2020-321,25–44,Weekend,95
2020,Housework,2020-321,25–44,Weekend,55
2020,Watching TV,2020-321,25–44,Weekend,206
2020,Traveling,2020-321,25–44,Weekend,55
2020,Shopping,2020-321,25–44,Weekend,23
2020,Sleeping,2020-322,15–24,Weekday,526
2020,Working,2020-322,15–24,Weekday,399
2020,Eating and drinking,2020-322,15–24,Weekday,71
2020,Housework,2020-322,15–24,Weekday,17
2020,Watching TV,2020-322,15–24,Weekday,170
2020,Traveling,2020-322,15–24,Weekday,44
2020,Caring for children,2020-322,15–24,Weekday,122
2020,Sleeping,2020-323,45–64,Weekday,534
2020,Working,2020-323,45–64,Weekday,417
2020,Eating and drinking,2020-323,45–64,Weekday,59
2020,Housework,2020-323,45–64,Weekday,96
2020,Watching TV,2020-323,45–64,Weekday,215
2020,Traveling,2020-323,45–64,Weekday,53
2020,Socializing,2020-323,45–64,Weekday,16
2020,Sleeping,2020-324,15–24,Weekday,528
2020,Working,2020-324,15–24,Weekday,432
2020,Eating and drinking,2020-324,15–24,Weekday,86
2020,Housework,2020-324,15–24,Weekday,80
2020,Watching TV,2020-324,15–24,Weekday,171
2020,Traveling,2020-324,15–24,Weekday,48
2020,Caring for children,2020-324,15–24,Weekday,105
2020,Socializing,2020-324,15–24,Weekday,19
2020,Shopping,2020-324,15–24,Weekday,13
2020,Sleeping,2020-325,25–44,Weekday,555
2020,Working,2020-325,25–44,Weekday,451
2020,Eating and drinking,2020-325,25–44,Weekday,63
2020,Watching TV,2020-325,25–44,Weekday,190
2020,Traveling,2020-325,25–44,Weekday,64
2020,Socializing,2020-325,25–44,Weekday,32
2020,Exercise,2020-325,25–44,Weekday,49
2020,Games and computer,2020-325,25–44,Weekday,46
2020,Sleeping,2020-326,45–64,Weekday,526
2020,Eating and drinking,2020-326,45–64,Weekday,57
2020,Housework,2020-326,45–64,Weekday,29
2020,Watching TV,2020-326,45–64,Weekday,158
2020,Traveling,2020-326,45–64,Weekday,37
2020,Caring for children,2020-326,45–64,Weekday,69
2020,Shopping,2020-326,45–64,Weekday,31
2020,Sleeping,2020-327,45–64,Weekend,515
2020,Eating and drinking,2020-327,45–64,Weekend,101
2020,Housework,2020-327,45–64,Weekend,73
2020,Watching TV,2020-327,45–64,Weekend,193
2020,Traveling,2020-327,45–64,Weekend,31
2020,Socializing,2020-327,45–64,Weekend,21
2020,Exercise,2020-327,45–64,Weekend,52
2020,Reading,2020-327,45–64,Weekend,43
2020,Games and computer,2020-327,45–64,Weekend,118
2020,Sleeping,2020-328,45–64,Weekend,573
2020,Eating and drinking,2020-328,45–64,Weekend,75
2020,Watching TV,2020-328,45–64,Weekend,207
2020,Traveling,2020-328,45–64,Weekend,56
2020,Caring for children,2020-328,45–64,Weekend,149
2020,Exercise,2020-328,45–64,Weekend,54
2020,Shopping,2020-328,45–64,Weekend,23
2020,Games and computer,2020-328,45–64,Weekend,113
2020,Sleeping,2020-329,15–24,Weekend,496
2020,Eating and drinking,2020-329,15–24,Weekend,89
2020,Housework,2020-329,15–24,Weekend,68
2020,Watching TV,2020-329,15–24,Weekend,188
2020,Traveling,2020-329,15–24,Weekend,35
2020,Caring for children,2020-329,15–24,Weekend,109
2020,Socializing,2020-329,15–24,Weekend,26
2020,Sleeping,2020-330,15–24,Weekday,549
2020,Working,2020-330,15–24,Weekday,355
2020,Eating and drinking,2020-330,15–24,Weekday,89
2020,Watching TV,2020-330,15–24,Weekday,165
2020,Caring for children,2020-330,15–24,Weekday,166
2020,Games and computer,2020-330,15–24,Weekday,142
2020,Sleeping,2020-331,25–44,Weekday,517
2020,Working,2020-331,25–44,Weekday,321
2020,Eating and drinking,2020-331,25–44,Weekday,79
2020,Watching TV,2020-331,25–44,Weekday,132
2020,Traveling,2020-331,25–44,Weekday,52
2020,Socializing,2020-331,25–44,Weekday,21
2020,Shopping,2020-331,25–44,Weekday,34
2020,Reading,2020-331,25–44,Weekday,34
2020,Sleeping,2020-332,45–64,Weekday,531
2020,Eating and drinking,2020-332,45–64,Weekday,72
2020,Watching TV,2020-332,45–64,Weekday,117
2020,Traveling,2020-332,45–64,Weekday,42
2020,Socializing,2020-332,45–64,Weekday,20
2020,Reading,2020-332,45–64,Weekday,13
2020,Games and computer,2020-332,45–64,Weekday,97
2020,Sleeping,2020-333,45–64,Weekday,531
2020,Working,2020-333,45–64,Weekday,299
2020,Eating and drinking,2020-333,45–64,Weekday,102
2020,Watching TV,2020-333,45–64,Weekday,104
2020,Traveling,2020-333,45–64,Weekday,35
2020,Sleeping,2020-334,45–64,Weekday,462
2020,Working,2020-334,45–64,Weekday,258
2020,Eating and drinking,2020-334,45–64,Weekday,72
2020,Watching TV,2020-334,45–64,Weekday,162
2020,Traveling,2020-334,45–64,Weekday,56
2020,Reading,2020-334,45–64,Weekday,63
2020,Sleeping,2020-335,65+,Weekday,601
2020,Eating and drinking,2020-335,65+,Weekday,61
2020,Housework,2020-335,65+,Weekday,92
2020,Watching TV,2020-335,65+,Weekday,101
2020,Traveling,2020-335,65+,Weekday,40
2020,Shopping,2020-335,65+,Weekday,30
2020,Sleeping,2020-336,15–24,Weekend,610
2020,Working,2020-336,15–24,Weekend,400
2020,Eating and drinking,2020-336,15–24,Weekend,84
2020,Watching TV,2020-336,15–24,Weekend,165
2020,Traveling,2020-336,15–24,Weekend,49
2020,Caring for children,2020-336,15–24,Weekend,42
2020,Socializing,2020-336,15–24,Weekend,21
2020,Shopping,2020-336,15–24,Weekend,15
2020,Sleeping,2020-337,65+,Weekday,554
2020,Working,2020-337,65+,Weekday,380
2020,Eating and drinking,2020-337,65+,Weekday,70
2020,Watching TV,2020-337,65+,Weekday,140
2020,Socializing,2020-337,65+,Weekday,17
2020,Exercise,2020-337,65+,Weekday,32
2020,Sleeping,2020-338,15–24,Weekday,482
2020,Eating and drinking,2020-338,15–24,Weekday,85
2020,Housework,2020-338,15–24,Weekday,59
2020,Watching TV,2020-338,15–24,Weekday,206
2020,Traveling,2020-338,15–24,Weekday,47
2020,Socializing,2020-338,15–24,Weekday,20
2020,Shopping,2020-338,15–24,Weekday,19
2020,Sleeping,2020-339,25–44,Weekday,534
2020,Working,2020-339,25–44,Weekday,496
2020,Eating and drinking,2020-339,25–44,Weekday,64
2020,Housework,2020-339,25–44,Weekday,105
2020,Watching TV,2020-339,25–44,Weekday,175
2020,Socializing,2020-339,25–44,Weekday,25
2020,Sleeping,2020-340,45–64,Weekend,495
2020,Working,2020-340,45–64,Weekend,315
2020,Eating and drinking,2020-340,45–64,Weekend,83
2020,Housework,2020-340,45–64,Weekend,119
2020,Watching TV,2020-340,45–64,Weekend,183
2020,Traveling,2020-340,45–64,Weekend,24
2020,Socializing,2020-340,45–64,Weekend,27
2020,Games and computer,2020-340,45–64,Weekend,49
2020,Sleeping,2020-341,25–44,Weekday,583
2020,Working,2020-341,25–44,Weekday,312
2020,Eating and drinking,2020-341,25–44,Weekday,63
2020,Housework,2020-341,25–44,Weekday,50
2020,Watching TV,2020-341,25–44,Weekday,154
2020,Socializing,2020-341,25–44,Weekday,31
2020,Shopping,2020-341,25–44,Weekday,25
2020,Sleeping,2020-342,65+,Weekday,544
2020,Working,2020-342,65+,Weekday,406
2020,Eating and drinking,2020-342,65+,Weekday,58
2020,Housework,2020-342,65+,Weekday,83
2020,Watching TV,2020-342,65+,Weekday,171
2020,Traveling,2020-342,65+,Weekday,44
2020,Socializing,2020-342,65+,Weekday,19
2020,Exercise,2020-342,65+,Weekday,31
2020,Sleeping,2020-343,65+,Weekday,499
2020,Working,2020-343,65+,Weekday,296
2020,Eating and drinking,2020-343,65+,Weekday,86
2020,Watching TV,2020-343,65+,Weekday,162
2020,Traveling,2020-343,65+,Weekday,52
2020,Caring for children,2020-343,65+,Weekday,100
2020,Exercise,2020-343,65+,Weekday,41
2020,Shopping,2020-343,65+,Weekday,27
2020,Games and computer,2020-343,65+,Weekday,82
2020,Sleeping,2020-344,65+,Weekday,542
2020,Working,2020-344,65+,Weekday,426
2020,Eating and drinking,2020-344,65+,Weekday,64
2020,Watching TV,2020-344,65+,Weekday,200
2020,Traveling,2020-344,65+,Weekday,34
2020,Socializing,2020-344,65+,Weekday,39
2020,Reading,2020-344,65+,Weekday,59
2020,Games and computer,2020-344,65+,Weekday,59
2020,Sleeping,2020-345,45–64,Weekday,522
2020,Working,2020-345,45–64,Weekday,478
2020,Eating and drinking,2020-345,45–64,Weekday,71
2020,Housework,2020-345,45–64,Weekday,79
2020,Watching TV,2020-345,45–64,Weekday,144
2020,Traveling,2020-345,45–64,Weekday,42
2020,Caring for children,2020-345,45–64,Weekday,84
2020,Exercise,2020-345,45–64,Weekday,49
2020,Shopping,2020-345,45–64,Weekday,32
2020,Reading,2020-345,45–64,Weekday,18
2020,Sleeping,2020-346,65+,Weekday,540
2020,Working,2020-346,65+,Weekday,408
2020,Eating and drinking,2020-346,65+,Weekday,102
2020,Housework,2020-346,65+,Weekday,103
2020,Watching TV,2020-346,65+,Weekday,254
2020,Traveling,2020-346,65+,Weekday,49
2020,Caring for children,2020-346,65+,Weekday,138
2020,Socializing,2020-346,65+,Weekday,19
2020,Reading,2020-346,65+,Weekday,29
2020,Sleeping,2020-347,15–24,Weekday,559
2020,Working,2020-347,15–24,Weekday,336
2020,Eating and drinking,2020-347,15–24,Weekday,87
2020,Housework,2020-347,15–24,Weekday,53
2020,Watching TV,2020-347,15–24,Weekday,275
2020,Traveling,2020-347,15–24,Weekday,26
2020,Caring for children,2020-347,15–24,Weekday,177
2020,Socializing,2020-347,15–24,Weekday,25
2020,Sleeping,2020-348,15–24,Weekday,551
2020,Working,2020-348,15–24,Weekday,316
2020,Eating and drinking,2020-348,15–24,Weekday,97
2020,Housework,2020-348,15–24,Weekday,100
2020,Watching TV,2020-348,15–24,Weekday,222
2020,Traveling,2020-348,15–24,Weekday,30
2020,Socializing,2020-348,15–24,Weekday,36
2020,Reading,2020-348,15–24,Weekday,30
2020,Sleeping,2020-349,65+,Weekday,550
2020,Eating and drinking,2020-349,65+,Weekday,67
2020,Housework,2020-349,65+,Weekday,79
2020,Watching TV,2020-349,65+,Weekday,157
2020,Traveling,2020-349,65+,Weekday,50
2020,Socializing,2020-349,65+,Weekday,30
2020,Shopping,2020-349,65+,Weekday,24
2020,Games and computer,2020-349,65+,Weekday,46
2020,Sleeping,2020-350,65+,Weekend,504
2020,Eating and drinking,2020-350,65+,Weekend,79
2020,Traveling,2020-350,65+,Weekend,33
2020,Socializing,2020-350,65+,Weekend,31
2020,Shopping,2020-350,65+,Weekend,18
2020,Reading,2020-350,65+,Weekend,45
2020,Sleeping,2020-351,15–24,Weekday,503
2020,Working,2020-351,15–24,Weekday,443
2020,Eating and drinking,2020-351,15–24,Weekday,87
2020,Housework,2020-351,15–24,Weekday,60
2020,Watching TV,2020-351,15–24,Weekday,313
2020,Traveling,2020-351,15–24,Weekday,43
2020,Caring for children,2020-351,15–24,Weekday,75
2020,Socializing,2020-351,15–24,Weekday,33
2020,Reading,2020-351,15–24,Weekday,47
2020,Sleeping,2020-352,45–64,Weekend,593
2020,Working,2020-352,45–64,Weekend,349
2020,Eating and drinking,2020-352,45–64,Weekend,50
2020,Housework,2020-352,45–64,Weekend,66
2020,Watching TV,2020-352,45–64,Weekend,118
2020,Traveling,2020-352,45–64,Weekend,25
2020,Socializing,2020-352,45–64,Weekend,10
2020,Sleeping,2020-353,15–24,Weekday,575
2020,Eating and drinking,2020-353,15–24,Weekday,89
2020,Housework,2020-353,15–24,Weekday,74
2020,Traveling,2020-353,15–24,Weekday,24
2020,Socializing,2020-353,15–24,Weekday,22
2020,Sleeping,2020-354,25–44,Weekend,547
2020,Working,2020-354,25–44,Weekend,411
2020,Eating and drinking,2020-354,25–44,Weekend,77
2020,Housework,2020-354,25–44,Weekend,101
2020,Watching TV,2020-354,25–44,Weekend,203
2020,Traveling,2020-354,25–44,Weekend,37
2020,Caring for children,2020-354,25–44,Weekend,39
2020,Socializing,2020-354,25–44,Weekend,38
2020,Reading,2020-354,25–44,Weekend,57
2020,Games and computer,2020-354,25–44,Weekend,34
2020,Sleeping,2020-355,65+,Weekday,517
2020,Eating and drinking,2020-355,65+,Weekday,60
2020,Socializing,2020-355,65+,Weekday,38
2020,Exercise,2020-355,65+,Weekday,40
2020,Games and computer,2020-355,65+,Weekday,72
2020,Sleeping,2020-356,15–24,Weekday,502
2020,Working,2020-356,15–24,Weekday,321
2020,Eating and drinking,2020-356,15–24,Weekday,62
2020,Housework,2020-356,15–24,Weekday,109
2020,Watching TV,2020-356,15–24,Weekday,158
2020,Traveling,2020-356,15–24,Weekday,29
2020,Socializing,2020-356,15–24,Weekday,20
2020,Shopping,2020-356,15–24,Weekday,21
2020,Reading,2020-356,15–24,Weekday,10
2020,Sleeping,2020-357,25–44,Weekday,540
2020,Working,2020-357,25–44,Weekday,332
2020,Eating and drinking,2020-357,25–44,Weekday,93
2020,Watching TV,2020-357,25–44,Weekday,149
2020,Traveling,2020-357,25–44,Weekday,45
2020,Caring for children,2020-357,25–44,Weekday,103
2020,Shopping,2020-357,25–44,Weekday,30
2020,Sleeping,2020-358,25–44,Weekday,579
2020,Eating and drinking,2020-358,25–44,Weekday,83
2020,Housework,2020-358,25–44,Weekday,31
2020,Watching TV,2020-358,25–44,Weekday,230
2020,Traveling,2020-358,25–44,Weekday,40
2020,Socializing,2020-358,25–44,Weekday,29
2020,Exercise,2020-358,25–44,Weekday,53
2020,Sleeping,2020-359,45–64,Weekday,609
2020,Working,2020-359,45–64,Weekday,378
2020,Eating and drinking,2020-359,45–64,Weekday,71
2020,Traveling,2020-359,45–64,Weekday,42
2020,Socializing,2020-359,45–64,Weekday,29
2020,Exercise,2020-359,45–64,Weekday,63
2020,Sleeping,2020-360,45–64,Weekday,565
2020,Working,2020-360,45–64,Weekday,330
2020,Eating and drinking,2020-360,45–64,Weekday,106
2020,Traveling,2020-360,45–64,Weekday,43
2020,Caring for children,2020-360,45–64,Weekday,59
2020,Socializing,2020-360,45–64,Weekday,35
2020,Reading,2020-360,45–64,Weekday,35
2020,Sleeping,2020-361,15–24,Weekday,551
2020,Eating and drinking,2020-361,15–24,Weekday,59
2020,Housework,2020-361,15–24,Weekday,44
2020,Watching TV,2020-361,15–24,Weekday,165
2020,Traveling,2020-361,15–24,Weekday,45
2020,Caring for children,2020-361,15–24,Weekday,117
2020,Socializing,2020-361,15–24,Weekday,32
2020,Sleeping,2020-362,15–24,Weekday,524
2020,Eating and drinking,2020-362,15–24,Weekday,93
2020,Housework,2020-362,15–24,Weekday,49
2020,Traveling,2020-362,15–24,Weekday,23
2020,Reading,2020-362,15–24,Weekday,43
2020,Sleeping,2020-363,25–44,Weekday,506
2020,Working,2020-363,25–44,Weekday,392
2020,Eating and drinking,2020-363,25–44,Weekday,97
2020,Housework,2020-363,25–44,Weekday,75
2020,Watching TV,2020-363,25–44,Weekday,221
2020,Socializing,2020-363,25–44,Weekday,21
2020,Reading,2020-363,25–44,Weekday,40
2020,Games and computer,2020-363,25–44,Weekday,79
2020,Sleeping,2020-364,25–44,Weekend,584
2020,Working,2020-364,25–44,Weekend,357
2020,Eating and drinking,2020-364,25–44,Weekend,78
2020,Housework,2020-364,25–44,Weekend,39
2020,Watching TV,2020-364,25–44,Weekend,152
2020,Traveling,2020-364,25–44,Weekend,40
2020,Shopping,2020-364,25–44,Weekend,20
2020,Sleeping,2020-365,15–24,Weekday,510
2020,Eating and drinking,2020-365,15–24,Weekday,90
2020,Housework,2020-365,15–24,Weekday,89
2020,Watching TV,2020-365,15–24,Weekday,265
2020,Traveling,2020-365,15–24,Weekday,52
2020,Socializing,2020-365,15–24,Weekday,18
2020,Shopping,2020-365,15–24,Weekday,30
2020,Games and computer,2020-365,15–24,Weekday,76
2020,Sleeping,2020-366,25–44,Weekday,562
2020,Eating and drinking,2020-366,25–44,Weekday,86
2020,Housework,2020-366,25–44,Weekday,98
2020,Watching TV,2020-366,25–44,Weekday,252
2020,Traveling,2020-366,25–44,Weekday,39
2020,Socializing,2020-366,25–44,Weekday,36
2020,Reading,2020-366,25–44,Weekday,30
2020,Sleeping,2020-367,15–24,Weekday,593
2020,Working,2020-367,15–24,Weekday,391
2020,Eating and drinking,2020-367,15–24,Weekday,73
2020,Housework,2020-367,15–24,Weekday,72
2020,Watching TV,2020-367,15–24,Weekday,203
2020,Traveling,2020-367,15–24,Weekday,31
2020,Caring for children,2020-367,15–24,Weekday,131
2020,Socializing,2020-367,15–24,Weekday,24
2020,Reading,2020-367,15–24,Weekday,49
2020,Games and computer,2020-367,15–24,Weekday,55
2020,Sleeping,2020-368,25–44,Weekday,551
2020,Working,2020-368,25–44,Weekday,369
2020,Eating and drinking,2020-368,25–44,Weekday,88
2020,Watching TV,2020-368,25–44,Weekday,144
2020,Traveling,2020-368,25–44,Weekday,41
2020,Socializing,2020-368,25–44,Weekday,31
2020,Exercise,2020-368,25–44,Weekday,14
2020,Sleeping,2020-369,65+,Weekday,491
2020,Eating and drinking,2020-369,65+,Weekday,85
2020,Housework,2020-369,65+,Weekday,55
2020,Traveling,2020-369,65+,Weekday,58
2020,Shopping,2020-369,65+,Weekday,24
2020,Sleeping,2020-370,65+,Weekday,519
2020,Eating and drinking,2020-370,65+,Weekday,60
2020,Housework,2020-370,65+,Weekday,52
2020,Watching TV,2020-370,65+,Weekday,174
2020,Traveling,2020-370,65+,Weekday,53
2020,Sleeping,2020-371,45–64,Weekday,522
2020,Working,2020-371,45–64,Weekday,403
2020,Eating and drinking,2020-371,45–64,Weekday,66
2020,Watching TV,2020-371,45–64,Weekday,103
2020,Exercise,2020-371,45–64,Weekday,47
2020,Games and computer,2020-371,45–64,Weekday,5
2020,Sleeping,2020-372,65+,Weekend,537
2020,Working,2020-372,65+,Weekend,311
2020,Eating and drinking,2020-372,65+,Weekend,90
2020,Housework,2020-372,65+,Weekend,63
2020,Watching TV,2020-372,65+,Weekend,228
2020,Traveling,2020-372,65+,Weekend,44
2020,Socializing,2020-372,65+,Weekend,22
2020,Exercise,2020-372,65+,Weekend,45
2020,Sleeping,2020-373,45–64,Weekday,469
2020,Eating and drinking,2020-373,45–64,Weekday,95
2020,Housework,2020-373,45–64,Weekday,127
2020,Watching TV,2020-373,45–64,Weekday,247
2020,Traveling,2020-373,45–64,Weekday,27
2020,Caring for children,2020-373,45–64,Weekday,131
2020,Exercise,2020-373,45–64,Weekday,52
2020,Reading,2020-373,45–64,Weekday,10
2020,Sleeping,2020-374,15–24,Weekday,534
2020,Eating and drinking,2020-374,15–24,Weekday,82
2020,Housework,2020-374,15–24,Weekday,75
2020,Watching TV,2020-374,15–24,Weekday,121
2020,Caring for children,2020-374,15–24,Weekday,163
2020,Sleeping,2020-375,25–44,Weekday,583
2020,Working,2020-375,25–44,Weekday,424
2020,Eating and drinking,2020-375,25–44,Weekday,69
2020,Housework,2020-375,25–44,Weekday,93
2020,Watching TV,2020-375,25–44,Weekday,152
2020,Exercise,2020-375,25–44,Weekday,75
2020,Shopping,2020-375,25–44,Weekday,20
2020,Sleeping,2020-376,25–44,Weekday,551
2020,Eating and drinking,2020-376,25–44,Weekday,44
2020,Housework,2020-376,25–44,Weekday,43
2020,Watching TV,2020-376,25–44,Weekday,138
2020,Traveling,2020-376,25–44,Weekday,33
2020,Caring for children,2020-376,25–44,Weekday,113
2020,Socializing,2020-376,25–44,Weekday,31
2020,Reading,2020-376,25–44,Weekday,43
2020,Sleeping,2020-377,25–44,Weekend,569
2020,Working,2020-377,25–44,Weekend,445
2020,Eating and drinking,2020-377,25–44,Weekend,62
2020,Watching TV,2020-377,25–44,Weekend,222
2020,Traveling,2020-377,25–44,Weekend,42
2020,Shopping,2020-377,25–44,Weekend,20
2020,Sleeping,2020-378,15–24,Weekday,561
2020,Eating and drinking,2020-378,15–24,Weekday,79
2020,Watching TV,2020-378,15–24,Weekday,104
2020,Traveling,2020-378,15–24,Weekday,50
2020,Socializing,2020-378,15–24,Weekday,30
2020,Reading,2020-378,15–24,Weekday,42
2020,Games and computer,2020-378,15–24,Weekday,96
2020,Sleeping,2020-379,15–24,Weekday,553
2020,Working,2020-379,15–24,Weekday,366
2020,Eating and drinking,2020-379,15–24,Weekday,83
2020,Watching TV,2020-379,15–24,Weekday,183
2020,Traveling,2020-379,15–24,Weekday,39
2020,Exercise,2020-379,15–24,Weekday,26
2020,Reading,2020-379,15–24,Weekday,40
2020,Games and computer,2020-379,15–24,Weekday,14
2020,Sleeping,2020-380,65+,Weekday,548
2020,Working,2020-380,65+,Weekday,456
2020,Eating and drinking,2020-380,65+,Weekday,74
2020,Watching TV,2020-380,65+,Weekday,194
2020,Traveling,2020-380,65+,Weekday,46
2020,Socializing,2020-380,65+,Weekday,31
2020,Sleeping,2020-381,65+,Weekend,554
2020,Working,2020-381,65+,Weekend,393
2020,Eating and drinking,2020-381,65+,Weekend,75
2020,Housework,2020-381,65+,Weekend,56
2020,Watching TV,2020-381,65+,Weekend,210
2020,Traveling,2020-381,65+,Weekend,68
2020,Shopping,2020-381,65+,Weekend,24
2020,Reading,2020-381,65+,Weekend,21
2020,Sleeping,2020-382,45–64,Weekend,561
2020,Working,2020-382,45–64,Weekend,436
2020,Eating and drinking,2020-382,45–64,Weekend,81
2020,Housework,2020-382,45–64,Weekend,58
2020,Watching TV,2020-382,45–64,Weekend,214
2020,Socializing,2020-382,45–64,Weekend,15
2020,Reading,2020-382,45–64,Weekend,35
2020,Sleeping,2020-383,65+,Weekday,591
2020,Working,2020-383,65+,Weekday,421
2020,Eating and drinking,2020-383,65+,Weekday,86
2020,Watching TV,2020-383,65+,Weekday,243
2020,Caring for children,2020-383,65+,Weekday,133
2020,Socializing,2020-383,65+,Weekday,18
2020,Exercise,2020-383,65+,Weekday,67
2020,Sleeping,2020-384,15–24,Weekday,547
2020,Working,2020-384,15–24,Weekday,313
2020,Eating and drinking,2020-384,15–24,Weekday,65
2020,Housework,2020-384,15–24,Weekday,36
2020,Watching TV,2020-384,15–24,Weekday,234
2020,Traveling,2020-384,15–24,Weekday,42
2020,Caring for children,2020-384,15–24,Weekday,79
2020,Exercise,2020-384,15–24,Weekday,38
2020,Games and computer,2020-384,15–24,Weekday,57
2020,Sleeping,2020-385,15–24,Weekday,542
2020,Working,2020-385,15–24,Weekday,359
2020,Eating and drinking,2020-385,15–24,Weekday,51
2020,Watching TV,2020-385,15–24,Weekday,212
2020,Traveling,2020-385,15–24,Weekday,51
2020,Shopping,2020-385,15–24,Weekday,25
2020,Sleeping,2020-386,45–64,Weekday,568
2020,Eating and drinking,2020-386,45–64,Weekday,72
2020,Housework,2020-386,45–64,Weekday,67
2020,Watching TV,2020-386,45–64,Weekday,139
2020,Traveling,2020-386,45–64,Weekday,45
2020,Socializing,2020-386,45–64,Weekday,34
2020,Sleeping,2020-387,15–24,Weekday,603
2020,Working,2020-387,15–24,Weekday,367
2020,Eating and drinking,2020-387,15–24,Weekday,59
2020,Housework,2020-387,15–24,Weekday,54
2020,Watching TV,2020-387,15–24,Weekday,160
2020,Traveling,2020-387,15–24,Weekday,53
2020,Socializing,2020-387,15–24,Weekday,33
2020,Exercise,2020-387,15–24,Weekday,47
2020,Games and computer,2020-387,15–24,Weekday,101
2020,Sleeping,2020-388,25–44,Weekend,576
2020,Working,2020-388,25–44,Weekend,251
2020,Eating and drinking,2020-388,25–44,Weekend,87
2020,Housework,2020-388,25–44,Weekend,62
2020,Watching TV,2020-388,25–44,Weekend,231
2020,Traveling,2020-388,25–44,Weekend,22
2020,Shopping,2020-388,25–44,Weekend,21
2020,Sleeping,2020-389,45–64,Weekday,553
2020,Eating and drinking,2020-389,45–64,Weekday,76
2020,Watching TV,2020-389,45–64,Weekday,258
2020,Caring for children,2020-389,45–64,Weekday,68
2020,Socializing,2020-389,45–64,Weekday,17
2020,Shopping,2020-389,45–64,Weekday,32
2020,Sleeping,2020-390,65+,Weekday,546
2020,Housework,2020-390,65+,Weekday,30
2020,Traveling,2020-390,65+,Weekday,59
2020,Socializing,2020-390,65+,Weekday,18
2020,Exercise,2020-390,65+,Weekday,38
2020,Shopping,2020-390,65+,Weekday,22
2020,Sleeping,2020-391,45–64,Weekday,505
2020,Working,2020-391,45–64,Weekday,484
2020,Eating and drinking,2020-391,45–64,Weekday,80
2020,Traveling,2020-391,45–64,Weekday,24
2020,Caring for children,2020-391,45–64,Weekday,147
2020,Socializing,2020-391,45–64,Weekday,28
2020,Exercise,2020-391,45–64,Weekday,45
2020,Reading,2020-391,45–64,Weekday,24
2020,Sleeping,2020-392,45–64,Weekday,561
2020,Working,2020-392,45–64,Weekday,323
2020,Eating and drinking,2020-392,45–64,Weekday,85
2020,Housework,2020-392,45–64,Weekday,76
2020,Watching TV,2020-392,45–64,Weekday,172
2020,Traveling,2020-392,45–64,Weekday,59
2020,Caring for children,2020-392,45–64,Weekday,80
2020,Sleeping,2020-393,45–64,Weekday,576
2020,Working,2020-393,45–64,Weekday,406
2020,Eating and drinking,2020-393,45–64,Weekday,83
2020,Housework,2020-393,45–64,Weekday,80
2020,Watching TV,2020-393,45–64,Weekday,150
2020,Traveling,2020-393,45–64,Weekday,46
2020,Caring for children,2020-393,45–64,Weekday,113
2020,Socializing,2020-393,45–64,Weekday,14
2020,Games and computer,2020-393,45–64,Weekday,71
2020,Sleeping,2020-394,15–24,Weekday,542
2020,Working,2020-394,15–24,Weekday,383
2020,Eating and drinking,2020-394,15–24,Weekday,69
2020,Housework,2020-394,15–24,Weekday,62
2020,Watching TV,2020-394,15–24,Weekday,167
2020,Caring for children,2020-394,15–24,Weekday,97
2020,Exercise,2020-394,15–24,Weekday,61
2020,Sleeping,2020-395,25–44,Weekday,552
2020,Working,2020-395,25–44,Weekday,341
2020,Eating and drinking,2020-395,25–44,Weekday,63
2020,Housework,2020-395,25–44,Weekday,40
2020,Watching TV,2020-395,25–44,Weekday,145
2020,Traveling,2020-395,25–44,Weekday,48
2020,Exercise,2020-395,25–44,Weekday,30
2020,Games and computer,2020-395,25–44,Weekday,122
2020,Sleeping,2020-396,25–44,Weekday,550
2020,Eating and drinking,2020-396,25–44,Weekday,82
2020,Housework,2020-396,25–44,Weekday,98
2020,Watching TV,2020-396,25–44,Weekday,180
2020,Traveling,2020-396,25–44,Weekday,52
2020,Caring for children,2020-396,25–44,Weekday,102
2020,Games and computer,2020-396,25–44,Weekday,58
2020,Sleeping,2020-397,65+,Weekend,492
2020,Working,2020-397,65+,Weekend,394
2020,Watching TV,2020-397,65+,Weekend,236
2020,Traveling,2020-397,65+,Weekend,24
2020,Socializing,2020-397,65+,Weekend,29
2020,Exercise,2020-397,65+,Weekend,65
2020,Reading,2020-397,65+,Weekend,33
2020,Sleeping,2020-398,45–64,Weekday,500
2020,Eating and drinking,2020-398,45–64,Weekday,89
2020,Housework,2020-398,45–64,Weekday,53
2020,Traveling,2020-398,45–64,Weekday,46
2020,Exercise,2020-398,45–64,Weekday,18
2020,Shopping,2020-398,45–64,Weekday,35
2020,Sleeping,2020-399,15–24,Weekday,505
2020,Eating and drinking,2020-399,15–24,Weekday,93
2020,Housework,2020-399,15–24,Weekday,103
2020,Watching TV,2020-399,15–24,Weekday,206
2020,Traveling,2020-399,15–24,Weekday,36
2020,Socializing,2020-399,15–24,Weekday,29
2020,Reading,2020-399,15–24,Weekday,38
2020,Sleeping,2020-400,15–24,Weekend,541
2020,Eating and drinking,2020-400,15–24,Weekend,82
2020,Housework,2020-400,15–24,Weekend,61
2020,Watching TV,2020-400,15–24,Weekend,137
2020,Traveling,2020-400,15–24,Weekend,64
2020,Caring for children,2020-400,15–24,Weekend,122
2020,Socializing,2020-400,15–24,Weekend,22
2020,Games and computer,2020-400,15–24,Weekend,79
