country_year,country_code,year,year_start,population
AFG 2023,AFG,2023,2023-01-01,41454761
AFG 2022,AFG,2022,2022-01-01,40578842
AFG 2021,AFG,2021,2021-01-01,40000412
AFG 2020,AFG,2020,2020-01-01,39068979
AFG 2019,AFG,2019,2019-01-01,37856121
AFG 2018,AFG,2018,2018-01-01,36743039
AFG 2017,AFG,2017,2017-01-01,35688935
AFG 2016,AFG,2016,2016-01-01,34700612
AFG 2015,AFG,2015,2015-01-01,33831764
AFG 2014,AFG,2014,2014-01-01,32792523
AFG 2013,AFG,2013,2013-01-01,31622704
AFG 2012,AFG,2012,2012-01-01,30560034
AFG 2011,AFG,2011,2011-01-01,29347708
AFG 2010,AFG,2010,2010-01-01,28284089
AFG 2009,AFG,2009,2009-01-01,27466101
AFG 2008,AFG,2008,2008-01-01,26482622
AFG 2007,AFG,2007,2007-01-01,25909852
AFG 2006,AFG,2006,2006-01-01,25424094
AFG 2005,AFG,2005,2005-01-01,24404567
AFG 2004,AFG,2004,2004-01-01,23560654
AFG 2003,AFG,2003,2003-01-01,22733049
AFG 2002,AFG,2002,2002-01-01,21378117
AFG 2001,AFG,2001,2001-01-01,20284307
AFG 2000,AFG,2000,2000-01-01,20130327
ALB 2023,ALB,2023,2023-01-01,2411658
ALB 2022,ALB,2022,2022-01-01,2451636
ALB 2021,ALB,2021,2021-01-01,2489762
ALB 2020,ALB,2020,2020-01-01,2528480
ALB 2019,ALB,2019,2019-01-01,2567801
ALB 2018,ALB,2018,2018-01-01,2607733
ALB 2017,ALB,2017,2017-01-01,2648285
ALB 2016,ALB,2016,2016-01-01,2689469
ALB 2015,ALB,2015,2015-01-01,2731293
ALB 2014,ALB,2014,2014-01-01,2773767
ALB 2013,ALB,2013,2013-01-01,2816902
ALB 2012,ALB,2012,2012-01-01,2860708
ALB 2011,ALB,2011,2011-01-01,2905195
ALB 2010,ALB,2010,2010-01-01,2913021
ALB 2009,ALB,2009,2009-01-01,2927519
ALB 2008,ALB,2008,2008-01-01,2947314
ALB 2007,ALB,2007,2007-01-01,2970017
ALB 2006,ALB,2006,2006-01-01,2992547
ALB 2005,ALB,2005,2005-01-01,3011487
ALB 2004,ALB,2004,2004-01-01,3026939
ALB 2003,ALB,2003,2003-01-01,3039616
ALB 2002,ALB,2002,2002-01-01,3051010
ALB 2001,ALB,2001,2001-01-01,3060173
ALB 2000,ALB,2000,2000-01-01,3089027
DZA 2023,DZA,2023,2023-01-01,46164219
DZA 2022,DZA,2022,2022-01-01,45477389
DZA 2021,DZA,2021,2021-01-01,44761099
DZA 2020,DZA,2020,2020-01-01,44042091
DZA 2019,DZA,2019,2019-01-01,43294546
DZA 2018,DZA,2018,2018-01-01,42505035
DZA 2017,DZA,2017,2017-01-01,41689299
DZA 2016,DZA,2016,2016-01-01,40850721
DZA 2015,DZA,2015,2015-01-01,40019529
DZA 2014,DZA,2014,2014-01-01,39205031
DZA 2013,DZA,2013,2013-01-01,38414171
DZA 2012,DZA,2012,2012-01-01,37646166
DZA 2011,DZA,2011,2011-01-01,36903376
DZA 2010,DZA,2010,2010-01-01,36188236
DZA 2009,DZA,2009,2009-01-01,35490445
DZA 2008,DZA,2008,2008-01-01,34816961
DZA 2007,DZA,2007,2007-01-01,34189416
DZA 2006,DZA,2006,2006-01-01,33623506
DZA 2005,DZA,2005,2005-01-01,33109249
DZA 2004,DZA,2004,2004-01-01,32628286
DZA 2003,DZA,2003,2003-01-01,32175818
DZA 2002,DZA,2002,2002-01-01,31750835
DZA 2001,DZA,2001,2001-01-01,31331221
DZA 2000,DZA,2000,2000-01-01,30903893
ASM 2023,ASM,2023,2023-01-01,47521
ASM 2022,ASM,2022,2022-01-01,48342
ASM 2021,ASM,2021,2021-01-01,49225
ASM 2020,ASM,2020,2020-01-01,49761
ASM 2019,ASM,2019,2019-01-01,50209
ASM 2018,ASM,2018,2018-01-01,50908
ASM 2017,ASM,2017,2017-01-01,51586
ASM 2016,ASM,2016,2016-01-01,52245
ASM 2015,ASM,2015,2015-01-01,52878
ASM 2014,ASM,2014,2014-01-01,53466
ASM 2013,ASM,2013,2013-01-01,54006
ASM 2012,ASM,2012,2012-01-01,54489
ASM 2011,ASM,2011,2011-01-01,54895
ASM 2010,ASM,2010,2010-01-01,55228
ASM 2009,ASM,2009,2009-01-01,55528
ASM 2008,ASM,2008,2008-01-01,55828
ASM 2007,ASM,2007,2007-01-01,56113
ASM 2006,ASM,2006,2006-01-01,56374
ASM 2005,ASM,2005,2005-01-01,56617
ASM 2004,ASM,2004,2004-01-01,56818
ASM 2003,ASM,2003,2003-01-01,56971
ASM 2002,ASM,2002,2002-01-01,57062
ASM 2001,ASM,2001,2001-01-01,57053
ASM 2000,ASM,2000,2000-01-01,56855
AND 2023,AND,2023,2023-01-01,80856
AND 2022,AND,2022,2022-01-01,79705
AND 2021,AND,2021,2021-01-01,78364
AND 2020,AND,2020,2020-01-01,77380
AND 2019,AND,2019,2019-01-01,76474
AND 2018,AND,2018,2018-01-01,75162
AND 2017,AND,2017,2017-01-01,73763
AND 2016,AND,2016,2016-01-01,72181
AND 2015,AND,2015,2015-01-01,72174
AND 2014,AND,2014,2014-01-01,73737
AND 2013,AND,2013,2013-01-01,75194
AND 2012,AND,2012,2012-01-01,76834
AND 2011,AND,2011,2011-01-01,77783
AND 2010,AND,2010,2010-01-01,80706
AND 2009,AND,2009,2009-01-01,83888
AND 2008,AND,2008,2008-01-01,83495
AND 2007,AND,2007,2007-01-01,81877
AND 2006,AND,2006,2006-01-01,79585
AND 2005,AND,2005,2005-01-01,77421
AND 2004,AND,2004,2004-01-01,74325
AND 2003,AND,2003,2003-01-01,69486
AND 2002,AND,2002,2002-01-01,66506
AND 2001,AND,2001,2001-01-01,65852
AND 2000,AND,2000,2000-01-01,65685
AGO 2023,AGO,2023,2023-01-01,36749906
AGO 2022,AGO,2022,2022-01-01,35635029
AGO 2021,AGO,2021,2021-01-01,34532429
AGO 2020,AGO,2020,2020-01-01,33451132
AGO 2019,AGO,2019,2019-01-01,32375632
AGO 2018,AGO,2018,2018-01-01,31297155
AGO 2017,AGO,2017,2017-01-01,30234839
AGO 2016,AGO,2016,2016-01-01,29183070
AGO 2015,AGO,2015,2015-01-01,28157798
AGO 2014,AGO,2014,2014-01-01,27160769
AGO 2013,AGO,2013,2013-01-01,26165620
AGO 2012,AGO,2012,2012-01-01,25177394
AGO 2011,AGO,2011,2011-01-01,24218352
AGO 2010,AGO,2010,2010-01-01,23294825
AGO 2009,AGO,2009,2009-01-01,22414773
AGO 2008,AGO,2008,2008-01-01,21578655
AGO 2007,AGO,2007,2007-01-01,20778561
AGO 2006,AGO,2006,2006-01-01,20015279
AGO 2005,AGO,2005,2005-01-01,19291161
AGO 2004,AGO,2004,2004-01-01,18600423
AGO 2003,AGO,2003,2003-01-01,17943712
AGO 2002,AGO,2002,2002-01-01,17327699
AGO 2001,AGO,2001,2001-01-01,16747208
AGO 2000,AGO,2000,2000-01-01,16194869
ATG 2023,ATG,2023,2023-01-01,93316
ATG 2022,ATG,2022,2022-01-01,92840
ATG 2021,ATG,2021,2021-01-01,92349
ATG 2020,ATG,2020,2020-01-01,91846
ATG 2019,ATG,2019,2019-01-01,91364
ATG 2018,ATG,2018,2018-01-01,90926
ATG 2017,ATG,2017,2017-01-01,90468
ATG 2016,ATG,2016,2016-01-01,89969
ATG 2015,ATG,2015,2015-01-01,89409
ATG 2014,ATG,2014,2014-01-01,88765
ATG 2013,ATG,2013,2013-01-01,88064
ATG 2012,ATG,2012,2012-01-01,87260
ATG 2011,ATG,2011,2011-01-01,86332
ATG 2010,ATG,2010,2010-01-01,85320
ATG 2009,ATG,2009,2009-01-01,84173
ATG 2008,ATG,2008,2008-01-01,82912
ATG 2007,ATG,2007,2007-01-01,81704
ATG 2006,ATG,2006,2006-01-01,80604
ATG 2005,ATG,2005,2005-01-01,79611
ATG 2004,ATG,2004,2004-01-01,78719
ATG 2003,ATG,2003,2003-01-01,77884
ATG 2002,ATG,2002,2002-01-01,77032
ATG 2001,ATG,2001,2001-01-01,76069
ATG 2000,ATG,2000,2000-01-01,74912
ARG 2023,ARG,2023,2023-01-01,45538401
ARG 2022,ARG,2022,2022-01-01,45407904
ARG 2021,ARG,2021,2021-01-01,45312281
ARG 2020,ARG,2020,2020-01-01,45191965
ARG 2019,ARG,2019,2019-01-01,44973465
ARG 2018,ARG,2018,2018-01-01,44654882
ARG 2017,ARG,2017,2017-01-01,44288894
ARG 2016,ARG,2016,2016-01-01,43900313
ARG 2015,ARG,2015,2015-01-01,43477012
ARG 2014,ARG,2014,2014-01-01,43024071
ARG 2013,ARG,2013,2013-01-01,42582455
ARG 2012,ARG,2012,2012-01-01,42161721
ARG 2011,ARG,2011,2011-01-01,41730660
ARG 2010,ARG,2010,2010-01-01,41288694
ARG 2009,ARG,2009,2009-01-01,40854831
ARG 2008,ARG,2008,2008-01-01,40424148
ARG 2007,ARG,2007,2007-01-01,40016763
ARG 2006,ARG,2006,2006-01-01,39622115
ARG 2005,ARG,2005,2005-01-01,39216789
ARG 2004,ARG,2004,2004-01-01,38815916
ARG 2003,ARG,2003,2003-01-01,38424282
ARG 2002,ARG,2002,2002-01-01,38029349
ARG 2001,ARG,2001,2001-01-01,37624825
ARG 2000,ARG,2000,2000-01-01,37213984
ARM 2023,ARM,2023,2023-01-01,2964300
ARM 2022,ARM,2022,2022-01-01,2969200
ARM 2021,ARM,2021,2021-01-01,2962300
ARM 2020,ARM,2020,2020-01-01,2961500
ARM 2019,ARM,2019,2019-01-01,2962500
ARM 2018,ARM,2018,2018-01-01,2969000
ARM 2017,ARM,2017,2017-01-01,2979400
ARM 2016,ARM,2016,2016-01-01,2992300
ARM 2015,ARM,2015,2015-01-01,3004600
ARM 2014,ARM,2014,2014-01-01,3013800
ARM 2013,ARM,2013,2013-01-01,3022000
ARM 2012,ARM,2012,2012-01-01,3024100
ARM 2011,ARM,2011,2011-01-01,3027900
ARM 2010,ARM,2010,2010-01-01,3044800
ARM 2009,ARM,2009,2009-01-01,3066000
ARM 2008,ARM,2008,2008-01-01,3087100
ARM 2007,ARM,2007,2007-01-01,3107400
ARM 2006,ARM,2006,2006-01-01,3127100
ARM 2005,ARM,2005,2005-01-01,3146400
ARM 2004,ARM,2004,2004-01-01,3164900
ARM 2003,ARM,2003,2003-01-01,3182500
ARM 2002,ARM,2002,2002-01-01,3199800
ARM 2001,ARM,2001,2001-01-01,3211800
ARM 2000,ARM,2000,2000-01-01,3221100
ABW 2023,ABW,2023,2023-01-01,107359
ABW 2022,ABW,2022,2022-01-01,107310
ABW 2021,ABW,2021,2021-01-01,107700
ABW 2020,ABW,2020,2020-01-01,108587
ABW 2019,ABW,2019,2019-01-01,109203
ABW 2018,ABW,2018,2018-01-01,108908
ABW 2017,ABW,2017,2017-01-01,108735
ABW 2016,ABW,2016,2016-01-01,108727
ABW 2015,ABW,2015,2015-01-01,107906
ABW 2014,ABW,2014,2014-01-01,106807
ABW 2013,ABW,2013,2013-01-01,105675
ABW 2012,ABW,2012,2012-01-01,104110
ABW 2011,ABW,2011,2011-01-01,102591
ABW 2010,ABW,2010,2010-01-01,101838
ABW 2009,ABW,2009,2009-01-01,101604
ABW 2008,ABW,2008,2008-01-01,100917
ABW 2007,ABW,2007,2007-01-01,100150
ABW 2006,ABW,2006,2006-01-01,99405
ABW 2005,ABW,2005,2005-01-01,97635
ABW 2004,ABW,2004,2004-01-01,95138
ABW 2003,ABW,2003,2003-01-01,93128
ABW 2002,ABW,2002,2002-01-01,92074
ABW 2001,ABW,2001,2001-01-01,91439
ABW 2000,ABW,2000,2000-01-01,90588
AUS 2023,AUS,2023,2023-01-01,26659922
AUS 2022,AUS,2022,2022-01-01,26018721
AUS 2021,AUS,2021,2021-01-01,25685412
AUS 2020,AUS,2020,2020-01-01,25649248
AUS 2019,AUS,2019,2019-01-01,25334826
AUS 2018,AUS,2018,2018-01-01,24963258
AUS 2017,AUS,2017,2017-01-01,24592588
AUS 2016,AUS,2016,2016-01-01,24190907
AUS 2015,AUS,2015,2015-01-01,23815995
AUS 2014,AUS,2014,2014-01-01,23475686
AUS 2013,AUS,2013,2013-01-01,23128129
AUS 2012,AUS,2012,2012-01-01,22733465
AUS 2011,AUS,2011,2011-01-01,22340024
AUS 2010,AUS,2010,2010-01-01,22031750
AUS 2009,AUS,2009,2009-01-01,21691653
AUS 2008,AUS,2008,2008-01-01,21249199
AUS 2007,AUS,2007,2007-01-01,20827622
AUS 2006,AUS,2006,2006-01-01,20450966
AUS 2005,AUS,2005,2005-01-01,20176844
AUS 2004,AUS,2004,2004-01-01,19932722
AUS 2003,AUS,2003,2003-01-01,19720737
AUS 2002,AUS,2002,2002-01-01,19495210
AUS 2001,AUS,2001,2001-01-01,19274701
AUS 2000,AUS,2000,2000-01-01,19028802
AUT 2023,AUT,2023,2023-01-01,9131761
AUT 2022,AUT,2022,2022-01-01,9041851
AUT 2021,AUT,2021,2021-01-01,8955797
AUT 2020,AUT,2020,2020-01-01,8916864
AUT 2019,AUT,2019,2019-01-01,8879920
AUT 2018,AUT,2018,2018-01-01,8840521
AUT 2017,AUT,2017,2017-01-01,8797566
AUT 2016,AUT,2016,2016-01-01,8736668
AUT 2015,AUT,2015,2015-01-01,8642699
AUT 2014,AUT,2014,2014-01-01,8546356
AUT 2013,AUT,2013,2013-01-01,8479823
AUT 2012,AUT,2012,2012-01-01,8429991
AUT 2011,AUT,2011,2011-01-01,8391643
AUT 2010,AUT,2010,2010-01-01,8363404
AUT 2009,AUT,2009,2009-01-01,8343323
AUT 2008,AUT,2008,2008-01-01,8321496
AUT 2007,AUT,2007,2007-01-01,8295487
AUT 2006,AUT,2006,2006-01-01,8268641
AUT 2005,AUT,2005,2005-01-01,8227829
AUT 2004,AUT,2004,2004-01-01,8171966
AUT 2003,AUT,2003,2003-01-01,8121423
AUT 2002,AUT,2002,2002-01-01,8081957
AUT 2001,AUT,2001,2001-01-01,8042293
AUT 2000,AUT,2000,2000-01-01,8011566
AZE 2023,AZE,2023,2023-01-01,10153958
AZE 2022,AZE,2022,2022-01-01,10141756
AZE 2021,AZE,2021,2021-01-01,10137750
AZE 2020,AZE,2020,2020-01-01,10093121
AZE 2019,AZE,2019,2019-01-01,10024283
AZE 2018,AZE,2018,2018-01-01,9939771
AZE 2017,AZE,2017,2017-01-01,9854033
AZE 2016,AZE,2016,2016-01-01,9757812
AZE 2015,AZE,2015,2015-01-01,9649341
AZE 2014,AZE,2014,2014-01-01,9535079
AZE 2013,AZE,2013,2013-01-01,9416801
AZE 2012,AZE,2012,2012-01-01,9295784
AZE 2011,AZE,2011,2011-01-01,9173082
AZE 2010,AZE,2010,2010-01-01,9054332
AZE 2009,AZE,2009,2009-01-01,8947243
AZE 2008,AZE,2008,2008-01-01,8763400
AZE 2007,AZE,2007,2007-01-01,8581300
AZE 2006,AZE,2006,2006-01-01,8484550
AZE 2005,AZE,2005,2005-01-01,8391850
AZE 2004,AZE,2004,2004-01-01,8306500
AZE 2003,AZE,2003,2003-01-01,8234100
AZE 2002,AZE,2002,2002-01-01,8171950
AZE 2001,AZE,2001,2001-01-01,8111200
AZE 2000,AZE,2000,2000-01-01,8048600
BHS 2023,BHS,2023,2023-01-01,399440
BHS 2022,BHS,2022,2022-01-01,397538
BHS 2021,BHS,2021,2021-01-01,396373
BHS 2020,BHS,2020,2020-01-01,395863
BHS 2019,BHS,2019,2019-01-01,394675
BHS 2018,BHS,2018,2018-01-01,392717
BHS 2017,BHS,2017,2017-01-01,390485
BHS 2016,BHS,2016,2016-01-01,388055
BHS 2015,BHS,2015,2015-01-01,385346
BHS 2014,BHS,2014,2014-01-01,382298
BHS 2013,BHS,2013,2013-01-01,378953
BHS 2012,BHS,2012,2012-01-01,375469
BHS 2011,BHS,2011,2011-01-01,371729
BHS 2010,BHS,2010,2010-01-01,367478
BHS 2009,BHS,2009,2009-01-01,362810
BHS 2008,BHS,2008,2008-01-01,358120
BHS 2007,BHS,2007,2007-01-01,353334
BHS 2006,BHS,2006,2006-01-01,348375
BHS 2005,BHS,2005,2005-01-01,343894
BHS 2004,BHS,2004,2004-01-01,339782
BHS 2003,BHS,2003,2003-01-01,335618
BHS 2002,BHS,2002,2002-01-01,331614
BHS 2001,BHS,2001,2001-01-01,327836
BHS 2000,BHS,2000,2000-01-01,323835
BHR 2023,BHR,2023,2023-01-01,1577059
BHR 2022,BHR,2022,2022-01-01,1524693
BHR 2021,BHR,2021,2021-01-01,1504365
BHR 2020,BHR,2020,2020-01-01,1472204
BHR 2019,BHR,2019,2019-01-01,1483756
BHR 2018,BHR,2018,2018-01-01,1503091
BHR 2017,BHR,2017,2017-01-01,1501116
BHR 2016,BHR,2016,2016-01-01,1423726
BHR 2015,BHR,2015,2015-01-01,1370322
BHR 2014,BHR,2014,2014-01-01,1314562
BHR 2013,BHR,2013,2013-01-01,1253191
BHR 2012,BHR,2012,2012-01-01,1208964
BHR 2011,BHR,2011,2011-01-01,1195020
BHR 2010,BHR,2010,2010-01-01,1228543
BHR 2009,BHR,2009,2009-01-01,1178415
BHR 2008,BHR,2008,2008-01-01,1103496
BHR 2007,BHR,2007,2007-01-01,1039295
BHR 2006,BHR,2006,2006-01-01,960424
BHR 2005,BHR,2005,2005-01-01,888822
BHR 2004,BHR,2004,2004-01-01,823741
BHR 2003,BHR,2003,2003-01-01,764517
BHR 2002,BHR,2002,2002-01-01,710553
BHR 2001,BHR,2001,2001-01-01,661316
BHR 2000,BHR,2000,2000-01-01,637582
BGD 2023,BGD,2023,2023-01-01,171466990
BGD 2022,BGD,2022,2022-01-01,169384897
BGD 2021,BGD,2021,2021-01-01,167658854
BGD 2020,BGD,2020,2020-01-01,166298024
BGD 2019,BGD,2019,2019-01-01,164913055
BGD 2018,BGD,2018,2018-01-01,163523103
BGD 2017,BGD,2017,2017-01-01,162186147
BGD 2016,BGD,2016,2016-01-01,160811932
BGD 2015,BGD,2015,2015-01-01,159383179
BGD 2014,BGD,2014,2014-01-01,157964929
BGD 2013,BGD,2013,2013-01-01,156532141
BGD 2012,BGD,2012,2012-01-01,155070101
BGD 2011,BGD,2011,2011-01-01,153591076
BGD 2010,BGD,2010,2010-01-01,152201981
BGD 2009,BGD,2009,2009-01-01,150873714
BGD 2008,BGD,2008,2008-01-01,149474264
BGD 2007,BGD,2007,2007-01-01,147989278
BGD 2006,BGD,2006,2006-01-01,146405973
BGD 2005,BGD,2005,2005-01-01,144715786
BGD 2004,BGD,2004,2004-01-01,142902856
BGD 2003,BGD,2003,2003-01-01,140970351
BGD 2002,BGD,2002,2002-01-01,138933658
BGD 2001,BGD,2001,2001-01-01,136805810
BGD 2000,BGD,2000,2000-01-01,134544304
BRB 2023,BRB,2023,2023-01-01,282336
BRB 2022,BRB,2022,2022-01-01,282318
BRB 2021,BRB,2021,2021-01-01,282147
BRB 2020,BRB,2020,2020-01-01,281698
BRB 2019,BRB,2019,2019-01-01,281207
BRB 2018,BRB,2018,2018-01-01,280711
BRB 2017,BRB,2017,2017-01-01,280171
BRB 2016,BRB,2016,2016-01-01,279598
BRB 2015,BRB,2015,2015-01-01,278990
BRB 2014,BRB,2014,2014-01-01,278348
BRB 2013,BRB,2013,2013-01-01,277665
BRB 2012,BRB,2012,2012-01-01,276938
BRB 2011,BRB,2011,2011-01-01,276139
BRB 2010,BRB,2010,2010-01-01,275243
BRB 2009,BRB,2009,2009-01-01,274123
BRB 2008,BRB,2008,2008-01-01,272714
BRB 2007,BRB,2007,2007-01-01,271288
BRB 2006,BRB,2006,2006-01-01,270002
BRB 2005,BRB,2005,2005-01-01,268706
BRB 2004,BRB,2004,2004-01-01,267298
BRB 2003,BRB,2003,2003-01-01,265776
BRB 2002,BRB,2002,2002-01-01,264148
BRB 2001,BRB,2001,2001-01-01,262425
BRB 2000,BRB,2000,2000-01-01,262063
BLR 2023,BLR,2023,2023-01-01,9178298
BLR 2022,BLR,2022,2022-01-01,9228071
BLR 2021,BLR,2021,2021-01-01,9302585
BLR 2020,BLR,2020,2020-01-01,9379952
BLR 2019,BLR,2019,2019-01-01,9419758
BLR 2018,BLR,2018,2018-01-01,9438785
BLR 2017,BLR,2017,2017-01-01,9458989
BLR 2016,BLR,2016,2016-01-01,9469379
BLR 2015,BLR,2015,2015-01-01,9461076
BLR 2014,BLR,2014,2014-01-01,9448515
BLR 2013,BLR,2013,2013-01-01,9443211
BLR 2012,BLR,2012,2012-01-01,9446836
BLR 2011,BLR,2011,2011-01-01,9461643
BLR 2010,BLR,2010,2010-01-01,9483836
BLR 2009,BLR,2009,2009-01-01,9504583
BLR 2008,BLR,2008,2008-01-01,9527985
BLR 2007,BLR,2007,2007-01-01,9560953
BLR 2006,BLR,2006,2006-01-01,9604924
BLR 2005,BLR,2005,2005-01-01,9663915
BLR 2004,BLR,2004,2004-01-01,9730146
BLR 2003,BLR,2003,2003-01-01,9796749
BLR 2002,BLR,2002,2002-01-01,9865548
BLR 2001,BLR,2001,2001-01-01,9928549
BLR 2000,BLR,2000,2000-01-01,9979610
BEL 2023,BEL,2023,2023-01-01,11779946
BEL 2022,BEL,2022,2022-01-01,11680210
BEL 2021,BEL,2021,2021-01-01,11586195
BEL 2020,BEL,2020,2020-01-01,11538604
BEL 2019,BEL,2019,2019-01-01,11488980
BEL 2018,BEL,2018,2018-01-01,11427054
BEL 2017,BEL,2017,2017-01-01,11375158
BEL 2016,BEL,2016,2016-01-01,11331422
BEL 2015,BEL,2015,2015-01-01,11274196
BEL 2014,BEL,2014,2014-01-01,11209057
BEL 2013,BEL,2013,2013-01-01,11159407
BEL 2012,BEL,2012,2012-01-01,11106932
BEL 2011,BEL,2011,2011-01-01,11038264
BEL 2010,BEL,2010,2010-01-01,10895586
BEL 2009,BEL,2009,2009-01-01,10796493
BEL 2008,BEL,2008,2008-01-01,10709973
BEL 2007,BEL,2007,2007-01-01,10625700
BEL 2006,BEL,2006,2006-01-01,10547958
BEL 2005,BEL,2005,2005-01-01,10478617
BEL 2004,BEL,2004,2004-01-01,10421137
BEL 2003,BEL,2003,2003-01-01,10376133
BEL 2002,BEL,2002,2002-01-01,10332785
BEL 2001,BEL,2001,2001-01-01,10286570
BEL 2000,BEL,2000,2000-01-01,10251250
BLZ 2023,BLZ,2023,2023-01-01,411106
BLZ 2022,BLZ,2022,2022-01-01,402733
BLZ 2021,BLZ,2021,2021-01-01,395346
BLZ 2020,BLZ,2020,2020-01-01,390812
BLZ 2019,BLZ,2019,2019-01-01,385829
BLZ 2018,BLZ,2018,2018-01-01,380226
BLZ 2017,BLZ,2017,2017-01-01,373202
BLZ 2016,BLZ,2016,2016-01-01,364705
BLZ 2015,BLZ,2015,2015-01-01,356333
BLZ 2014,BLZ,2014,2014-01-01,348923
BLZ 2013,BLZ,2013,2013-01-01,341627
BLZ 2012,BLZ,2012,2012-01-01,334414
BLZ 2011,BLZ,2011,2011-01-01,327298
BLZ 2010,BLZ,2010,2010-01-01,320245
BLZ 2009,BLZ,2009,2009-01-01,312614
BLZ 2008,BLZ,2008,2008-01-01,304361
BLZ 2007,BLZ,2007,2007-01-01,296100
BLZ 2006,BLZ,2006,2006-01-01,287878
BLZ 2005,BLZ,2005,2005-01-01,279731
BLZ 2004,BLZ,2004,2004-01-01,271688
BLZ 2003,BLZ,2003,2003-01-01,263780
BLZ 2002,BLZ,2002,2002-01-01,256009
BLZ 2001,BLZ,2001,2001-01-01,248379
BLZ 2000,BLZ,2000,2000-01-01,240799
BEN 2023,BEN,2023,2023-01-01,14111034
BEN 2022,BEN,2022,2022-01-01,13759501
BEN 2021,BEN,2021,2021-01-01,13413417
BEN 2020,BEN,2020,2020-01-01,13070169
BEN 2019,BEN,2019,2019-01-01,12726755
BEN 2018,BEN,2018,2018-01-01,12383347
BEN 2017,BEN,2017,2017-01-01,12039780
BEN 2016,BEN,2016,2016-01-01,11697842
BEN 2015,BEN,2015,2015-01-01,11360681
BEN 2014,BEN,2014,2014-01-01,11030004
BEN 2013,BEN,2013,2013-01-01,10708834
BEN 2012,BEN,2012,2012-01-01,10397657
BEN 2011,BEN,2011,2011-01-01,10093623
BEN 2010,BEN,2010,2010-01-01,9797484
BEN 2009,BEN,2009,2009-01-01,9509423
BEN 2008,BEN,2008,2008-01-01,9228466
BEN 2007,BEN,2007,2007-01-01,8953969
BEN 2006,BEN,2006,2006-01-01,8693242
BEN 2005,BEN,2005,2005-01-01,8426144
BEN 2004,BEN,2004,2004-01-01,8159094
BEN 2003,BEN,2003,2003-01-01,7913070
BEN 2002,BEN,2002,2002-01-01,7675426
BEN 2001,BEN,2001,2001-01-01,7445596
BEN 2000,BEN,2000,2000-01-01,7221619
BMU 2023,BMU,2023,2023-01-01,64698
BMU 2022,BMU,2022,2022-01-01,64749
BMU 2021,BMU,2021,2021-01-01,64648
BMU 2020,BMU,2020,2020-01-01,64382
BMU 2019,BMU,2019,2019-01-01,64107
BMU 2018,BMU,2018,2018-01-01,63831
BMU 2017,BMU,2017,2017-01-01,63578
BMU 2016,BMU,2016,2016-01-01,63449
BMU 2015,BMU,2015,2015-01-01,63464
BMU 2014,BMU,2014,2014-01-01,63529
BMU 2013,BMU,2013,2013-01-01,63574
BMU 2012,BMU,2012,2012-01-01,63646
BMU 2011,BMU,2011,2011-01-01,63733
BMU 2010,BMU,2010,2010-01-01,63725
BMU 2009,BMU,2009,2009-01-01,63565
BMU 2008,BMU,2008,2008-01-01,63300
BMU 2007,BMU,2007,2007-01-01,63010
BMU 2006,BMU,2006,2006-01-01,62834
BMU 2005,BMU,2005,2005-01-01,62711
BMU 2004,BMU,2004,2004-01-01,62555
BMU 2003,BMU,2003,2003-01-01,62386
BMU 2002,BMU,2002,2002-01-01,62142
BMU 2001,BMU,2001,2001-01-01,61867
BMU 2000,BMU,2000,2000-01-01,61550
BTN 2023,BTN,2023,2023-01-01,786385
BTN 2022,BTN,2022,2022-01-01,780914
BTN 2021,BTN,2021,2021-01-01,775442
BTN 2020,BTN,2020,2020-01-01,770006
BTN 2019,BTN,2019,2019-01-01,764824
BTN 2018,BTN,2018,2018-01-01,759759
BTN 2017,BTN,2017,2017-01-01,754335
BTN 2016,BTN,2016,2016-01-01,747866
BTN 2015,BTN,2015,2015-01-01,740618
BTN 2014,BTN,2014,2014-01-01,733139
BTN 2013,BTN,2013,2013-01-01,725273
BTN 2012,BTN,2012,2012-01-01,717279
BTN 2011,BTN,2011,2011-01-01,709377
BTN 2010,BTN,2010,2010-01-01,701632
BTN 2009,BTN,2009,2009-01-01,693988
BTN 2008,BTN,2008,2008-01-01,686351
BTN 2007,BTN,2007,2007-01-01,678641
BTN 2006,BTN,2006,2006-01-01,670799
BTN 2005,BTN,2005,2005-01-01,661865
BTN 2004,BTN,2004,2004-01-01,650544
BTN 2003,BTN,2003,2003-01-01,637663
BTN 2002,BTN,2002,2002-01-01,624409
BTN 2001,BTN,2001,2001-01-01,610794
BTN 2000,BTN,2000,2000-01-01,596863
BOL 2023,BOL,2023,2023-01-01,12244159
BOL 2022,BOL,2022,2022-01-01,12077154
BOL 2021,BOL,2021,2021-01-01,11937360
BOL 2020,BOL,2020,2020-01-01,11816299
BOL 2019,BOL,2019,2019-01-01,11671386
BOL 2018,BOL,2018,2018-01-01,11508368
BOL 2017,BOL,2017,2017-01-01,11344587
BOL 2016,BOL,2016,2016-01-01,11180020
BOL 2015,BOL,2015,2015-01-01,11014705
BOL 2014,BOL,2014,2014-01-01,10848888
BOL 2013,BOL,2013,2013-01-01,10682608
BOL 2012,BOL,2012,2012-01-01,10515807
BOL 2011,BOL,2011,2011-01-01,10348929
BOL 2010,BOL,2010,2010-01-01,10182345
BOL 2009,BOL,2009,2009-01-01,10016275
BOL 2008,BOL,2008,2008-01-01,9850858
BOL 2007,BOL,2007,2007-01-01,9685960
BOL 2006,BOL,2006,2006-01-01,9521689
BOL 2005,BOL,2005,2005-01-01,9360754
BOL 2004,BOL,2004,2004-01-01,9204287
BOL 2003,BOL,2003,2003-01-01,9050700
BOL 2002,BOL,2002,2002-01-01,8900355
BOL 2001,BOL,2001,2001-01-01,8752736
BOL 2000,BOL,2000,2000-01-01,8606326
BIH 2023,BIH,2023,2023-01-01,3185073
BIH 2022,BIH,2022,2022-01-01,3204802
BIH 2021,BIH,2021,2021-01-01,3244907
BIH 2020,BIH,2020,2020-01-01,3299349
BIH 2019,BIH,2019,2019-01-01,3345533
BIH 2018,BIH,2018,2018-01-01,3387000
BIH 2017,BIH,2017,2017-01-01,3428682
BIH 2016,BIH,2016,2016-01-01,3473003
BIH 2015,BIH,2015,2015-01-01,3518541
BIH 2014,BIH,2014,2014-01-01,3564829
BIH 2013,BIH,2013,2013-01-01,3610859
BIH 2012,BIH,2012,2012-01-01,3670113
BIH 2011,BIH,2011,2011-01-01,3741798
BIH 2010,BIH,2010,2010-01-01,3811472
BIH 2009,BIH,2009,2009-01-01,3879794
BIH 2008,BIH,2008,2008-01-01,3947544
BIH 2007,BIH,2007,2007-01-01,4013424
BIH 2006,BIH,2006,2006-01-01,4063272
BIH 2005,BIH,2005,2005-01-01,4096493
BIH 2004,BIH,2004,2004-01-01,4140987
BIH 2003,BIH,2003,2003-01-01,4178523
BIH 2002,BIH,2002,2002-01-01,4188002
BIH 2001,BIH,2001,2001-01-01,4179438
BIH 2000,BIH,2000,2000-01-01,4159771
BWA 2023,BWA,2023,2023-01-01,2480244
BWA 2022,BWA,2022,2022-01-01,2439892
BWA 2021,BWA,2021,2021-01-01,2401441
BWA 2020,BWA,2020,2020-01-01,2365894
BWA 2019,BWA,2019,2019-01-01,2332083
BWA 2018,BWA,2018,2018-01-01,2299141
BWA 2017,BWA,2017,2017-01-01,2266747
BWA 2016,BWA,2016,2016-01-01,2234776
BWA 2015,BWA,2015,2015-01-01,2203273
BWA 2014,BWA,2014,2014-01-01,2172044
BWA 2013,BWA,2013,2013-01-01,2140682
BWA 2012,BWA,2012,2012-01-01,2108617
BWA 2011,BWA,2011,2011-01-01,2073535
BWA 2010,BWA,2010,2010-01-01,2033111
BWA 2009,BWA,2009,2009-01-01,1990673
BWA 2008,BWA,2008,2008-01-01,1949970
BWA 2007,BWA,2007,2007-01-01,1911201
BWA 2006,BWA,2006,2006-01-01,1874516
BWA 2005,BWA,2005,2005-01-01,1839877
BWA 2004,BWA,2004,2004-01-01,1807146
BWA 2003,BWA,2003,2003-01-01,1775736
BWA 2002,BWA,2002,2002-01-01,1744763
BWA 2001,BWA,2001,2001-01-01,1712254
BWA 2000,BWA,2000,2000-01-01,1677382
BRA 2023,BRA,2023,2023-01-01,211140729
BRA 2022,BRA,2022,2022-01-01,210306415
BRA 2021,BRA,2021,2021-01-01,209550294
BRA 2020,BRA,2020,2020-01-01,208660842
BRA 2019,BRA,2019,2019-01-01,207455459
BRA 2018,BRA,2018,2018-01-01,206107261
BRA 2017,BRA,2017,2017-01-01,204703445
BRA 2016,BRA,2016,2016-01-01,203218114
BRA 2015,BRA,2015,2015-01-01,201675532
BRA 2014,BRA,2014,2014-01-01,200085127
BRA 2013,BRA,2013,2013-01-01,198478299
BRA 2012,BRA,2012,2012-01-01,196876111
BRA 2011,BRA,2011,2011-01-01,195284734
BRA 2010,BRA,2010,2010-01-01,193701929
BRA 2009,BRA,2009,2009-01-01,192079951
BRA 2008,BRA,2008,2008-01-01,190367302
BRA 2007,BRA,2007,2007-01-01,188552320
BRA 2006,BRA,2006,2006-01-01,186653106
BRA 2005,BRA,2005,2005-01-01,184688101
BRA 2004,BRA,2004,2004-01-01,182675143
BRA 2003,BRA,2003,2003-01-01,180622688
BRA 2002,BRA,2002,2002-01-01,178503484
BRA 2001,BRA,2001,2001-01-01,176301203
BRA 2000,BRA,2000,2000-01-01,174018282
VGB 2023,VGB,2023,2023-01-01,38985
VGB 2022,VGB,2022,2022-01-01,38319
VGB 2021,VGB,2021,2021-01-01,37809
VGB 2020,VGB,2020,2020-01-01,37135
VGB 2019,VGB,2019,2019-01-01,36395
VGB 2018,VGB,2018,2018-01-01,34657
VGB 2017,VGB,2017,2017-01-01,32699
VGB 2016,VGB,2016,2016-01-01,33878
VGB 2015,VGB,2015,2015-01-01,34498
VGB 2014,VGB,2014,2014-01-01,32962
VGB 2013,VGB,2013,2013-01-01,31703
VGB 2012,VGB,2012,2012-01-01,30345
VGB 2011,VGB,2011,2011-01-01,28710
VGB 2010,VGB,2010,2010-01-01,27675
VGB 2009,VGB,2009,2009-01-01,27218
VGB 2008,VGB,2008,2008-01-01,26288
VGB 2007,VGB,2007,2007-01-01,25366
VGB 2006,VGB,2006,2006-01-01,24493
VGB 2005,VGB,2005,2005-01-01,23665
VGB 2004,VGB,2004,2004-01-01,22881
VGB 2003,VGB,2003,2003-01-01,22134
VGB 2002,VGB,2002,2002-01-01,21430
VGB 2001,VGB,2001,2001-01-01,20796
VGB 2000,VGB,2000,2000-01-01,20241
BRN 2023,BRN,2023,2023-01-01,458949
BRN 2022,BRN,2022,2022-01-01,455370
BRN 2021,BRN,2021,2021-01-01,451721
BRN 2020,BRN,2020,2020-01-01,447404
BRN 2019,BRN,2019,2019-01-01,442680
BRN 2018,BRN,2018,2018-01-01,437810
BRN 2017,BRN,2017,2017-01-01,432772
BRN 2016,BRN,2016,2016-01-01,427564
BRN 2015,BRN,2015,2015-01-01,422212
BRN 2014,BRN,2014,2014-01-01,416750
BRN 2013,BRN,2013,2013-01-01,411202
BRN 2012,BRN,2012,2012-01-01,405557
BRN 2011,BRN,2011,2011-01-01,399389
BRN 2010,BRN,2010,2010-01-01,392332
BRN 2009,BRN,2009,2009-01-01,384952
BRN 2008,BRN,2008,2008-01-01,377793
BRN 2007,BRN,2007,2007-01-01,370873
BRN 2006,BRN,2006,2006-01-01,364663
BRN 2005,BRN,2005,2005-01-01,358916
BRN 2004,BRN,2004,2004-01-01,352911
BRN 2003,BRN,2003,2003-01-01,346637
BRN 2002,BRN,2002,2002-01-01,340099
BRN 2001,BRN,2001,2001-01-01,333345
BRN 2000,BRN,2000,2000-01-01,326424
BGR 2023,BGR,2023,2023-01-01,6446596
BGR 2022,BGR,2022,2022-01-01,6465097
BGR 2021,BGR,2021,2021-01-01,6507301
BGR 2020,BGR,2020,2020-01-01,6550696
BGR 2019,BGR,2019,2019-01-01,6616726
BGR 2018,BGR,2018,2018-01-01,6710798
BGR 2017,BGR,2017,2017-01-01,6803468
BGR 2016,BGR,2016,2016-01-01,6894139
BGR 2015,BGR,2015,2015-01-01,6984225
BGR 2014,BGR,2014,2014-01-01,7073572
BGR 2013,BGR,2013,2013-01-01,7160005
BGR 2012,BGR,2012,2012-01-01,7305888
BGR 2011,BGR,2011,2011-01-01,7348328
BGR 2010,BGR,2010,2010-01-01,7395599
BGR 2009,BGR,2009,2009-01-01,7444443
BGR 2008,BGR,2008,2008-01-01,7492561
BGR 2007,BGR,2007,2007-01-01,7545338
BGR 2006,BGR,2006,2006-01-01,7601022
BGR 2005,BGR,2005,2005-01-01,7658972
BGR 2004,BGR,2004,2004-01-01,7716860
BGR 2003,BGR,2003,2003-01-01,7775327
BGR 2002,BGR,2002,2002-01-01,7837161
BGR 2001,BGR,2001,2001-01-01,8009142
BGR 2000,BGR,2000,2000-01-01,8170172
BFA 2023,BFA,2023,2023-01-01,23025776
BFA 2022,BFA,2022,2022-01-01,22509038
BFA 2021,BFA,2021,2021-01-01,21995243
BFA 2020,BFA,2020,2020-01-01,21478690
BFA 2019,BFA,2019,2019-01-01,20961952
BFA 2018,BFA,2018,2018-01-01,20438288
BFA 2017,BFA,2017,2017-01-01,19894407
BFA 2016,BFA,2016,2016-01-01,19334856
BFA 2015,BFA,2015,2015-01-01,18777487
BFA 2014,BFA,2014,2014-01-01,18229461
BFA 2013,BFA,2013,2013-01-01,17695409
BFA 2012,BFA,2012,2012-01-01,17172287
BFA 2011,BFA,2011,2011-01-01,16661908
BFA 2010,BFA,2010,2010-01-01,16176498
BFA 2009,BFA,2009,2009-01-01,15710066
BFA 2008,BFA,2008,2008-01-01,15258093
BFA 2007,BFA,2007,2007-01-01,14816307
BFA 2006,BFA,2006,2006-01-01,14373707
BFA 2005,BFA,2005,2005-01-01,13932123
BFA 2004,BFA,2004,2004-01-01,13500533
BFA 2003,BFA,2003,2003-01-01,13082532
BFA 2002,BFA,2002,2002-01-01,12680897
BFA 2001,BFA,2001,2001-01-01,12295001
BFA 2000,BFA,2000,2000-01-01,11925546
BDI 2023,BDI,2023,2023-01-01,13689450
BDI 2022,BDI,2022,2022-01-01,13321097
BDI 2021,BDI,2021,2021-01-01,12965481
BDI 2020,BDI,2020,2020-01-01,12617036
BDI 2019,BDI,2019,2019-01-01,12255336
BDI 2018,BDI,2018,2018-01-01,11859446
BDI 2017,BDI,2017,2017-01-01,11506762
BDI 2016,BDI,2016,2016-01-01,11239451
BDI 2015,BDI,2015,2015-01-01,11047580
BDI 2014,BDI,2014,2014-01-01,10799785
BDI 2013,BDI,2013,2013-01-01,10439341
BDI 2012,BDI,2012,2012-01-01,10071028
BDI 2011,BDI,2011,2011-01-01,9717978
BDI 2010,BDI,2010,2010-01-01,9376444
BDI 2009,BDI,2009,2009-01-01,8947646
BDI 2008,BDI,2008,2008-01-01,8505637
BDI 2007,BDI,2007,2007-01-01,8161874
BDI 2006,BDI,2006,2006-01-01,7865547
BDI 2005,BDI,2005,2005-01-01,7587299
BDI 2004,BDI,2004,2004-01-01,7310656
BDI 2003,BDI,2003,2003-01-01,7043154
BDI 2002,BDI,2002,2002-01-01,6824132
BDI 2001,BDI,2001,2001-01-01,6634365
BDI 2000,BDI,2000,2000-01-01,6470194
CPV 2023,CPV,2023,2023-01-01,522331
CPV 2022,CPV,2022,2022-01-01,519741
CPV 2021,CPV,2021,2021-01-01,516649
CPV 2020,CPV,2020,2020-01-01,514679
CPV 2019,CPV,2019,2019-01-01,514104
CPV 2018,CPV,2018,2018-01-01,513415
CPV 2017,CPV,2017,2017-01-01,512893
CPV 2016,CPV,2016,2016-01-01,512554
CPV 2015,CPV,2015,2015-01-01,512394
CPV 2014,CPV,2014,2014-01-01,512326
CPV 2013,CPV,2013,2013-01-01,512225
CPV 2012,CPV,2012,2012-01-01,511955
CPV 2011,CPV,2011,2011-01-01,511447
CPV 2010,CPV,2010,2010-01-01,509784
CPV 2009,CPV,2009,2009-01-01,506141
CPV 2008,CPV,2008,2008-01-01,501355
CPV 2007,CPV,2007,2007-01-01,496190
CPV 2006,CPV,2006,2006-01-01,490728
CPV 2005,CPV,2005,2005-01-01,485115
CPV 2004,CPV,2004,2004-01-01,479370
CPV 2003,CPV,2003,2003-01-01,473383
CPV 2002,CPV,2002,2002-01-01,467046
CPV 2001,CPV,2001,2001-01-01,460293
CPV 2000,CPV,2000,2000-01-01,453317
KHM 2023,KHM,2023,2023-01-01,17423880
KHM 2022,KHM,2022,2022-01-01,17201724
KHM 2021,KHM,2021,2021-01-01,16974305
KHM 2020,KHM,2020,2020-01-01,16725474
KHM 2019,KHM,2019,2019-01-01,16481304
KHM 2018,KHM,2018,2018-01-01,16274522
KHM 2017,KHM,2017,2017-01-01,16073372
KHM 2016,KHM,2016,2016-01-01,15852803
KHM 2015,KHM,2015,2015-01-01,15623251
KHM 2014,KHM,2014,2014-01-01,15396772
KHM 2013,KHM,2013,2013-01-01,15170208
KHM 2012,KHM,2012,2012-01-01,14945085
KHM 2011,KHM,2011,2011-01-01,14722584
KHM 2010,KHM,2010,2010-01-01,14500726
KHM 2009,KHM,2009,2009-01-01,14276810
KHM 2008,KHM,2008,2008-01-01,14053479
KHM 2007,KHM,2007,2007-01-01,13841770
KHM 2006,KHM,2006,2006-01-01,13639028
KHM 2005,KHM,2005,2005-01-01,13439202
KHM 2004,KHM,2004,2004-01-01,13244731
KHM 2003,KHM,2003,2003-01-01,13050968
KHM 2002,KHM,2002,2002-01-01,12855241
KHM 2001,KHM,2001,2001-01-01,12658484
KHM 2000,KHM,2000,2000-01-01,12462336
CMR 2023,CMR,2023,2023-01-01,28372687
CMR 2022,CMR,2022,2022-01-01,27632771
CMR 2021,CMR,2021,2021-01-01,26915758
CMR 2020,CMR,2020,2020-01-01,26210558
CMR 2019,CMR,2019,2019-01-01,25506095
CMR 2018,CMR,2018,2018-01-01,24806383
CMR 2017,CMR,2017,2017-01-01,24128601
CMR 2016,CMR,2016,2016-01-01,23454161
CMR 2015,CMR,2015,2015-01-01,22763414
CMR 2014,CMR,2014,2014-01-01,22059893
CMR 2013,CMR,2013,2013-01-01,21402376
CMR 2012,CMR,2012,2012-01-01,20809529
CMR 2011,CMR,2011,2011-01-01,20232304
CMR 2010,CMR,2010,2010-01-01,19668066
CMR 2009,CMR,2009,2009-01-01,19113974
CMR 2008,CMR,2008,2008-01-01,18574056
CMR 2007,CMR,2007,2007-01-01,18049896
CMR 2006,CMR,2006,2006-01-01,17550407
CMR 2005,CMR,2005,2005-01-01,17074594
CMR 2004,CMR,2004,2004-01-01,16610487
CMR 2003,CMR,2003,2003-01-01,16160340
CMR 2002,CMR,2002,2002-01-01,15725528
CMR 2001,CMR,2001,2001-01-01,15309490
CMR 2000,CMR,2000,2000-01-01,14912631
CAN 2023,CAN,2023,2023-01-01,40049088
CAN 2022,CAN,2022,2022-01-01,38950132
CAN 2021,CAN,2021,2021-01-01,38239864
CAN 2020,CAN,2020,2020-01-01,38028638
CAN 2019,CAN,2019,2019-01-01,37618495
CAN 2018,CAN,2018,2018-01-01,37072620
CAN 2017,CAN,2017,2017-01-01,36545075
CAN 2016,CAN,2016,2016-01-01,36110803
CAN 2015,CAN,2015,2015-01-01,35704498
CAN 2014,CAN,2014,2014-01-01,35434066
CAN 2013,CAN,2013,2013-01-01,35080992
CAN 2012,CAN,2012,2012-01-01,34713395
CAN 2011,CAN,2011,2011-01-01,34339221
CAN 2010,CAN,2010,2010-01-01,34005902
CAN 2009,CAN,2009,2009-01-01,33630069
CAN 2008,CAN,2008,2008-01-01,33247298
CAN 2007,CAN,2007,2007-01-01,32888886
CAN 2006,CAN,2006,2006-01-01,32571193
CAN 2005,CAN,2005,2005-01-01,32242732
CAN 2004,CAN,2004,2004-01-01,31938807
CAN 2003,CAN,2003,2003-01-01,31642461
CAN 2002,CAN,2002,2002-01-01,31359199
CAN 2001,CAN,2001,2001-01-01,31020855
CAN 2000,CAN,2000,2000-01-01,30685730
CYM 2023,CYM,2023,2023-01-01,73038
CYM 2022,CYM,2022,2022-01-01,71591
CYM 2021,CYM,2021,2021-01-01,70108
CYM 2020,CYM,2020,2020-01-01,68684
CYM 2019,CYM,2019,2019-01-01,67327
CYM 2018,CYM,2018,2018-01-01,65941
CYM 2017,CYM,2017,2017-01-01,64535
CYM 2016,CYM,2016,2016-01-01,63100
CYM 2015,CYM,2015,2015-01-01,61642
CYM 2014,CYM,2014,2014-01-01,60160
CYM 2013,CYM,2013,2013-01-01,58655
CYM 2012,CYM,2012,2012-01-01,57136
CYM 2011,CYM,2011,2011-01-01,55606
CYM 2010,CYM,2010,2010-01-01,54099
CYM 2009,CYM,2009,2009-01-01,52618
CYM 2008,CYM,2008,2008-01-01,51151
CYM 2007,CYM,2007,2007-01-01,49687
CYM 2006,CYM,2006,2006-01-01,48232
CYM 2005,CYM,2005,2005-01-01,46788
CYM 2004,CYM,2004,2004-01-01,45352
CYM 2003,CYM,2003,2003-01-01,43934
CYM 2002,CYM,2002,2002-01-01,42514
CYM 2001,CYM,2001,2001-01-01,41089
CYM 2000,CYM,2000,2000-01-01,39674
CAF 2023,CAF,2023,2023-01-01,5152421
CAF 2022,CAF,2022,2022-01-01,5098039
CAF 2021,CAF,2021,2021-01-01,5112100
CAF 2020,CAF,2020,2020-01-01,5026628
CAF 2019,CAF,2019,2019-01-01,4944703
CAF 2018,CAF,2018,2018-01-01,4878657
CAF 2017,CAF,2017,2017-01-01,4793511
CAF 2016,CAF,2016,2016-01-01,4713663
CAF 2015,CAF,2015,2015-01-01,4629320
CAF 2014,CAF,2014,2014-01-01,4623182
CAF 2013,CAF,2013,2013-01-01,4642419
CAF 2012,CAF,2012,2012-01-01,4610848
CAF 2011,CAF,2011,2011-01-01,4565021
CAF 2010,CAF,2010,2010-01-01,4492995
CAF 2009,CAF,2009,2009-01-01,4529047
CAF 2008,CAF,2008,2008-01-01,4558984
CAF 2007,CAF,2007,2007-01-01,4462770
CAF 2006,CAF,2006,2006-01-01,4377579
CAF 2005,CAF,2005,2005-01-01,4288810
CAF 2004,CAF,2004,2004-01-01,4192826
CAF 2003,CAF,2003,2003-01-01,4103086
CAF 2002,CAF,2002,2002-01-01,4006077
CAF 2001,CAF,2001,2001-01-01,3919487
CAF 2000,CAF,2000,2000-01-01,3833416
TCD 2023,TCD,2023,2023-01-01,19319064
TCD 2022,TCD,2022,2022-01-01,18455316
TCD 2021,TCD,2021,2021-01-01,17828273
TCD 2020,TCD,2020,2020-01-01,17224679
TCD 2019,TCD,2019,2019-01-01,16685223
TCD 2018,TCD,2018,2018-01-01,16156531
TCD 2017,TCD,2017,2017-01-01,15622759
TCD 2016,TCD,2016,2016-01-01,15114655
TCD 2015,TCD,2015,2015-01-01,14647621
TCD 2014,TCD,2014,2014-01-01,14188678
TCD 2013,TCD,2013,2013-01-01,13691079
TCD 2012,TCD,2012,2012-01-01,13210998
TCD 2011,TCD,2011,2011-01-01,12754997
TCD 2010,TCD,2010,2010-01-01,12312575
TCD 2009,TCD,2009,2009-01-01,11893754
TCD 2008,TCD,2008,2008-01-01,11476296
TCD 2007,TCD,2007,2007-01-01,11081660
TCD 2006,TCD,2006,2006-01-01,10706424
TCD 2005,TCD,2005,2005-01-01,10328092
TCD 2004,TCD,2004,2004-01-01,9920036
TCD 2003,TCD,2003,2003-01-01,9487833
TCD 2002,TCD,2002,2002-01-01,9116192
TCD 2001,TCD,2001,2001-01-01,8804124
TCD 2000,TCD,2000,2000-01-01,8512093
CHI 2023,CHI,2023,2023-01-01,167691
CHI 2022,CHI,2022,2022-01-01,167215
CHI 2021,CHI,2021,2021-01-01,166741
CHI 2020,CHI,2020,2020-01-01,166235
CHI 2019,CHI,2019,2019-01-01,165639
CHI 2018,CHI,2018,2018-01-01,164949
CHI 2017,CHI,2017,2017-01-01,164319
CHI 2016,CHI,2016,2016-01-01,163883
CHI 2015,CHI,2015,2015-01-01,163454
CHI 2014,CHI,2014,2014-01-01,162726
CHI 2013,CHI,2013,2013-01-01,161777
CHI 2012,CHI,2012,2012-01-01,160767
CHI 2011,CHI,2011,2011-01-01,159706
CHI 2010,CHI,2010,2010-01-01,158621
CHI 2009,CHI,2009,2009-01-01,157511
CHI 2008,CHI,2008,2008-01-01,156408
CHI 2007,CHI,2007,2007-01-01,155309
CHI 2006,CHI,2006,2006-01-01,154214
CHI 2005,CHI,2005,2005-01-01,153126
CHI 2004,CHI,2004,2004-01-01,152039
CHI 2003,CHI,2003,2003-01-01,150960
CHI 2002,CHI,2002,2002-01-01,149881
CHI 2001,CHI,2001,2001-01-01,148850
CHI 2000,CHI,2000,2000-01-01,148110
CHL 2023,CHL,2023,2023-01-01,19658835
CHL 2022,CHL,2022,2022-01-01,19553036
CHL 2021,CHL,2021,2021-01-01,19456334
CHL 2020,CHL,2020,2020-01-01,19370624
CHL 2019,CHL,2019,2019-01-01,19197744
CHL 2018,CHL,2018,2018-01-01,18893191
CHL 2017,CHL,2017,2017-01-01,18558868
CHL 2016,CHL,2016,2016-01-01,18267221
CHL 2015,CHL,2015,2015-01-01,18047625
CHL 2014,CHL,2014,2014-01-01,17864195
CHL 2013,CHL,2013,2013-01-01,17687006
CHL 2012,CHL,2012,2012-01-01,17519119
CHL 2011,CHL,2011,2011-01-01,17351816
CHL 2010,CHL,2010,2010-01-01,17181464
CHL 2009,CHL,2009,2009-01-01,17009731
CHL 2008,CHL,2008,2008-01-01,16838988
CHL 2007,CHL,2007,2007-01-01,16671581
CHL 2006,CHL,2006,2006-01-01,16509195
CHL 2005,CHL,2005,2005-01-01,16348778
CHL 2004,CHL,2004,2004-01-01,16187322
CHL 2003,CHL,2003,2003-01-01,16024752
CHL 2002,CHL,2002,2002-01-01,15857925
CHL 2001,CHL,2001,2001-01-01,15683849
CHL 2000,CHL,2000,2000-01-01,15503635
CHN 2023,CHN,2023,2023-01-01,1410710000
CHN 2022,CHN,2022,2022-01-01,1412175000
CHN 2021,CHN,2021,2021-01-01,1412360000
CHN 2020,CHN,2020,2020-01-01,1411100000
CHN 2019,CHN,2019,2019-01-01,1407745000
CHN 2018,CHN,2018,2018-01-01,1402760000
CHN 2017,CHN,2017,2017-01-01,1396215000
CHN 2016,CHN,2016,2016-01-01,1387790000
CHN 2015,CHN,2015,2015-01-01,1379860000
CHN 2014,CHN,2014,2014-01-01,1371860000
CHN 2013,CHN,2013,2013-01-01,1363240000
CHN 2012,CHN,2012,2012-01-01,1354190000
CHN 2011,CHN,2011,2011-01-01,1345035000
CHN 2010,CHN,2010,2010-01-01,1337705000
CHN 2009,CHN,2009,2009-01-01,1331260000
CHN 2008,CHN,2008,2008-01-01,1324655000
CHN 2007,CHN,2007,2007-01-01,1317885000
CHN 2006,CHN,2006,2006-01-01,1311020000
CHN 2005,CHN,2005,2005-01-01,1303720000
CHN 2004,CHN,2004,2004-01-01,1296075000
CHN 2003,CHN,2003,2003-01-01,1288400000
CHN 2002,CHN,2002,2002-01-01,1280400000
CHN 2001,CHN,2001,2001-01-01,1271850000
CHN 2000,CHN,2000,2000-01-01,1262645000
COL 2023,COL,2023,2023-01-01,52321152
COL 2022,COL,2022,2022-01-01,51737944
COL 2021,COL,2021,2021-01-01,51188173
COL 2020,COL,2020,2020-01-01,50629997
COL 2019,COL,2019,2019-01-01,49907985
COL 2018,COL,2018,2018-01-01,49024465
COL 2017,COL,2017,2017-01-01,48131078
COL 2016,COL,2016,2016-01-01,47437512
COL 2015,COL,2015,2015-01-01,46969940
COL 2014,COL,2014,2014-01-01,46565429
COL 2013,COL,2013,2013-01-01,46151584
COL 2012,COL,2012,2012-01-01,45715810
COL 2011,COL,2011,2011-01-01,45259614
COL 2010,COL,2010,2010-01-01,44777319
COL 2009,COL,2009,2009-01-01,44271541
COL 2008,COL,2008,2008-01-01,43758808
COL 2007,COL,2007,2007-01-01,43235374
COL 2006,COL,2006,2006-01-01,42691084
COL 2005,COL,2005,2005-01-01,42128977
COL 2004,COL,2004,2004-01-01,41543171
COL 2003,COL,2003,2003-01-01,40937429
COL 2002,COL,2002,2002-01-01,40324680
COL 2001,COL,2001,2001-01-01,39709262
COL 2000,COL,2000,2000-01-01,39089934
COM 2023,COM,2023,2023-01-01,850387
COM 2022,COM,2022,2022-01-01,834188
COM 2021,COM,2021,2021-01-01,818174
COM 2020,COM,2020,2020-01-01,802163
COM 2019,COM,2019,2019-01-01,786578
COM 2018,COM,2018,2018-01-01,771590
COM 2017,COM,2017,2017-01-01,756669
COM 2016,COM,2016,2016-01-01,741741
COM 2015,COM,2015,2015-01-01,726682
COM 2014,COM,2014,2014-01-01,711503
COM 2013,COM,2013,2013-01-01,696192
COM 2012,COM,2012,2012-01-01,681630
COM 2011,COM,2011,2011-01-01,668056
COM 2010,COM,2010,2010-01-01,654836
COM 2009,COM,2009,2009-01-01,641947
COM 2008,COM,2008,2008-01-01,629307
COM 2007,COM,2007,2007-01-01,616927
COM 2006,COM,2006,2006-01-01,604753
COM 2005,COM,2005,2005-01-01,592677
COM 2004,COM,2004,2004-01-01,580704
COM 2003,COM,2003,2003-01-01,569798
COM 2002,COM,2002,2002-01-01,558923
COM 2001,COM,2001,2001-01-01,547220
COM 2000,COM,2000,2000-01-01,536080
COD 2023,COD,2023,2023-01-01,105789731
COD 2022,COD,2022,2022-01-01,102396968
COD 2021,COD,2021,2021-01-01,99148932
COD 2020,COD,2020,2020-01-01,95989998
COD 2019,COD,2019,2019-01-01,92947442
COD 2018,COD,2018,2018-01-01,90047644
COD 2017,COD,2017,2017-01-01,87083398
COD 2016,COD,2016,2016-01-01,83956415
COD 2015,COD,2015,2015-01-01,81035531
COD 2014,COD,2014,2014-01-01,78403242
COD 2013,COD,2013,2013-01-01,75789395
COD 2012,COD,2012,2012-01-01,73254618
COD 2011,COD,2011,2011-01-01,70849311
COD 2010,COD,2010,2010-01-01,68563038
COD 2009,COD,2009,2009-01-01,66412044
COD 2008,COD,2008,2008-01-01,64390664
COD 2007,COD,2007,2007-01-01,62477752
COD 2006,COD,2006,2006-01-01,60615908
COD 2005,COD,2005,2005-01-01,58775724
COD 2004,COD,2004,2004-01-01,56997741
COD 2003,COD,2003,2003-01-01,55343867
COD 2002,COD,2002,2002-01-01,53750524
COD 2001,COD,2001,2001-01-01,52132646
COD 2000,COD,2000,2000-01-01,50507442
COG 2023,COG,2023,2023-01-01,6182885
COG 2022,COG,2022,2022-01-01,6035104
COG 2021,COG,2021,2021-01-01,5892183
COG 2020,COG,2020,2020-01-01,5752791
COG 2019,COG,2019,2019-01-01,5616661
COG 2018,COG,2018,2018-01-01,5483118
COG 2017,COG,2017,2017-01-01,5351011
COG 2016,COG,2016,2016-01-01,5222536
COG 2015,COG,2015,2015-01-01,5097581
COG 2014,COG,2014,2014-01-01,4975880
COG 2013,COG,2013,2013-01-01,4857099
COG 2012,COG,2012,2012-01-01,4740450
COG 2011,COG,2011,2011-01-01,4609724
COG 2010,COG,2010,2010-01-01,4462290
COG 2009,COG,2009,2009-01-01,4281219
COG 2008,COG,2008,2008-01-01,4113517
COG 2007,COG,2007,2007-01-01,3980430
COG 2006,COG,2006,2006-01-01,3837409
COG 2005,COG,2005,2005-01-01,3696393
COG 2004,COG,2004,2004-01-01,3565554
COG 2003,COG,2003,2003-01-01,3445753
COG 2002,COG,2002,2002-01-01,3350771
COG 2001,COG,2001,2001-01-01,3272537
COG 2000,COG,2000,2000-01-01,3151345
CRI 2023,CRI,2023,2023-01-01,5105525
CRI 2022,CRI,2022,2022-01-01,5081765
CRI 2021,CRI,2021,2021-01-01,5059988
CRI 2020,CRI,2020,2020-01-01,5034320
CRI 2019,CRI,2019,2019-01-01,4999553
CRI 2018,CRI,2018,2018-01-01,4957818
CRI 2017,CRI,2017,2017-01-01,4913177
CRI 2016,CRI,2016,2016-01-01,4866998
CRI 2015,CRI,2015,2015-01-01,4818038
CRI 2014,CRI,2014,2014-01-01,4767119
CRI 2013,CRI,2013,2013-01-01,4716147
CRI 2012,CRI,2012,2012-01-01,4663934
CRI 2011,CRI,2011,2011-01-01,4609833
CRI 2010,CRI,2010,2010-01-01,4555962
CRI 2009,CRI,2009,2009-01-01,4499791
CRI 2008,CRI,2008,2008-01-01,4440056
CRI 2007,CRI,2007,2007-01-01,4380248
CRI 2006,CRI,2006,2006-01-01,4321340
CRI 2005,CRI,2005,2005-01-01,4261240
CRI 2004,CRI,2004,2004-01-01,4200078
CRI 2003,CRI,2003,2003-01-01,4138784
CRI 2002,CRI,2002,2002-01-01,4075705
CRI 2001,CRI,2001,2001-01-01,4008947
CRI 2000,CRI,2000,2000-01-01,3937739
CIV 2023,CIV,2023,2023-01-01,31165654
CIV 2022,CIV,2022,2022-01-01,30395002
CIV 2021,CIV,2021,2021-01-01,29639736
CIV 2020,CIV,2020,2020-01-01,28915449
CIV 2019,CIV,2019,2019-01-01,28193009
CIV 2018,CIV,2018,2018-01-01,27464173
CIV 2017,CIV,2017,2017-01-01,26733372
CIV 2016,CIV,2016,2016-01-01,25989405
CIV 2015,CIV,2015,2015-01-01,25246342
CIV 2014,CIV,2014,2014-01-01,24527395
CIV 2013,CIV,2013,2013-01-01,23939775
CIV 2012,CIV,2012,2012-01-01,23467078
CIV 2011,CIV,2011,2011-01-01,22982000
CIV 2010,CIV,2010,2010-01-01,22488065
CIV 2009,CIV,2009,2009-01-01,21997940
CIV 2008,CIV,2008,2008-01-01,21514439
CIV 2007,CIV,2007,2007-01-01,21030558
CIV 2006,CIV,2006,2006-01-01,20546802
CIV 2005,CIV,2005,2005-01-01,20068458
CIV 2004,CIV,2004,2004-01-01,19595000
CIV 2003,CIV,2003,2003-01-01,19125542
CIV 2002,CIV,2002,2002-01-01,18654771
CIV 2001,CIV,2001,2001-01-01,18178913
CIV 2000,CIV,2000,2000-01-01,17699004
HRV 2023,HRV,2023,2023-01-01,3859686
HRV 2022,HRV,2022,2022-01-01,3855641
HRV 2021,HRV,2021,2021-01-01,3878981
HRV 2020,HRV,2020,2020-01-01,3914206
HRV 2019,HRV,2019,2019-01-01,3949390
HRV 2018,HRV,2018,2018-01-01,3988775
HRV 2017,HRV,2017,2017-01-01,4041407
HRV 2016,HRV,2016,2016-01-01,4106867
HRV 2015,HRV,2015,2015-01-01,4151725
HRV 2014,HRV,2014,2014-01-01,4201598
HRV 2013,HRV,2013,2013-01-01,4233922
HRV 2012,HRV,2012,2012-01-01,4260368
HRV 2011,HRV,2011,2011-01-01,4280622
HRV 2010,HRV,2010,2010-01-01,4295427
HRV 2009,HRV,2009,2009-01-01,4305181
HRV 2008,HRV,2008,2008-01-01,4309705
HRV 2007,HRV,2007,2007-01-01,4310217
HRV 2006,HRV,2006,2006-01-01,4311159
HRV 2005,HRV,2005,2005-01-01,4310145
HRV 2004,HRV,2004,2004-01-01,4304600
HRV 2003,HRV,2003,2003-01-01,4303399
HRV 2002,HRV,2002,2002-01-01,4302174
HRV 2001,HRV,2001,2001-01-01,4299642
HRV 2000,HRV,2000,2000-01-01,4468302
CUB 2023,CUB,2023,2023-01-01,11019931
CUB 2022,CUB,2022,2022-01-01,11059820
CUB 2021,CUB,2021,2021-01-01,11122168
CUB 2020,CUB,2020,2020-01-01,11176354
CUB 2019,CUB,2019,2019-01-01,11202846
CUB 2018,CUB,2018,2018-01-01,11227118
CUB 2017,CUB,2017,2017-01-01,11247829
CUB 2016,CUB,2016,2016-01-01,11265612
CUB 2015,CUB,2015,2015-01-01,11275065
CUB 2014,CUB,2014,2014-01-01,11285775
CUB 2013,CUB,2013,2013-01-01,11298167
CUB 2012,CUB,2012,2012-01-01,11303175
CUB 2011,CUB,2011,2011-01-01,11301571
CUB 2010,CUB,2010,2010-01-01,11297409
CUB 2009,CUB,2009,2009-01-01,11294719
CUB 2008,CUB,2008,2008-01-01,11291762
CUB 2007,CUB,2007,2007-01-01,11287272
CUB 2006,CUB,2006,2006-01-01,11278550
CUB 2005,CUB,2005,2005-01-01,11262554
CUB 2004,CUB,2004,2004-01-01,11238756
CUB 2003,CUB,2003,2003-01-01,11209383
CUB 2002,CUB,2002,2002-01-01,11177418
CUB 2001,CUB,2001,2001-01-01,11144132
CUB 2000,CUB,2000,2000-01-01,11109109
CUW 2023,CUW,2023,2023-01-01,154654
CUW 2022,CUW,2022,2022-01-01,153321
CUW 2021,CUW,2021,2021-01-01,153948
CUW 2020,CUW,2020,2020-01-01,155482
CUW 2019,CUW,2019,2019-01-01,157441
CUW 2018,CUW,2018,2018-01-01,159336
CUW 2017,CUW,2017,2017-01-01,160175
CUW 2016,CUW,2016,2016-01-01,159664
CUW 2015,CUW,2015,2015-01-01,157980
CUW 2014,CUW,2014,2014-01-01,155909
CUW 2013,CUW,2013,2013-01-01,153822
CUW 2012,CUW,2012,2012-01-01,152088
CUW 2011,CUW,2011,2011-01-01,150831
CUW 2010,CUW,2010,2010-01-01,148703
CUW 2009,CUW,2009,2009-01-01,146833
CUW 2008,CUW,2008,2008-01-01,145880
CUW 2007,CUW,2007,2007-01-01,144056
CUW 2006,CUW,2006,2006-01-01,141239
CUW 2005,CUW,2005,2005-01-01,137658
CUW 2004,CUW,2004,2004-01-01,134192
CUW 2003,CUW,2003,2003-01-01,131897
CUW 2002,CUW,2002,2002-01-01,129205
CUW 2001,CUW,2001,2001-01-01,129047
CUW 2000,CUW,2000,2000-01-01,133860
CYP 2023,CYP,2023,2023-01-01,1344976
CYP 2022,CYP,2022,2022-01-01,1331370
CYP 2021,CYP,2021,2021-01-01,1317309
CYP 2020,CYP,2020,2020-01-01,1302247
CYP 2019,CYP,2019,2019-01-01,1286671
CYP 2018,CYP,2018,2018-01-01,1270737
CYP 2017,CYP,2017,2017-01-01,1254275
CYP 2016,CYP,2016,2016-01-01,1237112
CYP 2015,CYP,2015,2015-01-01,1219502
CYP 2014,CYP,2014,2014-01-01,1201801
CYP 2013,CYP,2013,2013-01-01,1183895
CYP 2012,CYP,2012,2012-01-01,1165397
CYP 2011,CYP,2011,2011-01-01,1146493
CYP 2010,CYP,2010,2010-01-01,1127816
CYP 2009,CYP,2009,2009-01-01,1109371
CYP 2008,CYP,2008,2008-01-01,1091026
CYP 2007,CYP,2007,2007-01-01,1072714
CYP 2006,CYP,2006,2006-01-01,1054418
CYP 2005,CYP,2005,2005-01-01,1036151
CYP 2004,CYP,2004,2004-01-01,1017875
CYP 2003,CYP,2003,2003-01-01,999590
CYP 2002,CYP,2002,2002-01-01,981440
CYP 2001,CYP,2001,2001-01-01,964127
CYP 2000,CYP,2000,2000-01-01,947667
CZE 2023,CZE,2023,2023-01-01,10864042
CZE 2022,CZE,2022,2022-01-01,10672118
CZE 2021,CZE,2021,2021-01-01,10505772
CZE 2020,CZE,2020,2020-01-01,10697858
CZE 2019,CZE,2019,2019-01-01,10671870
CZE 2018,CZE,2018,2018-01-01,10629928
CZE 2017,CZE,2017,2017-01-01,10594438
CZE 2016,CZE,2016,2016-01-01,10566332
CZE 2015,CZE,2015,2015-01-01,10546059
CZE 2014,CZE,2014,2014-01-01,10525347
CZE 2013,CZE,2013,2013-01-01,10514272
CZE 2012,CZE,2012,2012-01-01,10510785
CZE 2011,CZE,2011,2011-01-01,10496088
CZE 2010,CZE,2010,2010-01-01,10474410
CZE 2009,CZE,2009,2009-01-01,10443936
CZE 2008,CZE,2008,2008-01-01,10384603
CZE 2007,CZE,2007,2007-01-01,10298828
CZE 2006,CZE,2006,2006-01-01,10238905
CZE 2005,CZE,2005,2005-01-01,10211216
CZE 2004,CZE,2004,2004-01-01,10197101
CZE 2003,CZE,2003,2003-01-01,10193998
CZE 2002,CZE,2002,2002-01-01,10196916
CZE 2001,CZE,2001,2001-01-01,10216605
CZE 2000,CZE,2000,2000-01-01,10255063
DNK 2023,DNK,2023,2023-01-01,5946952
DNK 2022,DNK,2022,2022-01-01,5903037
DNK 2021,DNK,2021,2021-01-01,5856733
DNK 2020,DNK,2020,2020-01-01,5831404
DNK 2019,DNK,2019,2019-01-01,5814422
DNK 2018,DNK,2018,2018-01-01,5793636
DNK 2017,DNK,2017,2017-01-01,5764980
DNK 2016,DNK,2016,2016-01-01,5728010
DNK 2015,DNK,2015,2015-01-01,5683483
DNK 2014,DNK,2014,2014-01-01,5643475
DNK 2013,DNK,2013,2013-01-01,5614932
DNK 2012,DNK,2012,2012-01-01,5591572
DNK 2011,DNK,2011,2011-01-01,5570572
DNK 2010,DNK,2010,2010-01-01,5547683
DNK 2009,DNK,2009,2009-01-01,5523095
DNK 2008,DNK,2008,2008-01-01,5493621
DNK 2007,DNK,2007,2007-01-01,5461438
DNK 2006,DNK,2006,2006-01-01,5437272
DNK 2005,DNK,2005,2005-01-01,5419432
DNK 2004,DNK,2004,2004-01-01,5404523
DNK 2003,DNK,2003,2003-01-01,5390574
DNK 2002,DNK,2002,2002-01-01,5375931
DNK 2001,DNK,2001,2001-01-01,5358783
DNK 2000,DNK,2000,2000-01-01,5339616
DJI 2023,DJI,2023,2023-01-01,1152944
DJI 2022,DJI,2022,2022-01-01,1137096
DJI 2021,DJI,2021,2021-01-01,1121248
DJI 2020,DJI,2020,2020-01-01,1105188
DJI 2019,DJI,2019,2019-01-01,1088709
DJI 2018,DJI,2018,2018-01-01,1071882
DJI 2017,DJI,2017,2017-01-01,1054841
DJI 2016,DJI,2016,2016-01-01,1037653
DJI 2015,DJI,2015,2015-01-01,1020313
DJI 2014,DJI,2014,2014-01-01,1002717
DJI 2013,DJI,2013,2013-01-01,984824
DJI 2012,DJI,2012,2012-01-01,966747
DJI 2011,DJI,2011,2011-01-01,948558
DJI 2010,DJI,2010,2010-01-01,930251
DJI 2009,DJI,2009,2009-01-01,911527
DJI 2008,DJI,2008,2008-01-01,892734
DJI 2007,DJI,2007,2007-01-01,874528
DJI 2006,DJI,2006,2006-01-01,855764
DJI 2005,DJI,2005,2005-01-01,839167
DJI 2004,DJI,2004,2004-01-01,826124
DJI 2003,DJI,2003,2003-01-01,813519
DJI 2002,DJI,2002,2002-01-01,795574
DJI 2001,DJI,2001,2001-01-01,771313
DJI 2000,DJI,2000,2000-01-01,747318
DMA 2023,DMA,2023,2023-01-01,66510
DMA 2022,DMA,2022,2022-01-01,66826
DMA 2021,DMA,2021,2021-01-01,67202
DMA 2020,DMA,2020,2020-01-01,67573
DMA 2019,DMA,2019,2019-01-01,67880
DMA 2018,DMA,2018,2018-01-01,68174
DMA 2017,DMA,2017,2017-01-01,68496
DMA 2016,DMA,2016,2016-01-01,69606
DMA 2015,DMA,2015,2015-01-01,70410
DMA 2014,DMA,2014,2014-01-01,70373
DMA 2013,DMA,2013,2013-01-01,69715
DMA 2012,DMA,2012,2012-01-01,69118
DMA 2011,DMA,2011,2011-01-01,69053
DMA 2010,DMA,2010,2010-01-01,68859
DMA 2009,DMA,2009,2009-01-01,68864
DMA 2008,DMA,2008,2008-01-01,68854
DMA 2007,DMA,2007,2007-01-01,68847
DMA 2006,DMA,2006,2006-01-01,68806
DMA 2005,DMA,2005,2005-01-01,68734
DMA 2004,DMA,2004,2004-01-01,68649
DMA 2003,DMA,2003,2003-01-01,68531
DMA 2002,DMA,2002,2002-01-01,68367
DMA 2001,DMA,2001,2001-01-01,68288
DMA 2000,DMA,2000,2000-01-01,68511
DOM 2023,DOM,2023,2023-01-01,11331265
DOM 2022,DOM,2022,2022-01-01,11230734
DOM 2021,DOM,2021,2021-01-01,11123476
DOM 2020,DOM,2020,2020-01-01,11008300
DOM 2019,DOM,2019,2019-01-01,10894043
DOM 2018,DOM,2018,2018-01-01,10782053
DOM 2017,DOM,2017,2017-01-01,10666843
DOM 2016,DOM,2016,2016-01-01,10551430
DOM 2015,DOM,2015,2015-01-01,10434829
DOM 2014,DOM,2014,2014-01-01,10315528
DOM 2013,DOM,2013,2013-01-01,10193833
DOM 2012,DOM,2012,2012-01-01,10070411
DOM 2011,DOM,2011,2011-01-01,9945621
DOM 2010,DOM,2010,2010-01-01,9820175
DOM 2009,DOM,2009,2009-01-01,9695265
DOM 2008,DOM,2008,2008-01-01,9573130
DOM 2007,DOM,2007,2007-01-01,9455658
DOM 2006,DOM,2006,2006-01-01,9341183
DOM 2005,DOM,2005,2005-01-01,9225034
DOM 2004,DOM,2004,2004-01-01,9104892
DOM 2003,DOM,2003,2003-01-01,8980620
DOM 2002,DOM,2002,2002-01-01,8852235
DOM 2001,DOM,2001,2001-01-01,8720283
DOM 2000,DOM,2000,2000-01-01,8584190
ECU 2023,ECU,2023,2023-01-01,17980083
ECU 2022,ECU,2022,2022-01-01,17823897
ECU 2021,ECU,2021,2021-01-01,17682454
ECU 2020,ECU,2020,2020-01-01,17546065
ECU 2019,ECU,2019,2019-01-01,17340021
ECU 2018,ECU,2018,2018-01-01,17049547
ECU 2017,ECU,2017,2017-01-01,16759519
ECU 2016,ECU,2016,2016-01-01,16505139
ECU 2015,ECU,2015,2015-01-01,16266225
ECU 2014,ECU,2014,2014-01-01,16035124
ECU 2013,ECU,2013,2013-01-01,15807128
ECU 2012,ECU,2012,2012-01-01,15572194
ECU 2011,ECU,2011,2011-01-01,15326227
ECU 2010,ECU,2010,2010-01-01,15076695
ECU 2009,ECU,2009,2009-01-01,14825954
ECU 2008,ECU,2008,2008-01-01,14575202
ECU 2007,ECU,2007,2007-01-01,14328773
ECU 2006,ECU,2006,2006-01-01,14086131
ECU 2005,ECU,2005,2005-01-01,13846163
ECU 2004,ECU,2004,2004-01-01,13608701
ECU 2003,ECU,2003,2003-01-01,13372306
ECU 2002,ECU,2002,2002-01-01,13138472
ECU 2001,ECU,2001,2001-01-01,12910740
ECU 2000,ECU,2000,2000-01-01,12689206
EGY 2023,EGY,2023,2023-01-01,114535772
EGY 2022,EGY,2022,2022-01-01,112618250
EGY 2021,EGY,2021,2021-01-01,110957008
EGY 2020,EGY,2020,2020-01-01,109315124
EGY 2019,EGY,2019,2019-01-01,107553158
EGY 2018,EGY,2018,2018-01-01,105682094
EGY 2017,EGY,2017,2017-01-01,103696057
EGY 2016,EGY,2016,2016-01-01,101644589
EGY 2015,EGY,2015,2015-01-01,99597342
EGY 2014,EGY,2014,2014-01-01,97528654
EGY 2013,EGY,2013,2013-01-01,95333553
EGY 2012,EGY,2012,2012-01-01,93161001
EGY 2011,EGY,2011,2011-01-01,91093059
EGY 2010,EGY,2010,2010-01-01,89196072
EGY 2009,EGY,2009,2009-01-01,87501636
EGY 2008,EGY,2008,2008-01-01,85864789
EGY 2007,EGY,2007,2007-01-01,84276225
EGY 2006,EGY,2006,2006-01-01,82700403
EGY 2005,EGY,2005,2005-01-01,81101004
EGY 2004,EGY,2004,2004-01-01,79477443
EGY 2003,EGY,2003,2003-01-01,77853548
EGY 2002,EGY,2002,2002-01-01,76239137
EGY 2001,EGY,2001,2001-01-01,74652029
EGY 2000,EGY,2000,2000-01-01,73083284
SLV 2023,SLV,2023,2023-01-01,6309624
SLV 2022,SLV,2022,2022-01-01,6280319
SLV 2021,SLV,2021,2021-01-01,6255782
SLV 2020,SLV,2020,2020-01-01,6234673
SLV 2019,SLV,2019,2019-01-01,6222318
SLV 2018,SLV,2018,2018-01-01,6219807
SLV 2017,SLV,2017,2017-01-01,6213533
SLV 2016,SLV,2016,2016-01-01,6200800
SLV 2015,SLV,2015,2015-01-01,6183676
SLV 2014,SLV,2014,2014-01-01,6162955
SLV 2013,SLV,2013,2013-01-01,6138839
SLV 2012,SLV,2012,2012-01-01,6113975
SLV 2011,SLV,2011,2011-01-01,6090127
SLV 2010,SLV,2010,2010-01-01,6068249
SLV 2009,SLV,2009,2009-01-01,6048279
SLV 2008,SLV,2008,2008-01-01,6029297
SLV 2007,SLV,2007,2007-01-01,6009824
SLV 2006,SLV,2006,2006-01-01,6002319
SLV 2005,SLV,2005,2005-01-01,6005578
SLV 2004,SLV,2004,2004-01-01,6004671
SLV 2003,SLV,2003,2003-01-01,5998599
SLV 2002,SLV,2002,2002-01-01,5986631
SLV 2001,SLV,2001,2001-01-01,5968060
SLV 2000,SLV,2000,2000-01-01,5943366
GNQ 2023,GNQ,2023,2023-01-01,1847549
GNQ 2022,GNQ,2022,2022-01-01,1803545
GNQ 2021,GNQ,2021,2021-01-01,1758786
GNQ 2020,GNQ,2020,2020-01-01,1716468
GNQ 2019,GNQ,2019,2019-01-01,1670177
GNQ 2018,GNQ,2018,2018-01-01,1616422
GNQ 2017,GNQ,2017,2017-01-01,1562396
GNQ 2016,GNQ,2016,2016-01-01,1508186
GNQ 2015,GNQ,2015,2015-01-01,1453923
GNQ 2014,GNQ,2014,2014-01-01,1399828
GNQ 2013,GNQ,2013,2013-01-01,1346218
GNQ 2012,GNQ,2012,2012-01-01,1293483
GNQ 2011,GNQ,2011,2011-01-01,1241835
GNQ 2010,GNQ,2010,2010-01-01,1189085
GNQ 2009,GNQ,2009,2009-01-01,1135673
GNQ 2008,GNQ,2008,2008-01-01,1084530
GNQ 2007,GNQ,2007,2007-01-01,1036044
GNQ 2006,GNQ,2006,2006-01-01,990343
GNQ 2005,GNQ,2005,2005-01-01,947367
GNQ 2004,GNQ,2004,2004-01-01,899917
GNQ 2003,GNQ,2003,2003-01-01,847862
GNQ 2002,GNQ,2002,2002-01-01,797957
GNQ 2001,GNQ,2001,2001-01-01,749836
GNQ 2000,GNQ,2000,2000-01-01,703279
ERI 2023,ERI,2023,2023-01-01,3470390
ERI 2022,ERI,2022,2022-01-01,3409447
ERI 2021,ERI,2021,2021-01-01,3350183
ERI 2020,ERI,2020,2020-01-01,3291271
ERI 2019,ERI,2019,2019-01-01,3240194
ERI 2018,ERI,2018,2018-01-01,3192760
ERI 2017,ERI,2017,2017-01-01,3150347
ERI 2016,ERI,2016,2016-01-01,3124698
ERI 2015,ERI,2015,2015-01-01,3105546
ERI 2014,ERI,2014,2014-01-01,3095173
ERI 2013,ERI,2013,2013-01-01,3074360
ERI 2012,ERI,2012,2012-01-01,3036988
ERI 2011,ERI,2011,2011-01-01,2998485
ERI 2010,ERI,2010,2010-01-01,2945186
ERI 2009,ERI,2009,2009-01-01,2887885
ERI 2008,ERI,2008,2008-01-01,2816327
ERI 2007,ERI,2007,2007-01-01,2743222
ERI 2006,ERI,2006,2006-01-01,2703502
ERI 2005,ERI,2005,2005-01-01,2661215
ERI 2004,ERI,2004,2004-01-01,2598284
ERI 2003,ERI,2003,2003-01-01,2493903
ERI 2002,ERI,2002,2002-01-01,2392978
ERI 2001,ERI,2001,2001-01-01,2312079
ERI 2000,ERI,2000,2000-01-01,2247031
EST 2023,EST,2023,2023-01-01,1370286
EST 2022,EST,2022,2022-01-01,1348840
EST 2021,EST,2021,2021-01-01,1330932
EST 2020,EST,2020,2020-01-01,1329522
EST 2019,EST,2019,2019-01-01,1326898
EST 2018,EST,2018,2018-01-01,1321977
EST 2017,EST,2017,2017-01-01,1317384
EST 2016,EST,2016,2016-01-01,1315790
EST 2015,EST,2015,2015-01-01,1315407
EST 2014,EST,2014,2014-01-01,1314545
EST 2013,EST,2013,2013-01-01,1317997
EST 2012,EST,2012,2012-01-01,1322696
EST 2011,EST,2011,2011-01-01,1327439
EST 2010,EST,2010,2010-01-01,1331475
EST 2009,EST,2009,2009-01-01,1334515
EST 2008,EST,2008,2008-01-01,1337090
EST 2007,EST,2007,2007-01-01,1340680
EST 2006,EST,2006,2006-01-01,1346810
EST 2005,EST,2005,2005-01-01,1354775
EST 2004,EST,2004,2004-01-01,1362550
EST 2003,EST,2003,2003-01-01,1370720
EST 2002,EST,2002,2002-01-01,1379350
EST 2001,EST,2001,2001-01-01,1388115
EST 2000,EST,2000,2000-01-01,1396985
SWZ 2023,SWZ,2023,2023-01-01,1230506
SWZ 2022,SWZ,2022,2022-01-01,1218917
SWZ 2021,SWZ,2021,2021-01-01,1206593
SWZ 2020,SWZ,2020,2020-01-01,1192729
SWZ 2019,SWZ,2019,2019-01-01,1179874
SWZ 2018,SWZ,2018,2018-01-01,1168929
SWZ 2017,SWZ,2017,2017-01-01,1158195
SWZ 2016,SWZ,2016,2016-01-01,1149507
SWZ 2015,SWZ,2015,2015-01-01,1142813
SWZ 2014,SWZ,2014,2014-01-01,1136299
SWZ 2013,SWZ,2013,2013-01-01,1129990
SWZ 2012,SWZ,2012,2012-01-01,1123863
SWZ 2011,SWZ,2011,2011-01-01,1117833
SWZ 2010,SWZ,2010,2010-01-01,1111650
SWZ 2009,SWZ,2009,2009-01-01,1105153
SWZ 2008,SWZ,2008,2008-01-01,1098091
SWZ 2007,SWZ,2007,2007-01-01,1090705
SWZ 2006,SWZ,2006,2006-01-01,1084436
SWZ 2005,SWZ,2005,2005-01-01,1079022
SWZ 2004,SWZ,2004,2004-01-01,1073159
SWZ 2003,SWZ,2003,2003-01-01,1066700
SWZ 2002,SWZ,2002,2002-01-01,1059441
SWZ 2001,SWZ,2001,2001-01-01,1051064
SWZ 2000,SWZ,2000,2000-01-01,1041414
ETH 2023,ETH,2023,2023-01-01,128691692
ETH 2022,ETH,2022,2022-01-01,125384287
ETH 2021,ETH,2021,2021-01-01,122138588
ETH 2020,ETH,2020,2020-01-01,118917671
ETH 2019,ETH,2019,2019-01-01,115737383
ETH 2018,ETH,2018,2018-01-01,112664152
ETH 2017,ETH,2017,2017-01-01,109666481
ETH 2016,ETH,2016,2016-01-01,106718162
ETH 2015,ETH,2015,2015-01-01,103867135
ETH 2014,ETH,2014,2014-01-01,101115610
ETH 2013,ETH,2013,2013-01-01,98438751
ETH 2012,ETH,2012,2012-01-01,95798767
ETH 2011,ETH,2011,2011-01-01,93149970
ETH 2010,ETH,2010,2010-01-01,90538514
ETH 2009,ETH,2009,2009-01-01,88007636
ETH 2008,ETH,2008,2008-01-01,85543668
ETH 2007,ETH,2007,2007-01-01,83103217
ETH 2006,ETH,2006,2006-01-01,80703490
ETH 2005,ETH,2005,2005-01-01,78367470
ETH 2004,ETH,2004,2004-01-01,76077206
ETH 2003,ETH,2003,2003-01-01,73832663
ETH 2002,ETH,2002,2002-01-01,71635517
ETH 2001,ETH,2001,2001-01-01,69487762
ETH 2000,ETH,2000,2000-01-01,67411494
FRO 2023,FRO,2023,2023-01-01,54398
FRO 2022,FRO,2022,2022-01-01,53903
FRO 2021,FRO,2021,2021-01-01,53291
FRO 2020,FRO,2020,2020-01-01,52561
FRO 2019,FRO,2019,2019-01-01,51790
FRO 2018,FRO,2018,2018-01-01,50997
FRO 2017,FRO,2017,2017-01-01,50179
FRO 2016,FRO,2016,2016-01-01,49463
FRO 2015,FRO,2015,2015-01-01,48898
FRO 2014,FRO,2014,2014-01-01,48427
FRO 2013,FRO,2013,2013-01-01,48245
FRO 2012,FRO,2012,2012-01-01,48290
FRO 2011,FRO,2011,2011-01-01,48542
FRO 2010,FRO,2010,2010-01-01,48656
FRO 2009,FRO,2009,2009-01-01,48790
FRO 2008,FRO,2008,2008-01-01,48547
FRO 2007,FRO,2007,2007-01-01,48378
FRO 2006,FRO,2006,2006-01-01,48335
FRO 2005,FRO,2005,2005-01-01,48359
FRO 2004,FRO,2004,2004-01-01,48384
FRO 2003,FRO,2003,2003-01-01,48032
FRO 2002,FRO,2002,2002-01-01,47335
FRO 2001,FRO,2001,2001-01-01,46635
FRO 2000,FRO,2000,2000-01-01,45754
FJI 2023,FJI,2023,2023-01-01,924145
FJI 2022,FJI,2022,2022-01-01,919422
FJI 2021,FJI,2021,2021-01-01,916711
FJI 2020,FJI,2020,2020-01-01,914963
FJI 2019,FJI,2019,2019-01-01,914899
FJI 2018,FJI,2018,2018-01-01,917180
FJI 2017,FJI,2017,2017-01-01,918759
FJI 2016,FJI,2016,2016-01-01,919166
FJI 2015,FJI,2015,2015-01-01,918578
FJI 2014,FJI,2014,2014-01-01,917585
FJI 2013,FJI,2013,2013-01-01,916352
FJI 2012,FJI,2012,2012-01-01,914918
FJI 2011,FJI,2011,2011-01-01,912989
FJI 2010,FJI,2010,2010-01-01,910419
FJI 2009,FJI,2009,2009-01-01,907239
FJI 2008,FJI,2008,2008-01-01,903399
FJI 2007,FJI,2007,2007-01-01,897832
FJI 2006,FJI,2006,2006-01-01,890365
FJI 2005,FJI,2005,2005-01-01,882379
FJI 2004,FJI,2004,2004-01-01,874366
FJI 2003,FJI,2003,2003-01-01,866286
FJI 2002,FJI,2002,2002-01-01,858049
FJI 2001,FJI,2001,2001-01-01,849596
FJI 2000,FJI,2000,2000-01-01,840909
FIN 2023,FIN,2023,2023-01-01,5583911
FIN 2022,FIN,2022,2022-01-01,5556106
FIN 2021,FIN,2021,2021-01-01,5541017
FIN 2020,FIN,2020,2020-01-01,5529543
FIN 2019,FIN,2019,2019-01-01,5521606
FIN 2018,FIN,2018,2018-01-01,5515525
FIN 2017,FIN,2017,2017-01-01,5508214
FIN 2016,FIN,2016,2016-01-01,5495303
FIN 2015,FIN,2015,2015-01-01,5479531
FIN 2014,FIN,2014,2014-01-01,5461512
FIN 2013,FIN,2013,2013-01-01,5438972
FIN 2012,FIN,2012,2012-01-01,5413971
FIN 2011,FIN,2011,2011-01-01,5388272
FIN 2010,FIN,2010,2010-01-01,5363352
FIN 2009,FIN,2009,2009-01-01,5338871
FIN 2008,FIN,2008,2008-01-01,5313399
FIN 2007,FIN,2007,2007-01-01,5288720
FIN 2006,FIN,2006,2006-01-01,5266268
FIN 2005,FIN,2005,2005-01-01,5246096
FIN 2004,FIN,2004,2004-01-01,5228172
FIN 2003,FIN,2003,2003-01-01,5213014
FIN 2002,FIN,2002,2002-01-01,5200598
FIN 2001,FIN,2001,2001-01-01,5188008
FIN 2000,FIN,2000,2000-01-01,5176209
FRA 2023,FRA,2023,2023-01-01,68372286
FRA 2022,FRA,2022,2022-01-01,68184457
FRA 2021,FRA,2021,2021-01-01,67842811
FRA 2020,FRA,2020,2020-01-01,67601110
FRA 2019,FRA,2019,2019-01-01,67382061
FRA 2018,FRA,2018,2018-01-01,67158348
FRA 2017,FRA,2017,2017-01-01,66918020
FRA 2016,FRA,2016,2016-01-01,66724104
FRA 2015,FRA,2015,2015-01-01,66548272
FRA 2014,FRA,2014,2014-01-01,66312067
FRA 2013,FRA,2013,2013-01-01,65997932
FRA 2012,FRA,2012,2012-01-01,65657659
FRA 2011,FRA,2011,2011-01-01,65340830
FRA 2010,FRA,2010,2010-01-01,65026211
FRA 2009,FRA,2009,2009-01-01,64706436
FRA 2008,FRA,2008,2008-01-01,64375116
FRA 2007,FRA,2007,2007-01-01,64016890
FRA 2006,FRA,2006,2006-01-01,63622342
FRA 2005,FRA,2005,2005-01-01,63180854
FRA 2004,FRA,2004,2004-01-01,62707588
FRA 2003,FRA,2003,2003-01-01,62249855
FRA 2002,FRA,2002,2002-01-01,61812142
FRA 2001,FRA,2001,2001-01-01,61364377
FRA 2000,FRA,2000,2000-01-01,60918661
PYF 2023,PYF,2023,2023-01-01,281118
PYF 2022,PYF,2022,2022-01-01,280378
PYF 2021,PYF,2021,2021-01-01,279792
PYF 2020,PYF,2020,2020-01-01,279209
PYF 2019,PYF,2019,2019-01-01,279034
PYF 2018,PYF,2018,2018-01-01,279815
PYF 2017,PYF,2017,2017-01-01,280087
PYF 2016,PYF,2016,2016-01-01,279178
PYF 2015,PYF,2015,2015-01-01,277866
PYF 2014,PYF,2014,2014-01-01,276387
PYF 2013,PYF,2013,2013-01-01,274728
PYF 2012,PYF,2012,2012-01-01,273084
PYF 2011,PYF,2011,2011-01-01,271727
PYF 2010,PYF,2010,2010-01-01,270580
PYF 2009,PYF,2009,2009-01-01,269481
PYF 2008,PYF,2008,2008-01-01,268379
PYF 2007,PYF,2007,2007-01-01,266438
PYF 2006,PYF,2006,2006-01-01,263223
PYF 2005,PYF,2005,2005-01-01,259507
PYF 2004,PYF,2004,2004-01-01,255654
PYF 2003,PYF,2003,2003-01-01,251637
PYF 2002,PYF,2002,2002-01-01,247775
PYF 2001,PYF,2001,2001-01-01,244097
PYF 2000,PYF,2000,2000-01-01,240337
GAB 2023,GAB,2023,2023-01-01,2484789
GAB 2022,GAB,2022,2022-01-01,2430747
GAB 2021,GAB,2021,2021-01-01,2376722
GAB 2020,GAB,2020,2020-01-01,2322539
GAB 2019,GAB,2019,2019-01-01,2267706
GAB 2018,GAB,2018,2018-01-01,2212318
GAB 2017,GAB,2017,2017-01-01,2156900
GAB 2016,GAB,2016,2016-01-01,2100306
GAB 2015,GAB,2015,2015-01-01,2040989
GAB 2014,GAB,2014,2014-01-01,1978399
GAB 2013,GAB,2013,2013-01-01,1913059
GAB 2012,GAB,2012,2012-01-01,1846889
GAB 2011,GAB,2011,2011-01-01,1781985
GAB 2010,GAB,2010,2010-01-01,1719879
GAB 2009,GAB,2009,2009-01-01,1661556
GAB 2008,GAB,2008,2008-01-01,1607175
GAB 2007,GAB,2007,2007-01-01,1556237
GAB 2006,GAB,2006,2006-01-01,1508337
GAB 2005,GAB,2005,2005-01-01,1463495
GAB 2004,GAB,2004,2004-01-01,1421609
GAB 2003,GAB,2003,2003-01-01,1382350
GAB 2002,GAB,2002,2002-01-01,1345135
GAB 2001,GAB,2001,2001-01-01,1309589
GAB 2000,GAB,2000,2000-01-01,1275572
GMB 2023,GMB,2023,2023-01-01,2697845
GMB 2022,GMB,2022,2022-01-01,2636470
GMB 2021,GMB,2021,2021-01-01,2576010
GMB 2020,GMB,2020,2020-01-01,2515733
GMB 2019,GMB,2019,2019-01-01,2456844
GMB 2018,GMB,2018,2018-01-01,2399632
GMB 2017,GMB,2017,2017-01-01,2342189
GMB 2016,GMB,2016,2016-01-01,2283769
GMB 2015,GMB,2015,2015-01-01,2224529
GMB 2014,GMB,2014,2014-01-01,2164528
GMB 2013,GMB,2013,2013-01-01,2103820
GMB 2012,GMB,2012,2012-01-01,2043094
GMB 2011,GMB,2011,2011-01-01,1983784
GMB 2010,GMB,2010,2010-01-01,1926630
GMB 2009,GMB,2009,2009-01-01,1871422
GMB 2008,GMB,2008,2008-01-01,1817852
GMB 2007,GMB,2007,2007-01-01,1765774
GMB 2006,GMB,2006,2006-01-01,1715275
GMB 2005,GMB,2005,2005-01-01,1667037
GMB 2004,GMB,2004,2004-01-01,1621312
GMB 2003,GMB,2003,2003-01-01,1577611
GMB 2002,GMB,2002,2002-01-01,1535691
GMB 2001,GMB,2001,2001-01-01,1495011
GMB 2000,GMB,2000,2000-01-01,1455084
GEO 2023,GEO,2023,2023-01-01,3715483
GEO 2022,GEO,2022,2022-01-01,3712502
GEO 2021,GEO,2021,2021-01-01,3708610
GEO 2020,GEO,2020,2020-01-01,3722716
GEO 2019,GEO,2019,2019-01-01,3720161
GEO 2018,GEO,2018,2018-01-01,3726549
GEO 2017,GEO,2017,2017-01-01,3728004
GEO 2016,GEO,2016,2016-01-01,3727505
GEO 2015,GEO,2015,2015-01-01,3725276
GEO 2014,GEO,2014,2014-01-01,3719414
GEO 2013,GEO,2013,2013-01-01,3717668
GEO 2012,GEO,2012,2012-01-01,3728874
GEO 2011,GEO,2011,2011-01-01,3756441
GEO 2010,GEO,2010,2010-01-01,3786695
GEO 2009,GEO,2009,2009-01-01,3814419
GEO 2008,GEO,2008,2008-01-01,3848449
GEO 2007,GEO,2007,2007-01-01,3860158
GEO 2006,GEO,2006,2006-01-01,3880347
GEO 2005,GEO,2005,2005-01-01,3902469
GEO 2004,GEO,2004,2004-01-01,3927340
GEO 2003,GEO,2003,2003-01-01,3951736
GEO 2002,GEO,2002,2002-01-01,3978515
GEO 2001,GEO,2001,2001-01-01,4014373
GEO 2000,GEO,2000,2000-01-01,4077131
DEU 2023,DEU,2023,2023-01-01,83287273
DEU 2022,DEU,2022,2022-01-01,83177813
DEU 2021,DEU,2021,2021-01-01,83196078
DEU 2020,DEU,2020,2020-01-01,83160871
DEU 2019,DEU,2019,2019-01-01,83092962
DEU 2018,DEU,2018,2018-01-01,82905782
DEU 2017,DEU,2017,2017-01-01,82657002
DEU 2016,DEU,2016,2016-01-01,82348669
DEU 2015,DEU,2015,2015-01-01,81686611
DEU 2014,DEU,2014,2014-01-01,80982500
DEU 2013,DEU,2013,2013-01-01,80645605
DEU 2012,DEU,2012,2012-01-01,80425823
DEU 2011,DEU,2011,2011-01-01,80274983
DEU 2010,DEU,2010,2010-01-01,81776930
DEU 2009,DEU,2009,2009-01-01,81902307
DEU 2008,DEU,2008,2008-01-01,82110097
DEU 2007,DEU,2007,2007-01-01,82266372
DEU 2006,DEU,2006,2006-01-01,82376451
DEU 2005,DEU,2005,2005-01-01,82469422
DEU 2004,DEU,2004,2004-01-01,82516260
DEU 2003,DEU,2003,2003-01-01,82534176
DEU 2002,DEU,2002,2002-01-01,82488495
DEU 2001,DEU,2001,2001-01-01,82349925
DEU 2000,DEU,2000,2000-01-01,82211508
GHA 2023,GHA,2023,2023-01-01,33787914
GHA 2022,GHA,2022,2022-01-01,33149152
GHA 2021,GHA,2021,2021-01-01,32518665
GHA 2020,GHA,2020,2020-01-01,31887809
GHA 2019,GHA,2019,2019-01-01,31258945
GHA 2018,GHA,2018,2018-01-01,30637585
GHA 2017,GHA,2017,2017-01-01,30008354
GHA 2016,GHA,2016,2016-01-01,29356742
GHA 2015,GHA,2015,2015-01-01,28696068
GHA 2014,GHA,2014,2014-01-01,28041592
GHA 2013,GHA,2013,2013-01-01,27386193
GHA 2012,GHA,2012,2012-01-01,26734268
GHA 2011,GHA,2011,2011-01-01,26095088
GHA 2010,GHA,2010,2010-01-01,25474995
GHA 2009,GHA,2009,2009-01-01,24862664
GHA 2008,GHA,2008,2008-01-01,24249946
GHA 2007,GHA,2007,2007-01-01,23642279
GHA 2006,GHA,2006,2006-01-01,23040702
GHA 2005,GHA,2005,2005-01-01,22449438
GHA 2004,GHA,2004,2004-01-01,21868298
GHA 2003,GHA,2003,2003-01-01,21296705
GHA 2002,GHA,2002,2002-01-01,20729388
GHA 2001,GHA,2001,2001-01-01,20167069
GHA 2000,GHA,2000,2000-01-01,19637087
GIB 2023,GIB,2023,2023-01-01,38471
GIB 2022,GIB,2022,2022-01-01,37609
GIB 2021,GIB,2021,2021-01-01,36858
GIB 2020,GIB,2020,2020-01-01,36173
GIB 2019,GIB,2019,2019-01-01,35494
GIB 2018,GIB,2018,2018-01-01,34854
GIB 2017,GIB,2017,2017-01-01,34245
GIB 2016,GIB,2016,2016-01-01,33658
GIB 2015,GIB,2015,2015-01-01,33193
GIB 2014,GIB,2014,2014-01-01,32813
GIB 2013,GIB,2013,2013-01-01,32407
GIB 2012,GIB,2012,2012-01-01,32029
GIB 2011,GIB,2011,2011-01-01,31660
GIB 2010,GIB,2010,2010-01-01,31248
GIB 2009,GIB,2009,2009-01-01,30823
GIB 2008,GIB,2008,2008-01-01,30413
GIB 2007,GIB,2007,2007-01-01,30006
GIB 2006,GIB,2006,2006-01-01,29594
GIB 2005,GIB,2005,2005-01-01,29163
GIB 2004,GIB,2004,2004-01-01,28715
GIB 2003,GIB,2003,2003-01-01,28274
GIB 2002,GIB,2002,2002-01-01,27831
GIB 2001,GIB,2001,2001-01-01,27657
GIB 2000,GIB,2000,2000-01-01,27709
GRC 2023,GRC,2023,2023-01-01,10407351
GRC 2022,GRC,2022,2022-01-01,10437805
GRC 2021,GRC,2021,2021-01-01,10570130
GRC 2020,GRC,2020,2020-01-01,10698599
GRC 2019,GRC,2019,2019-01-01,10721582
GRC 2018,GRC,2018,2018-01-01,10732882
GRC 2017,GRC,2017,2017-01-01,10754679
GRC 2016,GRC,2016,2016-01-01,10775971
GRC 2015,GRC,2015,2015-01-01,10820883
GRC 2014,GRC,2014,2014-01-01,10892413
GRC 2013,GRC,2013,2013-01-01,10965211
GRC 2012,GRC,2012,2012-01-01,11045011
GRC 2011,GRC,2011,2011-01-01,11104899
GRC 2010,GRC,2010,2010-01-01,11121341
GRC 2009,GRC,2009,2009-01-01,11107017
GRC 2008,GRC,2008,2008-01-01,11077841
GRC 2007,GRC,2007,2007-01-01,11048473
GRC 2006,GRC,2006,2006-01-01,11020362
GRC 2005,GRC,2005,2005-01-01,10987314
GRC 2004,GRC,2004,2004-01-01,10955141
GRC 2003,GRC,2003,2003-01-01,10928070
GRC 2002,GRC,2002,2002-01-01,10902022
GRC 2001,GRC,2001,2001-01-01,10862132
GRC 2000,GRC,2000,2000-01-01,10805808
GRL 2023,GRL,2023,2023-01-01,56865
GRL 2022,GRL,2022,2022-01-01,56661
GRL 2021,GRL,2021,2021-01-01,56653
GRL 2020,GRL,2020,2020-01-01,56367
GRL 2019,GRL,2019,2019-01-01,56225
GRL 2018,GRL,2018,2018-01-01,56023
GRL 2017,GRL,2017,2017-01-01,56172
GRL 2016,GRL,2016,2016-01-01,56186
GRL 2015,GRL,2015,2015-01-01,56114
GRL 2014,GRL,2014,2014-01-01,56295
GRL 2013,GRL,2013,2013-01-01,56483
GRL 2012,GRL,2012,2012-01-01,56810
GRL 2011,GRL,2011,2011-01-01,56890
GRL 2010,GRL,2010,2010-01-01,56534
GRL 2009,GRL,2009,2009-01-01,56323
GRL 2008,GRL,2008,2008-01-01,56328
GRL 2007,GRL,2007,2007-01-01,56555
GRL 2006,GRL,2006,2006-01-01,56775
GRL 2005,GRL,2005,2005-01-01,56935
GRL 2004,GRL,2004,2004-01-01,56898
GRL 2003,GRL,2003,2003-01-01,56751
GRL 2002,GRL,2002,2002-01-01,56595
GRL 2001,GRL,2001,2001-01-01,56379
GRL 2000,GRL,2000,2000-01-01,56185
GRD 2023,GRD,2023,2023-01-01,117081
GRD 2022,GRD,2022,2022-01-01,116913
GRD 2021,GRD,2021,2021-01-01,116688
GRD 2020,GRD,2020,2020-01-01,116341
GRD 2019,GRD,2019,2019-01-01,115981
GRD 2018,GRD,2018,2018-01-01,115691
GRD 2017,GRD,2017,2017-01-01,115438
GRD 2016,GRD,2016,2016-01-01,115130
GRD 2015,GRD,2015,2015-01-01,114676
GRD 2014,GRD,2014,2014-01-01,114132
GRD 2013,GRD,2013,2013-01-01,113487
GRD 2012,GRD,2012,2012-01-01,112775
GRD 2011,GRD,2011,2011-01-01,112079
GRD 2010,GRD,2010,2010-01-01,111586
GRD 2009,GRD,2009,2009-01-01,111254
GRD 2008,GRD,2008,2008-01-01,110896
GRD 2007,GRD,2007,2007-01-01,110522
GRD 2006,GRD,2006,2006-01-01,110135
GRD 2005,GRD,2005,2005-01-01,109734
GRD 2004,GRD,2004,2004-01-01,109323
GRD 2003,GRD,2003,2003-01-01,108884
GRD 2002,GRD,2002,2002-01-01,108404
GRD 2001,GRD,2001,2001-01-01,107987
GRD 2000,GRD,2000,2000-01-01,107451
GUM 2023,GUM,2023,2023-01-01,166506
GUM 2022,GUM,2022,2022-01-01,165180
GUM 2021,GUM,2021,2021-01-01,163730
GUM 2020,GUM,2020,2020-01-01,162158
GUM 2019,GUM,2019,2019-01-01,161808
GUM 2018,GUM,2018,2018-01-01,162679
GUM 2017,GUM,2017,2017-01-01,163490
GUM 2016,GUM,2016,2016-01-01,164233
GUM 2015,GUM,2015,2015-01-01,164905
GUM 2014,GUM,2014,2014-01-01,165486
GUM 2013,GUM,2013,2013-01-01,165966
GUM 2012,GUM,2012,2012-01-01,166331
GUM 2011,GUM,2011,2011-01-01,166543
GUM 2010,GUM,2010,2010-01-01,166522
GUM 2009,GUM,2009,2009-01-01,166173
GUM 2008,GUM,2008,2008-01-01,165693
GUM 2007,GUM,2007,2007-01-01,165267
GUM 2006,GUM,2006,2006-01-01,164839
GUM 2005,GUM,2005,2005-01-01,164365
GUM 2004,GUM,2004,2004-01-01,163810
GUM 2003,GUM,2003,2003-01-01,163137
GUM 2002,GUM,2002,2002-01-01,162315
GUM 2001,GUM,2001,2001-01-01,161329
GUM 2000,GUM,2000,2000-01-01,160065
GTM 2023,GTM,2023,2023-01-01,18124838
GTM 2022,GTM,2022,2022-01-01,17847877
GTM 2021,GTM,2021,2021-01-01,17598650
GTM 2020,GTM,2020,2020-01-01,17357325
GTM 2019,GTM,2019,2019-01-01,17103803
GTM 2018,GTM,2018,2018-01-01,16845685
GTM 2017,GTM,2017,2017-01-01,16567357
GTM 2016,GTM,2016,2016-01-01,16268760
GTM 2015,GTM,2015,2015-01-01,15971743
GTM 2014,GTM,2014,2014-01-01,15681725
GTM 2013,GTM,2013,2013-01-01,15387337
GTM 2012,GTM,2012,2012-01-01,15089647
GTM 2011,GTM,2011,2011-01-01,14792126
GTM 2010,GTM,2010,2010-01-01,14500112
GTM 2009,GTM,2009,2009-01-01,14215611
GTM 2008,GTM,2008,2008-01-01,13935174
GTM 2007,GTM,2007,2007-01-01,13652040
GTM 2006,GTM,2006,2006-01-01,13367459
GTM 2005,GTM,2005,2005-01-01,13087629
GTM 2004,GTM,2004,2004-01-01,12807402
GTM 2003,GTM,2003,2003-01-01,12525842
GTM 2002,GTM,2002,2002-01-01,12246915
GTM 2001,GTM,2001,2001-01-01,11969422
GTM 2000,GTM,2000,2000-01-01,11697592
GIN 2023,GIN,2023,2023-01-01,14405468
GIN 2022,GIN,2022,2022-01-01,14055137
GIN 2021,GIN,2021,2021-01-01,13710513
GIN 2020,GIN,2020,2020-01-01,13371183
GIN 2019,GIN,2019,2019-01-01,13034346
GIN 2018,GIN,2018,2018-01-01,12704774
GIN 2017,GIN,2017,2017-01-01,12385659
GIN 2016,GIN,2016,2016-01-01,12073030
GIN 2015,GIN,2015,2015-01-01,11767070
GIN 2014,GIN,2014,2014-01-01,11472924
GIN 2013,GIN,2013,2013-01-01,11191873
GIN 2012,GIN,2012,2012-01-01,10921581
GIN 2011,GIN,2011,2011-01-01,10656810
GIN 2010,GIN,2010,2010-01-01,10396086
GIN 2009,GIN,2009,2009-01-01,10143534
GIN 2008,GIN,2008,2008-01-01,9898870
GIN 2007,GIN,2007,2007-01-01,9662281
GIN 2006,GIN,2006,2006-01-01,9441171
GIN 2005,GIN,2005,2005-01-01,9245844
GIN 2004,GIN,2004,2004-01-01,9062726
GIN 2003,GIN,2003,2003-01-01,8870781
GIN 2002,GIN,2002,2002-01-01,8674066
GIN 2001,GIN,2001,2001-01-01,8539960
GIN 2000,GIN,2000,2000-01-01,8428832
GNB 2023,GNB,2023,2023-01-01,2153339
GNB 2022,GNB,2022,2022-01-01,2105529
GNB 2021,GNB,2021,2021-01-01,2058841
GNB 2020,GNB,2020,2020-01-01,2013255
GNB 2019,GNB,2019,2019-01-01,1967696
GNB 2018,GNB,2018,2018-01-01,1922168
GNB 2017,GNB,2017,2017-01-01,1877072
GNB 2016,GNB,2016,2016-01-01,1831893
GNB 2015,GNB,2015,2015-01-01,1786457
GNB 2014,GNB,2014,2014-01-01,1741122
GNB 2013,GNB,2013,2013-01-01,1695973
GNB 2012,GNB,2012,2012-01-01,1651417
GNB 2011,GNB,2011,2011-01-01,1608076
GNB 2010,GNB,2010,2010-01-01,1566347
GNB 2009,GNB,2009,2009-01-01,1526377
GNB 2008,GNB,2008,2008-01-01,1488054
GNB 2007,GNB,2007,2007-01-01,1450986
GNB 2006,GNB,2006,2006-01-01,1415303
GNB 2005,GNB,2005,2005-01-01,1381585
GNB 2004,GNB,2004,2004-01-01,1349563
GNB 2003,GNB,2003,2003-01-01,1318806
GNB 2002,GNB,2002,2002-01-01,1289307
GNB 2001,GNB,2001,2001-01-01,1261273
GNB 2000,GNB,2000,2000-01-01,1234741
GUY 2023,GUY,2023,2023-01-01,826353
GUY 2022,GUY,2022,2022-01-01,821637
GUY 2021,GUY,2021,2021-01-01,815482
GUY 2020,GUY,2020,2020-01-01,807481
GUY 2019,GUY,2019,2019-01-01,807665
GUY 2018,GUY,2018,2018-01-01,791556
GUY 2017,GUY,2017,2017-01-01,768479
GUY 2016,GUY,2016,2016-01-01,763548
GUY 2015,GUY,2015,2015-01-01,758781
GUY 2014,GUY,2014,2014-01-01,754229
GUY 2013,GUY,2013,2013-01-01,750021
GUY 2012,GUY,2012,2012-01-01,746288
GUY 2011,GUY,2011,2011-01-01,746153
GUY 2010,GUY,2010,2010-01-01,749256
GUY 2009,GUY,2009,2009-01-01,752094
GUY 2008,GUY,2008,2008-01-01,754606
GUY 2007,GUY,2007,2007-01-01,756861
GUY 2006,GUY,2006,2006-01-01,758966
GUY 2005,GUY,2005,2005-01-01,760914
GUY 2004,GUY,2004,2004-01-01,762418
GUY 2003,GUY,2003,2003-01-01,763101
GUY 2002,GUY,2002,2002-01-01,763652
GUY 2001,GUY,2001,2001-01-01,764477
GUY 2000,GUY,2000,2000-01-01,764832
HTI 2023,HTI,2023,2023-01-01,11637398
HTI 2022,HTI,2022,2022-01-01,11503606
HTI 2021,HTI,2021,2021-01-01,11374586
HTI 2020,HTI,2020,2020-01-01,11243848
HTI 2019,HTI,2019,2019-01-01,11105163
HTI 2018,HTI,2018,2018-01-01,10962362
HTI 2017,HTI,2017,2017-01-01,10817754
HTI 2016,HTI,2016,2016-01-01,10671457
HTI 2015,HTI,2015,2015-01-01,10523242
HTI 2014,HTI,2014,2014-01-01,10373235
HTI 2013,HTI,2013,2013-01-01,10222362
HTI 2012,HTI,2012,2012-01-01,10069771
HTI 2011,HTI,2011,2011-01-01,9914904
HTI 2010,HTI,2010,2010-01-01,9803294
HTI 2009,HTI,2009,2009-01-01,9689581
HTI 2008,HTI,2008,2008-01-01,9530774
HTI 2007,HTI,2007,2007-01-01,9373296
HTI 2006,HTI,2006,2006-01-01,9216562
HTI 2005,HTI,2005,2005-01-01,9061273
HTI 2004,HTI,2004,2004-01-01,8910263
HTI 2003,HTI,2003,2003-01-01,8759912
HTI 2002,HTI,2002,2002-01-01,8607641
HTI 2001,HTI,2001,2001-01-01,8455918
HTI 2000,HTI,2000,2000-01-01,8303151
HND 2023,HND,2023,2023-01-01,10644851
HND 2022,HND,2022,2022-01-01,10463872
HND 2021,HND,2021,2021-01-01,10289877
HND 2020,HND,2020,2020-01-01,10119640
HND 2019,HND,2019,2019-01-01,9943633
HND 2018,HND,2018,2018-01-01,9765210
HND 2017,HND,2017,2017-01-01,9588137
HND 2016,HND,2016,2016-01-01,9412380
HND 2015,HND,2015,2015-01-01,9237305
HND 2014,HND,2014,2014-01-01,9063122
HND 2013,HND,2013,2013-01-01,8889278
HND 2012,HND,2012,2012-01-01,8715076
HND 2011,HND,2011,2011-01-01,8540583
HND 2010,HND,2010,2010-01-01,8365878
HND 2009,HND,2009,2009-01-01,8189899
HND 2008,HND,2008,2008-01-01,8012587
HND 2007,HND,2007,2007-01-01,7834798
HND 2006,HND,2006,2006-01-01,7656832
HND 2005,HND,2005,2005-01-01,7478355
HND 2004,HND,2004,2004-01-01,7298994
HND 2003,HND,2003,2003-01-01,7119213
HND 2002,HND,2002,2002-01-01,6938859
HND 2001,HND,2001,2001-01-01,6757993
HND 2000,HND,2000,2000-01-01,6577773
HKG 2023,HKG,2023,2023-01-01,7536100
HKG 2022,HKG,2022,2022-01-01,7346100
HKG 2021,HKG,2021,2021-01-01,7413100
HKG 2020,HKG,2020,2020-01-01,7481000
HKG 2019,HKG,2019,2019-01-01,7507900
HKG 2018,HKG,2018,2018-01-01,7452600
HKG 2017,HKG,2017,2017-01-01,7393200
HKG 2016,HKG,2016,2016-01-01,7336600
HKG 2015,HKG,2015,2015-01-01,7291300
HKG 2014,HKG,2014,2014-01-01,7229500
HKG 2013,HKG,2013,2013-01-01,7178900
HKG 2012,HKG,2012,2012-01-01,7150100
HKG 2011,HKG,2011,2011-01-01,7071600
HKG 2010,HKG,2010,2010-01-01,7024200
HKG 2009,HKG,2009,2009-01-01,6972800
HKG 2008,HKG,2008,2008-01-01,6957800
HKG 2007,HKG,2007,2007-01-01,6916300
HKG 2006,HKG,2006,2006-01-01,6857100
HKG 2005,HKG,2005,2005-01-01,6813200
HKG 2004,HKG,2004,2004-01-01,6783500
HKG 2003,HKG,2003,2003-01-01,6730800
HKG 2002,HKG,2002,2002-01-01,6744100
HKG 2001,HKG,2001,2001-01-01,6714300
HKG 2000,HKG,2000,2000-01-01,6665000
HUN 2023,HUN,2023,2023-01-01,9592186
HUN 2022,HUN,2022,2022-01-01,9605074
HUN 2021,HUN,2021,2021-01-01,9630932
HUN 2020,HUN,2020,2020-01-01,9670419
HUN 2019,HUN,2019,2019-01-01,9694824
HUN 2018,HUN,2018,2018-01-01,9706964
HUN 2017,HUN,2017,2017-01-01,9726756
HUN 2016,HUN,2016,2016-01-01,9759755
HUN 2015,HUN,2015,2015-01-01,9797755
HUN 2014,HUN,2014,2014-01-01,9833038
HUN 2013,HUN,2013,2013-01-01,9872734
HUN 2012,HUN,2012,2012-01-01,9920362
HUN 2011,HUN,2011,2011-01-01,9971727
HUN 2010,HUN,2010,2010-01-01,10000023
HUN 2009,HUN,2009,2009-01-01,10022650
HUN 2008,HUN,2008,2008-01-01,10038188
HUN 2007,HUN,2007,2007-01-01,10055780
HUN 2006,HUN,2006,2006-01-01,10071370
HUN 2005,HUN,2005,2005-01-01,10087065
HUN 2004,HUN,2004,2004-01-01,10107146
HUN 2003,HUN,2003,2003-01-01,10129552
HUN 2002,HUN,2002,2002-01-01,10158608
HUN 2001,HUN,2001,2001-01-01,10187576
HUN 2000,HUN,2000,2000-01-01,10210971
ISL 2023,ISL,2023,2023-01-01,385663
ISL 2022,ISL,2022,2022-01-01,382003
ISL 2021,ISL,2021,2021-01-01,372520
ISL 2020,ISL,2020,2020-01-01,366463
ISL 2019,ISL,2019,2019-01-01,360563
ISL 2018,ISL,2018,2018-01-01,352721
ISL 2017,ISL,2017,2017-01-01,343400
ISL 2016,ISL,2016,2016-01-01,335439
ISL 2015,ISL,2015,2015-01-01,330815
ISL 2014,ISL,2014,2014-01-01,327386
ISL 2013,ISL,2013,2013-01-01,323764
ISL 2012,ISL,2012,2012-01-01,320716
ISL 2011,ISL,2011,2011-01-01,319014
ISL 2010,ISL,2010,2010-01-01,318041
ISL 2009,ISL,2009,2009-01-01,318499
ISL 2008,ISL,2008,2008-01-01,317414
ISL 2007,ISL,2007,2007-01-01,311566
ISL 2006,ISL,2006,2006-01-01,303782
ISL 2005,ISL,2005,2005-01-01,296734
ISL 2004,ISL,2004,2004-01-01,292074
ISL 2003,ISL,2003,2003-01-01,289521
ISL 2002,ISL,2002,2002-01-01,287523
ISL 2001,ISL,2001,2001-01-01,284968
ISL 2000,ISL,2000,2000-01-01,281205
IND 2023,IND,2023,2023-01-01,1438069596
IND 2022,IND,2022,2022-01-01,1425423212
IND 2021,IND,2021,2021-01-01,1414203896
IND 2020,IND,2020,2020-01-01,1402617695
IND 2019,IND,2019,2019-01-01,1389030312
IND 2018,IND,2018,2018-01-01,1374659064
IND 2017,IND,2017,2017-01-01,1359657400
IND 2016,IND,2016,2016-01-01,1343944296
IND 2015,IND,2015,2015-01-01,1328024498
IND 2014,IND,2014,2014-01-01,1312277191
IND 2013,IND,2013,2013-01-01,1295829511
IND 2012,IND,2012,2012-01-01,1278674502
IND 2011,IND,2011,2011-01-01,1261224954
IND 2010,IND,2010,2010-01-01,1243481564
IND 2009,IND,2009,2009-01-01,1225524753
IND 2008,IND,2008,2008-01-01,1207930964
IND 2007,IND,2007,2007-01-01,1190676021
IND 2006,IND,2006,2006-01-01,1172878890
IND 2005,IND,2005,2005-01-01,1154676322
IND 2004,IND,2004,2004-01-01,1135991513
IND 2003,IND,2003,2003-01-01,1116803006
IND 2002,IND,2002,2002-01-01,1097600380
IND 2001,IND,2001,2001-01-01,1077898575
IND 2000,IND,2000,2000-01-01,1057922733
IDN 2023,IDN,2023,2023-01-01,281190067
IDN 2022,IDN,2022,2022-01-01,278830529
IDN 2021,IDN,2021,2021-01-01,276758053
IDN 2020,IDN,2020,2020-01-01,274814866
IDN 2019,IDN,2019,2019-01-01,272489381
IDN 2018,IDN,2018,2018-01-01,269951846
IDN 2017,IDN,2017,2017-01-01,267346658
IDN 2016,IDN,2016,2016-01-01,264627418
IDN 2015,IDN,2015,2015-01-01,261799249
IDN 2014,IDN,2014,2014-01-01,258877399
IDN 2013,IDN,2013,2013-01-01,255852467
IDN 2012,IDN,2012,2012-01-01,252698525
IDN 2011,IDN,2011,2011-01-01,249470032
IDN 2010,IDN,2010,2010-01-01,246305322
IDN 2009,IDN,2009,2009-01-01,243220028
IDN 2008,IDN,2008,2008-01-01,240157903
IDN 2007,IDN,2007,2007-01-01,237062337
IDN 2006,IDN,2006,2006-01-01,233951652
IDN 2005,IDN,2005,2005-01-01,230871650
IDN 2004,IDN,2004,2004-01-01,227926649
IDN 2003,IDN,2003,2003-01-01,225048008
IDN 2002,IDN,2002,2002-01-01,222088495
IDN 2001,IDN,2001,2001-01-01,219097902
IDN 2000,IDN,2000,2000-01-01,216077790
IRN 2023,IRN,2023,2023-01-01,90608707
IRN 2022,IRN,2022,2022-01-01,89524246
IRN 2021,IRN,2021,2021-01-01,88455488
IRN 2020,IRN,2020,2020-01-01,87723443
IRN 2019,IRN,2019,2019-01-01,87051648
IRN 2018,IRN,2018,2018-01-01,86117998
IRN 2017,IRN,2017,2017-01-01,85026754
IRN 2016,IRN,2016,2016-01-01,83812228
IRN 2015,IRN,2015,2015-01-01,82619362
IRN 2014,IRN,2014,2014-01-01,81502045
IRN 2013,IRN,2013,2013-01-01,80414686
IRN 2012,IRN,2012,2012-01-01,79370580
IRN 2011,IRN,2011,2011-01-01,78383598
IRN 2010,IRN,2010,2010-01-01,77420842
IRN 2009,IRN,2009,2009-01-01,76457825
IRN 2008,IRN,2008,2008-01-01,75514204
IRN 2007,IRN,2007,2007-01-01,74602648
IRN 2006,IRN,2006,2006-01-01,73392747
IRN 2005,IRN,2005,2005-01-01,71828455
IRN 2004,IRN,2004,2004-01-01,70256316
IRN 2003,IRN,2003,2003-01-01,68769340
IRN 2002,IRN,2002,2002-01-01,68011317
IRN 2001,IRN,2001,2001-01-01,67452005
IRN 2000,IRN,2000,2000-01-01,66418659
IRQ 2023,IRQ,2023,2023-01-01,45074049
IRQ 2022,IRQ,2022,2022-01-01,44070551
IRQ 2021,IRQ,2021,2021-01-01,43071211
IRQ 2020,IRQ,2020,2020-01-01,42116605
IRQ 2019,IRQ,2019,2019-01-01,41192171
IRQ 2018,IRQ,2018,2018-01-01,40265624
IRQ 2017,IRQ,2017,2017-01-01,39337353
IRQ 2016,IRQ,2016,2016-01-01,38469627
IRQ 2015,IRQ,2015,2015-01-01,37560535
IRQ 2014,IRQ,2014,2014-01-01,36550059
IRQ 2013,IRQ,2013,2013-01-01,35281989
IRQ 2012,IRQ,2012,2012-01-01,33654842
IRQ 2011,IRQ,2011,2011-01-01,32161424
IRQ 2010,IRQ,2010,2010-01-01,31045366
IRQ 2009,IRQ,2009,2009-01-01,30058206
IRQ 2008,IRQ,2008,2008-01-01,28971036
IRQ 2007,IRQ,2007,2007-01-01,28391607
IRQ 2006,IRQ,2006,2006-01-01,28616515
IRQ 2005,IRQ,2005,2005-01-01,28407448
IRQ 2004,IRQ,2004,2004-01-01,27577878
IRQ 2003,IRQ,2003,2003-01-01,26802659
IRQ 2002,IRQ,2002,2002-01-01,26006559
IRQ 2001,IRQ,2001,2001-01-01,25197840
IRQ 2000,IRQ,2000,2000-01-01,24424056
IRL 2023,IRL,2023,2023-01-01,5311538
IRL 2022,IRL,2022,2022-01-01,5212836
IRL 2021,IRL,2021,2021-01-01,5110585
IRL 2020,IRL,2020,2020-01-01,5039747
IRL 2019,IRL,2019,2019-01-01,4976456
IRL 2018,IRL,2018,2018-01-01,4898022
IRL 2017,IRL,2017,2017-01-01,4827445
IRL 2016,IRL,2016,2016-01-01,4762722
IRL 2015,IRL,2015,2015-01-01,4701957
IRL 2014,IRL,2014,2014-01-01,4657740
IRL 2013,IRL,2013,2013-01-01,4623816
IRL 2012,IRL,2012,2012-01-01,4599533
IRL 2011,IRL,2011,2011-01-01,4580084
IRL 2010,IRL,2010,2010-01-01,4560155
IRL 2009,IRL,2009,2009-01-01,4535375
IRL 2008,IRL,2008,2008-01-01,4489544
IRL 2007,IRL,2007,2007-01-01,4398942
IRL 2006,IRL,2006,2006-01-01,4273591
IRL 2005,IRL,2005,2005-01-01,4159914
IRL 2004,IRL,2004,2004-01-01,4070262
IRL 2003,IRL,2003,2003-01-01,3996521
IRL 2002,IRL,2002,2002-01-01,3931947
IRL 2001,IRL,2001,2001-01-01,3866243
IRL 2000,IRL,2000,2000-01-01,3805174
IMN 2023,IMN,2023,2023-01-01,84165
IMN 2022,IMN,2022,2022-01-01,84132
IMN 2021,IMN,2021,2021-01-01,84106
IMN 2020,IMN,2020,2020-01-01,84064
IMN 2019,IMN,2019,2019-01-01,83957
IMN 2018,IMN,2018,2018-01-01,83805
IMN 2017,IMN,2017,2017-01-01,83609
IMN 2016,IMN,2016,2016-01-01,83466
IMN 2015,IMN,2015,2015-01-01,83593
IMN 2014,IMN,2014,2014-01-01,83892
IMN 2013,IMN,2013,2013-01-01,84141
IMN 2012,IMN,2012,2012-01-01,84335
IMN 2011,IMN,2011,2011-01-01,84382
IMN 2010,IMN,2010,2010-01-01,83873
IMN 2009,IMN,2009,2009-01-01,82939
IMN 2008,IMN,2008,2008-01-01,82029
IMN 2007,IMN,2007,2007-01-01,81147
IMN 2006,IMN,2006,2006-01-01,80294
IMN 2005,IMN,2005,2005-01-01,79516
IMN 2004,IMN,2004,2004-01-01,78792
IMN 2003,IMN,2003,2003-01-01,78049
IMN 2002,IMN,2002,2002-01-01,77275
IMN 2001,IMN,2001,2001-01-01,76476
IMN 2000,IMN,2000,2000-01-01,75659
ISR 2023,ISR,2023,2023-01-01,9849000
ISR 2022,ISR,2022,2022-01-01,9557500
ISR 2021,ISR,2021,2021-01-01,9371400
ISR 2020,ISR,2020,2020-01-01,9215100
ISR 2019,ISR,2019,2019-01-01,9054000
ISR 2018,ISR,2018,2018-01-01,8882800
ISR 2017,ISR,2017,2017-01-01,8713300
ISR 2016,ISR,2016,2016-01-01,8546000
ISR 2015,ISR,2015,2015-01-01,8380100
ISR 2014,ISR,2014,2014-01-01,8215700
ISR 2013,ISR,2013,2013-01-01,8059500
ISR 2012,ISR,2012,2012-01-01,7910500
ISR 2011,ISR,2011,2011-01-01,7765800
ISR 2010,ISR,2010,2010-01-01,7623600
ISR 2009,ISR,2009,2009-01-01,7485600
ISR 2008,ISR,2008,2008-01-01,7308800
ISR 2007,ISR,2007,2007-01-01,7180100
ISR 2006,ISR,2006,2006-01-01,7053700
ISR 2005,ISR,2005,2005-01-01,6930100
ISR 2004,ISR,2004,2004-01-01,6809000
ISR 2003,ISR,2003,2003-01-01,6689700
ISR 2002,ISR,2002,2002-01-01,6570000
ISR 2001,ISR,2001,2001-01-01,6439000
ISR 2000,ISR,2000,2000-01-01,6289000
ITA 2023,ITA,2023,2023-01-01,58984216
ITA 2022,ITA,2022,2022-01-01,59013667
ITA 2021,ITA,2021,2021-01-01,59133173
ITA 2020,ITA,2020,2020-01-01,59438851
ITA 2019,ITA,2019,2019-01-01,59729081
ITA 2018,ITA,2018,2018-01-01,59877221
ITA 2017,ITA,2017,2017-01-01,60002252
ITA 2016,ITA,2016,2016-01-01,60115223
ITA 2015,ITA,2015,2015-01-01,60229605
ITA 2014,ITA,2014,2014-01-01,60320707
ITA 2013,ITA,2013,2013-01-01,60311613
ITA 2012,ITA,2012,2012-01-01,60191247
ITA 2011,ITA,2011,2011-01-01,60026841
ITA 2010,ITA,2010,2010-01-01,59819407
ITA 2009,ITA,2009,2009-01-01,59555454
ITA 2008,ITA,2008,2008-01-01,59211181
ITA 2007,ITA,2007,2007-01-01,58756247
ITA 2006,ITA,2006,2006-01-01,58399861
ITA 2005,ITA,2005,2005-01-01,58166682
ITA 2004,ITA,2004,2004-01-01,57828179
ITA 2003,ITA,2003,2003-01-01,57399184
ITA 2002,ITA,2002,2002-01-01,57089824
ITA 2001,ITA,2001,2001-01-01,56976981
ITA 2000,ITA,2000,2000-01-01,56942108
JAM 2023,JAM,2023,2023-01-01,2839786
JAM 2022,JAM,2022,2022-01-01,2839144
JAM 2021,JAM,2021,2021-01-01,2837682
JAM 2020,JAM,2020,2020-01-01,2830739
JAM 2019,JAM,2019,2019-01-01,2823271
JAM 2018,JAM,2018,2018-01-01,2820097
JAM 2017,JAM,2017,2017-01-01,2815764
JAM 2016,JAM,2016,2016-01-01,2809915
JAM 2015,JAM,2015,2015-01-01,2802534
JAM 2014,JAM,2014,2014-01-01,2793749
JAM 2013,JAM,2013,2013-01-01,2783687
JAM 2012,JAM,2012,2012-01-01,2772430
JAM 2011,JAM,2011,2011-01-01,2760494
JAM 2010,JAM,2010,2010-01-01,2748568
JAM 2009,JAM,2009,2009-01-01,2736995
JAM 2008,JAM,2008,2008-01-01,2725635
JAM 2007,JAM,2007,2007-01-01,2713800
JAM 2006,JAM,2006,2006-01-01,2700968
JAM 2005,JAM,2005,2005-01-01,2687066
JAM 2004,JAM,2004,2004-01-01,2672225
JAM 2003,JAM,2003,2003-01-01,2656623
JAM 2002,JAM,2002,2002-01-01,2640572
JAM 2001,JAM,2001,2001-01-01,2624403
JAM 2000,JAM,2000,2000-01-01,2607826
JPN 2023,JPN,2023,2023-01-01,124516650
JPN 2022,JPN,2022,2022-01-01,125124989
JPN 2021,JPN,2021,2021-01-01,125681593
JPN 2020,JPN,2020,2020-01-01,126261000
JPN 2019,JPN,2019,2019-01-01,126633000
JPN 2018,JPN,2018,2018-01-01,126811000
JPN 2017,JPN,2017,2017-01-01,126972000
JPN 2016,JPN,2016,2016-01-01,127076000
JPN 2015,JPN,2015,2015-01-01,127141000
JPN 2014,JPN,2014,2014-01-01,127276000
JPN 2013,JPN,2013,2013-01-01,127445000
JPN 2012,JPN,2012,2012-01-01,127629000
JPN 2011,JPN,2011,2011-01-01,127833000
JPN 2010,JPN,2010,2010-01-01,128070000
JPN 2009,JPN,2009,2009-01-01,128047000
JPN 2008,JPN,2008,2008-01-01,128063000
JPN 2007,JPN,2007,2007-01-01,128001000
JPN 2006,JPN,2006,2006-01-01,127854000
JPN 2005,JPN,2005,2005-01-01,127773000
JPN 2004,JPN,2004,2004-01-01,127761000
JPN 2003,JPN,2003,2003-01-01,127718000
JPN 2002,JPN,2002,2002-01-01,127445000
JPN 2001,JPN,2001,2001-01-01,127149000
JPN 2000,JPN,2000,2000-01-01,126843000
JOR 2023,JOR,2023,2023-01-01,11439213
JOR 2022,JOR,2022,2022-01-01,11256263
JOR 2021,JOR,2021,2021-01-01,11066356
JOR 2020,JOR,2020,2020-01-01,10865228
JOR 2019,JOR,2019,2019-01-01,10671891
JOR 2018,JOR,2018,2018-01-01,10462306
JOR 2017,JOR,2017,2017-01-01,10234226
JOR 2016,JOR,2016,2016-01-01,10006367
JOR 2015,JOR,2015,2015-01-01,9544729
JOR 2014,JOR,2014,2014-01-01,8791710
JOR 2013,JOR,2013,2013-01-01,7991809
JOR 2012,JOR,2012,2012-01-01,7587127
JOR 2011,JOR,2011,2011-01-01,7480424
JOR 2010,JOR,2010,2010-01-01,7297043
JOR 2009,JOR,2009,2009-01-01,7141753
JOR 2008,JOR,2008,2008-01-01,6989866
JOR 2007,JOR,2007,2007-01-01,6827227
JOR 2006,JOR,2006,2006-01-01,6427371
JOR 2005,JOR,2005,2005-01-01,6029587
JOR 2004,JOR,2004,2004-01-01,5882061
JOR 2003,JOR,2003,2003-01-01,5741828
JOR 2002,JOR,2002,2002-01-01,5616066
JOR 2001,JOR,2001,2001-01-01,5498894
JOR 2000,JOR,2000,2000-01-01,5386945
KAZ 2023,KAZ,2023,2023-01-01,20330104
KAZ 2022,KAZ,2022,2022-01-01,20034609
KAZ 2021,KAZ,2021,2021-01-01,19743603
KAZ 2020,KAZ,2020,2020-01-01,19482117
KAZ 2019,KAZ,2019,2019-01-01,19209555
KAZ 2018,KAZ,2018,2018-01-01,18932727
KAZ 2017,KAZ,2017,2017-01-01,18651931
KAZ 2016,KAZ,2016,2016-01-01,18363600
KAZ 2015,KAZ,2015,2015-01-01,18084169
KAZ 2014,KAZ,2014,2014-01-01,17816285
KAZ 2013,KAZ,2013,2013-01-01,17556502
KAZ 2012,KAZ,2012,2012-01-01,17306106
KAZ 2011,KAZ,2011,2011-01-01,17066002
KAZ 2010,KAZ,2010,2010-01-01,16836810
KAZ 2009,KAZ,2009,2009-01-01,16619846
KAZ 2008,KAZ,2008,2008-01-01,16426525
KAZ 2007,KAZ,2007,2007-01-01,16257214
KAZ 2006,KAZ,2006,2006-01-01,16103716
KAZ 2005,KAZ,2005,2005-01-01,15968117
KAZ 2004,KAZ,2004,2004-01-01,15850159
KAZ 2003,KAZ,2003,2003-01-01,15747380
KAZ 2002,KAZ,2002,2002-01-01,15656677
KAZ 2001,KAZ,2001,2001-01-01,15575550
KAZ 2000,KAZ,2000,2000-01-01,15501103
KEN 2023,KEN,2023,2023-01-01,55339003
KEN 2022,KEN,2022,2022-01-01,54252461
KEN 2021,KEN,2021,2021-01-01,53219166
KEN 2020,KEN,2020,2020-01-01,52217334
KEN 2019,KEN,2019,2019-01-01,51202827
KEN 2018,KEN,2018,2018-01-01,50207107
KEN 2017,KEN,2017,2017-01-01,49197766
KEN 2016,KEN,2016,2016-01-01,48139687
KEN 2015,KEN,2015,2015-01-01,47088526
KEN 2014,KEN,2014,2014-01-01,46051440
KEN 2013,KEN,2013,2013-01-01,44986791
KEN 2012,KEN,2012,2012-01-01,43888303
KEN 2011,KEN,2011,2011-01-01,42758461
KEN 2010,KEN,2010,2010-01-01,41598567
KEN 2009,KEN,2009,2009-01-01,40408891
KEN 2008,KEN,2008,2008-01-01,39206351
KEN 2007,KEN,2007,2007-01-01,38036349
KEN 2006,KEN,2006,2006-01-01,36904008
KEN 2005,KEN,2005,2005-01-01,35796484
KEN 2004,KEN,2004,2004-01-01,34713455
KEN 2003,KEN,2003,2003-01-01,33652223
KEN 2002,KEN,2002,2002-01-01,32629808
KEN 2001,KEN,2001,2001-01-01,31619170
KEN 2000,KEN,2000,2000-01-01,30642890
KIR 2023,KIR,2023,2023-01-01,132530
KIR 2022,KIR,2022,2022-01-01,130469
KIR 2021,KIR,2021,2021-01-01,128377
KIR 2020,KIR,2020,2020-01-01,126099
KIR 2019,KIR,2019,2019-01-01,123921
KIR 2018,KIR,2018,2018-01-01,122084
KIR 2017,KIR,2017,2017-01-01,120275
KIR 2016,KIR,2016,2016-01-01,118478
KIR 2015,KIR,2015,2015-01-01,116815
KIR 2014,KIR,2014,2014-01-01,115326
KIR 2013,KIR,2013,2013-01-01,113838
KIR 2012,KIR,2012,2012-01-01,112284
KIR 2011,KIR,2011,2011-01-01,110647
KIR 2010,KIR,2010,2010-01-01,108704
KIR 2009,KIR,2009,2009-01-01,106467
KIR 2008,KIR,2008,2008-01-01,104222
KIR 2007,KIR,2007,2007-01-01,102068
KIR 2006,KIR,2006,2006-01-01,100017
KIR 2005,KIR,2005,2005-01-01,98035
KIR 2004,KIR,2004,2004-01-01,96085
KIR 2003,KIR,2003,2003-01-01,94175
KIR 2002,KIR,2002,2002-01-01,92264
KIR 2001,KIR,2001,2001-01-01,90335
KIR 2000,KIR,2000,2000-01-01,88613
PRK 2023,PRK,2023,2023-01-01,26418204
PRK 2022,PRK,2022,2022-01-01,26328845
PRK 2021,PRK,2021,2021-01-01,26232534
PRK 2020,PRK,2020,2020-01-01,26136312
PRK 2019,PRK,2019,2019-01-01,26037632
PRK 2018,PRK,2018,2018-01-01,25931147
PRK 2017,PRK,2017,2017-01-01,25817709
PRK 2016,PRK,2016,2016-01-01,25698326
PRK 2015,PRK,2015,2015-01-01,25575350
PRK 2014,PRK,2014,2014-01-01,25451262
PRK 2013,PRK,2013,2013-01-01,25329451
PRK 2012,PRK,2012,2012-01-01,25211728
PRK 2011,PRK,2011,2011-01-01,25097874
PRK 2010,PRK,2010,2010-01-01,24987258
PRK 2009,PRK,2009,2009-01-01,24878332
PRK 2008,PRK,2008,2008-01-01,24764618
PRK 2007,PRK,2007,2007-01-01,24646383
PRK 2006,PRK,2006,2006-01-01,24524507
PRK 2005,PRK,2005,2005-01-01,24396433
PRK 2004,PRK,2004,2004-01-01,24254943
PRK 2003,PRK,2003,2003-01-01,24090380
PRK 2002,PRK,2002,2002-01-01,23943973
PRK 2001,PRK,2001,2001-01-01,23815358
PRK 2000,PRK,2000,2000-01-01,23665910
KOR 2023,KOR,2023,2023-01-01,51712619
KOR 2022,KOR,2022,2022-01-01,51672569
KOR 2021,KOR,2021,2021-01-01,51769539
KOR 2020,KOR,2020,2020-01-01,51836239
KOR 2019,KOR,2019,2019-01-01,51764822
KOR 2018,KOR,2018,2018-01-01,51585058
KOR 2017,KOR,2017,2017-01-01,51361911
KOR 2016,KOR,2016,2016-01-01,51217803
KOR 2015,KOR,2015,2015-01-01,51014947
KOR 2014,KOR,2014,2014-01-01,50746659
KOR 2013,KOR,2013,2013-01-01,50428893
KOR 2012,KOR,2012,2012-01-01,50199853
KOR 2011,KOR,2011,2011-01-01,49936638
KOR 2010,KOR,2010,2010-01-01,49554112
KOR 2009,KOR,2009,2009-01-01,49307835
KOR 2008,KOR,2008,2008-01-01,49054708
KOR 2007,KOR,2007,2007-01-01,48683638
KOR 2006,KOR,2006,2006-01-01,48438292
KOR 2005,KOR,2005,2005-01-01,48184561
KOR 2004,KOR,2004,2004-01-01,48082519
KOR 2003,KOR,2003,2003-01-01,47892330
KOR 2002,KOR,2002,2002-01-01,47644736
KOR 2001,KOR,2001,2001-01-01,47370164
KOR 2000,KOR,2000,2000-01-01,47008111
XKX 2023,XKX,2023,2023-01-01,1682668
XKX 2022,XKX,2022,2022-01-01,1768096
XKX 2021,XKX,2021,2021-01-01,1786079
XKX 2020,XKX,2020,2020-01-01,1790151
XKX 2019,XKX,2019,2019-01-01,1788891
XKX 2018,XKX,2018,2018-01-01,1797086
XKX 2017,XKX,2017,2017-01-01,1791019
XKX 2016,XKX,2016,2016-01-01,1777568
XKX 2015,XKX,2015,2015-01-01,1788274
XKX 2014,XKX,2014,2014-01-01,1812788
XKX 2013,XKX,2013,2013-01-01,1818119
XKX 2012,XKX,2012,2012-01-01,1807126
XKX 2011,XKX,2011,2011-01-01,1791949
XKX 2010,XKX,2010,2010-01-01,1788743
XKX 2009,XKX,2009,2009-01-01,1794681
XKX 2008,XKX,2008,2008-01-01,1800858
XKX 2007,XKX,2007,2007-01-01,1807094
XKX 2006,XKX,2006,2006-01-01,1813079
XKX 2005,XKX,2005,2005-01-01,1818354
XKX 2004,XKX,2004,2004-01-01,1822773
XKX 2003,XKX,2003,2003-01-01,1826434
XKX 2002,XKX,2002,2002-01-01,1829462
XKX 2001,XKX,2001,2001-01-01,1820009
XKX 2000,XKX,2000,2000-01-01,1802493
KWT 2023,KWT,2023,2023-01-01,4853420
KWT 2022,KWT,2022,2022-01-01,4589643
KWT 2021,KWT,2021,2021-01-01,4360865
KWT 2020,KWT,2020,2020-01-01,4400267
KWT 2019,KWT,2019,2019-01-01,4442316
KWT 2018,KWT,2018,2018-01-01,4323515
KWT 2017,KWT,2017,2017-01-01,4154812
KWT 2016,KWT,2016,2016-01-01,4004096
KWT 2015,KWT,2015,2015-01-01,3834574
KWT 2014,KWT,2014,2014-01-01,3665876
KWT 2013,KWT,2013,2013-01-01,3507844
KWT 2012,KWT,2012,2012-01-01,3337109
KWT 2011,KWT,2011,2011-01-01,3132814
KWT 2010,KWT,2010,2010-01-01,2943372
KWT 2009,KWT,2009,2009-01-01,2795484
KWT 2008,KWT,2008,2008-01-01,2651421
KWT 2007,KWT,2007,2007-01-01,2507887
KWT 2006,KWT,2006,2006-01-01,2364733
KWT 2005,KWT,2005,2005-01-01,2236788
KWT 2004,KWT,2004,2004-01-01,2157320
KWT 2003,KWT,2003,2003-01-01,2109881
KWT 2002,KWT,2002,2002-01-01,2059974
KWT 2001,KWT,2001,2001-01-01,2008121
KWT 2000,KWT,2000,2000-01-01,1954709
KGZ 2023,KGZ,2023,2023-01-01,7099750
KGZ 2022,KGZ,2022,2022-01-01,6975220
KGZ 2021,KGZ,2021,2021-01-01,6851224
KGZ 2020,KGZ,2020,2020-01-01,6726596
KGZ 2019,KGZ,2019,2019-01-01,6590211
KGZ 2018,KGZ,2018,2018-01-01,6444079
KGZ 2017,KGZ,2017,2017-01-01,6306696
KGZ 2016,KGZ,2016,2016-01-01,6175338
KGZ 2015,KGZ,2015,2015-01-01,6040036
KGZ 2014,KGZ,2014,2014-01-01,5905848
KGZ 2013,KGZ,2013,2013-01-01,5777150
KGZ 2012,KGZ,2012,2012-01-01,5652076
KGZ 2011,KGZ,2011,2011-01-01,5546587
KGZ 2010,KGZ,2010,2010-01-01,5467059
KGZ 2009,KGZ,2009,2009-01-01,5389643
KGZ 2008,KGZ,2008,2008-01-01,5318729
KGZ 2007,KGZ,2007,2007-01-01,5268385
KGZ 2006,KGZ,2006,2006-01-01,5218373
KGZ 2005,KGZ,2005,2005-01-01,5162640
KGZ 2004,KGZ,2004,2004-01-01,5104713
KGZ 2003,KGZ,2003,2003-01-01,5043308
KGZ 2002,KGZ,2002,2002-01-01,4990704
KGZ 2001,KGZ,2001,2001-01-01,4945073
KGZ 2000,KGZ,2000,2000-01-01,4898362
LAO 2023,LAO,2023,2023-01-01,7664993
LAO 2022,LAO,2022,2022-01-01,7559007
LAO 2021,LAO,2021,2021-01-01,7453194
LAO 2020,LAO,2020,2020-01-01,7346533
LAO 2019,LAO,2019,2019-01-01,7237636
LAO 2018,LAO,2018,2018-01-01,7128045
LAO 2017,LAO,2017,2017-01-01,7018147
LAO 2016,LAO,2016,2016-01-01,6908802
LAO 2015,LAO,2015,2015-01-01,6801645
LAO 2014,LAO,2014,2014-01-01,6703172
LAO 2013,LAO,2013,2013-01-01,6611385
LAO 2012,LAO,2012,2012-01-01,6518978
LAO 2011,LAO,2011,2011-01-01,6426590
LAO 2010,LAO,2010,2010-01-01,6334194
LAO 2009,LAO,2009,2009-01-01,6241642
LAO 2008,LAO,2008,2008-01-01,6148969
LAO 2007,LAO,2007,2007-01-01,6056236
LAO 2006,LAO,2006,2006-01-01,5963200
LAO 2005,LAO,2005,2005-01-01,5869523
LAO 2004,LAO,2004,2004-01-01,5781626
LAO 2003,LAO,2003,2003-01-01,5697945
LAO 2002,LAO,2002,2002-01-01,5610889
LAO 2001,LAO,2001,2001-01-01,5521482
LAO 2000,LAO,2000,2000-01-01,5431212
LVA 2023,LVA,2023,2023-01-01,1883710
LVA 2022,LVA,2022,2022-01-01,1879383
LVA 2021,LVA,2021,2021-01-01,1884490
LVA 2020,LVA,2020,2020-01-01,1900449
LVA 2019,LVA,2019,2019-01-01,1913822
LVA 2018,LVA,2018,2018-01-01,1927174
LVA 2017,LVA,2017,2017-01-01,1942248
LVA 2016,LVA,2016,2016-01-01,1959537
LVA 2015,LVA,2015,2015-01-01,1977527
LVA 2014,LVA,2014,2014-01-01,1993782
LVA 2013,LVA,2013,2013-01-01,2012647
LVA 2012,LVA,2012,2012-01-01,2034319
LVA 2011,LVA,2011,2011-01-01,2059709
LVA 2010,LVA,2010,2010-01-01,2097555
LVA 2009,LVA,2009,2009-01-01,2141669
LVA 2008,LVA,2008,2008-01-01,2177322
LVA 2007,LVA,2007,2007-01-01,2200325
LVA 2006,LVA,2006,2006-01-01,2218357
LVA 2005,LVA,2005,2005-01-01,2238799
LVA 2004,LVA,2004,2004-01-01,2263122
LVA 2003,LVA,2003,2003-01-01,2287955
LVA 2002,LVA,2002,2002-01-01,2310173
LVA 2001,LVA,2001,2001-01-01,2337170
LVA 2000,LVA,2000,2000-01-01,2367550
LBN 2023,LBN,2023,2023-01-01,5773493
LBN 2022,LBN,2022,2022-01-01,5744489
LBN 2021,LBN,2021,2021-01-01,5718122
LBN 2020,LBN,2020,2020-01-01,5702398
LBN 2019,LBN,2019,2019-01-01,5794594
LBN 2018,LBN,2018,2018-01-01,5984119
LBN 2017,LBN,2017,2017-01-01,6160128
LBN 2016,LBN,2016,2016-01-01,6323060
LBN 2015,LBN,2015,2015-01-01,6472469
LBN 2014,LBN,2014,2014-01-01,6346990
LBN 2013,LBN,2013,2013-01-01,5743436
LBN 2012,LBN,2012,2012-01-01,5235742
LBN 2011,LBN,2011,2011-01-01,5096020
LBN 2010,LBN,2010,2010-01-01,5041288
LBN 2009,LBN,2009,2009-01-01,4992287
LBN 2008,LBN,2008,2008-01-01,4925354
LBN 2007,LBN,2007,2007-01-01,4844118
LBN 2006,LBN,2006,2006-01-01,4751136
LBN 2005,LBN,2005,2005-01-01,4671102
LBN 2004,LBN,2004,2004-01-01,4599279
LBN 2003,LBN,2003,2003-01-01,4525508
LBN 2002,LBN,2002,2002-01-01,4463504
LBN 2001,LBN,2001,2001-01-01,4401918
LBN 2000,LBN,2000,2000-01-01,4329340
LSO 2023,LSO,2023,2023-01-01,2311472
LSO 2022,LSO,2022,2022-01-01,2286110
LSO 2021,LSO,2021,2021-01-01,2261542
LSO 2020,LSO,2020,2020-01-01,2235727
LSO 2019,LSO,2019,2019-01-01,2209405
LSO 2018,LSO,2018,2018-01-01,2183603
LSO 2017,LSO,2017,2017-01-01,2157110
LSO 2016,LSO,2016,2016-01-01,2130422
LSO 2015,LSO,2015,2015-01-01,2104611
LSO 2014,LSO,2014,2014-01-01,2080089
LSO 2013,LSO,2013,2013-01-01,2056504
LSO 2012,LSO,2012,2012-01-01,2034354
LSO 2011,LSO,2011,2011-01-01,2014009
LSO 2010,LSO,2010,2010-01-01,1996251
LSO 2009,LSO,2009,2009-01-01,1980883
LSO 2008,LSO,2008,2008-01-01,1966541
LSO 2007,LSO,2007,2007-01-01,1953268
LSO 2006,LSO,2006,2006-01-01,1945063
LSO 2005,LSO,2005,2005-01-01,1953076
LSO 2004,LSO,2004,2004-01-01,1971129
LSO 2003,LSO,2003,2003-01-01,1985059
LSO 2002,LSO,2002,2002-01-01,1994679
LSO 2001,LSO,2001,2001-01-01,2000853
LSO 2000,LSO,2000,2000-01-01,2003913
LBR 2023,LBR,2023,2023-01-01,5493031
LBR 2022,LBR,2022,2022-01-01,5373294
LBR 2021,LBR,2021,2021-01-01,5259323
LBR 2020,LBR,2020,2020-01-01,5149463
LBR 2019,LBR,2019,2019-01-01,5043721
LBR 2018,LBR,2018,2018-01-01,4944726
LBR 2017,LBR,2017,2017-01-01,4848925
LBR 2016,LBR,2016,2016-01-01,4755608
LBR 2015,LBR,2015,2015-01-01,4659431
LBR 2014,LBR,2014,2014-01-01,4564293
LBR 2013,LBR,2013,2013-01-01,4470239
LBR 2012,LBR,2012,2012-01-01,4373043
LBR 2011,LBR,2011,2011-01-01,4221178
LBR 2010,LBR,2010,2010-01-01,4058890
LBR 2009,LBR,2009,2009-01-01,3943028
LBR 2008,LBR,2008,2008-01-01,3821003
LBR 2007,LBR,2007,2007-01-01,3669050
LBR 2006,LBR,2006,2006-01-01,3490787
LBR 2005,LBR,2005,2005-01-01,3301015
LBR 2004,LBR,2004,2004-01-01,3156892
LBR 2003,LBR,2003,2003-01-01,3119532
LBR 2002,LBR,2002,2002-01-01,3094782
LBR 2001,LBR,2001,2001-01-01,3015338
LBR 2000,LBR,2000,2000-01-01,2928117
LBY 2023,LBY,2023,2023-01-01,7305659
LBY 2022,LBY,2022,2022-01-01,7223805
LBY 2021,LBY,2021,2021-01-01,7135175
LBY 2020,LBY,2020,2020-01-01,7045399
LBY 2019,LBY,2019,2019-01-01,6951033
LBY 2018,LBY,2018,2018-01-01,6849055
LBY 2017,LBY,2017,2017-01-01,6738770
LBY 2016,LBY,2016,2016-01-01,6632126
LBY 2015,LBY,2015,2015-01-01,6531819
LBY 2014,LBY,2014,2014-01-01,6427252
LBY 2013,LBY,2013,2013-01-01,6304628
LBY 2012,LBY,2012,2012-01-01,6179328
LBY 2011,LBY,2011,2011-01-01,6343203
LBY 2010,LBY,2010,2010-01-01,6497839
LBY 2009,LBY,2009,2009-01-01,6366686
LBY 2008,LBY,2008,2008-01-01,6235430
LBY 2007,LBY,2007,2007-01-01,6104380
LBY 2006,LBY,2006,2006-01-01,5980211
LBY 2005,LBY,2005,2005-01-01,5858798
LBY 2004,LBY,2004,2004-01-01,5736693
LBY 2003,LBY,2003,2003-01-01,5619398
LBY 2002,LBY,2002,2002-01-01,5508410
LBY 2001,LBY,2001,2001-01-01,5403639
LBY 2000,LBY,2000,2000-01-01,5305021
LIE 2023,LIE,2023,2023-01-01,39846
LIE 2022,LIE,2022,2022-01-01,39493
LIE 2021,LIE,2021,2021-01-01,39182
LIE 2020,LIE,2020,2020-01-01,38901
LIE 2019,LIE,2019,2019-01-01,38563
LIE 2018,LIE,2018,2018-01-01,38246
LIE 2017,LIE,2017,2017-01-01,37962
LIE 2016,LIE,2016,2016-01-01,37716
LIE 2015,LIE,2015,2015-01-01,37494
LIE 2014,LIE,2014,2014-01-01,37248
LIE 2013,LIE,2013,2013-01-01,36984
LIE 2012,LIE,2012,2012-01-01,36657
LIE 2011,LIE,2011,2011-01-01,36312
LIE 2010,LIE,2010,2010-01-01,36022
LIE 2009,LIE,2009,2009-01-01,35742
LIE 2008,LIE,2008,2008-01-01,35473
LIE 2007,LIE,2007,2007-01-01,35262
LIE 2006,LIE,2006,2006-01-01,35037
LIE 2005,LIE,2005,2005-01-01,34753
LIE 2004,LIE,2004,2004-01-01,34447
LIE 2003,LIE,2003,2003-01-01,34079
LIE 2002,LIE,2002,2002-01-01,33694
LIE 2001,LIE,2001,2001-01-01,33194
LIE 2000,LIE,2000,2000-01-01,32645
LTU 2023,LTU,2023,2023-01-01,2871585
LTU 2022,LTU,2022,2022-01-01,2831639
LTU 2021,LTU,2021,2021-01-01,2808380
LTU 2020,LTU,2020,2020-01-01,2810369
LTU 2019,LTU,2019,2019-01-01,2811089
LTU 2018,LTU,2018,2018-01-01,2819200
LTU 2017,LTU,2017,2017-01-01,2842639
LTU 2016,LTU,2016,2016-01-01,2877325
LTU 2015,LTU,2015,2015-01-01,2911109
LTU 2014,LTU,2014,2014-01-01,2937253
LTU 2013,LTU,2013,2013-01-01,2961250
LTU 2012,LTU,2012,2012-01-01,2989139
LTU 2011,LTU,2011,2011-01-01,3028115
LTU 2010,LTU,2010,2010-01-01,3097282
LTU 2009,LTU,2009,2009-01-01,3162916
LTU 2008,LTU,2008,2008-01-01,3198231
LTU 2007,LTU,2007,2007-01-01,3231294
LTU 2006,LTU,2006,2006-01-01,3269909
LTU 2005,LTU,2005,2005-01-01,3322528
LTU 2004,LTU,2004,2004-01-01,3377075
LTU 2003,LTU,2003,2003-01-01,3415213
LTU 2002,LTU,2002,2002-01-01,3443067
LTU 2001,LTU,2001,2001-01-01,3470818
LTU 2000,LTU,2000,2000-01-01,3499536
LUX 2023,LUX,2023,2023-01-01,666430
LUX 2022,LUX,2022,2022-01-01,653103
LUX 2021,LUX,2021,2021-01-01,640064
LUX 2020,LUX,2020,2020-01-01,630419
LUX 2019,LUX,2019,2019-01-01,620001
LUX 2018,LUX,2018,2018-01-01,607950
LUX 2017,LUX,2017,2017-01-01,596336
LUX 2016,LUX,2016,2016-01-01,582014
LUX 2015,LUX,2015,2015-01-01,569604
LUX 2014,LUX,2014,2014-01-01,556319
LUX 2013,LUX,2013,2013-01-01,543360
LUX 2012,LUX,2012,2012-01-01,530946
LUX 2011,LUX,2011,2011-01-01,518347
LUX 2010,LUX,2010,2010-01-01,506953
LUX 2009,LUX,2009,2009-01-01,497783
LUX 2008,LUX,2008,2008-01-01,488650
LUX 2007,LUX,2007,2007-01-01,479993
LUX 2006,LUX,2006,2006-01-01,472637
LUX 2005,LUX,2005,2005-01-01,465158
LUX 2004,LUX,2004,2004-01-01,458095
LUX 2003,LUX,2003,2003-01-01,451630
LUX 2002,LUX,2002,2002-01-01,446175
LUX 2001,LUX,2001,2001-01-01,441525
LUX 2000,LUX,2000,2000-01-01,436300
MAC 2023,MAC,2023,2023-01-01,678800
MAC 2022,MAC,2022,2022-01-01,677300
MAC 2021,MAC,2021,2021-01-01,682500
MAC 2020,MAC,2020,2020-01-01,685400
MAC 2019,MAC,2019,2019-01-01,672000
MAC 2018,MAC,2018,2018-01-01,658900
MAC 2017,MAC,2017,2017-01-01,648400
MAC 2016,MAC,2016,2016-01-01,652500
MAC 2015,MAC,2015,2015-01-01,642900
MAC 2014,MAC,2014,2014-01-01,621700
MAC 2013,MAC,2013,2013-01-01,591900
MAC 2012,MAC,2012,2012-01-01,567900
MAC 2011,MAC,2011,2011-01-01,549600
MAC 2010,MAC,2010,2010-01-01,537000
MAC 2009,MAC,2009,2009-01-01,535000
MAC 2008,MAC,2008,2008-01-01,540700
MAC 2007,MAC,2007,2007-01-01,520900
MAC 2006,MAC,2006,2006-01-01,498900
MAC 2005,MAC,2005,2005-01-01,473500
MAC 2004,MAC,2004,2004-01-01,454700
MAC 2003,MAC,2003,2003-01-01,443600
MAC 2002,MAC,2002,2002-01-01,438400
MAC 2001,MAC,2001,2001-01-01,433900
MAC 2000,MAC,2000,2000-01-01,430600
MDG 2023,MDG,2023,2023-01-01,31195932
MDG 2022,MDG,2022,2022-01-01,30437261
MDG 2021,MDG,2021,2021-01-01,29691083
MDG 2020,MDG,2020,2020-01-01,28953556
MDG 2019,MDG,2019,2019-01-01,28219554
MDG 2018,MDG,2018,2018-01-01,27494926
MDG 2017,MDG,2017,2017-01-01,26788375
MDG 2016,MDG,2016,2016-01-01,26099952
MDG 2015,MDG,2015,2015-01-01,25426702
MDG 2014,MDG,2014,2014-01-01,24764348
MDG 2013,MDG,2013,2013-01-01,24109290
MDG 2012,MDG,2012,2012-01-01,23462438
MDG 2011,MDG,2011,2011-01-01,22822300
MDG 2010,MDG,2010,2010-01-01,22183340
MDG 2009,MDG,2009,2009-01-01,21547280
MDG 2008,MDG,2008,2008-01-01,20923840
MDG 2007,MDG,2007,2007-01-01,20318583
MDG 2006,MDG,2006,2006-01-01,19730909
MDG 2005,MDG,2005,2005-01-01,19159707
MDG 2004,MDG,2004,2004-01-01,18606608
MDG 2003,MDG,2003,2003-01-01,18071854
MDG 2002,MDG,2002,2002-01-01,17549913
MDG 2001,MDG,2001,2001-01-01,17032939
MDG 2000,MDG,2000,2000-01-01,16516338
MWI 2023,MWI,2023,2023-01-01,21104482
MWI 2022,MWI,2022,2022-01-01,20568728
MWI 2021,MWI,2021,2021-01-01,20047258
MWI 2020,MWI,2020,2020-01-01,19533888
MWI 2019,MWI,2019,2019-01-01,19025752
MWI 2018,MWI,2018,2018-01-01,18528081
MWI 2017,MWI,2017,2017-01-01,18039715
MWI 2016,MWI,2016,2016-01-01,17557739
MWI 2015,MWI,2015,2015-01-01,17085587
MWI 2014,MWI,2014,2014-01-01,16621538
MWI 2013,MWI,2013,2013-01-01,16161816
MWI 2012,MWI,2012,2012-01-01,15709577
MWI 2011,MWI,2011,2011-01-01,15265022
MWI 2010,MWI,2010,2010-01-01,14826463
MWI 2009,MWI,2009,2009-01-01,14395788
MWI 2008,MWI,2008,2008-01-01,13976417
MWI 2007,MWI,2007,2007-01-01,13576343
MWI 2006,MWI,2006,2006-01-01,13198701
MWI 2005,MWI,2005,2005-01-01,12840031
MWI 2004,MWI,2004,2004-01-01,12500737
MWI 2003,MWI,2003,2003-01-01,12181574
MWI 2002,MWI,2002,2002-01-01,11880440
MWI 2001,MWI,2001,2001-01-01,11593058
MWI 2000,MWI,2000,2000-01-01,11315942
MYS 2023,MYS,2023,2023-01-01,35126298
MYS 2022,MYS,2022,2022-01-01,34695493
MYS 2021,MYS,2021,2021-01-01,34282399
MYS 2020,MYS,2020,2020-01-01,33889558
MYS 2019,MYS,2019,2019-01-01,33440596
MYS 2018,MYS,2018,2018-01-01,32910967
MYS 2017,MYS,2017,2017-01-01,32355644
MYS 2016,MYS,2016,2016-01-01,31789685
MYS 2015,MYS,2015,2015-01-01,31232798
MYS 2014,MYS,2014,2014-01-01,30696137
MYS 2013,MYS,2013,2013-01-01,30174265
MYS 2012,MYS,2012,2012-01-01,29662831
MYS 2011,MYS,2011,2011-01-01,29162039
MYS 2010,MYS,2010,2010-01-01,28655776
MYS 2009,MYS,2009,2009-01-01,28124778
MYS 2008,MYS,2008,2008-01-01,27570059
MYS 2007,MYS,2007,2007-01-01,26998389
MYS 2006,MYS,2006,2006-01-01,26417909
MYS 2005,MYS,2005,2005-01-01,25836071
MYS 2004,MYS,2004,2004-01-01,25256772
MYS 2003,MYS,2003,2003-01-01,24679602
MYS 2002,MYS,2002,2002-01-01,24102477
MYS 2001,MYS,2001,2001-01-01,23526538
MYS 2000,MYS,2000,2000-01-01,22967816
MDV 2023,MDV,2023,2023-01-01,525994
MDV 2022,MDV,2022,2022-01-01,524106
MDV 2021,MDV,2021,2021-01-01,516154
MDV 2020,MDV,2020,2020-01-01,502118
MDV 2019,MDV,2019,2019-01-01,487731
MDV 2018,MDV,2018,2018-01-01,473099
MDV 2017,MDV,2017,2017-01-01,458287
MDV 2016,MDV,2016,2016-01-01,443308
MDV 2015,MDV,2015,2015-01-01,428154
MDV 2014,MDV,2014,2014-01-01,413617
MDV 2013,MDV,2013,2013-01-01,400070
MDV 2012,MDV,2012,2012-01-01,386818
MDV 2011,MDV,2011,2011-01-01,373674
MDV 2010,MDV,2010,2010-01-01,360792
MDV 2009,MDV,2009,2009-01-01,348275
MDV 2008,MDV,2008,2008-01-01,336170
MDV 2007,MDV,2007,2007-01-01,324479
MDV 2006,MDV,2006,2006-01-01,313851
MDV 2005,MDV,2005,2005-01-01,306429
MDV 2004,MDV,2004,2004-01-01,301413
MDV 2003,MDV,2003,2003-01-01,296491
MDV 2002,MDV,2002,2002-01-01,291616
MDV 2001,MDV,2001,2001-01-01,286767
MDV 2000,MDV,2000,2000-01-01,282019
MLI 2023,MLI,2023,2023-01-01,23769127
MLI 2022,MLI,2022,2022-01-01,23072640
MLI 2021,MLI,2021,2021-01-01,22388630
MLI 2020,MLI,2020,2020-01-01,21713836
MLI 2019,MLI,2019,2019-01-01,21068405
MLI 2018,MLI,2018,2018-01-01,20442030
MLI 2017,MLI,2017,2017-01-01,19813011
MLI 2016,MLI,2016,2016-01-01,19191289
MLI 2015,MLI,2015,2015-01-01,18593022
MLI 2014,MLI,2014,2014-01-01,18020267
MLI 2013,MLI,2013,2013-01-01,17459615
MLI 2012,MLI,2012,2012-01-01,16957033
MLI 2011,MLI,2011,2011-01-01,16469049
MLI 2010,MLI,2010,2010-01-01,15945198
MLI 2009,MLI,2009,2009-01-01,15435539
MLI 2008,MLI,2008,2008-01-01,14940782
MLI 2007,MLI,2007,2007-01-01,14457775
MLI 2006,MLI,2006,2006-01-01,13990139
MLI 2005,MLI,2005,2005-01-01,13538647
MLI 2004,MLI,2004,2004-01-01,13102409
MLI 2003,MLI,2003,2003-01-01,12684955
MLI 2002,MLI,2002,2002-01-01,12288050
MLI 2001,MLI,2001,2001-01-01,11912158
MLI 2000,MLI,2000,2000-01-01,11559290
MLT 2023,MLT,2023,2023-01-01,552747
MLT 2022,MLT,2022,2022-01-01,531113
MLT 2021,MLT,2021,2021-01-01,518150
MLT 2020,MLT,2020,2020-01-01,515490
MLT 2019,MLT,2019,2019-01-01,503912
MLT 2018,MLT,2018,2018-01-01,483903
MLT 2017,MLT,2017,2017-01-01,467106
MLT 2016,MLT,2016,2016-01-01,454505
MLT 2015,MLT,2015,2015-01-01,444220
MLT 2014,MLT,2014,2014-01-01,433481
MLT 2013,MLT,2013,2013-01-01,424810
MLT 2012,MLT,2012,2012-01-01,420028
MLT 2011,MLT,2011,2011-01-01,416268
MLT 2010,MLT,2010,2010-01-01,414508
MLT 2009,MLT,2009,2009-01-01,412477
MLT 2008,MLT,2008,2008-01-01,409379
MLT 2007,MLT,2007,2007-01-01,406724
MLT 2006,MLT,2006,2006-01-01,405308
MLT 2005,MLT,2005,2005-01-01,403834
MLT 2004,MLT,2004,2004-01-01,401268
MLT 2003,MLT,2003,2003-01-01,398582
MLT 2002,MLT,2002,2002-01-01,395969
MLT 2001,MLT,2001,2001-01-01,393028
MLT 2000,MLT,2000,2000-01-01,390087
MHL 2023,MHL,2023,2023-01-01,38827
MHL 2022,MHL,2022,2022-01-01,40077
MHL 2021,MHL,2021,2021-01-01,41367
MHL 2020,MHL,2020,2020-01-01,42706
MHL 2019,MHL,2019,2019-01-01,44007
MHL 2018,MHL,2018,2018-01-01,45285
MHL 2017,MHL,2017,2017-01-01,46529
MHL 2016,MHL,2016,2016-01-01,47709
MHL 2015,MHL,2015,2015-01-01,48800
MHL 2014,MHL,2014,2014-01-01,49796
MHL 2013,MHL,2013,2013-01-01,50681
MHL 2012,MHL,2012,2012-01-01,51419
MHL 2011,MHL,2011,2011-01-01,51907
MHL 2010,MHL,2010,2010-01-01,52044
MHL 2009,MHL,2009,2009-01-01,52019
MHL 2008,MHL,2008,2008-01-01,52030
MHL 2007,MHL,2007,2007-01-01,52035
MHL 2006,MHL,2006,2006-01-01,51992
MHL 2005,MHL,2005,2005-01-01,51906
MHL 2004,MHL,2004,2004-01-01,51791
MHL 2003,MHL,2003,2003-01-01,51639
MHL 2002,MHL,2002,2002-01-01,51425
MHL 2001,MHL,2001,2001-01-01,51123
MHL 2000,MHL,2000,2000-01-01,50706
MRT 2023,MRT,2023,2023-01-01,5022441
MRT 2022,MRT,2022,2022-01-01,4875637
MRT 2021,MRT,2021,2021-01-01,4734874
MRT 2020,MRT,2020,2020-01-01,4600131
MRT 2019,MRT,2019,2019-01-01,4467708
MRT 2018,MRT,2018,2018-01-01,4337685
MRT 2017,MRT,2017,2017-01-01,4210600
MRT 2016,MRT,2016,2016-01-01,4086657
MRT 2015,MRT,2015,2015-01-01,3965959
MRT 2014,MRT,2014,2014-01-01,3848514
MRT 2013,MRT,2013,2013-01-01,3734318
MRT 2012,MRT,2012,2012-01-01,3619034
MRT 2011,MRT,2011,2011-01-01,3502811
MRT 2010,MRT,2010,2010-01-01,3390965
MRT 2009,MRT,2009,2009-01-01,3284448
MRT 2008,MRT,2008,2008-01-01,3183269
MRT 2007,MRT,2007,2007-01-01,3093059
MRT 2006,MRT,2006,2006-01-01,3013660
MRT 2005,MRT,2005,2005-01-01,2939059
MRT 2004,MRT,2004,2004-01-01,2868664
MRT 2003,MRT,2003,2003-01-01,2802046
MRT 2002,MRT,2002,2002-01-01,2738655
MRT 2001,MRT,2001,2001-01-01,2678760
MRT 2000,MRT,2000,2000-01-01,2613441
MUS 2023,MUS,2023,2023-01-01,1248647
MUS 2022,MUS,2022,2022-01-01,1262523
MUS 2021,MUS,2021,2021-01-01,1266334
MUS 2020,MUS,2020,2020-01-01,1266014
MUS 2019,MUS,2019,2019-01-01,1265985
MUS 2018,MUS,2018,2018-01-01,1265577
MUS 2017,MUS,2017,2017-01-01,1264887
MUS 2016,MUS,2016,2016-01-01,1263747
MUS 2015,MUS,2015,2015-01-01,1262879
MUS 2014,MUS,2014,2014-01-01,1261208
MUS 2013,MUS,2013,2013-01-01,1258927
MUS 2012,MUS,2012,2012-01-01,1255882
MUS 2011,MUS,2011,2011-01-01,1252404
MUS 2010,MUS,2010,2010-01-01,1250400
MUS 2009,MUS,2009,2009-01-01,1247429
MUS 2008,MUS,2008,2008-01-01,1244121
MUS 2007,MUS,2007,2007-01-01,1239630
MUS 2006,MUS,2006,2006-01-01,1233996
MUS 2005,MUS,2005,2005-01-01,1228254
MUS 2004,MUS,2004,2004-01-01,1221003
MUS 2003,MUS,2003,2003-01-01,1213370
MUS 2002,MUS,2002,2002-01-01,1204621
MUS 2001,MUS,2001,2001-01-01,1196287
MUS 2000,MUS,2000,2000-01-01,1186873
MEX 2023,MEX,2023,2023-01-01,129739759
MEX 2022,MEX,2022,2022-01-01,128613117
MEX 2021,MEX,2021,2021-01-01,127648148
MEX 2020,MEX,2020,2020-01-01,126799054
MEX 2019,MEX,2019,2019-01-01,125762982
MEX 2018,MEX,2018,2018-01-01,124573711
MEX 2017,MEX,2017,2017-01-01,123400057
MEX 2016,MEX,2016,2016-01-01,122251351
MEX 2015,MEX,2015,2015-01-01,121072306
MEX 2014,MEX,2014,2014-01-01,119784261
MEX 2013,MEX,2013,2013-01-01,118343573
MEX 2012,MEX,2012,2012-01-01,116818208
MEX 2011,MEX,2011,2011-01-01,115243504
MEX 2010,MEX,2010,2010-01-01,113623895
MEX 2009,MEX,2009,2009-01-01,111999721
MEX 2008,MEX,2008,2008-01-01,110374288
MEX 2007,MEX,2007,2007-01-01,108774360
MEX 2006,MEX,2006,2006-01-01,107253666
MEX 2005,MEX,2005,2005-01-01,105811504
MEX 2004,MEX,2004,2004-01-01,104394131
MEX 2003,MEX,2003,2003-01-01,102978515
MEX 2002,MEX,2002,2002-01-01,101548624
MEX 2001,MEX,2001,2001-01-01,100099099
MEX 2000,MEX,2000,2000-01-01,98625552
FSM 2023,FSM,2023,2023-01-01,112630
FSM 2022,FSM,2022,2022-01-01,112114
FSM 2021,FSM,2021,2021-01-01,111624
FSM 2020,FSM,2020,2020-01-01,110916
FSM 2019,FSM,2019,2019-01-01,110282
FSM 2018,FSM,2018,2018-01-01,109909
FSM 2017,FSM,2017,2017-01-01,109481
FSM 2016,FSM,2016,2016-01-01,109075
FSM 2015,FSM,2015,2015-01-01,108716
FSM 2014,FSM,2014,2014-01-01,108396
FSM 2013,FSM,2013,2013-01-01,108121
FSM 2012,FSM,2012,2012-01-01,107890
FSM 2011,FSM,2011,2011-01-01,107698
FSM 2010,FSM,2010,2010-01-01,107540
FSM 2009,FSM,2009,2009-01-01,107957
FSM 2008,FSM,2008,2008-01-01,108936
FSM 2007,FSM,2007,2007-01-01,109880
FSM 2006,FSM,2006,2006-01-01,110729
FSM 2005,FSM,2005,2005-01-01,111412
FSM 2004,FSM,2004,2004-01-01,111925
FSM 2003,FSM,2003,2003-01-01,112285
FSM 2002,FSM,2002,2002-01-01,112448
FSM 2001,FSM,2001,2001-01-01,112365
FSM 2000,FSM,2000,2000-01-01,112044
MDA 2023,MDA,2023,2023-01-01,2457783
MDA 2022,MDA,2022,2022-01-01,2528654
MDA 2021,MDA,2021,2021-01-01,2595809
MDA 2020,MDA,2020,2020-01-01,2635130
MDA 2019,MDA,2019,2019-01-01,2664224
MDA 2018,MDA,2018,2018-01-01,2707203
MDA 2017,MDA,2017,2017-01-01,2755189
MDA 2016,MDA,2016,2016-01-01,2803186
MDA 2015,MDA,2015,2015-01-01,2835978
MDA 2014,MDA,2014,2014-01-01,2857815
MDA 2013,MDA,2013,2013-01-01,2859558
MDA 2012,MDA,2012,2012-01-01,2860324
MDA 2011,MDA,2011,2011-01-01,2860699
MDA 2010,MDA,2010,2010-01-01,2862354
MDA 2009,MDA,2009,2009-01-01,2865213
MDA 2008,MDA,2008,2008-01-01,2868833
MDA 2007,MDA,2007,2007-01-01,2874299
MDA 2006,MDA,2006,2006-01-01,2880967
MDA 2005,MDA,2005,2005-01-01,2888985
MDA 2004,MDA,2004,2004-01-01,2896023
MDA 2003,MDA,2003,2003-01-01,2903198
MDA 2002,MDA,2002,2002-01-01,2911385
MDA 2001,MDA,2001,2001-01-01,2918135
MDA 2000,MDA,2000,2000-01-01,2924668
MCO 2023,MCO,2023,2023-01-01,38956
MCO 2022,MCO,2022,2022-01-01,38931
MCO 2021,MCO,2021,2021-01-01,38527
MCO 2020,MCO,2020,2020-01-01,38050
MCO 2019,MCO,2019,2019-01-01,38109
MCO 2018,MCO,2018,2018-01-01,38154
MCO 2017,MCO,2017,2017-01-01,37678
MCO 2016,MCO,2016,2016-01-01,37276
MCO 2015,MCO,2015,2015-01-01,36757
MCO 2014,MCO,2014,2014-01-01,36128
MCO 2013,MCO,2013,2013-01-01,35447
MCO 2012,MCO,2012,2012-01-01,34711
MCO 2011,MCO,2011,2011-01-01,33946
MCO 2010,MCO,2010,2010-01-01,33163
MCO 2009,MCO,2009,2009-01-01,32364
MCO 2008,MCO,2008,2008-01-01,31836
MCO 2007,MCO,2007,2007-01-01,31837
MCO 2006,MCO,2006,2006-01-01,32057
MCO 2005,MCO,2005,2005-01-01,32210
MCO 2004,MCO,2004,2004-01-01,32307
MCO 2003,MCO,2003,2003-01-01,32374
MCO 2002,MCO,2002,2002-01-01,32422
MCO 2001,MCO,2001,2001-01-01,32447
MCO 2000,MCO,2000,2000-01-01,32455
MNG 2023,MNG,2023,2023-01-01,3481145
MNG 2022,MNG,2022,2022-01-01,3433748
MNG 2021,MNG,2021,2021-01-01,3383741
MNG 2020,MNG,2020,2020-01-01,3327204
MNG 2019,MNG,2019,2019-01-01,3267673
MNG 2018,MNG,2018,2018-01-01,3208189
MNG 2017,MNG,2017,2017-01-01,3148917
MNG 2016,MNG,2016,2016-01-01,3088856
MNG 2015,MNG,2015,2015-01-01,3026864
MNG 2014,MNG,2014,2014-01-01,2963113
MNG 2013,MNG,2013,2013-01-01,2899011
MNG 2012,MNG,2012,2012-01-01,2839705
MNG 2011,MNG,2011,2011-01-01,2786317
MNG 2010,MNG,2010,2010-01-01,2738622
MNG 2009,MNG,2009,2009-01-01,2691115
MNG 2008,MNG,2008,2008-01-01,2643201
MNG 2007,MNG,2007,2007-01-01,2601850
MNG 2006,MNG,2006,2006-01-01,2567168
MNG 2005,MNG,2005,2005-01-01,2536407
MNG 2004,MNG,2004,2004-01-01,2508412
MNG 2003,MNG,2003,2003-01-01,2480374
MNG 2002,MNG,2002,2002-01-01,2449027
MNG 2001,MNG,2001,2001-01-01,2417751
MNG 2000,MNG,2000,2000-01-01,2388299
MNE 2023,MNE,2023,2023-01-01,623529
MNE 2022,MNE,2022,2022-01-01,623591
MNE 2021,MNE,2021,2021-01-01,625053
MNE 2020,MNE,2020,2020-01-01,626590
MNE 2019,MNE,2019,2019-01-01,626753
MNE 2018,MNE,2018,2018-01-01,626438
MNE 2017,MNE,2017,2017-01-01,625982
MNE 2016,MNE,2016,2016-01-01,625353
MNE 2015,MNE,2015,2015-01-01,624651
MNE 2014,MNE,2014,2014-01-01,623744
MNE 2013,MNE,2013,2013-01-01,622587
MNE 2012,MNE,2012,2012-01-01,621418
MNE 2011,MNE,2011,2011-01-01,620345
MNE 2010,MNE,2010,2010-01-01,619428
MNE 2009,MNE,2009,2009-01-01,618294
MNE 2008,MNE,2008,2008-01-01,616969
MNE 2007,MNE,2007,2007-01-01,615875
MNE 2006,MNE,2006,2006-01-01,615025
MNE 2005,MNE,2005,2005-01-01,614261
MNE 2004,MNE,2004,2004-01-01,613353
MNE 2003,MNE,2003,2003-01-01,612267
MNE 2002,MNE,2002,2002-01-01,609828
MNE 2001,MNE,2001,2001-01-01,607389
MNE 2000,MNE,2000,2000-01-01,604950
MAR 2023,MAR,2023,2023-01-01,37712505
MAR 2022,MAR,2022,2022-01-01,37329064
MAR 2021,MAR,2021,2021-01-01,36954442
MAR 2020,MAR,2020,2020-01-01,36584208
MAR 2019,MAR,2019,2019-01-01,36210898
MAR 2018,MAR,2018,2018-01-01,35839760
MAR 2017,MAR,2017,2017-01-01,35446392
MAR 2016,MAR,2016,2016-01-01,35023457
MAR 2015,MAR,2015,2015-01-01,34607588
MAR 2014,MAR,2014,2014-01-01,34204780
MAR 2013,MAR,2013,2013-01-01,33787571
MAR 2012,MAR,2012,2012-01-01,33355241
MAR 2011,MAR,2011,2011-01-01,32912588
MAR 2010,MAR,2010,2010-01-01,32467016
MAR 2009,MAR,2009,2009-01-01,32030778
MAR 2008,MAR,2008,2008-01-01,31606767
MAR 2007,MAR,2007,2007-01-01,31186468
MAR 2006,MAR,2006,2006-01-01,30771178
MAR 2005,MAR,2005,2005-01-01,30358144
MAR 2004,MAR,2004,2004-01-01,29953018
MAR 2003,MAR,2003,2003-01-01,29571415
MAR 2002,MAR,2002,2002-01-01,29198142
MAR 2001,MAR,2001,2001-01-01,28814643
MAR 2000,MAR,2000,2000-01-01,28423435
MOZ 2023,MOZ,2023,2023-01-01,33635160
MOZ 2022,MOZ,2022,2022-01-01,32656246
MOZ 2021,MOZ,2021,2021-01-01,31707800
MOZ 2020,MOZ,2020,2020-01-01,30783688
MOZ 2019,MOZ,2019,2019-01-01,29884380
MOZ 2018,MOZ,2018,2018-01-01,29018644
MOZ 2017,MOZ,2017,2017-01-01,28166393
MOZ 2016,MOZ,2016,2016-01-01,27337105
MOZ 2015,MOZ,2015,2015-01-01,26547572
MOZ 2014,MOZ,2014,2014-01-01,25788475
MOZ 2013,MOZ,2013,2013-01-01,25051611
MOZ 2012,MOZ,2012,2012-01-01,24337846
MOZ 2011,MOZ,2011,2011-01-01,23649039
MOZ 2010,MOZ,2010,2010-01-01,22999235
MOZ 2009,MOZ,2009,2009-01-01,22391745
MOZ 2008,MOZ,2008,2008-01-01,21819036
MOZ 2007,MOZ,2007,2007-01-01,21287635
MOZ 2006,MOZ,2006,2006-01-01,20787087
MOZ 2005,MOZ,2005,2005-01-01,20304569
MOZ 2004,MOZ,2004,2004-01-01,19840313
MOZ 2003,MOZ,2003,2003-01-01,19392475
MOZ 2002,MOZ,2002,2002-01-01,18958338
MOZ 2001,MOZ,2001,2001-01-01,18537729
MOZ 2000,MOZ,2000,2000-01-01,18129653
MMR 2023,MMR,2023,2023-01-01,54133798
MMR 2022,MMR,2022,2022-01-01,53756787
MMR 2021,MMR,2021,2021-01-01,53387102
MMR 2020,MMR,2020,2020-01-01,53016522
MMR 2019,MMR,2019,2019-01-01,52640713
MMR 2018,MMR,2018,2018-01-01,52272247
MMR 2017,MMR,2017,2017-01-01,51894938
MMR 2016,MMR,2016,2016-01-01,51495696
MMR 2015,MMR,2015,2015-01-01,51089056
MMR 2014,MMR,2014,2014-01-01,50681634
MMR 2013,MMR,2013,2013-01-01,50262658
MMR 2012,MMR,2012,2012-01-01,49837446
MMR 2011,MMR,2011,2011-01-01,49419820
MMR 2010,MMR,2010,2010-01-01,49024382
MMR 2009,MMR,2009,2009-01-01,48660459
MMR 2008,MMR,2008,2008-01-01,48390793
MMR 2007,MMR,2007,2007-01-01,48125043
MMR 2006,MMR,2006,2006-01-01,47785135
MMR 2005,MMR,2005,2005-01-01,47438365
MMR 2004,MMR,2004,2004-01-01,47068772
MMR 2003,MMR,2003,2003-01-01,46667192
MMR 2002,MMR,2002,2002-01-01,46232653
MMR 2001,MMR,2001,2001-01-01,45771139
MMR 2000,MMR,2000,2000-01-01,45290841
NAM 2023,NAM,2023,2023-01-01,2963095
NAM 2022,NAM,2022,2022-01-01,2889662
NAM 2021,NAM,2021,2021-01-01,2810548
NAM 2020,NAM,2020,2020-01-01,2728762
NAM 2019,NAM,2019,2019-01-01,2650494
NAM 2018,NAM,2018,2018-01-01,2577327
NAM 2017,NAM,2017,2017-01-01,2506853
NAM 2016,NAM,2016,2016-01-01,2439213
NAM 2015,NAM,2015,2015-01-01,2374300
NAM 2014,NAM,2014,2014-01-01,2312139
NAM 2013,NAM,2013,2013-01-01,2252508
NAM 2012,NAM,2012,2012-01-01,2194654
NAM 2011,NAM,2011,2011-01-01,2146325
NAM 2010,NAM,2010,2010-01-01,2109811
NAM 2009,NAM,2009,2009-01-01,2077394
NAM 2008,NAM,2008,2008-01-01,2047056
NAM 2007,NAM,2007,2007-01-01,2018600
NAM 2006,NAM,2006,2006-01-01,1991888
NAM 2005,NAM,2005,2005-01-01,1966582
NAM 2004,NAM,2004,2004-01-01,1942082
NAM 2003,NAM,2003,2003-01-01,1917464
NAM 2002,NAM,2002,2002-01-01,1889970
NAM 2001,NAM,2001,2001-01-01,1857048
NAM 2000,NAM,2000,2000-01-01,1818647
NRU 2023,NRU,2023,2023-01-01,11875
NRU 2022,NRU,2022,2022-01-01,11801
NRU 2021,NRU,2021,2021-01-01,11709
NRU 2020,NRU,2020,2020-01-01,11643
NRU 2019,NRU,2019,2019-01-01,11587
NRU 2018,NRU,2018,2018-01-01,11477
NRU 2017,NRU,2017,2017-01-01,11324
NRU 2016,NRU,2016,2016-01-01,11150
NRU 2015,NRU,2015,2015-01-01,10954
NRU 2014,NRU,2014,2014-01-01,10742
NRU 2013,NRU,2013,2013-01-01,10517
NRU 2012,NRU,2012,2012-01-01,10267
NRU 2011,NRU,2011,2011-01-01,10098
NRU 2010,NRU,2010,2010-01-01,10043
NRU 2009,NRU,2009,2009-01-01,10016
NRU 2008,NRU,2008,2008-01-01,10009
NRU 2007,NRU,2007,2007-01-01,10020
NRU 2006,NRU,2006,2006-01-01,10034
NRU 2005,NRU,2005,2005-01-01,10049
NRU 2004,NRU,2004,2004-01-01,10060
NRU 2003,NRU,2003,2003-01-01,10059
NRU 2002,NRU,2002,2002-01-01,10082
NRU 2001,NRU,2001,2001-01-01,10130
NRU 2000,NRU,2000,2000-01-01,10168
NPL 2023,NPL,2023,2023-01-01,29694614
NPL 2022,NPL,2022,2022-01-01,29715436
NPL 2021,NPL,2021,2021-01-01,29475010
NPL 2020,NPL,2020,2020-01-01,28966574
NPL 2019,NPL,2019,2019-01-01,28414064
NPL 2018,NPL,2018,2018-01-01,28079689
NPL 2017,NPL,2017,2017-01-01,28011258
NPL 2016,NPL,2016,2016-01-01,27955462
NPL 2015,NPL,2015,2015-01-01,27823629
NPL 2014,NPL,2014,2014-01-01,27672370
NPL 2013,NPL,2013,2013-01-01,27589996
NPL 2012,NPL,2012,2012-01-01,27534915
NPL 2011,NPL,2011,2011-01-01,27464494
NPL 2010,NPL,2010,2010-01-01,27341952
NPL 2009,NPL,2009,2009-01-01,27173035
NPL 2008,NPL,2008,2008-01-01,26990037
NPL 2007,NPL,2007,2007-01-01,26788492
NPL 2006,NPL,2006,2006-01-01,26565425
NPL 2005,NPL,2005,2005-01-01,26309458
NPL 2004,NPL,2004,2004-01-01,26016656
NPL 2003,NPL,2003,2003-01-01,25688758
NPL 2002,NPL,2002,2002-01-01,25328981
NPL 2001,NPL,2001,2001-01-01,24946748
NPL 2000,NPL,2000,2000-01-01,24546509
NLD 2023,NLD,2023,2023-01-01,17877117
NLD 2022,NLD,2022,2022-01-01,17700982
NLD 2021,NLD,2021,2021-01-01,17533044
NLD 2020,NLD,2020,2020-01-01,17441500
NLD 2019,NLD,2019,2019-01-01,17344874
NLD 2018,NLD,2018,2018-01-01,17231624
NLD 2017,NLD,2017,2017-01-01,17131296
NLD 2016,NLD,2016,2016-01-01,17030314
NLD 2015,NLD,2015,2015-01-01,16939923
NLD 2014,NLD,2014,2014-01-01,16865008
NLD 2013,NLD,2013,2013-01-01,16804432
NLD 2012,NLD,2012,2012-01-01,16754962
NLD 2011,NLD,2011,2011-01-01,16693074
NLD 2010,NLD,2010,2010-01-01,16615394
NLD 2009,NLD,2009,2009-01-01,16530388
NLD 2008,NLD,2008,2008-01-01,16445593
NLD 2007,NLD,2007,2007-01-01,16381696
NLD 2006,NLD,2006,2006-01-01,16346101
NLD 2005,NLD,2005,2005-01-01,16319868
NLD 2004,NLD,2004,2004-01-01,16281779
NLD 2003,NLD,2003,2003-01-01,16225302
NLD 2002,NLD,2002,2002-01-01,16148929
NLD 2001,NLD,2001,2001-01-01,16046180
NLD 2000,NLD,2000,2000-01-01,15925513
NCL 2023,NCL,2023,2023-01-01,289870
NCL 2022,NCL,2022,2022-01-01,287123
NCL 2021,NCL,2021,2021-01-01,285214
NCL 2020,NCL,2020,2020-01-01,284176
NCL 2019,NCL,2019,2019-01-01,283606
NCL 2018,NCL,2018,2018-01-01,283541
NCL 2017,NCL,2017,2017-01-01,283546
NCL 2016,NCL,2016,2016-01-01,283423
NCL 2015,NCL,2015,2015-01-01,283168
NCL 2014,NCL,2014,2014-01-01,281224
NCL 2013,NCL,2013,2013-01-01,276822
NCL 2012,NCL,2012,2012-01-01,271633
NCL 2011,NCL,2011,2011-01-01,266543
NCL 2010,NCL,2010,2010-01-01,261582
NCL 2009,NCL,2009,2009-01-01,257250
NCL 2008,NCL,2008,2008-01-01,253825
NCL 2007,NCL,2007,2007-01-01,250725
NCL 2006,NCL,2006,2006-01-01,247547
NCL 2005,NCL,2005,2005-01-01,244381
NCL 2004,NCL,2004,2004-01-01,240852
NCL 2003,NCL,2003,2003-01-01,236678
NCL 2002,NCL,2002,2002-01-01,232236
NCL 2001,NCL,2001,2001-01-01,227707
NCL 2000,NCL,2000,2000-01-01,223098
NZL 2023,NZL,2023,2023-01-01,5200000
NZL 2022,NZL,2022,2022-01-01,5081700
NZL 2021,NZL,2021,2021-01-01,5084600
NZL 2020,NZL,2020,2020-01-01,5072400
NZL 2019,NZL,2019,2019-01-01,4970300
NZL 2018,NZL,2018,2018-01-01,4900600
NZL 2017,NZL,2017,2017-01-01,4813600
NZL 2016,NZL,2016,2016-01-01,4714100
NZL 2015,NZL,2015,2015-01-01,4609400
NZL 2014,NZL,2014,2014-01-01,4516500
NZL 2013,NZL,2013,2013-01-01,4442100
NZL 2012,NZL,2012,2012-01-01,4408100
NZL 2011,NZL,2011,2011-01-01,4384000
NZL 2010,NZL,2010,2010-01-01,4350700
NZL 2009,NZL,2009,2009-01-01,4302600
NZL 2008,NZL,2008,2008-01-01,4259800
NZL 2007,NZL,2007,2007-01-01,4223800
NZL 2006,NZL,2006,2006-01-01,4184600
NZL 2005,NZL,2005,2005-01-01,4133900
NZL 2004,NZL,2004,2004-01-01,4087500
NZL 2003,NZL,2003,2003-01-01,4027200
NZL 2002,NZL,2002,2002-01-01,3948500
NZL 2001,NZL,2001,2001-01-01,3880500
NZL 2000,NZL,2000,2000-01-01,3857700
NIC 2023,NIC,2023,2023-01-01,6823613
NIC 2022,NIC,2022,2022-01-01,6730654
NIC 2021,NIC,2021,2021-01-01,6644741
NIC 2020,NIC,2020,2020-01-01,6565267
NIC 2019,NIC,2019,2019-01-01,6483657
NIC 2018,NIC,2018,2018-01-01,6400080
NIC 2017,NIC,2017,2017-01-01,6316231
NIC 2016,NIC,2016,2016-01-01,6232666
NIC 2015,NIC,2015,2015-01-01,6149417
NIC 2014,NIC,2014,2014-01-01,6066492
NIC 2013,NIC,2013,2013-01-01,5983845
NIC 2012,NIC,2012,2012-01-01,5901287
NIC 2011,NIC,2011,2011-01-01,5819051
NIC 2010,NIC,2010,2010-01-01,5737450
NIC 2009,NIC,2009,2009-01-01,5656601
NIC 2008,NIC,2008,2008-01-01,5576593
NIC 2007,NIC,2007,2007-01-01,5497243
NIC 2006,NIC,2006,2006-01-01,5418855
NIC 2005,NIC,2005,2005-01-01,5342105
NIC 2004,NIC,2004,2004-01-01,5272912
NIC 2003,NIC,2003,2003-01-01,5210963
NIC 2002,NIC,2002,2002-01-01,5149909
NIC 2001,NIC,2001,2001-01-01,5087825
NIC 2000,NIC,2000,2000-01-01,5022633
NER 2023,NER,2023,2023-01-01,26159867
NER 2022,NER,2022,2022-01-01,25311973
NER 2021,NER,2021,2021-01-01,24502140
NER 2020,NER,2020,2020-01-01,23717613
NER 2019,NER,2019,2019-01-01,22947757
NER 2018,NER,2018,2018-01-01,22188069
NER 2017,NER,2017,2017-01-01,21435446
NER 2016,NER,2016,2016-01-01,20685753
NER 2015,NER,2015,2015-01-01,19939498
NER 2014,NER,2014,2014-01-01,19215909
NER 2013,NER,2013,2013-01-01,18519898
NER 2012,NER,2012,2012-01-01,17836769
NER 2011,NER,2011,2011-01-01,17176283
NER 2010,NER,2010,2010-01-01,16548835
NER 2009,NER,2009,2009-01-01,15943675
NER 2008,NER,2008,2008-01-01,15361915
NER 2007,NER,2007,2007-01-01,14803610
NER 2006,NER,2006,2006-01-01,14268581
NER 2005,NER,2005,2005-01-01,13756192
NER 2004,NER,2004,2004-01-01,13265836
NER 2003,NER,2003,2003-01-01,12796984
NER 2002,NER,2002,2002-01-01,12349144
NER 2001,NER,2001,2001-01-01,11920647
NER 2000,NER,2000,2000-01-01,11509630
NGA 2023,NGA,2023,2023-01-01,227882945
NGA 2022,NGA,2022,2022-01-01,223150896
NGA 2021,NGA,2021,2021-01-01,218529286
NGA 2020,NGA,2020,2020-01-01,213996181
NGA 2019,NGA,2019,2019-01-01,209485641
NGA 2018,NGA,2018,2018-01-01,204938755
NGA 2017,NGA,2017,2017-01-01,200254579
NGA 2016,NGA,2016,2016-01-01,195443700
NGA 2015,NGA,2015,2015-01-01,190671878
NGA 2014,NGA,2014,2014-01-01,185896915
NGA 2013,NGA,2013,2013-01-01,181049443
NGA 2012,NGA,2012,2012-01-01,176200625
NGA 2011,NGA,2011,2011-01-01,171379598
NGA 2010,NGA,2010,2010-01-01,166642886
NGA 2009,NGA,2009,2009-01-01,162049464
NGA 2008,NGA,2008,2008-01-01,157595014
NGA 2007,NGA,2007,2007-01-01,153267261
NGA 2006,NGA,2006,2006-01-01,149077334
NGA 2005,NGA,2005,2005-01-01,145017253
NGA 2004,NGA,2004,2004-01-01,141057045
NGA 2003,NGA,2003,2003-01-01,137202644
NGA 2002,NGA,2002,2002-01-01,133471989
NGA 2001,NGA,2001,2001-01-01,129862595
NGA 2000,NGA,2000,2000-01-01,126382494
MKD 2023,MKD,2023,2023-01-01,1827816
MKD 2022,MKD,2022,2022-01-01,1831712
MKD 2021,MKD,2021,2021-01-01,1837114
MKD 2020,MKD,2020,2020-01-01,1856124
MKD 2019,MKD,2019,2019-01-01,1876262
MKD 2018,MKD,2018,2018-01-01,1889051
MKD 2017,MKD,2017,2017-01-01,1898657
MKD 2016,MKD,2016,2016-01-01,1906313
MKD 2015,MKD,2015,2015-01-01,1912430
MKD 2014,MKD,2014,2014-01-01,1917557
MKD 2013,MKD,2013,2013-01-01,1922716
MKD 2012,MKD,2012,2012-01-01,1929821
MKD 2011,MKD,2011,2011-01-01,1937398
MKD 2010,MKD,2010,2010-01-01,1946298
MKD 2009,MKD,2009,2009-01-01,1958782
MKD 2008,MKD,2008,2008-01-01,1971493
MKD 2007,MKD,2007,2007-01-01,1982933
MKD 2006,MKD,2006,2006-01-01,1994287
MKD 2005,MKD,2005,2005-01-01,2005330
MKD 2004,MKD,2004,2004-01-01,2016186
MKD 2003,MKD,2003,2003-01-01,2022725
MKD 2002,MKD,2002,2002-01-01,2020157
MKD 2001,MKD,2001,2001-01-01,2034882
MKD 2000,MKD,2000,2000-01-01,2026350
MNP 2023,MNP,2023,2023-01-01,45143
MNP 2022,MNP,2022,2022-01-01,46078
MNP 2021,MNP,2021,2021-01-01,46979
MNP 2020,MNP,2020,2020-01-01,47528
MNP 2019,MNP,2019,2019-01-01,48129
MNP 2018,MNP,2018,2018-01-01,49077
MNP 2017,MNP,2017,2017-01-01,49959
MNP 2016,MNP,2016,2016-01-01,50773
MNP 2015,MNP,2015,2015-01-01,51514
MNP 2014,MNP,2014,2014-01-01,52178
MNP 2013,MNP,2013,2013-01-01,52758
MNP 2012,MNP,2012,2012-01-01,53234
MNP 2011,MNP,2011,2011-01-01,53608
MNP 2010,MNP,2010,2010-01-01,54091
MNP 2009,MNP,2009,2009-01-01,55325
MNP 2008,MNP,2008,2008-01-01,57150
MNP 2007,MNP,2007,2007-01-01,58941
MNP 2006,MNP,2006,2006-01-01,60682
MNP 2005,MNP,2005,2005-01-01,62354
MNP 2004,MNP,2004,2004-01-01,63938
MNP 2003,MNP,2003,2003-01-01,65421
MNP 2002,MNP,2002,2002-01-01,66778
MNP 2001,MNP,2001,2001-01-01,67984
MNP 2000,MNP,2000,2000-01-01,68356
NOR 2023,NOR,2023,2023-01-01,5519601
NOR 2022,NOR,2022,2022-01-01,5457127
NOR 2021,NOR,2021,2021-01-01,5408320
NOR 2020,NOR,2020,2020-01-01,5379475
NOR 2019,NOR,2019,2019-01-01,5347896
NOR 2018,NOR,2018,2018-01-01,5311916
NOR 2017,NOR,2017,2017-01-01,5276968
NOR 2016,NOR,2016,2016-01-01,5234519
NOR 2015,NOR,2015,2015-01-01,5188607
NOR 2014,NOR,2014,2014-01-01,5137232
NOR 2013,NOR,2013,2013-01-01,5079623
NOR 2012,NOR,2012,2012-01-01,5018573
NOR 2011,NOR,2011,2011-01-01,4953088
NOR 2010,NOR,2010,2010-01-01,4889252
NOR 2009,NOR,2009,2009-01-01,4828726
NOR 2008,NOR,2008,2008-01-01,4768212
NOR 2007,NOR,2007,2007-01-01,4709153
NOR 2006,NOR,2006,2006-01-01,4660677
NOR 2005,NOR,2005,2005-01-01,4623291
NOR 2004,NOR,2004,2004-01-01,4591910
NOR 2003,NOR,2003,2003-01-01,4564855
NOR 2002,NOR,2002,2002-01-01,4538159
NOR 2001,NOR,2001,2001-01-01,4513751
NOR 2000,NOR,2000,2000-01-01,4490967
OMN 2023,OMN,2023,2023-01-01,5049269
OMN 2022,OMN,2022,2022-01-01,4730226
OMN 2021,OMN,2021,2021-01-01,4500424
OMN 2020,OMN,2020,2020-01-01,4522497
OMN 2019,OMN,2019,2019-01-01,4591241
OMN 2018,OMN,2018,2018-01-01,4597877
OMN 2017,OMN,2017,2017-01-01,4537396
OMN 2016,OMN,2016,2016-01-01,4390877
OMN 2015,OMN,2015,2015-01-01,4184895
OMN 2014,OMN,2014,2014-01-01,4002439
OMN 2013,OMN,2013,2013-01-01,3833913
OMN 2012,OMN,2012,2012-01-01,3547106
OMN 2011,OMN,2011,2011-01-01,3076763
OMN 2010,OMN,2010,2010-01-01,2757446
OMN 2009,OMN,2009,2009-01-01,2684659
OMN 2008,OMN,2008,2008-01-01,2626529
OMN 2007,OMN,2007,2007-01-01,2570174
OMN 2006,OMN,2006,2006-01-01,2514795
OMN 2005,OMN,2005,2005-01-01,2459802
OMN 2004,OMN,2004,2004-01-01,2404821
OMN 2003,OMN,2003,2003-01-01,2363796
OMN 2002,OMN,2002,2002-01-01,2337140
OMN 2001,OMN,2001,2001-01-01,2310217
OMN 2000,OMN,2000,2000-01-01,2282131
PAK 2023,PAK,2023,2023-01-01,247504495
PAK 2022,PAK,2022,2022-01-01,243700667
PAK 2021,PAK,2021,2021-01-01,239477801
PAK 2020,PAK,2020,2020-01-01,235001746
PAK 2019,PAK,2019,2019-01-01,230800899
PAK 2018,PAK,2018,2018-01-01,226928892
PAK 2017,PAK,2017,2017-01-01,223273967
PAK 2016,PAK,2016,2016-01-01,220138869
PAK 2015,PAK,2015,2015-01-01,217290883
PAK 2014,PAK,2014,2014-01-01,214264647
PAK 2013,PAK,2013,2013-01-01,211073978
PAK 2012,PAK,2012,2012-01-01,207667125
PAK 2011,PAK,2011,2011-01-01,203746065
PAK 2010,PAK,2010,2010-01-01,199239047
PAK 2009,PAK,2009,2009-01-01,194376534
PAK 2008,PAK,2008,2008-01-01,189499113
PAK 2007,PAK,2007,2007-01-01,184493231
PAK 2006,PAK,2006,2006-01-01,179682690
PAK 2005,PAK,2005,2005-01-01,175453212
PAK 2004,PAK,2004,2004-01-01,171286000
PAK 2003,PAK,2003,2003-01-01,167110248
PAK 2002,PAK,2002,2002-01-01,163222549
PAK 2001,PAK,2001,2001-01-01,159270907
PAK 2000,PAK,2000,2000-01-01,154879127
PLW 2023,PLW,2023,2023-01-01,17727
PLW 2022,PLW,2022,2022-01-01,17759
PLW 2021,PLW,2021,2021-01-01,17783
PLW 2020,PLW,2020,2020-01-01,17792
PLW 2019,PLW,2019,2019-01-01,17798
PLW 2018,PLW,2018,2018-01-01,17814
PLW 2017,PLW,2017,2017-01-01,17812
PLW 2016,PLW,2016,2016-01-01,17797
PLW 2015,PLW,2015,2015-01-01,17770
PLW 2014,PLW,2014,2014-01-01,17715
PLW 2013,PLW,2013,2013-01-01,17648
PLW 2012,PLW,2012,2012-01-01,17765
PLW 2011,PLW,2011,2011-01-01,18078
PLW 2010,PLW,2010,2010-01-01,18396
PLW 2009,PLW,2009,2009-01-01,18709
PLW 2008,PLW,2008,2008-01-01,19009
PLW 2007,PLW,2007,2007-01-01,19302
PLW 2006,PLW,2006,2006-01-01,19593
PLW 2005,PLW,2005,2005-01-01,19819
PLW 2004,PLW,2004,2004-01-01,19820
PLW 2003,PLW,2003,2003-01-01,19659
PLW 2002,PLW,2002,2002-01-01,19503
PLW 2001,PLW,2001,2001-01-01,19352
PLW 2000,PLW,2000,2000-01-01,19178
PAN 2023,PAN,2023,2023-01-01,4458759
PAN 2022,PAN,2022,2022-01-01,4400773
PAN 2021,PAN,2021,2021-01-01,4345405
PAN 2020,PAN,2020,2020-01-01,4293261
PAN 2019,PAN,2019,2019-01-01,4234700
PAN 2018,PAN,2018,2018-01-01,4167860
PAN 2017,PAN,2017,2017-01-01,4098707
PAN 2016,PAN,2016,2016-01-01,4029086
PAN 2015,PAN,2015,2015-01-01,3960035
PAN 2014,PAN,2014,2014-01-01,3892101
PAN 2013,PAN,2013,2013-01-01,3825329
PAN 2012,PAN,2012,2012-01-01,3759256
PAN 2011,PAN,2011,2011-01-01,3693505
PAN 2010,PAN,2010,2010-01-01,3628535
PAN 2009,PAN,2009,2009-01-01,3564381
PAN 2008,PAN,2008,2008-01-01,3500648
PAN 2007,PAN,2007,2007-01-01,3437490
PAN 2006,PAN,2006,2006-01-01,3375024
PAN 2005,PAN,2005,2005-01-01,3313026
PAN 2004,PAN,2004,2004-01-01,3251155
PAN 2003,PAN,2003,2003-01-01,3189807
PAN 2002,PAN,2002,2002-01-01,3129344
PAN 2001,PAN,2001,2001-01-01,3069537
PAN 2000,PAN,2000,2000-01-01,3010369
PNG 2023,PNG,2023,2023-01-01,10389635
PNG 2022,PNG,2022,2022-01-01,10203169
PNG 2021,PNG,2021,2021-01-01,10012896
PNG 2020,PNG,2020,2020-01-01,9815746
PNG 2019,PNG,2019,2019-01-01,9609010
PNG 2018,PNG,2018,2018-01-01,9394513
PNG 2017,PNG,2017,2017-01-01,9178714
PNG 2016,PNG,2016,2016-01-01,8961718
PNG 2015,PNG,2015,2015-01-01,8743246
PNG 2014,PNG,2014,2014-01-01,8523441
PNG 2013,PNG,2013,2013-01-01,8302698
PNG 2012,PNG,2012,2012-01-01,8081390
PNG 2011,PNG,2011,2011-01-01,7859346
PNG 2010,PNG,2010,2010-01-01,7633523
PNG 2009,PNG,2009,2009-01-01,7406438
PNG 2008,PNG,2008,2008-01-01,7183002
PNG 2007,PNG,2007,2007-01-01,6963345
PNG 2006,PNG,2006,2006-01-01,6747720
PNG 2005,PNG,2005,2005-01-01,6535905
PNG 2004,PNG,2004,2004-01-01,6328041
PNG 2003,PNG,2003,2003-01-01,6123997
PNG 2002,PNG,2002,2002-01-01,5924003
PNG 2001,PNG,2001,2001-01-01,5728435
PNG 2000,PNG,2000,2000-01-01,5537064
PRY 2023,PRY,2023,2023-01-01,6844146
PRY 2022,PRY,2022,2022-01-01,6760464
PRY 2021,PRY,2021,2021-01-01,6684182
PRY 2020,PRY,2020,2020-01-01,6603739
PRY 2019,PRY,2019,2019-01-01,6515058
PRY 2018,PRY,2018,2018-01-01,6427382
PRY 2017,PRY,2017,2017-01-01,6338660
PRY 2016,PRY,2016,2016-01-01,6249126
PRY 2015,PRY,2015,2015-01-01,6159103
PRY 2014,PRY,2014,2014-01-01,6069811
PRY 2013,PRY,2013,2013-01-01,5982445
PRY 2012,PRY,2012,2012-01-01,5897008
PRY 2011,PRY,2011,2011-01-01,5814626
PRY 2010,PRY,2010,2010-01-01,5737971
PRY 2009,PRY,2009,2009-01-01,5671236
PRY 2008,PRY,2008,2008-01-01,5613574
PRY 2007,PRY,2007,2007-01-01,5559386
PRY 2006,PRY,2006,2006-01-01,5505148
PRY 2005,PRY,2005,2005-01-01,5448097
PRY 2004,PRY,2004,2004-01-01,5388175
PRY 2003,PRY,2003,2003-01-01,5326436
PRY 2002,PRY,2002,2002-01-01,5261328
PRY 2001,PRY,2001,2001-01-01,5187689
PRY 2000,PRY,2000,2000-01-01,5100868
PER 2023,PER,2023,2023-01-01,33845617
PER 2022,PER,2022,2022-01-01,33475438
PER 2021,PER,2021,2021-01-01,33155882
PER 2020,PER,2020,2020-01-01,32838579
PER 2019,PER,2019,2019-01-01,32449303
PER 2018,PER,2018,2018-01-01,31897584
PER 2017,PER,2017,2017-01-01,31324637
PER 2016,PER,2016,2016-01-01,30866494
PER 2015,PER,2015,2015-01-01,30457600
PER 2014,PER,2014,2014-01-01,30115826
PER 2013,PER,2013,2013-01-01,29817919
PER 2012,PER,2012,2012-01-01,29550366
PER 2011,PER,2011,2011-01-01,29304086
PER 2010,PER,2010,2010-01-01,29086019
PER 2009,PER,2009,2009-01-01,28896811
PER 2008,PER,2008,2008-01-01,28719041
PER 2007,PER,2007,2007-01-01,28530699
PER 2006,PER,2006,2006-01-01,28324491
PER 2005,PER,2005,2005-01-01,28101180
PER 2004,PER,2004,2004-01-01,27852190
PER 2003,PER,2003,2003-01-01,27580490
PER 2002,PER,2002,2002-01-01,27288217
PER 2001,PER,2001,2001-01-01,26964601
PER 2000,PER,2000,2000-01-01,26598331
PHL 2023,PHL,2023,2023-01-01,114891199
PHL 2022,PHL,2022,2022-01-01,113964338
PHL 2021,PHL,2021,2021-01-01,113100950
PHL 2020,PHL,2020,2020-01-01,112081264
PHL 2019,PHL,2019,2019-01-01,110804683
PHL 2018,PHL,2018,2018-01-01,109465287
PHL 2017,PHL,2017,2017-01-01,108119693
PHL 2016,PHL,2016,2016-01-01,106735719
PHL 2015,PHL,2015,2015-01-01,105312992
PHL 2014,PHL,2014,2014-01-01,103767130
PHL 2013,PHL,2013,2013-01-01,102076336
PHL 2012,PHL,2012,2012-01-01,100175512
PHL 2011,PHL,2011,2011-01-01,98248614
PHL 2010,PHL,2010,2010-01-01,96337125
PHL 2009,PHL,2009,2009-01-01,94384250
PHL 2008,PHL,2008,2008-01-01,92699095
PHL 2007,PHL,2007,2007-01-01,91075184
PHL 2006,PHL,2006,2006-01-01,89508986
PHL 2005,PHL,2005,2005-01-01,88015962
PHL 2004,PHL,2004,2004-01-01,86394504
PHL 2003,PHL,2003,2003-01-01,84731835
PHL 2002,PHL,2002,2002-01-01,83068889
PHL 2001,PHL,2001,2001-01-01,81401488
PHL 2000,PHL,2000,2000-01-01,79625397
POL 2023,POL,2023,2023-01-01,36687353
POL 2022,POL,2022,2022-01-01,36821749
POL 2021,POL,2021,2021-01-01,36981559
POL 2020,POL,2020,2020-01-01,37515748
POL 2019,POL,2019,2019-01-01,37965475
POL 2018,POL,2018,2018-01-01,37974750
POL 2017,POL,2017,2017-01-01,37974826
POL 2016,POL,2016,2016-01-01,37970087
POL 2015,POL,2015,2015-01-01,37986412
POL 2014,POL,2014,2014-01-01,38011735
POL 2013,POL,2013,2013-01-01,38040196
POL 2012,POL,2012,2012-01-01,38063164
POL 2011,POL,2011,2011-01-01,38063255
POL 2010,POL,2010,2010-01-01,38042794
POL 2009,POL,2009,2009-01-01,38151603
POL 2008,POL,2008,2008-01-01,38125759
POL 2007,POL,2007,2007-01-01,38120560
POL 2006,POL,2006,2006-01-01,38141267
POL 2005,POL,2005,2005-01-01,38165445
POL 2004,POL,2004,2004-01-01,38182222
POL 2003,POL,2003,2003-01-01,38204570
POL 2002,POL,2002,2002-01-01,38230364
POL 2001,POL,2001,2001-01-01,38248076
POL 2000,POL,2000,2000-01-01,38258629
PRT 2023,PRT,2023,2023-01-01,10578174
PRT 2022,PRT,2022,2022-01-01,10434332
PRT 2021,PRT,2021,2021-01-01,10361831
PRT 2020,PRT,2020,2020-01-01,10297081
PRT 2019,PRT,2019,2019-01-01,10286263
PRT 2018,PRT,2018,2018-01-01,10283822
PRT 2017,PRT,2017,2017-01-01,10300300
PRT 2016,PRT,2016,2016-01-01,10325452
PRT 2015,PRT,2015,2015-01-01,10358076
PRT 2014,PRT,2014,2014-01-01,10401062
PRT 2013,PRT,2013,2013-01-01,10457295
PRT 2012,PRT,2012,2012-01-01,10514844
PRT 2011,PRT,2011,2011-01-01,10557560
PRT 2010,PRT,2010,2010-01-01,10573100
PRT 2009,PRT,2009,2009-01-01,10568247
PRT 2008,PRT,2008,2008-01-01,10558177
PRT 2007,PRT,2007,2007-01-01,10542964
PRT 2006,PRT,2006,2006-01-01,10522288
PRT 2005,PRT,2005,2005-01-01,10503330
PRT 2004,PRT,2004,2004-01-01,10483861
PRT 2003,PRT,2003,2003-01-01,10458821
PRT 2002,PRT,2002,2002-01-01,10419631
PRT 2001,PRT,2001,2001-01-01,10362722
PRT 2000,PRT,2000,2000-01-01,10289898
PRI 2023,PRI,2023,2023-01-01,3203794
PRI 2022,PRI,2022,2022-01-01,3220148
PRI 2021,PRI,2021,2021-01-01,3262731
PRI 2020,PRI,2020,2020-01-01,3281591
PRI 2019,PRI,2019,2019-01-01,3302691
PRI 2018,PRI,2018,2018-01-01,3290690
PRI 2017,PRI,2017,2017-01-01,3410837
PRI 2016,PRI,2016,2016-01-01,3480432
PRI 2015,PRI,2015,2015-01-01,3535167
PRI 2014,PRI,2014,2014-01-01,3585017
PRI 2013,PRI,2013,2013-01-01,3631427
PRI 2012,PRI,2012,2012-01-01,3661045
PRI 2011,PRI,2011,2011-01-01,3693464
PRI 2010,PRI,2010,2010-01-01,3724465
PRI 2009,PRI,2009,2009-01-01,3740410
PRI 2008,PRI,2008,2008-01-01,3760866
PRI 2007,PRI,2007,2007-01-01,3782995
PRI 2006,PRI,2006,2006-01-01,3805214
PRI 2005,PRI,2005,2005-01-01,3821362
PRI 2004,PRI,2004,2004-01-01,3826878
PRI 2003,PRI,2003,2003-01-01,3826095
PRI 2002,PRI,2002,2002-01-01,3823701
PRI 2001,PRI,2001,2001-01-01,3818774
PRI 2000,PRI,2000,2000-01-01,3810605
QAT 2023,QAT,2023,2023-01-01,2656032
QAT 2022,QAT,2022,2022-01-01,2657333
QAT 2021,QAT,2021,2021-01-01,2504910
QAT 2020,QAT,2020,2020-01-01,2794148
QAT 2019,QAT,2019,2019-01-01,2638657
QAT 2018,QAT,2018,2018-01-01,2580734
QAT 2017,QAT,2017,2017-01-01,2545820
QAT 2016,QAT,2016,2016-01-01,2477113
QAT 2015,QAT,2015,2015-01-01,2344557
QAT 2014,QAT,2014,2014-01-01,2151745
QAT 2013,QAT,2013,2013-01-01,1916426
QAT 2012,QAT,2012,2012-01-01,1722438
QAT 2011,QAT,2011,2011-01-01,1624761
QAT 2010,QAT,2010,2010-01-01,1616832
QAT 2009,QAT,2009,2009-01-01,1608903
QAT 2008,QAT,2008,2008-01-01,1426938
QAT 2007,QAT,2007,2007-01-01,1208595
QAT 2006,QAT,2006,2006-01-01,972831
QAT 2005,QAT,2005,2005-01-01,825408
QAT 2004,QAT,2004,2004-01-01,773332
QAT 2003,QAT,2003,2003-01-01,744682
QAT 2002,QAT,2002,2002-01-01,711205
QAT 2001,QAT,2001,2001-01-01,677925
QAT 2000,QAT,2000,2000-01-01,644989
ROU 2023,ROU,2023,2023-01-01,19061062
ROU 2022,ROU,2022,2022-01-01,19048502
ROU 2021,ROU,2021,2021-01-01,19122059
ROU 2020,ROU,2020,2020-01-01,19265250
ROU 2019,ROU,2019,2019-01-01,19371648
ROU 2018,ROU,2018,2018-01-01,19473970
ROU 2017,ROU,2017,2017-01-01,19588715
ROU 2016,ROU,2016,2016-01-01,19702267
ROU 2015,ROU,2015,2015-01-01,19815616
ROU 2014,ROU,2014,2014-01-01,19908979
ROU 2013,ROU,2013,2013-01-01,19983693
ROU 2012,ROU,2012,2012-01-01,20058035
ROU 2011,ROU,2011,2011-01-01,20147528
ROU 2010,ROU,2010,2010-01-01,20246871
ROU 2009,ROU,2009,2009-01-01,20367487
ROU 2008,ROU,2008,2008-01-01,20537875
ROU 2007,ROU,2007,2007-01-01,20882982
ROU 2006,ROU,2006,2006-01-01,21193760
ROU 2005,ROU,2005,2005-01-01,21319685
ROU 2004,ROU,2004,2004-01-01,21451748
ROU 2003,ROU,2003,2003-01-01,21574326
ROU 2002,ROU,2002,2002-01-01,21730496
ROU 2001,ROU,2001,2001-01-01,22131970
ROU 2000,ROU,2000,2000-01-01,22442971
RUS 2023,RUS,2023,2023-01-01,143826130
RUS 2022,RUS,2022,2022-01-01,144236933
RUS 2021,RUS,2021,2021-01-01,144746762
RUS 2020,RUS,2020,2020-01-01,145245148
RUS 2019,RUS,2019,2019-01-01,145453291
RUS 2018,RUS,2018,2018-01-01,145398106
RUS 2017,RUS,2017,2017-01-01,145293260
RUS 2016,RUS,2016,2016-01-01,145015460
RUS 2015,RUS,2015,2015-01-01,144640716
RUS 2014,RUS,2014,2014-01-01,144237223
RUS 2013,RUS,2013,2013-01-01,143805638
RUS 2012,RUS,2012,2012-01-01,143378447
RUS 2011,RUS,2011,2011-01-01,143018195
RUS 2010,RUS,2010,2010-01-01,142849468
RUS 2009,RUS,2009,2009-01-01,142785348
RUS 2008,RUS,2008,2008-01-01,142742366
RUS 2007,RUS,2007,2007-01-01,142805114
RUS 2006,RUS,2006,2006-01-01,143049637
RUS 2005,RUS,2005,2005-01-01,143518814
RUS 2004,RUS,2004,2004-01-01,144067316
RUS 2003,RUS,2003,2003-01-01,144648618
RUS 2002,RUS,2002,2002-01-01,145306497
RUS 2001,RUS,2001,2001-01-01,145976482
RUS 2000,RUS,2000,2000-01-01,146596869
RWA 2023,RWA,2023,2023-01-01,13954471
RWA 2022,RWA,2022,2022-01-01,13651030
RWA 2021,RWA,2021,2021-01-01,13355260
RWA 2020,RWA,2020,2020-01-01,13065837
RWA 2019,RWA,2019,2019-01-01,12776103
RWA 2018,RWA,2018,2018-01-01,12487996
RWA 2017,RWA,2017,2017-01-01,12202060
RWA 2016,RWA,2016,2016-01-01,11919183
RWA 2015,RWA,2015,2015-01-01,11640022
RWA 2014,RWA,2014,2014-01-01,11364757
RWA 2013,RWA,2013,2013-01-01,11093340
RWA 2012,RWA,2012,2012-01-01,10829901
RWA 2011,RWA,2011,2011-01-01,10573733
RWA 2010,RWA,2010,2010-01-01,10317553
RWA 2009,RWA,2009,2009-01-01,10060432
RWA 2008,RWA,2008,2008-01-01,9804269
RWA 2007,RWA,2007,2007-01-01,9549933
RWA 2006,RWA,2006,2006-01-01,9299246
RWA 2005,RWA,2005,2005-01-01,9054528
RWA 2004,RWA,2004,2004-01-01,8816844
RWA 2003,RWA,2003,2003-01-01,8586875
RWA 2002,RWA,2002,2002-01-01,8400180
RWA 2001,RWA,2001,2001-01-01,8287094
RWA 2000,RWA,2000,2000-01-01,8213931
WSM 2023,WSM,2023,2023-01-01,216663
WSM 2022,WSM,2022,2022-01-01,215261
WSM 2021,WSM,2021,2021-01-01,213779
WSM 2020,WSM,2020,2020-01-01,211944
WSM 2019,WSM,2019,2019-01-01,209780
WSM 2018,WSM,2018,2018-01-01,207582
WSM 2017,WSM,2017,2017-01-01,205415
WSM 2016,WSM,2016,2016-01-01,203499
WSM 2015,WSM,2015,2015-01-01,201782
WSM 2014,WSM,2014,2014-01-01,200037
WSM 2013,WSM,2013,2013-01-01,198268
WSM 2012,WSM,2012,2012-01-01,196498
WSM 2011,WSM,2011,2011-01-01,194713
WSM 2010,WSM,2010,2010-01-01,193023
WSM 2009,WSM,2009,2009-01-01,191513
WSM 2008,WSM,2008,2008-01-01,190107
WSM 2007,WSM,2007,2007-01-01,188753
WSM 2006,WSM,2006,2006-01-01,187709
WSM 2005,WSM,2005,2005-01-01,186978
WSM 2004,WSM,2004,2004-01-01,186249
WSM 2003,WSM,2003,2003-01-01,185430
WSM 2002,WSM,2002,2002-01-01,184471
WSM 2001,WSM,2001,2001-01-01,183166
WSM 2000,WSM,2000,2000-01-01,181685
SMR 2023,SMR,2023,2023-01-01,33860
SMR 2022,SMR,2022,2022-01-01,33755
SMR 2021,SMR,2021,2021-01-01,34252
SMR 2020,SMR,2020,2020-01-01,34770
SMR 2019,SMR,2019,2019-01-01,34663
SMR 2018,SMR,2018,2018-01-01,34522
SMR 2017,SMR,2017,2017-01-01,33825
SMR 2016,SMR,2016,2016-01-01,33101
SMR 2015,SMR,2015,2015-01-01,32897
SMR 2014,SMR,2014,2014-01-01,32655
SMR 2013,SMR,2013,2013-01-01,33041
SMR 2012,SMR,2012,2012-01-01,33469
SMR 2011,SMR,2011,2011-01-01,32620
SMR 2010,SMR,2010,2010-01-01,33270
SMR 2009,SMR,2009,2009-01-01,33066
SMR 2008,SMR,2008,2008-01-01,31662
SMR 2007,SMR,2007,2007-01-01,31211
SMR 2006,SMR,2006,2006-01-01,30184
SMR 2005,SMR,2005,2005-01-01,29836
SMR 2004,SMR,2004,2004-01-01,29457
SMR 2003,SMR,2003,2003-01-01,27843
SMR 2002,SMR,2002,2002-01-01,27491
SMR 2001,SMR,2001,2001-01-01,27143
SMR 2000,SMR,2000,2000-01-01,26799
STP 2023,STP,2023,2023-01-01,230871
STP 2022,STP,2022,2022-01-01,226305
STP 2021,STP,2021,2021-01-01,221961
STP 2020,STP,2020,2020-01-01,217435
STP 2019,STP,2019,2019-01-01,213392
STP 2018,STP,2018,2018-01-01,210187
STP 2017,STP,2017,2017-01-01,206970
STP 2016,STP,2016,2016-01-01,203689
STP 2015,STP,2015,2015-01-01,200291
STP 2014,STP,2014,2014-01-01,196767
STP 2013,STP,2013,2013-01-01,193148
STP 2012,STP,2012,2012-01-01,189439
STP 2011,STP,2011,2011-01-01,185649
STP 2010,STP,2010,2010-01-01,181802
STP 2009,STP,2009,2009-01-01,177853
STP 2008,STP,2008,2008-01-01,173793
STP 2007,STP,2007,2007-01-01,169700
STP 2006,STP,2006,2006-01-01,165638
STP 2005,STP,2005,2005-01-01,161639
STP 2004,STP,2004,2004-01-01,157705
STP 2003,STP,2003,2003-01-01,153814
STP 2002,STP,2002,2002-01-01,149922
STP 2001,STP,2001,2001-01-01,146375
STP 2000,STP,2000,2000-01-01,144018
SAU 2023,SAU,2023,2023-01-01,33702731
SAU 2022,SAU,2022,2022-01-01,32175224
SAU 2021,SAU,2021,2021-01-01,30784383
SAU 2020,SAU,2020,2020-01-01,31552510
SAU 2019,SAU,2019,2019-01-01,30063799
SAU 2018,SAU,2018,2018-01-01,30196281
SAU 2017,SAU,2017,2017-01-01,30977355
SAU 2016,SAU,2016,2016-01-01,30954198
SAU 2015,SAU,2015,2015-01-01,29816382
SAU 2014,SAU,2014,2014-01-01,28309273
SAU 2013,SAU,2013,2013-01-01,27624004
SAU 2012,SAU,2012,2012-01-01,26168861
SAU 2011,SAU,2011,2011-01-01,25091867
SAU 2010,SAU,2010,2010-01-01,23978487
SAU 2009,SAU,2009,2009-01-01,24217654
SAU 2008,SAU,2008,2008-01-01,23287877
SAU 2007,SAU,2007,2007-01-01,22368313
SAU 2006,SAU,2006,2006-01-01,21459144
SAU 2005,SAU,2005,2005-01-01,20559890
SAU 2004,SAU,2004,2004-01-01,19669480
SAU 2003,SAU,2003,2003-01-01,18786767
SAU 2002,SAU,2002,2002-01-01,17910910
SAU 2001,SAU,2001,2001-01-01,17041397
SAU 2000,SAU,2000,2000-01-01,16177722
SEN 2023,SEN,2023,2023-01-01,18077573
SEN 2022,SEN,2022,2022-01-01,17651103
SEN 2021,SEN,2021,2021-01-01,17220867
SEN 2020,SEN,2020,2020-01-01,16789219
SEN 2019,SEN,2019,2019-01-01,16352922
SEN 2018,SEN,2018,2018-01-01,15914498
SEN 2017,SEN,2017,2017-01-01,15475002
SEN 2016,SEN,2016,2016-01-01,15034521
SEN 2015,SEN,2015,2015-01-01,14593331
SEN 2014,SEN,2014,2014-01-01,14152102
SEN 2013,SEN,2013,2013-01-01,13710849
SEN 2012,SEN,2012,2012-01-01,13310495
SEN 2011,SEN,2011,2011-01-01,12958897
SEN 2010,SEN,2010,2010-01-01,12635413
SEN 2009,SEN,2009,2009-01-01,12337389
SEN 2008,SEN,2008,2008-01-01,12048959
SEN 2007,SEN,2007,2007-01-01,11770344
SEN 2006,SEN,2006,2006-01-01,11500094
SEN 2005,SEN,2005,2005-01-01,11235472
SEN 2004,SEN,2004,2004-01-01,10975704
SEN 2003,SEN,2003,2003-01-01,10721176
SEN 2002,SEN,2002,2002-01-01,10466214
SEN 2001,SEN,2001,2001-01-01,10212942
SEN 2000,SEN,2000,2000-01-01,9968260
SRB 2023,SRB,2023,2023-01-01,6623183
SRB 2022,SRB,2022,2022-01-01,6664449
SRB 2021,SRB,2021,2021-01-01,6834326
SRB 2020,SRB,2020,2020-01-01,6899126
SRB 2019,SRB,2019,2019-01-01,6945235
SRB 2018,SRB,2018,2018-01-01,6982604
SRB 2017,SRB,2017,2017-01-01,7020858
SRB 2016,SRB,2016,2016-01-01,7058322
SRB 2015,SRB,2015,2015-01-01,7095383
SRB 2014,SRB,2014,2014-01-01,7131787
SRB 2013,SRB,2013,2013-01-01,7166553
SRB 2012,SRB,2012,2012-01-01,7201497
SRB 2011,SRB,2011,2011-01-01,7236519
SRB 2010,SRB,2010,2010-01-01,7291436
SRB 2009,SRB,2009,2009-01-01,7320807
SRB 2008,SRB,2008,2008-01-01,7350222
SRB 2007,SRB,2007,2007-01-01,7381579
SRB 2006,SRB,2006,2006-01-01,7411569
SRB 2005,SRB,2005,2005-01-01,7440769
SRB 2004,SRB,2004,2004-01-01,7463157
SRB 2003,SRB,2003,2003-01-01,7480591
SRB 2002,SRB,2002,2002-01-01,7500031
SRB 2001,SRB,2001,2001-01-01,7503433
SRB 2000,SRB,2000,2000-01-01,7516346
SYC 2023,SYC,2023,2023-01-01,119773
SYC 2022,SYC,2022,2022-01-01,119878
SYC 2021,SYC,2021,2021-01-01,99258
SYC 2020,SYC,2020,2020-01-01,98462
SYC 2019,SYC,2019,2019-01-01,97625
SYC 2018,SYC,2018,2018-01-01,96762
SYC 2017,SYC,2017,2017-01-01,95843
SYC 2016,SYC,2016,2016-01-01,94677
SYC 2015,SYC,2015,2015-01-01,93419
SYC 2014,SYC,2014,2014-01-01,91359
SYC 2013,SYC,2013,2013-01-01,89949
SYC 2012,SYC,2012,2012-01-01,88303
SYC 2011,SYC,2011,2011-01-01,87441
SYC 2010,SYC,2010,2010-01-01,89770
SYC 2009,SYC,2009,2009-01-01,87298
SYC 2008,SYC,2008,2008-01-01,86956
SYC 2007,SYC,2007,2007-01-01,85033
SYC 2006,SYC,2006,2006-01-01,84600
SYC 2005,SYC,2005,2005-01-01,82858
SYC 2004,SYC,2004,2004-01-01,82475
SYC 2003,SYC,2003,2003-01-01,82781
SYC 2002,SYC,2002,2002-01-01,83723
SYC 2001,SYC,2001,2001-01-01,81202
SYC 2000,SYC,2000,2000-01-01,81131
SLE 2023,SLE,2023,2023-01-01,8460512
SLE 2022,SLE,2022,2022-01-01,8276807
SLE 2021,SLE,2021,2021-01-01,8094602
SLE 2020,SLE,2020,2020-01-01,7912558
SLE 2019,SLE,2019,2019-01-01,7731991
SLE 2018,SLE,2018,2018-01-01,7554563
SLE 2017,SLE,2017,2017-01-01,7379299
SLE 2016,SLE,2016,2016-01-01,7205328
SLE 2015,SLE,2015,2015-01-01,7037655
SLE 2014,SLE,2014,2014-01-01,6876385
SLE 2013,SLE,2013,2013-01-01,6714051
SLE 2012,SLE,2012,2012-01-01,6551080
SLE 2011,SLE,2011,2011-01-01,6387251
SLE 2010,SLE,2010,2010-01-01,6222714
SLE 2009,SLE,2009,2009-01-01,6055646
SLE 2008,SLE,2008,2008-01-01,5894722
SLE 2007,SLE,2007,2007-01-01,5749352
SLE 2006,SLE,2006,2006-01-01,5624466
SLE 2005,SLE,2005,2005-01-01,5501712
SLE 2004,SLE,2004,2004-01-01,5355717
SLE 2003,SLE,2003,2003-01-01,5177687
SLE 2002,SLE,2002,2002-01-01,4971435
SLE 2001,SLE,2001,2001-01-01,4692716
SLE 2000,SLE,2000,2000-01-01,4423611
SGP 2023,SGP,2023,2023-01-01,5917648
SGP 2022,SGP,2022,2022-01-01,5637022
SGP 2021,SGP,2021,2021-01-01,5453566
SGP 2020,SGP,2020,2020-01-01,5685807
SGP 2019,SGP,2019,2019-01-01,5703569
SGP 2018,SGP,2018,2018-01-01,5638676
SGP 2017,SGP,2017,2017-01-01,5612253
SGP 2016,SGP,2016,2016-01-01,5607283
SGP 2015,SGP,2015,2015-01-01,5535002
SGP 2014,SGP,2014,2014-01-01,5469724
SGP 2013,SGP,2013,2013-01-01,5399162
SGP 2012,SGP,2012,2012-01-01,5312437
SGP 2011,SGP,2011,2011-01-01,5183688
SGP 2010,SGP,2010,2010-01-01,5076732
SGP 2009,SGP,2009,2009-01-01,4987573
SGP 2008,SGP,2008,2008-01-01,4839396
SGP 2007,SGP,2007,2007-01-01,4588599
SGP 2006,SGP,2006,2006-01-01,4401365
SGP 2005,SGP,2005,2005-01-01,4265762
SGP 2004,SGP,2004,2004-01-01,4166664
SGP 2003,SGP,2003,2003-01-01,4114826
SGP 2002,SGP,2002,2002-01-01,4175950
SGP 2001,SGP,2001,2001-01-01,4138012
SGP 2000,SGP,2000,2000-01-01,4027887
SXM 2023,SXM,2023,2023-01-01,42749
SXM 2022,SXM,2022,2022-01-01,42139
SXM 2021,SXM,2021,2021-01-01,41571
SXM 2020,SXM,2020,2020-01-01,41008
SXM 2019,SXM,2019,2019-01-01,40385
SXM 2018,SXM,2018,2018-01-01,39712
SXM 2017,SXM,2017,2017-01-01,38996
SXM 2016,SXM,2016,2016-01-01,38249
SXM 2015,SXM,2015,2015-01-01,37471
SXM 2014,SXM,2014,2014-01-01,36672
SXM 2013,SXM,2013,2013-01-01,35854
SXM 2012,SXM,2012,2012-01-01,35023
SXM 2011,SXM,2011,2011-01-01,34267
SXM 2010,SXM,2010,2010-01-01,33794
SXM 2009,SXM,2009,2009-01-01,33491
SXM 2008,SXM,2008,2008-01-01,33145
SXM 2007,SXM,2007,2007-01-01,32791
SXM 2006,SXM,2006,2006-01-01,32428
SXM 2005,SXM,2005,2005-01-01,32057
SXM 2004,SXM,2004,2004-01-01,31690
SXM 2003,SXM,2003,2003-01-01,31327
SXM 2002,SXM,2002,2002-01-01,30960
SXM 2001,SXM,2001,2001-01-01,30726
SXM 2000,SXM,2000,2000-01-01,30773
SVK 2023,SVK,2023,2023-01-01,5426740
SVK 2022,SVK,2022,2022-01-01,5431752
SVK 2021,SVK,2021,2021-01-01,5447247
SVK 2020,SVK,2020,2020-01-01,5458827
SVK 2019,SVK,2019,2019-01-01,5454147
SVK 2018,SVK,2018,2018-01-01,5446771
SVK 2017,SVK,2017,2017-01-01,5439232
SVK 2016,SVK,2016,2016-01-01,5430798
SVK 2015,SVK,2015,2015-01-01,5423801
SVK 2014,SVK,2014,2014-01-01,5418649
SVK 2013,SVK,2013,2013-01-01,5413393
SVK 2012,SVK,2012,2012-01-01,5407579
SVK 2011,SVK,2011,2011-01-01,5398384
SVK 2010,SVK,2010,2010-01-01,5391428
SVK 2009,SVK,2009,2009-01-01,5386406
SVK 2008,SVK,2008,2008-01-01,5379233
SVK 2007,SVK,2007,2007-01-01,5374622
SVK 2006,SVK,2006,2006-01-01,5373054
SVK 2005,SVK,2005,2005-01-01,5372807
SVK 2004,SVK,2004,2004-01-01,5372280
SVK 2003,SVK,2003,2003-01-01,5373374
SVK 2002,SVK,2002,2002-01-01,5376912
SVK 2001,SVK,2001,2001-01-01,5378867
SVK 2000,SVK,2000,2000-01-01,5388720
SVN 2023,SVN,2023,2023-01-01,2120461
SVN 2022,SVN,2022,2022-01-01,2112076
SVN 2021,SVN,2021,2021-01-01,2108079
SVN 2020,SVN,2020,2020-01-01,2102419
SVN 2019,SVN,2019,2019-01-01,2088385
SVN 2018,SVN,2018,2018-01-01,2073894
SVN 2017,SVN,2017,2017-01-01,2066388
SVN 2016,SVN,2016,2016-01-01,2065042
SVN 2015,SVN,2015,2015-01-01,2063531
SVN 2014,SVN,2014,2014-01-01,2061980
SVN 2013,SVN,2013,2013-01-01,2059953
SVN 2012,SVN,2012,2012-01-01,2057159
SVN 2011,SVN,2011,2011-01-01,2052843
SVN 2010,SVN,2010,2010-01-01,2048583
SVN 2009,SVN,2009,2009-01-01,2039669
SVN 2008,SVN,2008,2008-01-01,2021316
SVN 2007,SVN,2007,2007-01-01,2018122
SVN 2006,SVN,2006,2006-01-01,2006868
SVN 2005,SVN,2005,2005-01-01,2000474
SVN 2004,SVN,2004,2004-01-01,1997012
SVN 2003,SVN,2003,2003-01-01,1995733
SVN 2002,SVN,2002,2002-01-01,1994530
SVN 2001,SVN,2001,2001-01-01,1992060
SVN 2000,SVN,2000,2000-01-01,1988925
SLB 2023,SLB,2023,2023-01-01,800005
SLB 2022,SLB,2022,2022-01-01,781066
SLB 2021,SLB,2021,2021-01-01,762591
SLB 2020,SLB,2020,2020-01-01,744498
SLB 2019,SLB,2019,2019-01-01,728147
SLB 2018,SLB,2018,2018-01-01,709101
SLB 2017,SLB,2017,2017-01-01,685672
SLB 2016,SLB,2016,2016-01-01,662379
SLB 2015,SLB,2015,2015-01-01,639415
SLB 2014,SLB,2014,2014-01-01,616908
SLB 2013,SLB,2013,2013-01-01,594945
SLB 2012,SLB,2012,2012-01-01,573606
SLB 2011,SLB,2011,2011-01-01,552945
SLB 2010,SLB,2010,2010-01-01,532968
SLB 2009,SLB,2009,2009-01-01,518141
SLB 2008,SLB,2008,2008-01-01,508790
SLB 2007,SLB,2007,2007-01-01,500156
SLB 2006,SLB,2006,2006-01-01,491594
SLB 2005,SLB,2005,2005-01-01,483080
SLB 2004,SLB,2004,2004-01-01,474611
SLB 2003,SLB,2003,2003-01-01,466154
SLB 2002,SLB,2002,2002-01-01,457671
SLB 2001,SLB,2001,2001-01-01,449125
SLB 2000,SLB,2000,2000-01-01,440469
SOM 2023,SOM,2023,2023-01-01,18358615
SOM 2022,SOM,2022,2022-01-01,17801897
SOM 2021,SOM,2021,2021-01-01,17271431
SOM 2020,SOM,2020,2020-01-01,16651191
SOM 2019,SOM,2019,2019-01-01,16030971
SOM 2018,SOM,2018,2018-01-01,15452487
SOM 2017,SOM,2017,2017-01-01,14916629
SOM 2016,SOM,2016,2016-01-01,14348740
SOM 2015,SOM,2015,2015-01-01,13806963
SOM 2014,SOM,2014,2014-01-01,13339491
SOM 2013,SOM,2013,2013-01-01,12869594
SOM 2012,SOM,2012,2012-01-01,12461160
SOM 2011,SOM,2011,2011-01-01,12348830
SOM 2010,SOM,2010,2010-01-01,12261756
SOM 2009,SOM,2009,2009-01-01,11961201
SOM 2008,SOM,2008,2008-01-01,11663084
SOM 2007,SOM,2007,2007-01-01,11322582
SOM 2006,SOM,2006,2006-01-01,10975502
SOM 2005,SOM,2005,2005-01-01,10644228
SOM 2004,SOM,2004,2004-01-01,10280998
SOM 2003,SOM,2003,2003-01-01,9909157
SOM 2002,SOM,2002,2002-01-01,9550063
SOM 2001,SOM,2001,2001-01-01,9198493
SOM 2000,SOM,2000,2000-01-01,8838713
ZAF 2023,ZAF,2023,2023-01-01,63212384
ZAF 2022,ZAF,2022,2022-01-01,62378410
ZAF 2021,ZAF,2021,2021-01-01,61502603
ZAF 2020,ZAF,2020,2020-01-01,60562381
ZAF 2019,ZAF,2019,2019-01-01,59587885
ZAF 2018,ZAF,2018,2018-01-01,58613001
ZAF 2017,ZAF,2017,2017-01-01,57635162
ZAF 2016,ZAF,2016,2016-01-01,57259551
ZAF 2015,ZAF,2015,2015-01-01,56723537
ZAF 2014,ZAF,2014,2014-01-01,55594838
ZAF 2013,ZAF,2013,2013-01-01,54678791
ZAF 2012,ZAF,2012,2012-01-01,53782567
ZAF 2011,ZAF,2011,2011-01-01,52995205
ZAF 2010,ZAF,2010,2010-01-01,52344051
ZAF 2009,ZAF,2009,2009-01-01,51728516
ZAF 2008,ZAF,2008,2008-01-01,51114599
ZAF 2007,ZAF,2007,2007-01-01,50528584
ZAF 2006,ZAF,2006,2006-01-01,49998277
ZAF 2005,ZAF,2005,2005-01-01,49490033
ZAF 2004,ZAF,2004,2004-01-01,48991421
ZAF 2003,ZAF,2003,2003-01-01,48500348
ZAF 2002,ZAF,2002,2002-01-01,48019415
ZAF 2001,ZAF,2001,2001-01-01,47566800
ZAF 2000,ZAF,2000,2000-01-01,47159719
SSD 2023,SSD,2023,2023-01-01,11483374
SSD 2022,SSD,2022,2022-01-01,11021177
SSD 2021,SSD,2021,2021-01-01,10865780
SSD 2020,SSD,2020,2020-01-01,10698467
SSD 2019,SSD,2019,2019-01-01,10423384
SSD 2018,SSD,2018,2018-01-01,10122977
SSD 2017,SSD,2017,2017-01-01,10259154
SSD 2016,SSD,2016,2016-01-01,10830102
SSD 2015,SSD,2015,2015-01-01,11107561
SSD 2014,SSD,2014,2014-01-01,11235073
SSD 2013,SSD,2013,2013-01-01,11166275
SSD 2012,SSD,2012,2012-01-01,10756240
SSD 2011,SSD,2011,2011-01-01,10288109
SSD 2010,SSD,2010,2010-01-01,9745953
SSD 2009,SSD,2009,2009-01-01,9243556
SSD 2008,SSD,2008,2008-01-01,8817647
SSD 2007,SSD,2007,2007-01-01,8388788
SSD 2006,SSD,2006,2006-01-01,7976526
SSD 2005,SSD,2005,2005-01-01,7590143
SSD 2004,SSD,2004,2004-01-01,7233041
SSD 2003,SSD,2003,2003-01-01,6903127
SSD 2002,SSD,2002,2002-01-01,6596806
SSD 2001,SSD,2001,2001-01-01,6308391
SSD 2000,SSD,2000,2000-01-01,6032267
ESP 2023,ESP,2023,2023-01-01,48352528
ESP 2022,ESP,2022,2022-01-01,47786102
ESP 2021,ESP,2021,2021-01-01,47443821
ESP 2020,ESP,2020,2020-01-01,47359424
ESP 2019,ESP,2019,2019-01-01,47118501
ESP 2018,ESP,2018,2018-01-01,46782011
ESP 2017,ESP,2017,2017-01-01,46571232
ESP 2016,ESP,2016,2016-01-01,46458139
ESP 2015,ESP,2015,2015-01-01,46422303
ESP 2014,ESP,2014,2014-01-01,46460733
ESP 2013,ESP,2013,2013-01-01,46604197
ESP 2012,ESP,2012,2012-01-01,46773055
ESP 2011,ESP,2011,2011-01-01,46742697
ESP 2010,ESP,2010,2010-01-01,46576897
ESP 2009,ESP,2009,2009-01-01,46362946
ESP 2008,ESP,2008,2008-01-01,45954106
ESP 2007,ESP,2007,2007-01-01,45226803
ESP 2006,ESP,2006,2006-01-01,44397319
ESP 2005,ESP,2005,2005-01-01,43653155
ESP 2004,ESP,2004,2004-01-01,42921895
ESP 2003,ESP,2003,2003-01-01,42187645
ESP 2002,ESP,2002,2002-01-01,41431558
ESP 2001,ESP,2001,2001-01-01,40850412
ESP 2000,ESP,2000,2000-01-01,40567864
LKA 2023,LKA,2023,2023-01-01,22037000
LKA 2022,LKA,2022,2022-01-01,22181000
LKA 2021,LKA,2021,2021-01-01,22156000
LKA 2020,LKA,2020,2020-01-01,21919000
LKA 2019,LKA,2019,2019-01-01,21803000
LKA 2018,LKA,2018,2018-01-01,21670000
LKA 2017,LKA,2017,2017-01-01,21453000
LKA 2016,LKA,2016,2016-01-01,21209000
LKA 2015,LKA,2015,2015-01-01,20970000
LKA 2014,LKA,2014,2014-01-01,20778000
LKA 2013,LKA,2013,2013-01-01,20585000
LKA 2012,LKA,2012,2012-01-01,21169458
LKA 2011,LKA,2011,2011-01-01,21009048
LKA 2010,LKA,2010,2010-01-01,20879089
LKA 2009,LKA,2009,2009-01-01,20756435
LKA 2008,LKA,2008,2008-01-01,20629378
LKA 2007,LKA,2007,2007-01-01,20492545
LKA 2006,LKA,2006,2006-01-01,20352411
LKA 2005,LKA,2005,2005-01-01,20216524
LKA 2004,LKA,2004,2004-01-01,20087605
LKA 2003,LKA,2003,2003-01-01,19951521
LKA 2002,LKA,2002,2002-01-01,19805752
LKA 2001,LKA,2001,2001-01-01,19600362
LKA 2000,LKA,2000,2000-01-01,19293054
KNA 2023,KNA,2023,2023-01-01,46758
KNA 2022,KNA,2022,2022-01-01,46709
KNA 2021,KNA,2021,2021-01-01,46763
KNA 2020,KNA,2020,2020-01-01,46870
KNA 2019,KNA,2019,2019-01-01,46952
KNA 2018,KNA,2018,2018-01-01,47008
KNA 2017,KNA,2017,2017-01-01,47050
KNA 2016,KNA,2016,2016-01-01,47075
KNA 2015,KNA,2015,2015-01-01,47087
KNA 2014,KNA,2014,2014-01-01,47089
KNA 2013,KNA,2013,2013-01-01,47069
KNA 2012,KNA,2012,2012-01-01,47033
KNA 2011,KNA,2011,2011-01-01,46886
KNA 2010,KNA,2010,2010-01-01,46846
KNA 2009,KNA,2009,2009-01-01,46916
KNA 2008,KNA,2008,2008-01-01,46835
KNA 2007,KNA,2007,2007-01-01,46706
KNA 2006,KNA,2006,2006-01-01,46569
KNA 2005,KNA,2005,2005-01-01,46437
KNA 2004,KNA,2004,2004-01-01,46315
KNA 2003,KNA,2003,2003-01-01,46176
KNA 2002,KNA,2002,2002-01-01,46020
KNA 2001,KNA,2001,2001-01-01,45761
KNA 2000,KNA,2000,2000-01-01,45248
LCA 2023,LCA,2023,2023-01-01,179285
LCA 2022,LCA,2022,2022-01-01,178781
LCA 2021,LCA,2021,2021-01-01,178522
LCA 2020,LCA,2020,2020-01-01,178250
LCA 2019,LCA,2019,2019-01-01,177661
LCA 2018,LCA,2018,2018-01-01,177017
LCA 2017,LCA,2017,2017-01-01,176342
LCA 2016,LCA,2016,2016-01-01,175646
LCA 2015,LCA,2015,2015-01-01,174905
LCA 2014,LCA,2014,2014-01-01,174138
LCA 2013,LCA,2013,2013-01-01,173369
LCA 2012,LCA,2012,2012-01-01,172587
LCA 2011,LCA,2011,2011-01-01,171801
LCA 2010,LCA,2010,2010-01-01,170906
LCA 2009,LCA,2009,2009-01-01,169869
LCA 2008,LCA,2008,2008-01-01,168808
LCA 2007,LCA,2007,2007-01-01,167758
LCA 2006,LCA,2006,2006-01-01,166639
LCA 2005,LCA,2005,2005-01-01,165450
LCA 2004,LCA,2004,2004-01-01,164239
LCA 2003,LCA,2003,2003-01-01,162976
LCA 2002,LCA,2002,2002-01-01,161641
LCA 2001,LCA,2001,2001-01-01,160237
LCA 2000,LCA,2000,2000-01-01,158616
MAF 2023,MAF,2023,2023-01-01,27515
MAF 2022,MAF,2022,2022-01-01,28870
MAF 2021,MAF,2021,2021-01-01,29961
MAF 2020,MAF,2020,2020-01-01,31786
MAF 2019,MAF,2019,2019-01-01,34267
MAF 2018,MAF,2018,2018-01-01,36012
MAF 2017,MAF,2017,2017-01-01,36837
MAF 2016,MAF,2016,2016-01-01,37175
MAF 2015,MAF,2015,2015-01-01,37369
MAF 2014,MAF,2014,2014-01-01,37450
MAF 2013,MAF,2013,2013-01-01,37419
MAF 2012,MAF,2012,2012-01-01,37276
MAF 2011,MAF,2011,2011-01-01,37069
MAF 2010,MAF,2010,2010-01-01,36856
MAF 2009,MAF,2009,2009-01-01,36502
MAF 2008,MAF,2008,2008-01-01,35958
MAF 2007,MAF,2007,2007-01-01,35337
MAF 2006,MAF,2006,2006-01-01,34658
MAF 2005,MAF,2005,2005-01-01,33928
MAF 2004,MAF,2004,2004-01-01,33171
MAF 2003,MAF,2003,2003-01-01,32395
MAF 2002,MAF,2002,2002-01-01,31604
MAF 2001,MAF,2001,2001-01-01,30803
MAF 2000,MAF,2000,2000-01-01,29996
VCT 2023,VCT,2023,2023-01-01,101323
VCT 2022,VCT,2022,2022-01-01,102046
VCT 2021,VCT,2021,2021-01-01,102841
VCT 2020,VCT,2020,2020-01-01,103526
VCT 2019,VCT,2019,2019-01-01,104167
VCT 2018,VCT,2018,2018-01-01,104926
VCT 2017,VCT,2017,2017-01-01,105663
VCT 2016,VCT,2016,2016-01-01,106349
VCT 2015,VCT,2015,2015-01-01,106960
VCT 2014,VCT,2014,2014-01-01,107535
VCT 2013,VCT,2013,2013-01-01,108135
VCT 2012,VCT,2012,2012-01-01,108736
VCT 2011,VCT,2011,2011-01-01,109349
VCT 2010,VCT,2010,2010-01-01,109959
VCT 2009,VCT,2009,2009-01-01,110508
VCT 2008,VCT,2008,2008-01-01,111028
VCT 2007,VCT,2007,2007-01-01,111531
VCT 2006,VCT,2006,2006-01-01,112014
VCT 2005,VCT,2005,2005-01-01,112450
VCT 2004,VCT,2004,2004-01-01,112835
VCT 2003,VCT,2003,2003-01-01,113141
VCT 2002,VCT,2002,2002-01-01,113347
VCT 2001,VCT,2001,2001-01-01,113501
VCT 2000,VCT,2000,2000-01-01,113545
SDN 2023,SDN,2023,2023-01-01,50042791
SDN 2022,SDN,2022,2022-01-01,49383346
SDN 2021,SDN,2021,2021-01-01,48066924
SDN 2020,SDN,2020,2020-01-01,46789231
SDN 2019,SDN,2019,2019-01-01,45548175
SDN 2018,SDN,2018,2018-01-01,44230596
SDN 2017,SDN,2017,2017-01-01,42714306
SDN 2016,SDN,2016,2016-01-01,41259892
SDN 2015,SDN,2015,2015-01-01,40024431
SDN 2014,SDN,2014,2014-01-01,38823318
SDN 2013,SDN,2013,2013-01-01,37785849
SDN 2012,SDN,2012,2012-01-01,36923178
SDN 2011,SDN,2011,2011-01-01,36140806
SDN 2010,SDN,2010,2010-01-01,35414399
SDN 2009,SDN,2009,2009-01-01,34569113
SDN 2008,SDN,2008,2008-01-01,33623980
SDN 2007,SDN,2007,2007-01-01,32764135
SDN 2006,SDN,2006,2006-01-01,31992435
SDN 2005,SDN,2005,2005-01-01,31262444
SDN 2004,SDN,2004,2004-01-01,30556637
SDN 2003,SDN,2003,2003-01-01,29896035
SDN 2002,SDN,2002,2002-01-01,29228727
SDN 2001,SDN,2001,2001-01-01,28516770
SDN 2000,SDN,2000,2000-01-01,27816745
SUR 2023,SUR,2023,2023-01-01,628886
SUR 2022,SUR,2022,2022-01-01,623164
SUR 2021,SUR,2021,2021-01-01,617896
SUR 2020,SUR,2020,2020-01-01,612317
SUR 2019,SUR,2019,2019-01-01,605768
SUR 2018,SUR,2018,2018-01-01,599513
SUR 2017,SUR,2017,2017-01-01,593713
SUR 2016,SUR,2016,2016-01-01,587757
SUR 2015,SUR,2015,2015-01-01,581627
SUR 2014,SUR,2014,2014-01-01,575373
SUR 2013,SUR,2013,2013-01-01,569020
SUR 2012,SUR,2012,2012-01-01,562633
SUR 2011,SUR,2011,2011-01-01,556269
SUR 2010,SUR,2010,2010-01-01,549923
SUR 2009,SUR,2009,2009-01-01,543568
SUR 2008,SUR,2008,2008-01-01,537245
SUR 2007,SUR,2007,2007-01-01,531016
SUR 2006,SUR,2006,2006-01-01,524997
SUR 2005,SUR,2005,2005-01-01,519313
SUR 2004,SUR,2004,2004-01-01,513923
SUR 2003,SUR,2003,2003-01-01,506414
SUR 2002,SUR,2002,2002-01-01,496551
SUR 2001,SUR,2001,2001-01-01,486560
SUR 2000,SUR,2000,2000-01-01,476643
SWE 2023,SWE,2023,2023-01-01,10536632
SWE 2022,SWE,2022,2022-01-01,10486941
SWE 2021,SWE,2021,2021-01-01,10415811
SWE 2020,SWE,2020,2020-01-01,10353442
SWE 2019,SWE,2019,2019-01-01,10278887
SWE 2018,SWE,2018,2018-01-01,10175214
SWE 2017,SWE,2017,2017-01-01,10057698
SWE 2016,SWE,2016,2016-01-01,9923085
SWE 2015,SWE,2015,2015-01-01,9799186
SWE 2014,SWE,2014,2014-01-01,9696110
SWE 2013,SWE,2013,2013-01-01,9600379
SWE 2012,SWE,2012,2012-01-01,9519374
SWE 2011,SWE,2011,2011-01-01,9449213
SWE 2010,SWE,2010,2010-01-01,9378126
SWE 2009,SWE,2009,2009-01-01,9298515
SWE 2008,SWE,2008,2008-01-01,9219637
SWE 2007,SWE,2007,2007-01-01,9148092
SWE 2006,SWE,2006,2006-01-01,9080505
SWE 2005,SWE,2005,2005-01-01,9029572
SWE 2004,SWE,2004,2004-01-01,8993531
SWE 2003,SWE,2003,2003-01-01,8958229
SWE 2002,SWE,2002,2002-01-01,8924958
SWE 2001,SWE,2001,2001-01-01,8895960
SWE 2000,SWE,2000,2000-01-01,8872109
CHE 2023,CHE,2023,2023-01-01,8888822
CHE 2022,CHE,2022,2022-01-01,8777088
CHE 2021,CHE,2021,2021-01-01,8704546
CHE 2020,CHE,2020,2020-01-01,8638167
CHE 2019,CHE,2019,2019-01-01,8575280
CHE 2018,CHE,2018,2018-01-01,8514329
CHE 2017,CHE,2017,2017-01-01,8451840
CHE 2016,CHE,2016,2016-01-01,8373338
CHE 2015,CHE,2015,2015-01-01,8282396
CHE 2014,CHE,2014,2014-01-01,8188649
CHE 2013,CHE,2013,2013-01-01,8089346
CHE 2012,CHE,2012,2012-01-01,7996861
CHE 2011,CHE,2011,2011-01-01,7912398
CHE 2010,CHE,2010,2010-01-01,7824909
CHE 2009,CHE,2009,2009-01-01,7743831
CHE 2008,CHE,2008,2008-01-01,7647675
CHE 2007,CHE,2007,2007-01-01,7551117
CHE 2006,CHE,2006,2006-01-01,7483934
CHE 2005,CHE,2005,2005-01-01,7437115
CHE 2004,CHE,2004,2004-01-01,7389625
CHE 2003,CHE,2003,2003-01-01,7339001
CHE 2002,CHE,2002,2002-01-01,7284753
CHE 2001,CHE,2001,2001-01-01,7229854
CHE 2000,CHE,2000,2000-01-01,7184250
SYR 2023,SYR,2023,2023-01-01,23594623
SYR 2022,SYR,2022,2022-01-01,22462173
SYR 2021,SYR,2021,2021-01-01,21628839
SYR 2020,SYR,2020,2020-01-01,21049429
SYR 2019,SYR,2019,2019-01-01,20353534
SYR 2018,SYR,2018,2018-01-01,19577845
SYR 2017,SYR,2017,2017-01-01,19224668
SYR 2016,SYR,2016,2016-01-01,19193834
SYR 2015,SYR,2015,2015-01-01,19424618
SYR 2014,SYR,2014,2014-01-01,20273659
SYR 2013,SYR,2013,2013-01-01,21666917
SYR 2012,SYR,2012,2012-01-01,22759763
SYR 2011,SYR,2011,2011-01-01,22878098
SYR 2010,SYR,2010,2010-01-01,22482421
SYR 2009,SYR,2009,2009-01-01,21976969
SYR 2008,SYR,2008,2008-01-01,21636564
SYR 2007,SYR,2007,2007-01-01,20884125
SYR 2006,SYR,2006,2006-01-01,19637022
SYR 2005,SYR,2005,2005-01-01,18814091
SYR 2004,SYR,2004,2004-01-01,18336875
SYR 2003,SYR,2003,2003-01-01,17889296
SYR 2002,SYR,2002,2002-01-01,17468332
SYR 2001,SYR,2001,2001-01-01,17051338
SYR 2000,SYR,2000,2000-01-01,16637888
TJK 2023,TJK,2023,2023-01-01,10389799
TJK 2022,TJK,2022,2022-01-01,10182222
TJK 2021,TJK,2021,2021-01-01,9966908
TJK 2020,TJK,2020,2020-01-01,9749310
TJK 2019,TJK,2019,2019-01-01,9529966
TJK 2018,TJK,2018,2018-01-01,9307333
TJK 2017,TJK,2017,2017-01-01,9085946
TJK 2016,TJK,2016,2016-01-01,8865631
TJK 2015,TJK,2015,2015-01-01,8643840
TJK 2014,TJK,2014,2014-01-01,8425552
TJK 2013,TJK,2013,2013-01-01,8216724
TJK 2012,TJK,2012,2012-01-01,8014084
TJK 2011,TJK,2011,2011-01-01,7824785
TJK 2010,TJK,2010,2010-01-01,7652141
TJK 2009,TJK,2009,2009-01-01,7490230
TJK 2008,TJK,2008,2008-01-01,7338403
TJK 2007,TJK,2007,2007-01-01,7194477
TJK 2006,TJK,2006,2006-01-01,7057566
TJK 2005,TJK,2005,2005-01-01,6924720
TJK 2004,TJK,2004,2004-01-01,6790547
TJK 2003,TJK,2003,2003-01-01,6658575
TJK 2002,TJK,2002,2002-01-01,6531669
TJK 2001,TJK,2001,2001-01-01,6407377
TJK 2000,TJK,2000,2000-01-01,6284735
TZA 2023,TZA,2023,2023-01-01,66617606
TZA 2022,TZA,2022,2022-01-01,64711821
TZA 2021,TZA,2021,2021-01-01,62830412
TZA 2020,TZA,2020,2020-01-01,60972798
TZA 2019,TZA,2019,2019-01-01,59174891
TZA 2018,TZA,2018,2018-01-01,57437145
TZA 2017,TZA,2017,2017-01-01,55652890
TZA 2016,TZA,2016,2016-01-01,53824013
TZA 2015,TZA,2015,2015-01-01,52020962
TZA 2014,TZA,2014,2014-01-01,50351512
TZA 2013,TZA,2013,2013-01-01,48824128
TZA 2012,TZA,2012,2012-01-01,47374260
TZA 2011,TZA,2011,2011-01-01,46029367
TZA 2010,TZA,2010,2010-01-01,44758488
TZA 2009,TZA,2009,2009-01-01,43633982
TZA 2008,TZA,2008,2008-01-01,42570728
TZA 2007,TZA,2007,2007-01-01,41435512
TZA 2006,TZA,2006,2006-01-01,40294902
TZA 2005,TZA,2005,2005-01-01,39182076
TZA 2004,TZA,2004,2004-01-01,38109668
TZA 2003,TZA,2003,2003-01-01,37089555
TZA 2002,TZA,2002,2002-01-01,36121304
TZA 2001,TZA,2001,2001-01-01,35198299
TZA 2000,TZA,2000,2000-01-01,34260139
THA 2023,THA,2023,2023-01-01,71702435
THA 2022,THA,2022,2022-01-01,71735329
THA 2021,THA,2021,2021-01-01,71727332
THA 2020,THA,2020,2020-01-01,71641484
THA 2019,THA,2019,2019-01-01,71522271
THA 2018,THA,2018,2018-01-01,71376079
THA 2017,THA,2017,2017-01-01,71160187
THA 2016,THA,2016,2016-01-01,70859841
THA 2015,THA,2015,2015-01-01,70540795
THA 2014,THA,2014,2014-01-01,70216367
THA 2013,THA,2013,2013-01-01,69845114
THA 2012,THA,2012,2012-01-01,69436098
THA 2011,THA,2011,2011-01-01,69007208
THA 2010,THA,2010,2010-01-01,68579447
THA 2009,THA,2009,2009-01-01,68121080
THA 2008,THA,2008,2008-01-01,67619830
THA 2007,THA,2007,2007-01-01,67102394
THA 2006,THA,2006,2006-01-01,66567687
THA 2005,THA,2005,2005-01-01,66017420
THA 2004,THA,2004,2004-01-01,65452047
THA 2003,THA,2003,2003-01-01,64868166
THA 2002,THA,2002,2002-01-01,64266437
THA 2001,THA,2001,2001-01-01,63651141
THA 2000,THA,2000,2000-01-01,63007815
TLS 2023,TLS,2023,2023-01-01,1384286
TLS 2022,TLS,2022,2022-01-01,1369295
TLS 2021,TLS,2021,2021-01-01,1350139
TLS 2020,TLS,2020,2020-01-01,1326053
TLS 2019,TLS,2019,2019-01-01,1300945
TLS 2018,TLS,2018,2018-01-01,1275959
TLS 2017,TLS,2017,2017-01-01,1251703
TLS 2016,TLS,2016,2016-01-01,1228312
TLS 2015,TLS,2015,2015-01-01,1205131
TLS 2014,TLS,2014,2014-01-01,1181903
TLS 2013,TLS,2013,2013-01-01,1158695
TLS 2012,TLS,2012,2012-01-01,1134885
TLS 2011,TLS,2011,2011-01-01,1110207
TLS 2010,TLS,2010,2010-01-01,1084679
TLS 2009,TLS,2009,2009-01-01,1058782
TLS 2008,TLS,2008,2008-01-01,1032429
TLS 2007,TLS,2007,2007-01-01,1004889
TLS 2006,TLS,2006,2006-01-01,976597
TLS 2005,TLS,2005,2005-01-01,948311
TLS 2004,TLS,2004,2004-01-01,929074
TLS 2003,TLS,2003,2003-01-01,916878
TLS 2002,TLS,2002,2002-01-01,879159
TLS 2001,TLS,2001,2001-01-01,812249
TLS 2000,TLS,2000,2000-01-01,745088
TGO 2023,TGO,2023,2023-01-01,8223850
TGO 2022,TGO,2022,2022-01-01,8068616
TGO 2021,TGO,2021,2021-01-01,7936176
TGO 2020,TGO,2020,2020-01-01,7788054
TGO 2019,TGO,2019,2019-01-01,7619925
TGO 2018,TGO,2018,2018-01-01,7458206
TGO 2017,TGO,2017,2017-01-01,7324386
TGO 2016,TGO,2016,2016-01-01,7200884
TGO 2015,TGO,2015,2015-01-01,7071502
TGO 2014,TGO,2014,2014-01-01,6937644
TGO 2013,TGO,2013,2013-01-01,6798848
TGO 2012,TGO,2012,2012-01-01,6653718
TGO 2011,TGO,2011,2011-01-01,6500582
TGO 2010,TGO,2010,2010-01-01,6325788
TGO 2009,TGO,2009,2009-01-01,6130946
TGO 2008,TGO,2008,2008-01-01,5936138
TGO 2007,TGO,2007,2007-01-01,5748443
TGO 2006,TGO,2006,2006-01-01,5569664
TGO 2005,TGO,2005,2005-01-01,5413154
TGO 2004,TGO,2004,2004-01-01,5281320
TGO 2003,TGO,2003,2003-01-01,5154112
TGO 2002,TGO,2002,2002-01-01,5027130
TGO 2001,TGO,2001,2001-01-01,4904144
TGO 2000,TGO,2000,2000-01-01,4783722
TON 2023,TON,2023,2023-01-01,104597
TON 2022,TON,2022,2022-01-01,105042
TON 2021,TON,2021,2021-01-01,105490
TON 2020,TON,2020,2020-01-01,105704
TON 2019,TON,2019,2019-01-01,105669
TON 2018,TON,2018,2018-01-01,105567
TON 2017,TON,2017,2017-01-01,105356
TON 2016,TON,2016,2016-01-01,105524
TON 2015,TON,2015,2015-01-01,106095
TON 2014,TON,2014,2014-01-01,106609
TON 2013,TON,2013,2013-01-01,107078
TON 2012,TON,2012,2012-01-01,107460
TON 2011,TON,2011,2011-01-01,107570
TON 2010,TON,2010,2010-01-01,107400
TON 2009,TON,2009,2009-01-01,107203
TON 2008,TON,2008,2008-01-01,107020
TON 2007,TON,2007,2007-01-01,106726
TON 2006,TON,2006,2006-01-01,106253
TON 2005,TON,2005,2005-01-01,105671
TON 2004,TON,2004,2004-01-01,105071
TON 2003,TON,2003,2003-01-01,104464
TON 2002,TON,2002,2002-01-01,103874
TON 2001,TON,2001,2001-01-01,103288
TON 2000,TON,2000,2000-01-01,102677
TTO 2023,TTO,2023,2023-01-01,1367510
TTO 2022,TTO,2022,2022-01-01,1365805
TTO 2021,TTO,2021,2021-01-01,1367558
TTO 2020,TTO,2020,2020-01-01,1366725
TTO 2019,TTO,2019,2019-01-01,1363985
TTO 2018,TTO,2018,2018-01-01,1359193
TTO 2017,TTO,2017,2017-01-01,1356633
TTO 2016,TTO,2016,2016-01-01,1353895
TTO 2015,TTO,2015,2015-01-01,1349667
TTO 2014,TTO,2014,2014-01-01,1345343
TTO 2013,TTO,2013,2013-01-01,1340557
TTO 2012,TTO,2012,2012-01-01,1335194
TTO 2011,TTO,2011,2011-01-01,1328019
TTO 2010,TTO,2010,2010-01-01,1317714
TTO 2009,TTO,2009,2009-01-01,1310106
TTO 2008,TTO,2008,2008-01-01,1308587
TTO 2007,TTO,2007,2007-01-01,1303188
TTO 2006,TTO,2006,2006-01-01,1297944
TTO 2005,TTO,2005,2005-01-01,1294494
TTO 2004,TTO,2004,2004-01-01,1345380
TTO 2003,TTO,2003,2003-01-01,1338709
TTO 2002,TTO,2002,2002-01-01,1332011
TTO 2001,TTO,2001,2001-01-01,1325567
TTO 2000,TTO,2000,2000-01-01,1319774
TUN 2023,TUN,2023,2023-01-01,12200431
TUN 2022,TUN,2022,2022-01-01,12119334
TUN 2021,TUN,2021,2021-01-01,12048622
TUN 2020,TUN,2020,2020-01-01,11974057
TUN 2019,TUN,2019,2019-01-01,11875081
TUN 2018,TUN,2018,2018-01-01,11765514
TUN 2017,TUN,2017,2017-01-01,11650498
TUN 2016,TUN,2016,2016-01-01,11528674
TUN 2015,TUN,2015,2015-01-01,11402264
TUN 2014,TUN,2014,2014-01-01,11274288
TUN 2013,TUN,2013,2013-01-01,11141361
TUN 2012,TUN,2012,2012-01-01,11009647
TUN 2011,TUN,2011,2011-01-01,10886035
TUN 2010,TUN,2010,2010-01-01,10765980
TUN 2009,TUN,2009,2009-01-01,10650681
TUN 2008,TUN,2008,2008-01-01,10542635
TUN 2007,TUN,2007,2007-01-01,10441702
TUN 2006,TUN,2006,2006-01-01,10346410
TUN 2005,TUN,2005,2005-01-01,10255472
TUN 2004,TUN,2004,2004-01-01,10166163
TUN 2003,TUN,2003,2003-01-01,10071632
TUN 2002,TUN,2002,2002-01-01,9971515
TUN 2001,TUN,2001,2001-01-01,9869677
TUN 2000,TUN,2000,2000-01-01,9764935
TUR 2023,TUR,2023,2023-01-01,85325965
TUR 2022,TUR,2022,2022-01-01,84979913
TUR 2021,TUR,2021,2021-01-01,84147318
TUR 2020,TUR,2020,2020-01-01,83384680
TUR 2019,TUR,2019,2019-01-01,82579440
TUR 2018,TUR,2018,2018-01-01,81407204
TUR 2017,TUR,2017,2017-01-01,80312698
TUR 2016,TUR,2016,2016-01-01,79277962
TUR 2015,TUR,2015,2015-01-01,78218479
TUR 2014,TUR,2014,2014-01-01,77181884
TUR 2013,TUR,2013,2013-01-01,76147624
TUR 2012,TUR,2012,2012-01-01,75175827
TUR 2011,TUR,2011,2011-01-01,74223629
TUR 2010,TUR,2010,2010-01-01,73142150
TUR 2009,TUR,2009,2009-01-01,72039206
TUR 2008,TUR,2008,2008-01-01,71051678
TUR 2007,TUR,2007,2007-01-01,70158112
TUR 2006,TUR,2006,2006-01-01,70045349
TUR 2005,TUR,2005,2005-01-01,69329557
TUR 2004,TUR,2004,2004-01-01,68592617
TUR 2003,TUR,2003,2003-01-01,67831730
TUR 2002,TUR,2002,2002-01-01,67048795
TUR 2001,TUR,2001,2001-01-01,66245128
TUR 2000,TUR,2000,2000-01-01,65425961
TKM 2023,TKM,2023,2023-01-01,7364438
TKM 2022,TKM,2022,2022-01-01,7230193
TKM 2021,TKM,2021,2021-01-01,7092043
TKM 2020,TKM,2020,2020-01-01,6949912
TKM 2019,TKM,2019,2019-01-01,6803944
TKM 2018,TKM,2018,2018-01-01,6655524
TKM 2017,TKM,2017,2017-01-01,6507061
TKM 2016,TKM,2016,2016-01-01,6360041
TKM 2015,TKM,2015,2015-01-01,6215770
TKM 2014,TKM,2014,2014-01-01,6075283
TKM 2013,TKM,2013,2013-01-01,5939341
TKM 2012,TKM,2012,2012-01-01,5808546
TKM 2011,TKM,2011,2011-01-01,5683417
TKM 2010,TKM,2010,2010-01-01,5564356
TKM 2009,TKM,2009,2009-01-01,5451592
TKM 2008,TKM,2008,2008-01-01,5345029
TKM 2007,TKM,2007,2007-01-01,5244046
TKM 2006,TKM,2006,2006-01-01,5147105
TKM 2005,TKM,2005,2005-01-01,5052257
TKM 2004,TKM,2004,2004-01-01,4958093
TKM 2003,TKM,2003,2003-01-01,4863865
TKM 2002,TKM,2002,2002-01-01,4769465
TKM 2001,TKM,2001,2001-01-01,4675409
TKM 2000,TKM,2000,2000-01-01,4582677
TCA 2023,TCA,2023,2023-01-01,46198
TCA 2022,TCA,2022,2022-01-01,45847
TCA 2021,TCA,2021,2021-01-01,45243
TCA 2020,TCA,2020,2020-01-01,44386
TCA 2019,TCA,2019,2019-01-01,43166
TCA 2018,TCA,2018,2018-01-01,41559
TCA 2017,TCA,2017,2017-01-01,39913
TCA 2016,TCA,2016,2016-01-01,38315
TCA 2015,TCA,2015,2015-01-01,36605
TCA 2014,TCA,2014,2014-01-01,35050
TCA 2013,TCA,2013,2013-01-01,33653
TCA 2012,TCA,2012,2012-01-01,32127
TCA 2011,TCA,2011,2011-01-01,30846
TCA 2010,TCA,2010,2010-01-01,29739
TCA 2009,TCA,2009,2009-01-01,28588
TCA 2008,TCA,2008,2008-01-01,27427
TCA 2007,TCA,2007,2007-01-01,26270
TCA 2006,TCA,2006,2006-01-01,25123
TCA 2005,TCA,2005,2005-01-01,23988
TCA 2004,TCA,2004,2004-01-01,22856
TCA 2003,TCA,2003,2003-01-01,21727
TCA 2002,TCA,2002,2002-01-01,20597
TCA 2001,TCA,2001,2001-01-01,19576
TCA 2000,TCA,2000,2000-01-01,18730
TUV 2023,TUV,2023,2023-01-01,9816
TUV 2022,TUV,2022,2022-01-01,9992
TUV 2021,TUV,2021,2021-01-01,10194
TUV 2020,TUV,2020,2020-01-01,10399
TUV 2019,TUV,2019,2019-01-01,10581
TUV 2018,TUV,2018,2018-01-01,10751
TUV 2017,TUV,2017,2017-01-01,10869
TUV 2016,TUV,2016,2016-01-01,10930
TUV 2015,TUV,2015,2015-01-01,10963
TUV 2014,TUV,2014,2014-01-01,10984
TUV 2013,TUV,2013,2013-01-01,11001
TUV 2012,TUV,2012,2012-01-01,10934
TUV 2011,TUV,2011,2011-01-01,10780
TUV 2010,TUV,2010,2010-01-01,10614
TUV 2009,TUV,2009,2009-01-01,10461
TUV 2008,TUV,2008,2008-01-01,10321
TUV 2007,TUV,2007,2007-01-01,10182
TUV 2006,TUV,2006,2006-01-01,10056
TUV 2005,TUV,2005,2005-01-01,9940
TUV 2004,TUV,2004,2004-01-01,9816
TUV 2003,TUV,2003,2003-01-01,9695
TUV 2002,TUV,2002,2002-01-01,9623
TUV 2001,TUV,2001,2001-01-01,9586
TUV 2000,TUV,2000,2000-01-01,9544
UGA 2023,UGA,2023,2023-01-01,48656601
UGA 2022,UGA,2022,2022-01-01,47312719
UGA 2021,UGA,2021,2021-01-01,45910930
UGA 2020,UGA,2020,2020-01-01,44457152
UGA 2019,UGA,2019,2019-01-01,42999637
UGA 2018,UGA,2018,2018-01-01,41565831
UGA 2017,UGA,2017,2017-01-01,40177388
UGA 2016,UGA,2016,2016-01-01,38799152
UGA 2015,UGA,2015,2015-01-01,37531446
UGA 2014,UGA,2014,2014-01-01,36395539
UGA 2013,UGA,2013,2013-01-01,35337042
UGA 2012,UGA,2012,2012-01-01,34337438
UGA 2011,UGA,2011,2011-01-01,33354543
UGA 2010,UGA,2010,2010-01-01,32390802
UGA 2009,UGA,2009,2009-01-01,31451151
UGA 2008,UGA,2008,2008-01-01,30539553
UGA 2007,UGA,2007,2007-01-01,29653430
UGA 2006,UGA,2006,2006-01-01,28794003
UGA 2005,UGA,2005,2005-01-01,27963289
UGA 2004,UGA,2004,2004-01-01,27154515
UGA 2003,UGA,2003,2003-01-01,26352124
UGA 2002,UGA,2002,2002-01-01,25532870
UGA 2001,UGA,2001,2001-01-01,24745676
UGA 2000,UGA,2000,2000-01-01,24000150
UKR 2023,UKR,2023,2023-01-01,37732836
UKR 2022,UKR,2022,2022-01-01,41048766
UKR 2021,UKR,2021,2021-01-01,44298640
UKR 2020,UKR,2020,2020-01-01,44680014
UKR 2019,UKR,2019,2019-01-01,44957458
UKR 2018,UKR,2018,2018-01-01,45208907
UKR 2017,UKR,2017,2017-01-01,45436041
UKR 2016,UKR,2016,2016-01-01,45616832
UKR 2015,UKR,2015,2015-01-01,45784896
UKR 2014,UKR,2014,2014-01-01,45972380
UKR 2013,UKR,2013,2013-01-01,46126770
UKR 2012,UKR,2012,2012-01-01,46210056
UKR 2011,UKR,2011,2011-01-01,46307853
UKR 2010,UKR,2010,2010-01-01,46456003
UKR 2009,UKR,2009,2009-01-01,46623731
UKR 2008,UKR,2008,2008-01-01,46819175
UKR 2007,UKR,2007,2007-01-01,47062798
UKR 2006,UKR,2006,2006-01-01,47278694
UKR 2005,UKR,2005,2005-01-01,47585556
UKR 2004,UKR,2004,2004-01-01,47979507
UKR 2003,UKR,2003,2003-01-01,48315136
UKR 2002,UKR,2002,2002-01-01,48677281
UKR 2001,UKR,2001,2001-01-01,49106855
UKR 2000,UKR,2000,2000-01-01,49556660
ARE 2023,ARE,2023,2023-01-01,10483751
ARE 2022,ARE,2022,2022-01-01,10074977
ARE 2021,ARE,2021,2021-01-01,9575152
ARE 2020,ARE,2020,2020-01-01,9401038
ARE 2019,ARE,2019,2019-01-01,9445785
ARE 2018,ARE,2018,2018-01-01,9346701
ARE 2017,ARE,2017,2017-01-01,9223225
ARE 2016,ARE,2016,2016-01-01,8935095
ARE 2015,ARE,2015,2015-01-01,8505237
ARE 2014,ARE,2014,2014-01-01,8059440
ARE 2013,ARE,2013,2013-01-01,7693031
ARE 2012,ARE,2012,2012-01-01,7391448
ARE 2011,ARE,2011,2011-01-01,7104538
ARE 2010,ARE,2010,2010-01-01,6869838
ARE 2009,ARE,2009,2009-01-01,6707058
ARE 2008,ARE,2008,2008-01-01,6302664
ARE 2007,ARE,2007,2007-01-01,5624635
ARE 2006,ARE,2006,2006-01-01,5009100
ARE 2005,ARE,2005,2005-01-01,4664790
ARE 2004,ARE,2004,2004-01-01,4428967
ARE 2003,ARE,2003,2003-01-01,4192457
ARE 2002,ARE,2002,2002-01-01,3956826
ARE 2001,ARE,2001,2001-01-01,3723590
ARE 2000,ARE,2000,2000-01-01,3493575
GBR 2023,GBR,2023,2023-01-01,68526000
GBR 2022,GBR,2022,2022-01-01,67636000
GBR 2021,GBR,2021,2021-01-01,66978000
GBR 2020,GBR,2020,2020-01-01,66740000
GBR 2019,GBR,2019,2019-01-01,66628000
GBR 2018,GBR,2018,2018-01-01,66287000
GBR 2017,GBR,2017,2017-01-01,65964000
GBR 2016,GBR,2016,2016-01-01,65606000
GBR 2015,GBR,2015,2015-01-01,65087000
GBR 2014,GBR,2014,2014-01-01,64619000
GBR 2013,GBR,2013,2013-01-01,64138000
GBR 2012,GBR,2012,2012-01-01,63711000
GBR 2011,GBR,2011,2011-01-01,63258810
GBR 2010,GBR,2010,2010-01-01,62766365
GBR 2009,GBR,2009,2009-01-01,62276270
GBR 2008,GBR,2008,2008-01-01,61806995
GBR 2007,GBR,2007,2007-01-01,61322463
GBR 2006,GBR,2006,2006-01-01,60846820
GBR 2005,GBR,2005,2005-01-01,60401206
GBR 2004,GBR,2004,2004-01-01,59987905
GBR 2003,GBR,2003,2003-01-01,59647577
GBR 2002,GBR,2002,2002-01-01,59370479
GBR 2001,GBR,2001,2001-01-01,59119673
GBR 2000,GBR,2000,2000-01-01,58892514
USA 2023,USA,2023,2023-01-01,336755052
USA 2022,USA,2022,2022-01-01,333996304
USA 2021,USA,2021,2021-01-01,332100166
USA 2020,USA,2020,2020-01-01,331578104
USA 2019,USA,2019,2019-01-01,330226227
USA 2018,USA,2018,2018-01-01,328529577
USA 2017,USA,2017,2017-01-01,326608609
USA 2016,USA,2016,2016-01-01,324353340
USA 2015,USA,2015,2015-01-01,321815121
USA 2014,USA,2014,2014-01-01,319257560
USA 2013,USA,2013,2013-01-01,316726282
USA 2012,USA,2012,2012-01-01,314339099
USA 2011,USA,2011,2011-01-01,311839461
USA 2010,USA,2010,2010-01-01,309378227
USA 2009,USA,2009,2009-01-01,306771529
USA 2008,USA,2008,2008-01-01,304093966
USA 2007,USA,2007,2007-01-01,301231207
USA 2006,USA,2006,2006-01-01,298379912
USA 2005,USA,2005,2005-01-01,295516599
USA 2004,USA,2004,2004-01-01,292805298
USA 2003,USA,2003,2003-01-01,290107933
USA 2002,USA,2002,2002-01-01,287625193
USA 2001,USA,2001,2001-01-01,284968955
USA 2000,USA,2000,2000-01-01,282162411
URY 2023,URY,2023,2023-01-01,3388081
URY 2022,URY,2022,2022-01-01,3390913
URY 2021,URY,2021,2021-01-01,3396695
URY 2020,URY,2020,2020-01-01,3398968
URY 2019,URY,2019,2019-01-01,3397206
URY 2018,URY,2018,2018-01-01,3394534
URY 2017,URY,2017,2017-01-01,3388438
URY 2016,URY,2016,2016-01-01,3379283
URY 2015,URY,2015,2015-01-01,3368017
URY 2014,URY,2014,2014-01-01,3356334
URY 2013,URY,2013,2013-01-01,3345337
URY 2012,URY,2012,2012-01-01,3335401
URY 2011,URY,2011,2011-01-01,3326825
URY 2010,URY,2010,2010-01-01,3318580
URY 2009,URY,2009,2009-01-01,3310091
URY 2008,URY,2008,2008-01-01,3302177
URY 2007,URY,2007,2007-01-01,3295153
URY 2006,URY,2006,2006-01-01,3289506
URY 2005,URY,2005,2005-01-01,3285771
URY 2004,URY,2004,2004-01-01,3283148
URY 2003,URY,2003,2003-01-01,3281186
URY 2002,URY,2002,2002-01-01,3278867
URY 2001,URY,2001,2001-01-01,3274251
URY 2000,URY,2000,2000-01-01,3266206
UZB 2023,UZB,2023,2023-01-01,35652307
UZB 2022,UZB,2022,2022-01-01,34938955
UZB 2021,UZB,2021,2021-01-01,34243696
UZB 2020,UZB,2020,2020-01-01,33586372
UZB 2019,UZB,2019,2019-01-01,32964701
UZB 2018,UZB,2018,2018-01-01,32373490
UZB 2017,UZB,2017,2017-01-01,31819178
UZB 2016,UZB,2016,2016-01-01,31284568
UZB 2015,UZB,2015,2015-01-01,30749346
UZB 2014,UZB,2014,2014-01-01,30222994
UZB 2013,UZB,2013,2013-01-01,29724065
UZB 2012,UZB,2012,2012-01-01,29261903
UZB 2011,UZB,2011,2011-01-01,28823196
UZB 2010,UZB,2010,2010-01-01,28385506
UZB 2009,UZB,2009,2009-01-01,27939328
UZB 2008,UZB,2008,2008-01-01,27494774
UZB 2007,UZB,2007,2007-01-01,27076008
UZB 2006,UZB,2006,2006-01-01,26699043
UZB 2005,UZB,2005,2005-01-01,26356975
UZB 2004,UZB,2004,2004-01-01,26029350
UZB 2003,UZB,2003,2003-01-01,25711259
UZB 2002,UZB,2002,2002-01-01,25399980
UZB 2001,UZB,2001,2001-01-01,25090283
UZB 2000,UZB,2000,2000-01-01,24787054
VUT 2023,VUT,2023,2023-01-01,320409
VUT 2022,VUT,2022,2022-01-01,313046
VUT 2021,VUT,2021,2021-01-01,305868
VUT 2020,VUT,2020,2020-01-01,298858
VUT 2019,VUT,2019,2019-01-01,291985
VUT 2018,VUT,2018,2018-01-01,285259
VUT 2017,VUT,2017,2017-01-01,278507
VUT 2016,VUT,2016,2016-01-01,272087
VUT 2015,VUT,2015,2015-01-01,266101
VUT 2014,VUT,2014,2014-01-01,260240
VUT 2013,VUT,2013,2013-01-01,254482
VUT 2012,VUT,2012,2012-01-01,248883
VUT 2011,VUT,2011,2011-01-01,243474
VUT 2010,VUT,2010,2010-01-01,238248
VUT 2009,VUT,2009,2009-01-01,232731
VUT 2008,VUT,2008,2008-01-01,226896
VUT 2007,VUT,2007,2007-01-01,221276
VUT 2006,VUT,2006,2006-01-01,215923
VUT 2005,VUT,2005,2005-01-01,210760
VUT 2004,VUT,2004,2004-01-01,205711
VUT 2003,VUT,2003,2003-01-01,200746
VUT 2002,VUT,2002,2002-01-01,195863
VUT 2001,VUT,2001,2001-01-01,191031
VUT 2000,VUT,2000,2000-01-01,186281
VEN 2023,VEN,2023,2023-01-01,28300854
VEN 2022,VEN,2022,2022-01-01,28213017
VEN 2021,VEN,2021,2021-01-01,28237826
VEN 2020,VEN,2020,2020-01-01,28444077
VEN 2019,VEN,2019,2019-01-01,28938098
VEN 2018,VEN,2018,2018-01-01,29807592
VEN 2017,VEN,2017,2017-01-01,30565323
VEN 2016,VEN,2016,2016-01-01,30765720
VEN 2015,VEN,2015,2015-01-01,30573972
VEN 2014,VEN,2014,2014-01-01,30254079
VEN 2013,VEN,2013,2013-01-01,29912198
VEN 2012,VEN,2012,2012-01-01,29553826
VEN 2011,VEN,2011,2011-01-01,29185212
VEN 2010,VEN,2010,2010-01-01,28813101
VEN 2009,VEN,2009,2009-01-01,28438298
VEN 2008,VEN,2008,2008-01-01,28053696
VEN 2007,VEN,2007,2007-01-01,27649363
VEN 2006,VEN,2006,2006-01-01,27224686
VEN 2005,VEN,2005,2005-01-01,26785804
VEN 2004,VEN,2004,2004-01-01,26340838
VEN 2003,VEN,2003,2003-01-01,25892703
VEN 2002,VEN,2002,2002-01-01,25435671
VEN 2001,VEN,2001,2001-01-01,24979922
VEN 2000,VEN,2000,2000-01-01,24526708
VNM 2023,VNM,2023,2023-01-01,100352192
VNM 2022,VNM,2022,2022-01-01,99680655
VNM 2021,VNM,2021,2021-01-01,98935098
VNM 2020,VNM,2020,2020-01-01,98079191
VNM 2019,VNM,2019,2019-01-01,97173776
VNM 2018,VNM,2018,2018-01-01,96237319
VNM 2017,VNM,2017,2017-01-01,95176977
VNM 2016,VNM,2016,2016-01-01,94000117
VNM 2015,VNM,2015,2015-01-01,92823254
VNM 2014,VNM,2014,2014-01-01,91679578
VNM 2013,VNM,2013,2013-01-01,90573104
VNM 2012,VNM,2012,2012-01-01,89510356
VNM 2011,VNM,2011,2011-01-01,88468314
VNM 2010,VNM,2010,2010-01-01,87455152
VNM 2009,VNM,2009,2009-01-01,86460018
VNM 2008,VNM,2008,2008-01-01,85175788
VNM 2007,VNM,2007,2007-01-01,83633375
VNM 2006,VNM,2006,2006-01-01,82167897
VNM 2005,VNM,2005,2005-01-01,81088313
VNM 2004,VNM,2004,2004-01-01,80338971
VNM 2003,VNM,2003,2003-01-01,79563777
VNM 2002,VNM,2002,2002-01-01,78772224
VNM 2001,VNM,2001,2001-01-01,77969361
VNM 2000,VNM,2000,2000-01-01,77154011
VIR 2023,VIR,2023,2023-01-01,104917
VIR 2022,VIR,2022,2022-01-01,105413
VIR 2021,VIR,2021,2021-01-01,105870
VIR 2020,VIR,2020,2020-01-01,106290
VIR 2019,VIR,2019,2019-01-01,106669
VIR 2018,VIR,2018,2018-01-01,107001
VIR 2017,VIR,2017,2017-01-01,107281
VIR 2016,VIR,2016,2016-01-01,107516
VIR 2015,VIR,2015,2015-01-01,107712
VIR 2014,VIR,2014,2014-01-01,107882
VIR 2013,VIR,2013,2013-01-01,108041
VIR 2012,VIR,2012,2012-01-01,108188
VIR 2011,VIR,2011,2011-01-01,108290
VIR 2010,VIR,2010,2010-01-01,108357
VIR 2009,VIR,2009,2009-01-01,108404
VIR 2008,VIR,2008,2008-01-01,108397
VIR 2007,VIR,2007,2007-01-01,108337
VIR 2006,VIR,2006,2006-01-01,108369
VIR 2005,VIR,2005,2005-01-01,108453
VIR 2004,VIR,2004,2004-01-01,108466
VIR 2003,VIR,2003,2003-01-01,108505
VIR 2002,VIR,2002,2002-01-01,108509
VIR 2001,VIR,2001,2001-01-01,108549
VIR 2000,VIR,2000,2000-01-01,108642
PSE 2023,PSE,2023,2023-01-01,5165775
PSE 2022,PSE,2022,2022-01-01,5043612
PSE 2021,PSE,2021,2021-01-01,4922749
PSE 2020,PSE,2020,2020-01-01,4803269
PSE 2019,PSE,2019,2019-01-01,4685306
PSE 2018,PSE,2018,2018-01-01,4569087
PSE 2017,PSE,2017,2017-01-01,4454805
PSE 2016,PSE,2016,2016-01-01,4367088
PSE 2015,PSE,2015,2015-01-01,4270092
PSE 2014,PSE,2014,2014-01-01,4173398
PSE 2013,PSE,2013,2013-01-01,4076708
PSE 2012,PSE,2012,2012-01-01,3979998
PSE 2011,PSE,2011,2011-01-01,3882986
PSE 2010,PSE,2010,2010-01-01,3786161
PSE 2009,PSE,2009,2009-01-01,3689099
PSE 2008,PSE,2008,2008-01-01,3591977
PSE 2007,PSE,2007,2007-01-01,3494496
PSE 2006,PSE,2006,2006-01-01,3406334
PSE 2005,PSE,2005,2005-01-01,3320396
PSE 2004,PSE,2004,2004-01-01,3236626
PSE 2003,PSE,2003,2003-01-01,3154969
PSE 2002,PSE,2002,2002-01-01,3075373
PSE 2001,PSE,2001,2001-01-01,2997784
PSE 2000,PSE,2000,2000-01-01,2922153
YEM 2023,YEM,2023,2023-01-01,39390799
YEM 2022,YEM,2022,2022-01-01,38222876
YEM 2021,YEM,2021,2021-01-01,37140230
YEM 2020,YEM,2020,2020-01-01,36134863
YEM 2019,YEM,2019,2019-01-01,35111408
YEM 2018,YEM,2018,2018-01-01,34085182
YEM 2017,YEM,2017,2017-01-01,33090921
YEM 2016,YEM,2016,2016-01-01,32109010
YEM 2015,YEM,2015,2015-01-01,31159379
YEM 2014,YEM,2014,2014-01-01,30226309
YEM 2013,YEM,2013,2013-01-01,29312952
YEM 2012,YEM,2012,2012-01-01,28433647
YEM 2011,YEM,2011,2011-01-01,27582897
YEM 2010,YEM,2010,2010-01-01,26754387
YEM 2009,YEM,2009,2009-01-01,25927724
YEM 2008,YEM,2008,2008-01-01,25111941
YEM 2007,YEM,2007,2007-01-01,24318082
YEM 2006,YEM,2006,2006-01-01,23543083
YEM 2005,YEM,2005,2005-01-01,22790085
YEM 2004,YEM,2004,2004-01-01,22095167
YEM 2003,YEM,2003,2003-01-01,21456379
YEM 2002,YEM,2002,2002-01-01,20835086
YEM 2001,YEM,2001,2001-01-01,20226147
YEM 2000,YEM,2000,2000-01-01,19624141
ZMB 2023,ZMB,2023,2023-01-01,20723965
ZMB 2022,ZMB,2022,2022-01-01,20152938
ZMB 2021,ZMB,2021,2021-01-01,19603607
ZMB 2020,ZMB,2020,2020-01-01,19059395
ZMB 2019,ZMB,2019,2019-01-01,18513839
ZMB 2018,ZMB,2018,2018-01-01,17973569
ZMB 2017,ZMB,2017,2017-01-01,17441320
ZMB 2016,ZMB,2016,2016-01-01,16914423
ZMB 2015,ZMB,2015,2015-01-01,16399089
ZMB 2014,ZMB,2014,2014-01-01,15895315
ZMB 2013,ZMB,2013,2013-01-01,15398997
ZMB 2012,ZMB,2012,2012-01-01,14913629
ZMB 2011,ZMB,2011,2011-01-01,14437796
ZMB 2010,ZMB,2010,2010-01-01,13965594
ZMB 2009,ZMB,2009,2009-01-01,13490389
ZMB 2008,ZMB,2008,2008-01-01,13021324
ZMB 2007,ZMB,2007,2007-01-01,12565085
ZMB 2006,ZMB,2006,2006-01-01,12129553
ZMB 2005,ZMB,2005,2005-01-01,11718819
ZMB 2004,ZMB,2004,2004-01-01,11338198
ZMB 2003,ZMB,2003,2003-01-01,10983595
ZMB 2002,ZMB,2002,2002-01-01,10647949
ZMB 2001,ZMB,2001,2001-01-01,10325185
ZMB 2000,ZMB,2000,2000-01-01,10017631
ZWE 2023,ZWE,2023,2023-01-01,16340822
ZWE 2022,ZWE,2022,2022-01-01,16069056
ZWE 2021,ZWE,2021,2021-01-01,15797210
ZWE 2020,ZWE,2020,2020-01-01,15526888
ZWE 2019,ZWE,2019,2019-01-01,15271368
ZWE 2018,ZWE,2018,2018-01-01,15034452
ZWE 2017,ZWE,2017,2017-01-01,14812482
ZWE 2016,ZWE,2016,2016-01-01,14600294
ZWE 2015,ZWE,2015,2015-01-01,14399013
ZWE 2014,ZWE,2014,2014-01-01,14207359
ZWE 2013,ZWE,2013,2013-01-01,14013808
ZWE 2012,ZWE,2012,2012-01-01,13817887
ZWE 2011,ZWE,2011,2011-01-01,13595424
ZWE 2010,ZWE,2010,2010-01-01,13356548
ZWE 2009,ZWE,2009,2009-01-01,13142790
ZWE 2008,ZWE,2008,2008-01-01,12959149
ZWE 2007,ZWE,2007,2007-01-01,12804058
ZWE 2006,ZWE,2006,2006-01-01,12636445
ZWE 2005,ZWE,2005,2005-01-01,12483432
ZWE 2004,ZWE,2004,2004-01-01,12365896
ZWE 2003,ZWE,2003,2003-01-01,12232323
ZWE 2002,ZWE,2002,2002-01-01,12087653
ZWE 2001,ZWE,2001,2001-01-01,11971901
ZWE 2000,ZWE,2000,2000-01-01,11892055
