country_year,gdp_pc,log10_gdp_pc
AFG 2023,1984,3.2975
AFG 2022,1982,3.297
AFG 2021,2144,3.3313
AFG 2020,2770,3.4424
AFG 2019,2927,3.4665
AFG 2018,2902,3.4628
AFG 2017,2953,3.4703
AFG 2016,2959,3.4711
AFG 2015,2968,3.4724
AFG 2014,3018,3.4797
AFG 2013,3047,3.4838
AFG 2012,2985,3.475
AFG 2011,2757,3.4404
AFG 2010,2849,3.4546
AFG 2009,2565,3.4091
AFG 2008,2192,3.3407
AFG 2007,2155,3.3335
AFG 2006,1930,3.2855
AFG 2005,1908,3.2806
AFG 2004,1777,3.2497
AFG 2003,1816,3.2591
AFG 2002,1774,3.249
AFG 2001,1454,3.1626
AFG 2000,1618,3.2089
ALB 2023,20502,4.3118
ALB 2022,19389,4.2876
ALB 2021,18213,4.2604
ALB 2020,16458,4.2164
ALB 2019,16761,4.2243
ALB 2018,16171,4.2087
ALB 2017,15359,4.1864
ALB 2016,14643,4.1656
ALB 2015,13877,4.1423
ALB 2014,13367,4.126
ALB 2013,12873,4.1097
ALB 2012,12464,4.0956
ALB 2011,12153,4.0847
ALB 2010,11829,4.0729
ALB 2009,11431,4.0581
ALB 2008,11056,4.0436
ALB 2007,10263,4.0113
ALB 2006,9564,3.9806
ALB 2005,8964,3.9525
ALB 2004,8483,3.9286
ALB 2003,8025,3.9045
ALB 2002,7590,3.8803
ALB 2001,7233,3.8593
ALB 2000,6582,3.8184
DZA 2023,15159,4.1807
DZA 2022,14782,4.1697
DZA 2021,14497,4.1613
DZA 2020,14194,4.1521
DZA 2019,15199,4.1818
DZA 2018,15343,4.1859
DZA 2017,15428,4.1883
DZA 2016,15512,4.1907
DZA 2015,15240,4.183
DZA 2014,15074,4.1782
DZA 2013,14778,4.1696
DZA 2012,14698,4.1672
DZA 2011,14642,4.1656
DZA 2010,14496,4.1613
DZA 2009,14104,4.1494
DZA 2008,14207,4.1525
DZA 2007,14115,4.1497
DZA 2006,13921,4.1437
DZA 2005,13738,4.1379
DZA 2004,13227,4.1215
DZA 2003,12835,4.1084
DZA 2002,12213,4.0868
DZA 2001,11743,4.0698
DZA 2000,11558,4.0629
AND 2023,64631,4.8104
AND 2022,63913,4.8056
AND 2021,59332,4.7733
AND 2020,55488,4.7442
AND 2019,63216,4.8008
AND 2018,63049,4.7997
AND 2017,63240,4.801
AND 2016,64403,4.8089
AND 2015,62105,4.7931
AND 2014,59929,4.7776
AND 2013,57332,4.7584
AND 2012,58172,4.7647
AND 2011,60470,4.7815
AND 2010,58285,4.7656
AND 2009,57204,4.7574
AND 2008,60692,4.7831
AND 2007,65534,4.8165
AND 2006,66390,4.8221
AND 2005,65115,4.8137
AND 2004,64353,4.8086
AND 2003,63656,4.8038
AND 2002,61189,4.7867
AND 2001,59109,4.7717
AND 2000,54809,4.7389
AGO 2023,8598,3.9344
AGO 2022,8751,3.9421
AGO 2021,8720,3.9405
AGO 2020,8905,3.9496
AGO 2019,9713,3.9874
AGO 2018,10155,4.0067
AGO 2017,10565,4.0239
AGO 2016,10964,4.04
AGO 2015,11390,4.0565
AGO 2014,11718,4.0689
AGO 2013,11623,4.0653
AGO 2012,11517,4.0613
AGO 2011,11035,4.0428
AGO 2010,11074,4.0443
AGO 2009,10930,4.0386
AGO 2008,11132,4.0466
AGO 2007,10435,4.0185
AGO 2006,9586,3.9816
AGO 2005,8893,3.949
AGO 2004,8080,3.9074
AGO 2003,7517,3.876
AGO 2002,7522,3.8763
AGO 2001,6847,3.8355
AGO 2000,6795,3.8322
ATG 2023,28712,4.4581
ATG 2022,27786,4.4438
ATG 2021,25745,4.4107
ATG 2020,23931,4.379
ATG 2019,29652,4.4721
ATG 2018,28879,4.4606
ATG 2017,27199,4.4346
ATG 2016,26628,4.4253
ATG 2015,25734,4.4105
ATG 2014,25558,4.4075
ATG 2013,25207,4.4015
ATG 2012,25593,4.4081
ATG 2011,25024,4.3984
ATG 2010,25827,4.4121
ATG 2009,28406,4.4534
ATG 2008,32756,4.5153
ATG 2007,33245,4.5217
ATG 2006,30827,4.4889
ATG 2005,27693,4.4424
ATG 2004,26304,4.42
ATG 2003,25136,4.4003
ATG 2002,23958,4.3795
ATG 2001,24015,4.3805
ATG 2000,25548,4.4074
ARG 2023,27230,4.4351
ARG 2022,27825,4.4444
ARG 2021,26300,4.42
ARG 2020,23877,4.378
ARG 2019,26630,4.4254
ARG 2018,27367,4.4372
ARG 2017,28335,4.4523
ARG 2016,27802,4.4441
ARG 2015,28669,4.4574
ARG 2014,28201,4.4503
ARG 2013,29228,4.4658
ARG 2012,28826,4.4598
ARG 2011,29426,4.4687
ARG 2010,28056,4.448
ARG 2009,25747,4.4107
ARG 2008,27658,4.4418
ARG 2007,26851,4.429
ARG 2006,24877,4.3958
ARG 2005,23262,4.3667
ARG 2004,21591,4.3343
ARG 2003,20005,4.3011
ARG 2002,18572,4.2689
ARG 2001,21066,4.3236
ARG 2000,22281,4.3479
ARM 2023,19403,4.2879
ARM 2022,17886,4.2525
ARM 2021,15922,4.202
ARM 2020,15053,4.1776
ARM 2019,16215,4.2099
ARM 2018,15037,4.1772
ARM 2017,14244,4.1536
ARM 2016,13193,4.1203
ARM 2015,13113,4.1177
ARM 2014,12667,4.1027
ARM 2013,12194,4.0861
ARM 2012,11796,4.0717
ARM 2011,10990,4.041
ARM 2010,10439,4.0186
ARM 2009,10143,4.0062
ARM 2008,11727,4.0692
ARM 2007,10899,4.0374
ARM 2006,9525,3.9789
ARM 2005,8363,3.9224
ARM 2004,7299,3.8633
ARM 2003,6569,3.8175
ARM 2002,5731,3.7583
ARM 2001,5044,3.7028
ARM 2000,4589,3.6617
ABW 2023,42783,4.6313
ABW 2022,39083,4.592
ABW 2021,35207,4.5466
ABW 2020,30409,4.483
ABW 2019,39755,4.5994
ABW 2018,39378,4.5953
ABW 2017,38213,4.5822
ABW 2016,36926,4.5673
ABW 2015,36753,4.5653
ABW 2014,35837,4.5543
ABW 2013,35712,4.5528
ABW 2012,34058,4.5322
ABW 2011,34926,4.5432
ABW 2010,34038,4.532
ABW 2009,35075,4.545
ABW 2008,39983,4.6019
ABW 2007,39562,4.5973
ABW 2006,38664,4.5873
ABW 2005,38926,4.5902
ABW 2004,40102,4.6032
ABW 2003,38182,4.5819
ABW 2002,38195,4.582
ABW 2001,38827,4.5891
ABW 2000,37619,4.5754
AUS 2023,60685,4.7831
AUS 2022,60029,4.7784
AUS 2021,58327,4.7659
AUS 2020,57260,4.7579
AUS 2019,58049,4.7638
AUS 2018,57648,4.7608
AUS 2017,56882,4.755
AUS 2016,56530,4.7523
AUS 2015,55880,4.7473
AUS 2014,55489,4.7442
AUS 2013,54895,4.7395
AUS 2012,54404,4.7356
AUS 2011,53257,4.7264
AUS 2010,52739,4.7221
AUS 2009,52408,4.7194
AUS 2008,52473,4.7199
AUS 2007,51663,4.7132
AUS 2006,50694,4.705
AUS 2005,49997,4.6989
AUS 2004,49061,4.6907
AUS 2003,47581,4.6774
AUS 2002,46688,4.6692
AUS 2001,45428,4.6573
AUS 2000,45099,4.6542
AUT 2023,64536,4.8098
AUT 2022,65694,4.8175
AUT 2021,62969,4.7991
AUT 2020,60276,4.7801
AUT 2019,64609,4.8103
AUT 2018,63778,4.8047
AUT 2017,62536,4.7961
AUT 2016,61573,4.7894
AUT 2015,60952,4.785
AUT 2014,60846,4.7842
AUT 2013,60863,4.7844
AUT 2012,61377,4.788
AUT 2011,61272,4.7873
AUT 2010,59730,4.7762
AUT 2009,58810,4.7695
AUT 2008,61158,4.7865
AUT 2007,60471,4.7815
AUT 2006,58460,4.7669
AUT 2005,56890,4.755
AUT 2004,55980,4.748
AUT 2003,54920,4.7397
AUT 2002,54565,4.7369
AUT 2001,54032,4.7327
AUT 2000,53534,4.7286
AZE 2023,21311,4.3286
AZE 2022,21051,4.3233
AZE 2021,20111,4.3034
AZE 2020,19126,4.2816
AZE 2019,20101,4.3032
AZE 2018,19782,4.2963
AZE 2017,19659,4.2936
AZE 2016,19822,4.2972
AZE 2015,20679,4.3155
AZE 2014,20709,4.3162
AZE 2013,20399,4.3096
AZE 2012,19523,4.2906
AZE 2011,19358,4.2869
AZE 2010,19925,4.2994
AZE 2009,19242,4.2843
AZE 2008,17963,4.2544
AZE 2007,16587,4.2198
AZE 2006,13372,4.1262
AZE 2005,10054,4.0023
AZE 2004,7938,3.8997
AZE 2003,7329,3.8651
AZE 2002,6701,3.8261
AZE 2001,6169,3.7902
AZE 2000,5657,3.7526
BHS 2023,35221,4.5468
BHS 2022,34343,4.5358
BHS 2021,31065,4.4923
BHS 2020,26453,4.4225
BHS 2019,33202,4.5212
BHS 2018,33650,4.527
BHS 2017,33050,4.5192
BHS 2016,32172,4.5075
BHS 2015,32778,4.5156
BHS 2014,32713,4.5147
BHS 2013,32403,4.5106
BHS 2012,33668,4.5272
BHS 2011,32536,4.5124
BHS 2010,32711,4.5147
BHS 2009,32630,4.5136
BHS 2008,34498,4.5378
BHS 2007,35797,4.5538
BHS 2006,35789,4.5538
BHS 2005,35365,4.5486
BHS 2004,34618,4.5393
BHS 2003,34741,4.5408
BHS 2002,35611,4.5516
BHS 2001,35072,4.545
BHS 2000,34597,4.539
BHR 2023,57820,4.7621
BHR 2022,57573,4.7602
BHR 2021,54955,4.74
BHR 2020,53814,4.7309
BHR 2019,56750,4.754
BHR 2018,54893,4.7395
BHR 2017,53860,4.7313
BHR 2016,54107,4.7333
BHR 2015,54150,4.7336
BHR 2014,55066,4.7409
BHR 2013,55376,4.7433
BHR 2012,54517,4.7365
BHR 2011,53132,4.7254
BHR 2010,50705,4.705
BHR 2009,50666,4.7047
BHR 2008,52765,4.7223
BHR 2007,52732,4.7221
BHR 2006,52692,4.7217
BHR 2005,53478,4.7282
BHR 2004,54045,4.7328
BHR 2003,54432,4.7359
BHR 2002,55097,4.7411
BHR 2001,57281,4.758
BHR 2000,57969,4.7632
BGD 2023,8242,3.9161
BGD 2022,7888,3.897
BGD 2021,7441,3.8716
BGD 2020,7015,3.846
BGD 2019,6838,3.8349
BGD 2018,6393,3.8057
BGD 2017,6006,3.7786
BGD 2016,5683,3.7545
BGD 2015,5353,3.7286
BGD 2014,5069,3.7049
BGD 2013,4823,3.6833
BGD 2012,4592,3.662
BGD 2011,4352,3.6387
BGD 2010,4125,3.6155
BGD 2009,3942,3.5957
BGD 2008,3788,3.5784
BGD 2007,3609,3.5574
BGD 2006,3407,3.5324
BGD 2005,3232,3.5094
BGD 2004,3072,3.4874
BGD 2003,2959,3.4711
BGD 2002,2866,3.4573
BGD 2001,2804,3.4477
BGD 2000,2713,3.4334
BRB 2023,20865,4.3194
BRB 2022,20495,4.3116
BRB 2021,17687,4.2476
BRB 2020,16400,4.2148
BRB 2019,19890,4.2986
BRB 2018,19878,4.2984
BRB 2017,19966,4.3003
BRB 2016,19877,4.2984
BRB 2015,19642,4.2932
BRB 2014,19841,4.2976
BRB 2013,19730,4.2951
BRB 2012,19744,4.2954
BRB 2011,20383,4.3093
BRB 2010,20465,4.311
BRB 2009,22355,4.3494
BRB 2008,23657,4.374
BRB 2007,23632,4.3735
BRB 2006,23261,4.3666
BRB 2005,22035,4.3431
BRB 2004,21309,4.3286
BRB 2003,21132,4.3249
BRB 2002,20810,4.3183
BRB 2001,20783,4.3177
BRB 2000,21316,4.3287
BLR 2023,27782,4.4438
BLR 2022,26538,4.4239
BLR 2021,27611,4.4411
BLR 2020,26731,4.427
BLR 2019,26799,4.4281
BLR 2018,26363,4.421
BLR 2017,25504,4.4066
BLR 2016,24847,4.3953
BLR 2015,25513,4.4068
BLR 2014,26564,4.4243
BLR 2013,26148,4.4174
BLR 2012,25879,4.4129
BLR 2011,25405,4.4049
BLR 2010,24013,4.3804
BLR 2009,22237,4.3471
BLR 2008,22138,4.3451
BLR 2007,20020,4.3015
BLR 2006,18350,4.2636
BLR 2005,16580,4.2196
BLR 2004,15052,4.1776
BLR 2003,13414,4.1276
BLR 2002,12444,4.095
BLR 2001,11771,4.0708
BLR 2000,11182,4.0485
BEL 2023,63042,4.7996
BEL 2022,62603,4.7966
BEL 2021,60669,4.783
BEL 2020,57334,4.7584
BEL 2019,60480,4.7816
BEL 2018,59358,4.7735
BEL 2017,58529,4.7674
BEL 2016,57901,4.7627
BEL 2015,57509,4.7597
BEL 2014,57003,4.7559
BEL 2013,56263,4.7502
BEL 2012,56357,4.7509
BEL 2011,56585,4.7527
BEL 2010,56240,4.75
BEL 2009,55259,4.7424
BEL 2008,56788,4.7543
BEL 2007,56983,4.7557
BEL 2006,55368,4.7433
BEL 2005,54347,4.7352
BEL 2004,53407,4.7276
BEL 2003,51789,4.7142
BEL 2002,51472,4.7116
BEL 2001,50835,4.7062
BEL 2000,50456,4.7029
BLZ 2023,12371,4.0924
BLZ 2022,12565,4.0992
BLZ 2021,11716,4.0688
BLZ 2020,10045,4.002
BLZ 2019,11766,4.0706
BLZ 2018,11452,4.0589
BLZ 2017,11572,4.0634
BLZ 2016,12063,4.0815
BLZ 2015,12349,4.0916
BLZ 2014,12272,4.0889
BLZ 2013,12065,4.0815
BLZ 2012,11843,4.0735
BLZ 2011,11642,4.066
BLZ 2010,11914,4.076
BLZ 2009,12034,4.0804
BLZ 2008,12416,4.094
BLZ 2007,12973,4.113
BLZ 2006,12913,4.111
BLZ 2005,12715,4.1043
BLZ 2004,12807,4.1075
BLZ 2003,12589,4.1
BLZ 2002,11828,4.0729
BLZ 2001,11567,4.0632
BLZ 2000,11364,4.0555
BEN 2023,3721,3.5707
BEN 2022,3588,3.5549
BEN 2021,3464,3.5396
BEN 2020,3318,3.5209
BEN 2019,3281,3.516
BEN 2018,3155,3.4991
BEN 2017,3042,3.4831
BEN 2016,2963,3.4717
BEN 2015,2952,3.4701
BEN 2014,2987,3.4753
BEN 2013,2893,3.4614
BEN 2012,2780,3.444
BEN 2011,2732,3.4365
BEN 2010,2734,3.4367
BEN 2009,2758,3.4406
BEN 2008,2778,3.4437
BEN 2007,2729,3.436
BEN 2006,2652,3.4236
BEN 2005,2632,3.4204
BEN 2004,2673,3.427
BEN 2003,2639,3.4214
BEN 2002,2630,3.42
BEN 2001,2591,3.4135
BEN 2000,2536,3.4042
BMU 2023,102269,5.0097
BMU 2022,97943,4.991
BMU 2021,92320,4.9653
BMU 2020,88485,4.9469
BMU 2019,95524,4.9801
BMU 2018,95643,4.9807
BMU 2017,96441,4.9843
BMU 2016,93269,4.9697
BMU 2015,93864,4.9725
BMU 2014,93046,4.9687
BMU 2013,96554,4.9848
BMU 2012,96715,4.9855
BMU 2011,101994,5.0086
BMU 2010,105973,5.0252
BMU 2009,108967,5.0373
BMU 2008,115948,5.0643
BMU 2007,118696,5.0744
BMU 2006,115176,5.0614
BMU 2005,109340,5.0388
BMU 2004,107808,5.0327
BMU 2003,105647,5.0239
BMU 2002,102564,5.011
BMU 2001,104565,5.0194
BMU 2000,98024,4.9913
BTN 2023,14610,4.1647
BTN 2022,14061,4.148
BTN 2021,13459,4.129
BTN 2020,12980,4.1133
BTN 2019,14555,4.163
BTN 2018,13855,4.1416
BTN 2017,13482,4.1298
BTN 2016,13321,4.1245
BTN 2015,12400,4.0934
BTN 2014,11745,4.0698
BTN 2013,11212,4.0497
BTN 2012,11144,4.047
BTN 2011,10715,4.03
BTN 2010,9985,3.9994
BTN 2009,9019,3.9552
BTN 2008,8470,3.9279
BTN 2007,8195,3.9136
BTN 2006,7141,3.8538
BTN 2005,6851,3.8357
BTN 2004,6518,3.8141
BTN 2003,6324,3.801
BTN 2002,5991,3.7775
BTN 2001,5546,3.744
BTN 2000,5288,3.7233
BOL 2023,11616,4.0651
BOL 2022,11488,4.0602
BOL 2021,11202,4.0493
BOL 2020,10286,4.0122
BOL 2019,11931,4.0767
BOL 2018,11920,4.0763
BOL 2017,11755,4.0702
BOL 2016,11448,4.0587
BOL 2015,11145,4.0471
BOL 2014,10791,4.0331
BOL 2013,10391,4.0167
BOL 2012,9884,3.995
BOL 2011,9554,3.9802
BOL 2010,9230,3.9652
BOL 2009,9012,3.9548
BOL 2008,8865,3.9477
BOL 2007,8494,3.9291
BOL 2006,8263,3.9172
BOL 2005,8021,3.9042
BOL 2004,7812,3.8927
BOL 2003,7626,3.8823
BOL 2002,7550,3.8779
BOL 2001,7491,3.8745
BOL 2000,7492,3.8746
BIH 2023,19805,4.2968
BIH 2022,19298,4.2855
BIH 2021,18287,4.2621
BIH 2020,16747,4.2239
BIH 2019,17029,4.2312
BIH 2018,16349,4.2135
BIH 2017,15555,4.1919
BIH 2016,14874,4.1724
BIH 2015,14220,4.1529
BIH 2014,13459,4.129
BIH 2013,13136,4.1185
BIH 2012,12627,4.1013
BIH 2011,12488,4.0965
BIH 2010,12143,4.0843
BIH 2009,11827,4.0729
BIH 2008,11984,4.0786
BIH 2007,11179,4.0484
BIH 2006,10430,4.0183
BIH 2005,9814,3.9919
BIH 2004,9345,3.9706
BIH 2003,8710,3.94
BIH 2002,8367,3.9226
BIH 2001,7983,3.9021
BIH 2000,7831,3.8938
BWA 2023,18932,4.2772
BWA 2022,18647,4.2706
BWA 2021,17961,4.2543
BWA 2020,16289,4.2119
BWA 2019,18106,4.2578
BWA 2018,17825,4.251
BWA 2017,17353,4.2394
BWA 2016,16906,4.228
BWA 2015,15995,4.204
BWA 2014,17052,4.2318
BWA 2013,16369,4.214
BWA 2012,14958,4.1749
BWA 2011,15237,4.1829
BWA 2010,14545,4.1627
BWA 2009,13490,4.13
BWA 2008,16040,4.2052
BWA 2007,15850,4.2
BWA 2006,15276,4.184
BWA 2005,14362,4.1572
BWA 2004,13985,4.1457
BWA 2003,13857,4.1417
BWA 2002,13480,4.1297
BWA 2001,12950,4.1123
BWA 2000,13186,4.1201
BRA 2023,19080,4.2806
BRA 2022,18554,4.2684
BRA 2021,18076,4.2571
BRA 2020,17328,4.2387
BRA 2019,18019,4.2557
BRA 2018,17918,4.2533
BRA 2017,17724,4.2486
BRA 2016,17621,4.246
BRA 2015,18357,4.2638
BRA 2014,19183,4.2829
BRA 2013,19242,4.2842
BRA 2012,18832,4.2749
BRA 2011,18628,4.2702
BRA 2010,18062,4.2568
BRA 2009,16939,4.2289
BRA 2008,17113,4.2333
BRA 2007,16441,4.2159
BRA 2006,15657,4.1947
BRA 2005,15221,4.1824
BRA 2004,14911,4.1735
BRA 2003,14259,4.1541
BRA 2002,14266,4.1543
BRA 2001,14016,4.1466
BRA 2000,14005,4.1463
BRN 2023,76617,4.8843
BRN 2022,76358,4.8829
BRN 2021,78249,4.8935
BRN 2020,80281,4.9046
BRN 2019,80228,4.9043
BRN 2018,78099,4.8926
BRN 2017,78967,4.8974
BRN 2016,78881,4.897
BRN 2015,81910,4.9133
BRN 2014,83311,4.9207
BRN 2013,86607,4.9376
BRN 2012,89718,4.9529
BRN 2011,90280,4.9556
BRN 2010,88587,4.9474
BRN 2009,87876,4.9439
BRN 2008,91276,4.9604
BRN 2007,96753,4.9857
BRN 2006,102249,5.0097
BRN 2005,99796,4.9991
BRN 2004,101498,5.0065
BRN 2003,103227,5.0138
BRN 2002,101572,5.0068
BRN 2001,99681,4.9986
BRN 2000,100323,5.0014
BGR 2023,33074,4.5195
BGR 2022,32434,4.511
BGR 2021,30959,4.4908
BGR 2020,28521,4.4552
BGR 2019,29150,4.4646
BGR 2018,27691,4.4423
BGR 2017,26692,4.4264
BGR 2016,25637,4.4089
BGR 2015,24563,4.3903
BGR 2014,23455,4.3702
BGR 2013,22954,4.3609
BGR 2012,22619,4.3545
BGR 2011,22321,4.3487
BGR 2010,21724,4.3369
BGR 2009,21251,4.3274
BGR 2008,21846,4.3394
BGR 2007,20440,4.3105
BGR 2006,19025,4.2793
BGR 2005,17678,4.2474
BGR 2004,16389,4.2146
BGR 2003,15271,4.1839
BGR 2002,14397,4.1583
BGR 2001,13307,4.1241
BGR 2000,12564,4.0991
BFA 2023,2486,3.3955
BFA 2022,2469,3.3926
BFA 2021,2486,3.3956
BFA 2020,2381,3.3767
BFA 2019,2392,3.3787
BFA 2018,2316,3.3648
BFA 2017,2232,3.3488
BFA 2016,2163,3.335
BFA 2015,2102,3.3226
BFA 2014,2083,3.3187
BFA 2013,2057,3.3132
BFA 2012,2004,3.3018
BFA 2011,1940,3.2878
BFA 2010,1874,3.2728
BFA 2009,1779,3.2503
BFA 2008,1779,3.2503
BFA 2007,1732,3.2385
BFA 2006,1715,3.2342
BFA 2005,1665,3.2214
BFA 2004,1581,3.199
BFA 2003,1562,3.1936
BFA 2002,1495,3.1745
BFA 2001,1477,3.1695
BFA 2000,1429,3.1549
BDI 2023,1033,3.0141
BDI 2022,1028,3.012
BDI 2021,1032,3.0138
BDI 2020,1028,3.0118
BDI 2019,1055,3.0231
BDI 2018,1043,3.0185
BDI 2017,1021,3.009
BDI 2016,1007,3.0028
BDI 2015,992,2.9966
BDI 2014,1019,3.0082
BDI 2013,1011,3.0049
BDI 2012,999,2.9997
BDI 2011,992,2.9964
BDI 2010,988,2.9948
BDI 2009,985,2.9935
BDI 2008,999,2.9994
BDI 2007,992,2.9965
BDI 2006,995,2.9978
BDI 2005,979,2.9906
BDI 2004,1007,3.0028
BDI 2003,997,2.9985
BDI 2002,1041,3.0176
BDI 2001,1025,3.0109
BDI 2000,1030,3.013
CPV 2023,9228,3.9651
CPV 2022,8850,3.9469
CPV 2021,7685,3.8857
CPV 2020,7208,3.8578
CPV 2019,9112,3.9596
CPV 2018,8531,3.931
CPV 2017,8235,3.9156
CPV 2016,7881,3.8966
CPV 2015,7560,3.8785
CPV 2014,7491,3.8745
CPV 2013,7441,3.8716
CPV 2012,7398,3.8691
CPV 2011,7326,3.8649
CPV 2010,7072,3.8495
CPV 2009,6995,3.8448
CPV 2008,7169,3.8555
CPV 2007,6767,3.8304
CPV 2006,5941,3.7739
CPV 2005,5566,3.7455
CPV 2004,5268,3.7217
CPV 2003,4841,3.685
CPV 2002,4710,3.673
CPV 2001,4541,3.6571
CPV 2000,4510,3.6542
KHM 2023,6695,3.8258
KHM 2022,6458,3.8101
KHM 2021,6226,3.7942
KHM 2020,6129,3.7874
KHM 2019,6449,3.8095
KHM 2018,6051,3.7818
KHM 2017,5632,3.7507
KHM 2016,5284,3.7229
KHM 2015,4969,3.6962
KHM 2014,4703,3.6724
KHM 2013,4419,3.6454
KHM 2012,4159,3.619
KHM 2011,3922,3.5935
KHM 2010,3712,3.5696
KHM 2009,3588,3.5548
KHM 2008,3502,3.5443
KHM 2007,3308,3.5196
KHM 2006,3041,3.483
KHM 2005,2782,3.4443
KHM 2004,2491,3.3964
KHM 2003,2310,3.3636
KHM 2002,2126,3.3276
KHM 2001,2032,3.3079
KHM 2000,1922,3.2838
CMR 2023,4875,3.688
CMR 2022,4844,3.6852
CMR 2021,4794,3.6807
CMR 2020,4763,3.6779
CMR 2019,4882,3.6886
CMR 2018,4851,3.6859
CMR 2017,4798,3.6811
CMR 2016,4767,3.6783
CMR 2015,4699,3.672
CMR 2014,4588,3.6617
CMR 2013,4474,3.6507
CMR 2012,4382,3.6417
CMR 2011,4308,3.6343
CMR 2010,4287,3.6321
CMR 2009,4287,3.6321
CMR 2008,4300,3.6335
CMR 2007,4303,3.6337
CMR 2006,4242,3.6275
CMR 2005,4200,3.6232
CMR 2004,4223,3.6256
CMR 2003,4055,3.608
CMR 2002,3951,3.5968
CMR 2001,3885,3.5894
CMR 2000,3823,3.5824
CAN 2023,58088,4.7641
CAN 2022,58583,4.7678
CAN 2021,56995,4.7558
CAN 2020,54093,4.7331
CAN 2019,57584,4.7603
CAN 2018,57337,4.7584
CAN 2017,56612,4.7529
CAN 2016,55606,4.7451
CAN 2015,55661,4.7455
CAN 2014,55723,4.746
CAN 2013,54712,4.7381
CAN 2012,54035,4.7327
CAN 2011,53681,4.7298
CAN 2010,52558,4.7206
CAN 2009,51552,4.7122
CAN 2008,53712,4.7301
CAN 2007,53762,4.7305
CAN 2006,53196,4.7259
CAN 2005,52357,4.719
CAN 2004,51211,4.7094
CAN 2003,50140,4.7002
CAN 2002,49695,4.6963
CAN 2001,48774,4.6882
CAN 2000,48399,4.6848
CYM 2023,79581,4.9008
CYM 2022,76735,4.885
CYM 2021,74160,4.8702
CYM 2020,72183,4.8584
CYM 2019,77477,4.8892
CYM 2018,76125,4.8815
CYM 2017,74600,4.8727
CYM 2016,73942,4.8689
CYM 2015,73315,4.8652
CYM 2014,73052,4.8636
CYM 2013,72989,4.8633
CYM 2012,73983,4.8691
CYM 2011,75095,4.8756
CYM 2010,76295,4.8825
CYM 2009,80632,4.9065
CYM 2008,89380,4.9512
CYM 2007,92344,4.9654
CYM 2006,92213,4.9648
CAF 2023,1133,3.0541
CAF 2022,1137,3.0557
CAF 2021,1129,3.0525
CAF 2020,1137,3.0556
CAF 2019,1145,3.0588
CAF 2018,1126,3.0514
CAF 2017,1104,3.0429
CAF 2016,1074,3.031
CAF 2015,1044,3.0187
CAF 2014,1002,3.0008
CAF 2013,997,2.9987
CAF 2012,1578,3.1981
CAF 2011,1517,3.181
CAF 2010,1479,3.1701
CAF 2009,1403,3.147
CAF 2008,1283,3.1083
CAF 2007,1285,3.1088
CAF 2006,1252,3.0976
CAF 2005,1220,3.0862
CAF 2004,1236,3.0921
CAF 2003,1192,3.0762
CAF 2002,1290,3.1107
CAF 2001,1273,3.1048
CAF 2000,1246,3.0955
TCD 2023,2434,3.3862
TCD 2022,2449,3.3891
TCD 2021,2435,3.3865
TCD 2020,2513,3.4002
TCD 2019,2605,3.4157
TCD 2018,2552,3.4069
TCD 2017,2496,3.3973
TCD 2016,2623,3.4187
TCD 2015,2823,3.4506
TCD 2014,2821,3.4504
TCD 2013,2864,3.457
TCD 2012,2886,3.4603
TCD 2011,2741,3.4379
TCD 2010,2717,3.4342
TCD 2009,2475,3.3935
TCD 2008,2601,3.4152
TCD 2007,2613,3.4172
TCD 2006,2596,3.4143
TCD 2005,2706,3.4323
TCD 2004,2401,3.3804
TCD 2003,1879,3.2738
TCD 2002,1704,3.2315
TCD 2001,1627,3.2113
TCD 2000,1507,3.178
CHL 2023,29600,4.4713
CHL 2022,29560,4.4707
CHL 2021,29107,4.464
CHL 2020,26258,4.4193
CHL 2019,28228,4.4507
CHL 2018,28499,4.4548
CHL 2017,27900,4.4456
CHL 2016,27965,4.4466
CHL 2015,27818,4.4443
CHL 2014,27512,4.4395
CHL 2013,27298,4.4361
CHL 2012,26677,4.4261
CHL 2011,25372,4.4044
CHL 2010,24122,4.3824
CHL 2009,23019,4.3621
CHL 2008,23515,4.3714
CHL 2007,22884,4.3595
CHL 2006,21974,4.3419
CHL 2005,20923,4.3206
CHL 2004,19967,4.3003
CHL 2003,18907,4.2766
CHL 2002,18245,4.2611
CHL 2001,17875,4.2522
CHL 2000,17529,4.2438
CHN 2023,22687,4.3558
CHN 2022,21499,4.3324
CHN 2021,20843,4.319
CHN 2020,19215,4.2836
CHN 2019,18821,4.2746
CHN 2018,17807,4.2506
CHN 2017,16758,4.2242
CHN 2016,15773,4.1979
CHN 2015,14857,4.1719
CHN 2014,13969,4.1452
CHN 2013,13081,4.1166
CHN 2012,12218,4.087
CHN 2011,11405,4.0571
CHN 2010,10476,4.0202
CHN 2009,9519,3.9786
CHN 2008,8744,3.9417
CHN 2007,8014,3.9038
CHN 2006,7057,3.8486
CHN 2005,6298,3.7992
CHN 2004,5684,3.7547
CHN 2003,5192,3.7153
CHN 2002,4744,3.6762
CHN 2001,4372,3.6407
CHN 2000,4066,3.6092
COL 2023,18407,4.265
COL 2022,18459,4.2662
COL 2021,17383,4.2401
COL 2020,15861,4.2003
COL 2019,17337,4.239
COL 2018,17104,4.2331
COL 2017,16986,4.2301
COL 2016,17003,4.2305
COL 2015,16821,4.2259
COL 2014,16480,4.217
COL 2013,15912,4.2017
COL 2012,15279,4.1841
COL 2011,14852,4.1718
COL 2010,14037,4.1473
COL 2009,13587,4.1331
COL 2008,13591,4.1333
COL 2007,13318,4.1244
COL 2006,12637,4.1016
COL 2005,11999,4.0792
COL 2004,11608,4.0648
COL 2003,11183,4.0486
COL 2002,10925,4.0384
COL 2001,10823,4.0344
COL 2000,10813,4.034
COM 2023,3508,3.5451
COM 2022,3466,3.5398
COM 2021,3449,3.5377
COM 2020,3447,3.5375
COM 2019,3523,3.5469
COM 2018,3529,3.5476
COM 2017,3472,3.5406
COM 2016,3412,3.533
COM 2015,3371,3.5277
COM 2014,3403,3.5319
COM 2013,3406,3.5323
COM 2012,3331,3.5225
COM 2011,3294,3.5177
COM 2010,3227,3.5087
COM 2009,3172,3.5013
COM 2008,3134,3.4961
COM 2007,3075,3.4878
COM 2006,3112,3.493
COM 2005,3232,3.5094
COM 2004,3122,3.4944
COM 2003,3086,3.4893
COM 2002,3086,3.4894
COM 2001,3013,3.4791
COM 2000,2918,3.4651
COD 2023,1559,3.1929
COD 2022,1484,3.1715
COD 2021,1402,3.1469
COD 2020,1361,3.1339
COD 2019,1395,3.1445
COD 2018,1432,3.1559
COD 2017,1396,3.1448
COD 2016,1389,3.1426
COD 2015,1433,3.1563
COD 2014,1393,3.1439
COD 2013,1343,3.128
COD 2012,1182,3.0727
COD 2011,1125,3.0511
COD 2010,1167,3.0671
COD 2009,1109,3.045
COD 2008,1138,3.0561
COD 2007,1092,3.038
COD 2006,1036,3.0154
COD 2005,1017,3.0072
COD 2004,988,2.9946
COD 2003,953,2.9791
COD 2002,929,2.9682
COD 2001,931,2.9689
COD 2000,981,2.9919
COG 2023,6172,3.7904
COG 2022,6205,3.7927
COG 2021,6263,3.7968
COG 2020,6351,3.8028
COG 2019,6939,3.8413
COG 2018,7029,3.8469
COG 2017,7373,3.8676
COG 2016,8002,3.9032
COG 2015,8978,3.9532
COG 2014,9159,3.9619
COG 2013,8798,3.9444
COG 2012,9080,3.9581
COG 2011,8492,3.929
COG 2010,8584,3.9337
COG 2009,8138,3.9105
COG 2008,7587,3.8801
COG 2007,7376,3.8678
COG 2006,8193,3.9134
COG 2005,7876,3.8963
COG 2004,7577,3.8795
COG 2003,7577,3.8795
COG 2002,7729,3.8881
COG 2001,7567,3.8789
COG 2000,7571,3.8791
CRI 2023,26379,4.4213
CRI 2022,25290,4.4029
CRI 2021,24084,4.3817
CRI 2020,22368,4.3496
CRI 2019,23497,4.371
CRI 2018,23070,4.363
CRI 2017,22634,4.3548
CRI 2016,21936,4.3412
CRI 2015,21265,4.3277
CRI 2014,20735,4.3167
CRI 2013,20242,4.3063
CRI 2012,19971,4.3004
CRI 2011,19264,4.2848
CRI 2010,18670,4.2711
CRI 2009,17942,4.2539
CRI 2008,18343,4.2635
CRI 2007,17752,4.2493
CRI 2006,16628,4.2208
CRI 2005,15712,4.1962
CRI 2004,15331,4.1856
CRI 2003,14899,4.1731
CRI 2002,14503,4.1615
CRI 2001,14258,4.154
CRI 2000,14026,4.1469
CIV 2023,6521,3.8143
CIV 2022,6272,3.7974
CIV 2021,6045,3.7814
CIV 2020,5788,3.7625
CIV 2019,5895,3.7705
CIV 2018,5670,3.7536
CIV 2017,5556,3.7448
CIV 2016,5321,3.726
CIV 2015,5111,3.7085
CIV 2014,4908,3.6909
CIV 2013,4597,3.6625
CIV 2012,4234,3.6268
CIV 2011,4017,3.6039
CIV 2010,4339,3.6374
CIV 2009,4151,3.6182
CIV 2008,4097,3.6124
CIV 2007,4000,3.602
CIV 2006,4049,3.6074
CIV 2005,4032,3.6056
CIV 2004,4089,3.6116
CIV 2003,4060,3.6085
CIV 2002,4369,3.6404
CIV 2001,4609,3.6636
CIV 2000,4838,3.6847
HRV 2023,41320,4.6162
HRV 2022,39864,4.6006
HRV 2021,36930,4.5674
HRV 2020,32493,4.5118
HRV 2019,35123,4.5456
HRV 2018,33730,4.528
HRV 2017,32349,4.5099
HRV 2016,30821,4.4888
HRV 2015,29466,4.4693
HRV 2014,28456,4.4542
HRV 2013,28398,4.4533
HRV 2012,28259,4.4512
HRV 2011,28769,4.4589
HRV 2010,28702,4.4579
HRV 2009,29025,4.4628
HRV 2008,31114,4.4929
HRV 2007,30508,4.4844
HRV 2006,29036,4.4629
HRV 2005,27641,4.4416
HRV 2004,26529,4.4237
HRV 2003,25474,4.4061
HRV 2002,24137,4.3827
HRV 2001,22827,4.3584
HRV 2000,21302,4.3284
CUW 2023,27618,4.4412
CUW 2022,26735,4.4271
CUW 2021,24906,4.3963
CUW 2020,23670,4.3742
CUW 2019,28660,4.4573
CUW 2018,29257,4.4662
CUW 2017,29729,4.4732
CUW 2016,30210,4.4801
CUW 2015,30861,4.4894
CUW 2014,31129,4.4932
CUW 2013,31753,4.5018
CUW 2012,32321,4.5095
CUW 2011,32704,4.5146
CUW 2010,33005,4.5186
CUW 2009,33397,4.5237
CUW 2008,33795,4.5289
CUW 2007,33490,4.5249
CUW 2006,33335,4.5229
CUW 2005,33652,4.527
CUW 2004,34289,4.5352
CUW 2003,34813,4.5417
CUW 2002,35436,4.5494
CUW 2001,35339,4.5483
CUW 2000,34307,4.5354
CYP 2023,51675,4.7133
CYP 2022,50841,4.7062
CYP 2021,47633,4.6779
CYP 2020,43402,4.6375
CYP 2019,45454,4.6576
CYP 2018,43510,4.6386
CYP 2017,41418,4.6172
CYP 2016,39501,4.5966
CYP 2015,37259,4.5712
CYP 2014,36105,4.5576
CYP 2013,36651,4.5641
CYP 2012,39190,4.5932
CYP 2011,41213,4.615
CYP 2010,42102,4.6243
CYP 2009,42253,4.6259
CYP 2008,44296,4.6464
CYP 2007,43824,4.6417
CYP 2006,42595,4.6294
CYP 2005,41362,4.6166
CYP 2004,40020,4.6023
CYP 2003,38618,4.5868
CYP 2002,38091,4.5808
CYP 2001,37147,4.5699
CYP 2000,36122,4.5578
CZE 2023,47558,4.6772
CZE 2022,48391,4.6848
CZE 2021,47796,4.6794
CZE 2020,45120,4.6544
CZE 2019,47764,4.6791
CZE 2018,46301,4.6656
CZE 2017,45178,4.6549
CZE 2016,43069,4.6342
CZE 2015,42067,4.6239
CZE 2014,40158,4.6038
CZE 2013,39318,4.5946
CZE 2012,39347,4.5949
CZE 2011,39708,4.5989
CZE 2010,39097,4.5921
CZE 2009,38175,4.5818
CZE 2008,40328,4.6056
CZE 2007,39629,4.598
CZE 2006,37787,4.5773
CZE 2005,35536,4.5507
CZE 2004,33452,4.5244
CZE 2003,31949,4.5045
CZE 2002,30920,4.4902
CZE 2001,30400,4.4829
CZE 2000,29427,4.4688
DNK 2023,68994,4.8388
DNK 2022,69089,4.8394
DNK 2021,69328,4.8409
DNK 2020,65379,4.8154
DNK 2019,66759,4.8245
DNK 2018,65871,4.8187
DNK 2017,64989,4.8128
DNK 2016,63469,4.8026
DNK 2015,62059,4.7928
DNK 2014,61211,4.7868
DNK 2013,60746,4.7835
DNK 2012,60162,4.7793
DNK 2011,60392,4.781
DNK 2010,59856,4.7771
DNK 2009,59186,4.7722
DNK 2008,62618,4.7967
DNK 2007,63251,4.8011
DNK 2006,62911,4.7987
DNK 2005,60798,4.7839
DNK 2004,59560,4.775
DNK 2003,58101,4.7642
DNK 2002,58004,4.7635
DNK 2001,57925,4.7629
DNK 2000,57586,4.7603
DJI 2023,6511,3.8136
DJI 2022,6181,3.791
DJI 2021,5960,3.7753
DJI 2020,5791,3.7628
DJI 2019,5809,3.7641
DJI 2018,5591,3.7475
DJI 2017,5422,3.7342
DJI 2016,5227,3.7182
DJI 2015,4962,3.6956
DJI 2014,4705,3.6726
DJI 2013,4469,3.6502
DMA 2023,18278,4.2619
DMA 2022,17551,4.2443
DMA 2021,15809,4.1989
DMA 2020,14920,4.1738
DMA 2019,17619,4.246
DMA 2018,16877,4.2273
DMA 2017,16314,4.2126
DMA 2016,17364,4.2397
DMA 2015,16921,4.2284
DMA 2014,17521,4.2436
DMA 2013,17283,4.2376
DMA 2012,17431,4.2413
DMA 2011,17475,4.2424
DMA 2010,17517,4.2435
DMA 2009,17534,4.2439
DMA 2008,17738,4.2489
DMA 2007,16561,4.2191
DMA 2006,15728,4.1967
DMA 2005,15081,4.1784
DMA 2004,14962,4.175
DMA 2003,14398,4.1583
DMA 2002,13641,4.1348
DMA 2001,14092,4.149
DMA 2000,14055,4.1478
DOM 2023,23282,4.367
DOM 2022,22987,4.3615
DOM 2021,22053,4.3435
DOM 2020,19545,4.291
DOM 2019,21451,4.3315
DOM 2018,20663,4.3152
DOM 2017,19502,4.2901
DOM 2016,18969,4.278
DOM 2015,17973,4.2546
DOM 2014,16994,4.2303
DOM 2013,16055,4.2056
DOM 2012,15487,4.19
DOM 2011,15258,4.1835
DOM 2010,14975,4.1754
DOM 2009,13992,4.1459
DOM 2008,14030,4.1471
DOM 2007,13755,4.1385
DOM 2006,12962,4.1127
DOM 2005,12023,4.08
DOM 2004,11131,4.0465
DOM 2003,11001,4.0414
DOM 2002,11313,4.0536
DOM 2001,10991,4.041
DOM 2000,10896,4.0373
ECU 2023,14321,4.156
ECU 2022,14187,4.1519
ECU 2021,13507,4.1306
ECU 2020,12440,4.0948
ECU 2019,13870,4.1421
ECU 2018,14084,4.1487
ECU 2017,14179,4.1517
ECU 2016,13587,4.1331
ECU 2015,13882,4.1424
ECU 2014,14065,4.1481
ECU 2013,13689,4.1364
ECU 2012,12961,4.1126
ECU 2011,12449,4.0951
ECU 2010,11666,4.0669
ECU 2009,11404,4.057
ECU 2008,11475,4.0597
ECU 2007,10953,4.0395
ECU 2006,10933,4.0388
ECU 2005,10660,4.0278
ECU 2004,10291,4.0124
ECU 2003,9803,3.9914
ECU 2002,9698,3.9867
ECU 2001,9405,3.9734
ECU 2000,9183,3.963
EGY 2023,16691,4.2225
EGY 2022,16360,4.2138
EGY 2021,15579,4.1925
EGY 2020,15309,4.185
EGY 2019,15027,4.1769
EGY 2018,14488,4.161
EGY 2017,14018,4.1467
EGY 2016,13727,4.1376
EGY 2015,13426,4.1279
EGY 2014,13136,4.1185
EGY 2013,13058,4.1159
EGY 2012,13077,4.1165
EGY 2011,13082,4.1167
EGY 2010,13129,4.1182
EGY 2009,12728,4.1048
EGY 2008,12392,4.0931
EGY 2007,11782,4.0712
EGY 2006,11212,4.0497
EGY 2005,10701,4.0294
EGY 2004,10452,4.0192
EGY 2003,10250,4.0107
EGY 2002,10144,4.0062
EGY 2001,10117,4.0051
EGY 2000,9982,3.9992
SLV 2023,11404,4.0571
SLV 2022,11086,4.0448
SLV 2021,10810,4.0338
SLV 2020,9692,3.9864
SLV 2019,10544,4.023
SLV 2018,10297,4.0127
SLV 2017,10065,4.0028
SLV 2016,9864,3.994
SLV 2015,9646,3.9844
SLV 2014,9452,3.9755
SLV 2013,9329,3.9699
SLV 2012,9163,3.962
SLV 2011,8946,3.9516
SLV 2010,8649,3.937
SLV 2009,8494,3.9291
SLV 2008,8705,3.9398
SLV 2007,8549,3.9319
SLV 2006,8404,3.9245
SLV 2005,8051,3.9058
SLV 2004,7842,3.8944
SLV 2003,7780,3.891
SLV 2002,7676,3.8851
SLV 2001,7580,3.8797
SLV 2000,7545,3.8777
GNQ 2023,15302,4.1848
GNQ 2022,16933,4.2287
GNQ 2021,16821,4.2259
GNQ 2020,17089,4.2327
GNQ 2019,18447,4.2659
GNQ 2018,20165,4.3046
GNQ 2017,22250,4.3473
GNQ 2016,24435,4.388
GNQ 2015,27798,4.444
GNQ 2014,31766,4.502
GNQ 2013,32894,4.5171
GNQ 2012,35711,4.5528
GNQ 2011,34342,4.5358
GNQ 2010,33669,4.5272
GNQ 2009,38707,4.5878
GNQ 2008,39995,4.602
GNQ 2007,35540,4.5507
GNQ 2006,32252,4.5086
GNQ 2005,31303,4.4956
GNQ 2004,28226,4.4506
GNQ 2003,21710,4.3367
GNQ 2002,20242,4.3063
GNQ 2001,18032,4.256
GNQ 2000,11767,4.0707
EST 2023,41285,4.6158
EST 2022,43125,4.6347
EST 2021,44247,4.6459
EST 2020,40917,4.6119
EST 2019,42215,4.6255
EST 2018,40850,4.6112
EST 2017,39530,4.5969
EST 2016,37467,4.5736
EST 2015,36353,4.5605
EST 2014,35720,4.5529
EST 2013,34481,4.5376
EST 2012,33765,4.5285
EST 2011,32453,4.5113
EST 2010,30068,4.4781
EST 2009,29282,4.4666
EST 2008,34234,4.5345
EST 2007,35987,4.5561
EST 2006,33301,4.5225
EST 2005,30161,4.4794
EST 2004,27382,4.4375
EST 2003,25485,4.4063
EST 2002,23538,4.3718
EST 2001,21873,4.3399
EST 2000,20527,4.3123
SWZ 2023,10182,4.0078
SWZ 2022,9928,3.9968
SWZ 2021,9990,3.9996
SWZ 2020,9696,3.9866
SWZ 2019,10100,4.0043
SWZ 2018,9578,3.9813
SWZ 2017,9661,3.985
SWZ 2016,9403,3.9732
SWZ 2015,9187,3.9632
SWZ 2014,9084,3.9583
SWZ 2013,8951,3.9519
SWZ 2012,8646,3.9368
SWZ 2011,8351,3.9217
SWZ 2010,8246,3.9162
SWZ 2009,7989,3.9025
SWZ 2008,7926,3.8991
SWZ 2007,7867,3.8958
SWZ 2006,7585,3.8799
SWZ 2005,7142,3.8538
SWZ 2004,6775,3.8309
SWZ 2003,6578,3.8181
SWZ 2002,6336,3.8018
SWZ 2001,6135,3.7878
SWZ 2000,6106,3.7858
ETH 2023,2758,3.4406
ETH 2022,2656,3.4242
ETH 2021,2588,3.413
ETH 2020,2517,3.4008
ETH 2019,2438,3.387
ETH 2018,2311,3.3638
ETH 2017,2223,3.3469
ETH 2016,2085,3.3191
ETH 2015,1957,3.2917
ETH 2014,1821,3.2604
ETH 2013,1697,3.2296
ETH 2012,1577,3.1978
ETH 2011,1493,3.1739
ETH 2010,1381,3.1403
ETH 2009,1262,3.1012
ETH 2008,1194,3.0769
ETH 2007,1109,3.045
ETH 2006,1025,3.0106
ETH 2005,952,2.9787
ETH 2004,877,2.9431
ETH 2003,796,2.9008
ETH 2002,838,2.9234
ETH 2001,851,2.9301
ETH 2000,810,2.9086
FRO 2023,71828,4.8563
FRO 2022,70268,4.8468
FRO 2021,68433,4.8353
FRO 2020,66038,4.8198
FRO 2019,68137,4.8334
FRO 2018,66192,4.8208
FRO 2017,65462,4.816
FRO 2016,64156,4.8072
FRO 2015,64010,4.8062
FRO 2014,64019,4.8063
FRO 2013,60950,4.785
FRO 2012,57525,4.7599
FRO 2011,53441,4.7279
FRO 2010,51480,4.7116
FRO 2009,51535,4.7121
FRO 2008,54263,4.7345
FJI 2023,13195,4.1204
FJI 2022,12118,4.0834
FJI 2021,10322,4.0138
FJI 2020,10812,4.0339
FJI 2019,13056,4.1158
FJI 2018,13100,4.1173
FJI 2017,12597,4.1003
FJI 2016,11952,4.0774
FJI 2015,11674,4.0672
FJI 2014,11183,4.0486
FJI 2013,10604,4.0255
FJI 2012,10141,4.0061
FJI 2011,10021,4.0009
FJI 2010,9784,3.9905
FJI 2009,9537,3.9794
FJI 2008,9712,3.9873
FJI 2007,9672,3.9855
FJI 2006,9837,3.9929
FJI 2005,9746,3.9888
FJI 2004,9767,3.9897
FJI 2003,9361,3.9713
FJI 2002,9358,3.9712
FJI 2001,9158,3.9618
FJI 2000,9071,3.9577
FIN 2023,56052,4.7486
FIN 2022,57068,4.7564
FIN 2021,56790,4.7543
FIN 2020,55425,4.7437
FIN 2019,56922,4.7553
FIN 2018,56226,4.7499
FIN 2017,55637,4.7454
FIN 2016,53985,4.7323
FIN 2015,52782,4.7225
FIN 2014,52711,4.7219
FIN 2013,53183,4.7258
FIN 2012,53958,4.7321
FIN 2011,55053,4.7408
FIN 2010,54018,4.7325
FIN 2009,52599,4.721
FIN 2008,57495,4.7596
FIN 2007,57313,4.7583
FIN 2006,54654,4.7376
FIN 2005,52744,4.7222
FIN 2004,51495,4.7118
FIN 2003,49656,4.696
FIN 2002,48792,4.6884
FIN 2001,48099,4.6821
FIN 2000,46969,4.6718
FRA 2023,54297,4.7348
FRA 2022,53674,4.7298
FRA 2021,52517,4.7203
FRA 2020,49311,4.6929
FRA 2019,53449,4.7279
FRA 2018,52561,4.7207
FRA 2017,51896,4.7151
FRA 2016,50984,4.7074
FRA 2015,50683,4.7049
FRA 2014,50327,4.7018
FRA 2013,50067,4.6995
FRA 2012,49936,4.6984
FRA 2011,50086,4.6997
FRA 2010,49130,4.6914
FRA 2009,48405,4.6849
FRA 2008,50068,4.6996
FRA 2007,50158,4.7003
FRA 2006,49223,4.6922
FRA 2005,48257,4.6836
FRA 2004,47720,4.6787
FRA 2003,46731,4.6696
FRA 2002,46611,4.6685
FRA 2001,46455,4.667
FRA 2000,45922,4.662
GAB 2023,18701,4.2719
GAB 2022,18662,4.271
GAB 2021,18524,4.2677
GAB 2020,18681,4.2714
GAB 2019,19491,4.2898
GAB 2018,19226,4.2839
GAB 2017,19556,4.2913
GAB 2016,19988,4.3008
GAB 2015,20148,4.3042
GAB 2014,20009,4.3012
GAB 2013,19836,4.2975
GAB 2012,19450,4.2889
GAB 2011,19153,4.2822
GAB 2010,18531,4.2679
GAB 2009,17911,4.2531
GAB 2008,18493,4.267
GAB 2007,19752,4.2956
GAB 2006,19224,4.2838
GAB 2005,20385,4.3093
GAB 2004,20439,4.3105
GAB 2003,20875,4.3196
GAB 2002,20981,4.3218
GAB 2001,21605,4.3345
GAB 2000,21717,4.3368
GMB 2023,2964,3.4718
GMB 2022,2863,3.4568
GMB 2021,2778,3.4437
GMB 2020,2702,3.4317
GMB 2019,2751,3.4395
GMB 2018,2651,3.4235
GMB 2017,2533,3.4037
GMB 2016,2478,3.3942
GMB 2015,2496,3.3972
GMB 2014,2465,3.3918
GMB 2013,2572,3.4103
GMB 2012,2575,3.4108
GMB 2011,2520,3.4014
GMB 2010,2824,3.4509
GMB 2009,2745,3.4386
GMB 2008,2650,3.4232
GMB 2007,2567,3.4095
GMB 2006,2565,3.409
GMB 2005,2654,3.4238
GMB 2004,2794,3.4463
GMB 2003,2682,3.4285
GMB 2002,2579,3.4114
GMB 2001,2738,3.4374
GMB 2000,2659,3.4247
GEO 2023,22591,4.3539
GEO 2022,20967,4.3215
GEO 2021,18916,4.2768
GEO 2020,17031,4.2312
GEO 2019,18187,4.2598
GEO 2018,17229,4.2363
GEO 2017,16238,4.2105
GEO 2016,15443,4.1887
GEO 2015,14937,4.1743
GEO 2014,14475,4.1606
GEO 2013,13913,4.1434
GEO 2012,13194,4.1204
GEO 2011,12289,4.0895
GEO 2010,11294,4.0529
GEO 2009,10553,4.0234
GEO 2008,10856,4.0357
GEO 2007,10567,4.024
GEO 2006,9338,3.9703
GEO 2005,8486,3.9287
GEO 2004,7694,3.8861
GEO 2003,7228,3.859
GEO 2002,6464,3.8105
GEO 2001,6074,3.7835
GEO 2000,5706,3.7564
DEU 2023,63140,4.8003
DEU 2022,63778,4.8047
DEU 2021,62631,4.7968
DEU 2020,60300,4.7803
DEU 2019,62950,4.799
DEU 2018,62481,4.7957
DEU 2017,61965,4.7921
DEU 2016,60505,4.7818
DEU 2015,59669,4.7757
DEU 2014,59203,4.7723
DEU 2013,58182,4.7648
DEU 2012,58110,4.7643
DEU 2011,57951,4.7631
DEU 2010,54826,4.739
DEU 2009,52569,4.7207
DEU 2008,55514,4.7444
DEU 2007,54921,4.7397
DEU 2006,53307,4.7268
DEU 2005,51265,4.7098
DEU 2004,50786,4.7057
DEU 2003,50192,4.7006
DEU 2002,50487,4.7032
DEU 2001,50688,4.7049
DEU 2000,49956,4.6986
GHA 2023,6809,3.8331
GHA 2022,6728,3.8279
GHA 2021,6608,3.82
GHA 2020,6413,3.807
GHA 2019,6508,3.8135
GHA 2018,6235,3.7948
GHA 2017,5994,3.7777
GHA 2016,5666,3.7533
GHA 2015,5607,3.7488
GHA 2014,5619,3.7497
GHA 2013,5594,3.7477
GHA 2012,5340,3.7275
GHA 2011,5005,3.6994
GHA 2010,4496,3.6528
GHA 2009,4269,3.6303
GHA 2008,4175,3.6206
GHA 2007,3923,3.5936
GHA 2006,3858,3.5863
GHA 2005,3721,3.5707
GHA 2004,3607,3.5572
GHA 2003,3508,3.545
GHA 2002,3426,3.5347
GHA 2001,3370,3.5276
GHA 2000,3327,3.5221
GRC 2023,36701,4.5647
GRC 2022,35828,4.5542
GRC 2021,33528,4.5254
GRC 2020,30487,4.4841
GRC 2019,33503,4.5251
GRC 2018,32722,4.5148
GRC 2017,31995,4.5051
GRC 2016,31469,4.4979
GRC 2015,31348,4.4962
GRC 2014,31213,4.4943
GRC 2013,30762,4.488
GRC 2012,31250,4.4949
GRC 2011,33906,4.5303
GRC 2010,37567,4.5748
GRC 2009,39886,4.6008
GRC 2008,41709,4.6202
GRC 2007,41796,4.6211
GRC 2006,40483,4.6073
GRC 2005,38147,4.5815
GRC 2004,37811,4.5776
GRC 2003,35971,4.5559
GRC 2002,34081,4.5325
GRC 2001,32676,4.5142
GRC 2000,31387,4.4967
GRL 2023,71038,4.8515
GRL 2022,70681,4.8493
GRL 2021,69302,4.8407
GRL 2020,68534,4.8359
GRL 2019,68535,4.8359
GRL 2018,66888,4.8253
GRL 2017,66297,4.8215
GRL 2016,66246,4.8212
GRL 2015,63364,4.8018
GRL 2014,64799,4.8116
GRL 2013,61660,4.79
GRL 2012,62111,4.7932
GRL 2011,61171,4.7865
GRL 2010,61863,4.7914
GRL 2009,61036,4.7856
GRL 2008,60506,4.7818
GRL 2007,56763,4.7541
GRL 2006,55244,4.7423
GRL 2005,52189,4.7176
GRL 2004,49742,4.6967
GRL 2003,46649,4.6688
GRL 2002,44793,4.6512
GRL 2001,45406,4.6571
GRL 2000,44992,4.6531
GRD 2023,17093,4.2328
GRD 2022,16376,4.2142
GRD 2021,15290,4.1844
GRD 2020,14648,4.1658
GRD 2019,17037,4.2314
GRD 2018,16965,4.2296
GRD 2017,16291,4.212
GRD 2016,15641,4.1943
GRD 2015,15137,4.18
GRD 2014,14288,4.155
GRD 2013,13386,4.1267
GRD 2012,13161,4.1193
GRD 2011,13398,4.127
GRD 2010,13355,4.1256
GRD 2009,13464,4.1292
GRD 2008,14464,4.1603
GRD 2007,14376,4.1576
GRD 2006,13594,4.1334
GRD 2005,14212,4.1527
GRD 2004,12593,4.1001
GRD 2003,12727,4.1047
GRD 2002,11678,4.0674
GRD 2001,11333,4.0544
GRD 2000,11625,4.0654
GTM 2023,12380,4.0927
GTM 2022,12144,4.0844
GTM 2021,11825,4.0728
GTM 2020,11097,4.0452
GTM 2019,11466,4.0594
GTM 2018,11192,4.0489
GTM 2017,11005,4.0416
GTM 2016,10873,4.0363
GTM 2015,10786,4.0329
GTM 2014,10554,4.0234
GTM 2013,10298,4.0127
GTM 2012,10127,4.0055
GTM 2011,10032,4.0014
GTM 2010,9825,3.9923
GTM 2009,9741,3.9886
GTM 2008,9890,3.9952
GTM 2007,9773,3.99
GTM 2006,9386,3.9725
GTM 2005,9100,3.959
GTM 2004,9004,3.9544
GTM 2003,8926,3.9507
GTM 2002,8902,3.9495
GTM 2001,8771,3.9431
GTM 2000,8770,3.943
GIN 2023,3905,3.5916
GIN 2022,3792,3.5789
GIN 2021,3739,3.5727
GIN 2020,3631,3.56
GIN 2019,3557,3.5511
GIN 2018,3456,3.5385
GIN 2017,3333,3.5228
GIN 2016,3100,3.4913
GIN 2015,2870,3.4579
GIN 2014,2835,3.4525
GIN 2013,2803,3.4476
GIN 2012,2763,3.4414
GIN 2011,2673,3.4271
GIN 2010,2595,3.4141
GIN 2009,2537,3.4044
GIN 2008,2630,3.4199
GIN 2007,2587,3.4128
GIN 2006,2479,3.3942
GIN 2005,2501,3.3982
GIN 2004,2478,3.394
GIN 2003,2473,3.3933
GIN 2002,2498,3.3976
GIN 2001,2413,3.3825
GIN 2000,2358,3.3726
GNB 2023,2661,3.425
GNB 2022,2601,3.4151
GNB 2021,2522,3.4018
GNB 2020,2456,3.3902
GNB 2019,2442,3.3878
GNB 2018,2374,3.3754
GNB 2017,2343,3.3697
GNB 2016,2293,3.3605
GNB 2015,2231,3.3484
GNB 2014,2156,3.3337
GNB 2013,2193,3.341
GNB 2012,2181,3.3386
GNB 2011,2279,3.3577
GNB 2010,2164,3.3353
GNB 2009,2103,3.3229
GNB 2008,2106,3.3234
GNB 2007,2066,3.3151
GNB 2006,2065,3.315
GNB 2005,2061,3.314
GNB 2004,1980,3.2966
GNB 2003,2002,3.3016
GNB 2002,2054,3.3126
GNB 2001,2026,3.3066
GNB 2000,1975,3.2955
GUY 2023,49312,4.693
GUY 2022,37068,4.569
GUY 2021,22866,4.3592
GUY 2020,19234,4.2841
GUY 2019,13402,4.1272
GUY 2018,12980,4.1133
GUY 2017,12802,4.1073
GUY 2016,12420,4.0941
GUY 2015,12040,4.0806
GUY 2014,12030,4.0803
GUY 2013,11897,4.0754
GUY 2012,11535,4.062
GUY 2011,10959,4.0398
GUY 2010,10374,4.016
GUY 2009,9925,3.9967
GUY 2008,9547,3.9799
GUY 2007,9354,3.971
GUY 2006,8702,3.9396
GUY 2005,8257,3.9168
GUY 2004,8404,3.9245
GUY 2003,8267,3.9174
GUY 2002,8314,3.9198
GUY 2001,8212,3.9145
GUY 2000,8025,3.9045
HTI 2023,2939,3.4682
HTI 2022,3030,3.4814
HTI 2021,3117,3.4937
HTI 2020,3211,3.5066
HTI 2019,3362,3.5266
HTI 2018,3465,3.5397
HTI 2017,3454,3.5383
HTI 2016,3416,3.5335
HTI 2015,3402,3.5317
HTI 2014,3404,3.5319
HTI 2013,3357,3.5259
HTI 2012,3266,3.5141
HTI 2011,3301,3.5186
HTI 2010,3177,3.502
HTI 2009,3406,3.5323
HTI 2008,3270,3.5146
HTI 2007,3239,3.5104
HTI 2006,3146,3.4978
HTI 2005,3145,3.4976
HTI 2004,3103,3.4917
HTI 2003,3198,3.5049
HTI 2002,3145,3.4976
HTI 2001,3168,3.5008
HTI 2000,3238,3.5102
HND 2023,6468,3.8108
HND 2022,6353,3.803
HND 2021,6203,3.7926
HND 2020,5603,3.7484
HND 2019,6264,3.7969
HND 2018,6219,3.7937
HND 2017,6100,3.7853
HND 2016,5926,3.7728
HND 2015,5813,3.7644
HND 2014,5705,3.7563
HND 2013,5644,3.7516
HND 2012,5601,3.7482
HND 2011,5488,3.7394
HND 2010,5396,3.7321
HND 2009,5314,3.7254
HND 2008,5567,3.7456
HND 2007,5462,3.7373
HND 2006,5263,3.7212
HND 2005,5057,3.7039
HND 2004,4885,3.6889
HND 2003,4715,3.6735
HND 2002,4627,3.6653
HND 2001,4579,3.6608
HND 2000,4580,3.6608
HKG 2023,64388,4.8088
HKG 2022,64036,4.8064
HKG 2021,65885,4.8188
HKG 2020,61329,4.7877
HKG 2019,65388,4.8155
HKG 2018,66994,4.826
HKG 2017,65663,4.8173
HKG 2016,63749,4.8045
HKG 2015,62780,4.7978
HKG 2014,61840,4.7913
HKG 2013,60602,4.7825
HKG 2012,59015,4.771
HKG 2011,58673,4.7684
HKG 2010,56355,4.7509
HKG 2009,53172,4.7257
HKG 2008,54630,4.7374
HKG 2007,53813,4.7309
HKG 2006,50982,4.7074
HKG 2005,47939,4.6807
HKG 2004,44836,4.6516
HKG 2003,41571,4.6188
HKG 2002,40258,4.6049
HKG 2001,39778,4.5996
HKG 2000,39849,4.6004
HUN 2023,40333,4.6057
HUN 2022,40611,4.6086
HUN 2021,38887,4.5898
HUN 2020,36120,4.5577
HUN 2019,37663,4.5759
HUN 2018,35798,4.5539
HUN 2017,33829,4.5293
HUN 2016,32379,4.5103
HUN 2015,31486,4.4981
HUN 2014,30265,4.4809
HUN 2013,28891,4.4608
HUN 2012,28180,4.4499
HUN 2011,28415,4.4535
HUN 2010,27802,4.4441
HUN 2009,27446,4.4385
HUN 2008,29384,4.4681
HUN 2007,29044,4.4631
HUN 2006,28903,4.4609
HUN 2005,27766,4.4435
HUN 2004,26568,4.4244
HUN 2003,25256,4.4024
HUN 2002,24229,4.3843
HUN 2001,23069,4.363
HUN 2000,22118,4.3447
ISL 2023,69268,4.8405
ISL 2022,66581,4.8234
ISL 2021,62721,4.7974
ISL 2020,60617,4.7826
ISL 2019,65995,4.8195
ISL 2018,66703,4.8241
ISL 2017,65463,4.816
ISL 2016,64759,4.8113
ISL 2015,61820,4.7911
ISL 2014,60199,4.7796
ISL 2013,59730,4.7762
ISL 2012,58204,4.765
ISL 2011,57838,4.7622
ISL 2010,57225,4.7576
ISL 2009,58441,4.7667
ISL 2008,63964,4.8059
ISL 2007,64075,4.8067
ISL 2006,60434,4.7813
ISL 2005,58549,4.7675
ISL 2004,55577,4.7449
ISL 2003,52096,4.7168
ISL 2002,51288,4.71
ISL 2001,51468,4.7115
ISL 2000,50228,4.7009
IND 2023,8871,3.948
IND 2022,8347,3.9216
IND 2021,7819,3.8931
IND 2020,7187,3.8565
IND 2019,7702,3.8866
IND 2018,7493,3.8746
IND 2017,7116,3.8522
IND 2016,6741,3.8287
IND 2015,6302,3.7995
IND 2014,5905,3.7712
IND 2013,5567,3.7457
IND 2012,5304,3.7246
IND 2011,5099,3.7075
IND 2010,4914,3.6914
IND 2009,4595,3.6623
IND 2008,4322,3.6357
IND 2007,4254,3.6288
IND 2006,4011,3.6033
IND 2005,3770,3.5764
IND 2004,3551,3.5504
IND 2003,3347,3.5246
IND 2002,3157,3.4993
IND 2001,3097,3.491
IND 2000,3010,3.4786
IDN 2023,13890,4.1427
IDN 2022,13334,4.125
IDN 2021,12757,4.1058
IDN 2020,12389,4.093
IDN 2019,12758,4.1058
IDN 2018,12262,4.0886
IDN 2017,11773,4.0709
IDN 2016,11320,4.0538
IDN 2015,10894,4.0372
IDN 2014,10504,4.0214
IDN 2013,10122,4.0053
IDN 2012,9709,3.9872
IDN 2011,9275,3.9673
IDN 2010,8848,3.9469
IDN 2009,8435,3.9261
IDN 2008,8165,3.912
IDN 2007,7802,3.8922
IDN 2006,7434,3.8713
IDN 2005,7141,3.8538
IDN 2004,6844,3.8353
IDN 2003,6599,3.8195
IDN 2002,6382,3.805
IDN 2001,6191,3.7917
IDN 2000,6056,3.7822
IRN 2023,17045,4.2316
IRN 2022,16378,4.2143
IRN 2021,15884,4.201
IRN 2020,15382,4.187
IRN 2019,14841,4.1715
IRN 2018,15365,4.1865
IRN 2017,16168,4.2087
IRN 2016,15920,4.202
IRN 2015,14842,4.1715
IRN 2014,15263,4.1836
IRN 2013,14735,4.1683
IRN 2012,15159,4.1807
IRN 2011,15948,4.2027
IRN 2010,15730,4.1967
IRN 2009,15055,4.1777
IRN 2008,15091,4.1787
IRN 2007,15237,4.1829
IRN 2006,14321,4.156
IRN 2005,13936,4.1441
IRN 2004,13807,4.1401
IRN 2003,13519,4.131
IRN 2002,12583,4.0998
IRN 2001,11739,4.0696
IRN 2000,11643,4.0661
IRQ 2023,13202,4.1207
IRQ 2022,13433,4.1282
IRQ 2021,12732,4.1049
IRQ 2020,12828,4.1081
IRQ 2019,14910,4.1735
IRQ 2018,14456,4.1601
IRQ 2017,14418,4.1589
IRQ 2016,15016,4.1766
IRQ 2015,13516,4.1308
IRQ 2014,13537,4.1315
IRQ 2013,13713,4.1371
IRQ 2012,13357,4.1257
IRQ 2011,12268,4.0888
IRQ 2010,11817,4.0725
IRQ 2009,11471,4.0596
IRQ 2008,11512,4.0611
IRQ 2007,10854,4.0356
IRQ 2006,10569,4.024
IRQ 2005,10078,4.0034
IRQ 2004,10211,4.009
IRQ 2003,6849,3.8356
IRQ 2002,11144,4.047
IRQ 2001,12530,4.0979
IRQ 2000,12702,4.1039
IRL 2023,117660,5.0706
IRL 2022,123007,5.0899
IRL 2021,116703,5.0671
IRL 2020,101793,5.0077
IRL 2019,96206,4.9832
IRL 2018,93116,4.969
IRL 2017,87732,4.9432
IRL 2016,80760,4.9072
IRL 2015,80816,4.9075
IRL 2014,65463,4.816
IRL 2013,60285,4.7802
IRL 2012,59303,4.7731
IRL 2011,59797,4.7767
IRL 2010,59107,4.7716
IRL 2009,58447,4.7668
IRL 2008,62214,4.7939
IRL 2007,66476,4.8227
IRL 2006,64975,4.8127
IRL 2005,63580,4.8033
IRL 2004,61453,4.7885
IRL 2003,58608,4.768
IRL 2002,57828,4.7621
IRL 2001,55535,4.7446
IRL 2000,53583,4.729
ISR 2023,47671,4.6783
ISR 2022,48132,4.6824
ISR 2021,46151,4.6642
ISR 2020,42927,4.6327
ISR 2019,44492,4.6483
ISR 2018,43783,4.6413
ISR 2017,42896,4.6324
ISR 2016,41915,4.6224
ISR 2015,40890,4.6116
ISR 2014,40796,4.6106
ISR 2013,40095,4.6031
ISR 2012,39246,4.5938
ISR 2011,39036,4.5915
ISR 2010,37686,4.5762
ISR 2009,36365,4.5607
ISR 2008,36795,4.5658
ISR 2007,36288,4.5598
ISR 2006,34745,4.5409
ISR 2005,33492,4.5249
ISR 2004,32666,4.5141
ISR 2003,31771,4.502
ISR 2002,31893,4.5037
ISR 2001,32591,4.5131
ISR 2000,33279,4.5222
ITA 2023,52843,4.723
ITA 2022,52333,4.7188
ITA 2021,49825,4.6975
ITA 2020,45505,4.6581
ITA 2019,49691,4.6963
ITA 2018,49356,4.6933
ITA 2017,48849,4.6889
ITA 2016,47988,4.6811
ITA 2015,47312,4.675
ITA 2014,46826,4.6705
ITA 2013,46833,4.6706
ITA 2012,47796,4.6794
ITA 2011,49473,4.6944
ITA 2010,49302,4.6929
ITA 2009,48774,4.6882
ITA 2008,51806,4.7144
ITA 2007,52747,4.7222
ITA 2006,52304,4.7185
ITA 2005,51586,4.7125
ITA 2004,51495,4.7118
ITA 2003,51126,4.7086
ITA 2002,51369,4.7107
ITA 2001,51332,4.7104
ITA 2000,50353,4.702
JAM 2023,11399,4.0569
JAM 2022,11097,4.0452
JAM 2021,10431,4.0183
JAM 2020,9892,3.9953
JAM 2019,10816,4.0341
JAM 2018,10636,4.0268
JAM 2017,10391,4.0167
JAM 2016,10179,4.0077
JAM 2015,9932,3.997
JAM 2014,9872,3.9944
JAM 2013,9840,3.993
JAM 2012,9829,3.9925
JAM 2011,9932,3.9971
JAM 2010,9806,3.9915
JAM 2009,9993,3.9997
JAM 2008,10490,4.0208
JAM 2007,10622,4.0262
JAM 2006,10522,4.0221
JAM 2005,10279,4.0119
JAM 2004,10244,4.0105
JAM 2003,10170,4.0073
JAM 2002,9870,3.9943
JAM 2001,9736,3.9884
JAM 2000,9668,3.9853
JPN 2023,47387,4.6757
JPN 2022,46819,4.6704
JPN 2021,45999,4.6628
JPN 2020,44213,4.6455
JPN 2019,46055,4.6633
JPN 2018,46133,4.664
JPN 2017,45693,4.6599
JPN 2016,44927,4.6525
JPN 2015,44589,4.6492
JPN 2014,43754,4.641
JPN 2013,43304,4.6365
JPN 2012,42395,4.6273
JPN 2011,41641,4.6195
JPN 2010,41647,4.6196
JPN 2009,40000,4.6021
JPN 2008,42519,4.6286
JPN 2007,43042,4.6339
JPN 2006,42359,4.6269
JPN 2005,41740,4.6206
JPN 2004,40987,4.6126
JPN 2003,40152,4.6037
JPN 2002,39690,4.5987
JPN 2001,39749,4.5993
JPN 2000,39732,4.5991
JOR 2023,10309,4.0132
JOR 2022,10158,4.0068
JOR 2021,10057,4.0024
JOR 2020,9872,3.9944
JOR 2019,10168,4.0073
JOR 2018,10183,4.0079
JOR 2017,10220,4.0095
JOR 2016,10198,4.0085
JOR 2015,10470,4.0199
JOR 2014,11087,4.0448
JOR 2013,11804,4.072
JOR 2012,12104,4.0829
JOR 2011,11988,4.0788
JOR 2010,11943,4.0771
JOR 2009,11889,4.0751
JOR 2008,11556,4.0628
JOR 2007,11034,4.0427
JOR 2006,10835,4.0348
JOR 2005,10685,4.0288
JOR 2004,10128,4.0055
JOR 2003,9556,3.9803
JOR 2002,9380,3.9722
JOR 2001,9056,3.9569
JOR 2000,8782,3.9436
KAZ 2023,34703,4.5404
KAZ 2022,33506,4.5251
KAZ 2021,32946,4.5178
KAZ 2020,32012,4.5053
KAZ 2019,33298,4.5224
KAZ 2018,32330,4.5096
KAZ 2017,31524,4.4986
KAZ 2016,30758,4.488
KAZ 2015,30894,4.4899
KAZ 2014,30986,4.4912
KAZ 2013,30177,4.4797
KAZ 2012,28881,4.4606
KAZ 2011,27946,4.4463
KAZ 2010,26375,4.4212
KAZ 2009,24901,4.3962
KAZ 2008,24896,4.3961
KAZ 2007,24351,4.3865
KAZ 2006,22574,4.3536
KAZ 2005,20566,4.3131
KAZ 2004,18887,4.2762
KAZ 2003,17345,4.2392
KAZ 2002,15961,4.2031
KAZ 2001,14612,4.1647
KAZ 2000,12936,4.1118
KEN 2023,5692,3.7553
KEN 2022,5492,3.7397
KEN 2021,5339,3.7274
KEN 2020,5057,3.7039
KEN 2019,5172,3.7136
KEN 2018,5018,3.7005
KEN 2017,4847,3.6855
KEN 2016,4770,3.6785
KEN 2015,4680,3.6702
KEN 2014,4559,3.6588
KEN 2013,4443,3.6477
KEN 2012,4388,3.6423
KEN 2011,4307,3.6342
KEN 2010,4212,3.6244
KEN 2009,4012,3.6034
KEN 2008,4003,3.6024
KEN 2007,4116,3.6145
KEN 2006,3971,3.5989
KEN 2005,3845,3.5849
KEN 2004,3744,3.5733
KEN 2003,3674,3.5651
KEN 2002,3681,3.566
KEN 2001,3778,3.5773
KEN 2000,3757,3.5748
KIR 2023,3175,3.5017
KIR 2022,3127,3.4952
KIR 2021,3024,3.4806
KIR 2020,2839,3.4532
KIR 2019,2927,3.4664
KIR 2018,2875,3.4587
KIR 2017,2822,3.4506
KIR 2016,2762,3.4413
KIR 2015,2616,3.4177
KIR 2014,2382,3.3769
KIR 2013,2383,3.3771
KIR 2012,2242,3.3507
KIR 2011,2151,3.3326
KIR 2010,2120,3.3263
KIR 2009,2138,3.3301
KIR 2008,2173,3.337
KIR 2007,2287,3.3592
KIR 2006,2264,3.355
KIR 2005,2184,3.3393
KIR 2004,2200,3.3424
KIR 2003,2258,3.3538
KIR 2002,2342,3.3696
KIR 2001,2358,3.3725
KIR 2000,2482,3.3948
KOR 2023,54029,4.7326
KOR 2022,53229,4.7261
KOR 2021,51718,4.7136
KOR 2020,49374,4.6935
KOR 2019,49791,4.6971
KOR 2018,48834,4.6887
KOR 2017,47537,4.677
KOR 2016,46088,4.6636
KOR 2015,44849,4.6518
KOR 2014,43807,4.6415
KOR 2013,42710,4.6305
KOR 2012,41538,4.6184
KOR 2011,40719,4.6098
KOR 2010,39574,4.5974
KOR 2009,37176,4.5703
KOR 2008,37064,4.569
KOR 2007,36257,4.5594
KOR 2006,34430,4.5369
KOR 2005,32886,4.517
KOR 2004,31580,4.4994
KOR 2003,30142,4.4792
KOR 2002,29395,4.4683
KOR 2001,27441,4.4384
KOR 2000,26404,4.4217
XKX 2023,14240,4.1535
XKX 2022,13022,4.1147
XKX 2021,12362,4.0921
XKX 2020,11138,4.0468
XKX 2019,11774,4.0709
XKX 2018,11188,4.0488
XKX 2017,10856,4.0357
XKX 2016,10435,4.0185
XKX 2015,9825,3.9923
XKX 2014,9151,3.9615
XKX 2013,8828,3.9459
XKX 2012,8432,3.9259
XKX 2011,8360,3.9222
XKX 2010,7877,3.8964
XKX 2009,7481,3.874
XKX 2008,7098,3.8512
KWT 2023,47790,4.6793
KWT 2022,51380,4.7108
KWT 2021,50652,4.7046
KWT 2020,49373,4.6935
KWT 2019,51381,4.7108
KWT 2018,51624,4.7129
KWT 2017,52286,4.7184
KWT 2016,56937,4.7554
KWT 2015,57764,4.7617
KWT 2014,60066,4.7786
KWT 2013,62459,4.7956
KWT 2012,64908,4.8123
KWT 2011,64845,4.8119
KWT 2010,62956,4.799
KWT 2009,67896,4.8318
KWT 2008,77037,4.8867
KWT 2007,79475,4.9002
KWT 2006,79521,4.9005
KWT 2005,78194,4.8932
KWT 2004,73298,4.8651
KWT 2003,67984,4.8324
KWT 2002,59349,4.7734
KWT 2001,59100,4.7716
KWT 2000,60585,4.7824
KGZ 2023,6576,3.8179
KGZ 2022,6140,3.7882
KGZ 2021,5736,3.7586
KGZ 2020,5538,3.7433
KGZ 2019,6088,3.7844
KGZ 2018,5952,3.7747
KGZ 2017,5861,3.768
KGZ 2016,5715,3.757
KGZ 2015,5600,3.7482
KGZ 2014,5514,3.7414
KGZ 2013,5419,3.7339
KGZ 2012,4993,3.6984
KGZ 2011,5093,3.707
KGZ 2010,4876,3.6881
KGZ 2009,4970,3.6964
KGZ 2008,4895,3.6897
KGZ 2007,4559,3.6588
KGZ 2006,4240,3.6274
KGZ 2005,4157,3.6188
KGZ 2004,4212,3.6244
KGZ 2003,3983,3.6002
KGZ 2002,3761,3.5752
KGZ 2001,3796,3.5793
KGZ 2000,3638,3.5609
LAO 2023,8372,3.9228
LAO 2022,8183,3.9129
LAO 2021,8080,3.9074
LAO 2020,7996,3.9029
LAO 2019,8075,3.9072
LAO 2018,7775,3.8907
LAO 2017,7432,3.8711
LAO 2016,7063,3.849
LAO 2015,6704,3.8263
LAO 2014,6341,3.8022
LAO 2013,5974,3.7763
LAO 2012,5609,3.7489
LAO 2011,5267,3.7216
LAO 2010,4946,3.6943
LAO 2009,4625,3.6651
LAO 2008,4367,3.6402
LAO 2007,4112,3.6141
LAO 2006,3882,3.589
LAO 2005,3631,3.56
LAO 2004,3441,3.5367
LAO 2003,3283,3.5163
LAO 2002,3143,3.4974
LAO 2001,3016,3.4794
LAO 2000,2899,3.4623
LVA 2023,37278,4.5714
LVA 2022,37719,4.5766
LVA 2021,36912,4.5672
LVA 2020,34226,4.5344
LVA 2019,35208,4.5466
LVA 2018,34730,4.5407
LVA 2017,33036,4.519
LVA 2016,31669,4.5006
LVA 2015,30600,4.4857
LVA 2014,29244,4.466
LVA 2013,28375,4.4529
LVA 2012,27497,4.4393
LVA 2011,25309,4.4033
LVA 2010,24120,4.3824
LVA 2009,24521,4.3895
LVA 2008,28727,4.4583
LVA 2007,29424,4.4687
LVA 2006,26432,4.4221
LVA 2005,23213,4.3657
LVA 2004,20574,4.3133
LVA 2003,18718,4.2723
LVA 2002,17097,4.2329
LVA 2001,15696,4.1958
LVA 2000,14554,4.163
LBN 2023,11330,4.0542
LBN 2022,11475,4.0597
LBN 2021,11600,4.0644
LBN 2020,12507,4.0972
LBN 2019,15660,4.1948
LBN 2018,16290,4.2119
LBN 2017,16129,4.2076
LBN 2016,15572,4.1924
LBN 2015,14980,4.1755
LBN 2014,15206,4.182
LBN 2013,16396,4.2148
LBN 2012,17323,4.2386
LBN 2011,17353,4.2394
LBN 2010,17391,4.2403
LBN 2009,16264,4.2112
LBN 2008,14955,4.1748
LBN 2007,13942,4.1443
LBN 2006,13004,4.1141
LBN 2005,13025,4.1148
LBN 2004,12882,4.11
LBN 2003,12272,4.0889
LBN 2002,12054,4.0811
LBN 2001,11818,4.0725
LBN 2000,11572,4.0634
LSO 2023,2592,3.4137
LSO 2022,2578,3.4112
LSO 2021,2545,3.4057
LSO 2020,2517,3.4009
LSO 2019,2773,3.443
LSO 2018,2846,3.4543
LSO 2017,2925,3.4661
LSO 2016,3057,3.4853
LSO 2015,2987,3.4752
LSO 2014,2931,3.467
LSO 2013,2914,3.4645
LSO 2012,2894,3.4615
LSO 2011,2749,3.4392
LSO 2010,2651,3.4235
LSO 2009,2538,3.4045
LSO 2008,2589,3.4132
LSO 2007,2470,3.3928
LSO 2006,2381,3.3768
LSO 2005,2275,3.357
LSO 2004,2179,3.3382
LSO 2003,2127,3.3278
LSO 2002,2025,3.3064
LSO 2001,2004,3.3019
LSO 2000,1932,3.286
LBR 2023,1617,3.2087
LBR 2022,1579,3.1984
LBR 2021,1539,3.1873
LBR 2020,1497,3.1753
LBR 2019,1576,3.1975
LBR 2018,1648,3.217
LBR 2017,1661,3.2204
LBR 2016,1653,3.2184
LBR 2015,1714,3.234
LBR 2014,1750,3.2431
LBR 2013,1775,3.2491
LBR 2012,1669,3.2224
LBR 2011,1601,3.2044
LBR 2010,1539,3.1872
LBR 2009,1493,3.1741
LBR 2008,1463,3.1653
LBR 2007,1422,3.1529
LBR 2006,1365,3.135
LBR 2005,1336,3.1257
LBR 2004,1327,3.1227
LBR 2003,1308,3.1167
LBR 2002,1888,3.2759
LBR 2001,1867,3.2712
LBR 2000,1868,3.2714
LBY 2023,12477,4.0961
LBY 2022,11450,4.0588
LBY 2021,12642,4.1018
LBY 2020,9979,3.9991
LBY 2019,14337,4.1565
LBY 2018,16385,4.2145
LBY 2017,15428,4.1883
LBY 2016,11832,4.0731
LBY 2015,12195,4.0862
LBY 2014,12499,4.0969
LBY 2013,16558,4.219
LBY 2012,20601,4.3139
LBY 2011,10742,4.0311
LBY 2010,21116,4.3246
LBY 2009,20519,4.3122
LBY 2008,21915,4.3407
LBY 2007,22422,4.3507
LBY 2006,21545,4.3334
LBY 2005,20649,4.3149
LBY 2004,18851,4.2753
LBY 2003,18423,4.2654
LBY 2002,16629,4.2209
LBY 2001,17116,4.2334
LBY 2000,17747,4.2491
LTU 2023,46334,4.6659
LTU 2022,46643,4.6688
LTU 2021,45897,4.6618
LTU 2020,43108,4.6346
LTU 2019,43079,4.6343
LTU 2018,41035,4.6132
LTU 2017,38789,4.5887
LTU 2016,36632,4.5639
LTU 2015,35265,4.5473
LTU 2014,33988,4.5313
LTU 2013,32487,4.5117
LTU 2012,30932,4.4904
LTU 2011,29252,4.4662
LTU 2010,26898,4.4297
LTU 2009,26228,4.4188
LTU 2008,30457,4.4837
LTU 2007,29382,4.4681
LTU 2006,26139,4.4173
LTU 2005,23954,4.3794
LTU 2004,21876,4.34
LTU 2003,20311,4.3077
LTU 2002,18223,4.2606
LTU 2001,16939,4.2289
LTU 2000,15777,4.198
LUX 2023,130049,5.1141
LUX 2022,132571,5.1224
LUX 2021,136772,5.136
LUX 2020,129866,5.1135
LUX 2019,132725,5.123
LUX 2018,131734,5.1197
LUX 2017,132170,5.1211
LUX 2016,133662,5.126
LUX 2015,130097,5.1143
LUX 2014,130250,5.1148
LUX 2013,129947,5.1138
LUX 2012,128897,5.1102
LUX 2011,129888,5.1136
LUX 2010,131434,5.1187
LUX 2009,129005,5.1106
LUX 2008,135815,5.1329
LUX 2007,138683,5.142
LUX 2006,130290,5.1149
LUX 2005,124872,5.0965
LUX 2004,123726,5.0925
LUX 2003,120403,5.0806
LUX 2002,118764,5.0747
LUX 2001,116265,5.0654
LUX 2000,114148,5.0575
MAC 2023,104815,5.0204
MAC 2022,59921,4.7776
MAC 2021,73374,4.8655
MAC 2020,59662,4.7757
MAC 2019,133454,5.1253
MAC 2018,139541,5.1447
MAC 2017,133323,5.1249
MAC 2016,120530,5.0811
MAC 2015,123194,5.0906
MAC 2014,162813,5.2117
MAC 2013,174570,5.242
MAC 2012,164239,5.2155
MAC 2011,155385,5.1914
MAC 2010,130758,5.1165
MAC 2009,104911,5.0208
MAC 2008,102475,5.0106
MAC 2007,102880,5.0123
MAC 2006,93828,4.9723
MAC 2005,87186,4.9404
MAC 2004,84004,4.9243
MAC 2003,67995,4.8325
MAC 2002,61626,4.7898
MAC 2001,57174,4.7572
MAC 2000,55995,4.7481
MDG 2023,1630,3.2121
MDG 2022,1602,3.2048
MDG 2021,1577,3.198
MDG 2020,1546,3.1891
MDG 2019,1708,3.2324
MDG 2018,1679,3.225
MDG 2017,1670,3.2226
MDG 2016,1649,3.2172
MDG 2015,1628,3.2115
MDG 2014,1620,3.2096
MDG 2013,1611,3.207
MDG 2012,1618,3.2089
MDG 2011,1615,3.2081
MDG 2010,1635,3.2136
MDG 2009,1673,3.2235
MDG 2008,1794,3.2539
MDG 2007,1732,3.2385
MDG 2006,1687,3.2271
MDG 2005,1648,3.217
MDG 2004,1620,3.2095
MDG 2003,1585,3.2
MDG 2002,1486,3.1721
MDG 2001,1749,3.2427
MDG 2000,1701,3.2308
MWI 2023,1649,3.2173
MWI 2022,1660,3.2201
MWI 2021,1688,3.2273
MWI 2020,1656,3.2192
MWI 2019,1687,3.2272
MWI 2018,1639,3.2146
MWI 2017,1613,3.2077
MWI 2016,1594,3.2024
MWI 2015,1598,3.2035
MWI 2014,1598,3.2035
MWI 2013,1556,3.1919
MWI 2012,1518,3.1813
MWI 2011,1533,3.1856
MWI 2010,1504,3.1774
MWI 2009,1450,3.1613
MWI 2008,1378,3.1394
MWI 2007,1318,3.12
MWI 2006,1237,3.0925
MWI 2005,1215,3.0845
MWI 2004,1208,3.0821
MWI 2003,1176,3.0705
MWI 2002,1141,3.0572
MWI 2001,1150,3.0605
MWI 2000,1239,3.0932
MYS 2023,32858,4.5166
MYS 2022,32129,4.5069
MYS 2021,29823,4.4745
MYS 2020,29200,4.4654
MYS 2019,31301,4.4956
MYS 2018,30460,4.4837
MYS 2017,29552,4.4706
MYS 2016,28425,4.4537
MYS 2015,27700,4.4425
MYS 2014,26818,4.4284
MYS 2013,25736,4.4105
MYS 2012,25006,4.3981
MYS 2011,24116,4.3823
MYS 2010,23308,4.3675
MYS 2009,22107,4.3445
MYS 2008,22898,4.3598
MYS 2007,22305,4.3484
MYS 2006,21444,4.3313
MYS 2005,20768,4.3174
MYS 2004,20169,4.3047
MYS 2003,19329,4.2862
MYS 2002,18709,4.272
MYS 2001,18186,4.2597
MYS 2000,18533,4.2679
MDV 2023,22333,4.3489
MDV 2022,21358,4.3296
MDV 2021,19053,4.28
MDV 2020,14243,4.1536
MDV 2019,21856,4.3396
MDV 2018,21073,4.3237
MDV 2017,20037,4.3018
MDV 2016,19345,4.2866
MDV 2015,18829,4.2748
MDV 2014,18765,4.2734
MDV 2013,17987,4.255
MDV 2012,17390,4.2403
MDV 2011,17582,4.2451
MDV 2010,16730,4.2235
MDV 2009,16230,4.2103
MDV 2008,18344,4.2635
MDV 2007,17440,4.2415
MDV 2006,16830,4.2261
MDV 2005,13943,4.1444
MDV 2004,15959,4.203
MDV 2003,15316,4.1851
MDV 2002,13690,4.1364
MDV 2001,12978,4.1132
MDV 2000,13738,4.1379
MLI 2023,2861,3.4566
MLI 2022,2814,3.4493
MLI 2021,2796,3.4466
MLI 2020,2796,3.4466
MLI 2019,2916,3.4648
MLI 2018,2862,3.4567
MLI 2017,2816,3.4497
MLI 2016,2759,3.4408
MLI 2015,2687,3.4292
MLI 2014,2609,3.4165
MLI 2013,2529,3.4029
MLI 2012,2521,3.4015
MLI 2011,2623,3.4189
MLI 2010,2632,3.4203
MLI 2009,2576,3.4109
MLI 2008,2523,3.402
MLI 2007,2516,3.4007
MLI 2006,2555,3.4074
MLI 2005,2546,3.4059
MLI 2004,2566,3.4093
MLI 2003,2612,3.4169
MLI 2002,2456,3.3902
MLI 2001,2458,3.3907
MLI 2000,2188,3.34
MLT 2023,60460,4.7815
MLT 2022,56874,4.7549
MLT 2021,56824,4.7545
MLT 2020,50390,4.7023
MLT 2019,53393,4.7275
MLT 2018,53419,4.7277
MLT 2017,51628,4.7129
MLT 2016,46967,4.6718
MLT 2015,46172,4.6644
MLT 2014,43163,4.6351
MLT 2013,40921,4.6119
MLT 2012,38937,4.5904
MLT 2011,37741,4.5768
MLT 2010,37529,4.5744
MLT 2009,35513,4.5504
MLT 2008,36288,4.5598
MLT 2007,34982,4.5438
MLT 2006,33421,4.524
MLT 2005,32777,4.5156
MLT 2004,32063,4.506
MLT 2003,32148,4.5072
MLT 2002,31207,4.4943
MLT 2001,30602,4.4858
MLT 2000,31068,4.4923
MHL 2023,6775,3.8309
MHL 2022,6938,3.8412
MHL 2021,6769,3.8305
MHL 2020,6418,3.8074
MHL 2019,6406,3.8066
MHL 2018,5636,3.751
MHL 2017,5200,3.716
MHL 2016,4897,3.6899
MHL 2015,4671,3.6694
MHL 2014,4493,3.6525
MHL 2013,4470,3.6503
MHL 2012,4245,3.6278
MHL 2011,4260,3.6294
MHL 2010,4270,3.6304
MHL 2009,4048,3.6072
MHL 2008,3904,3.5915
MHL 2007,4223,3.6256
MHL 2006,4076,3.6102
MHL 2005,4076,3.6102
MHL 2004,4013,3.6035
MHL 2003,4041,3.6065
MHL 2002,4122,3.6151
MHL 2001,4001,3.6022
MHL 2000,3773,3.5767
MRT 2023,6276,3.7977
MRT 2022,6053,3.782
MRT 2021,5837,3.7662
MRT 2020,5963,3.7755
MRT 2019,6162,3.7897
MRT 2018,6154,3.7891
MRT 2017,6051,3.7818
MRT 2016,5866,3.7684
MRT 2015,5970,3.7759
MRT 2014,5838,3.7663
MRT 2013,5770,3.7612
MRT 2012,5716,3.7571
MRT 2011,5653,3.7523
MRT 2010,5606,3.7486
MRT 2009,5640,3.7513
MRT 2008,5813,3.7644
MRT 2007,6003,3.7784
MRT 2006,6285,3.7983
MRT 2005,5446,3.7361
MRT 2004,5139,3.7109
MRT 2003,5024,3.701
MRT 2002,4807,3.6819
MRT 2001,4847,3.6855
MRT 2000,5009,3.6997
MUS 2023,26471,4.4228
MUS 2022,25005,4.398
MUS 2021,23010,4.3619
MUS 2020,22273,4.3478
MUS 2019,25958,4.4143
MUS 2018,25244,4.4022
MUS 2017,24259,4.3849
MUS 2016,23357,4.3684
MUS 2015,22499,4.3522
MUS 2014,21721,4.3369
MUS 2013,20952,4.3212
MUS 2012,20313,4.3078
MUS 2011,19679,4.294
MUS 2010,18926,4.277
MUS 2009,18172,4.2594
MUS 2008,17627,4.2462
MUS 2007,16775,4.2247
MUS 2006,15933,4.2023
MUS 2005,15265,4.1837
MUS 2004,15087,4.1786
MUS 2003,14552,4.1629
MUS 2002,13838,4.1411
MUS 2001,13713,4.1371
MUS 2000,13374,4.1263
MEX 2023,21865,4.3397
MEX 2022,21392,4.3302
MEX 2021,20783,4.3177
MEX 2020,19728,4.2951
MEX 2019,21704,4.3365
MEX 2018,21998,4.3424
MEX 2017,21778,4.338
MEX 2016,21578,4.334
MEX 2015,21409,4.3306
MEX 2014,21070,4.3237
MEX 2013,20805,4.3182
MEX 2012,20899,4.3201
MEX 2011,20458,4.3109
MEX 2010,20058,4.3023
MEX 2009,19386,4.2875
MEX 2008,20993,4.3221
MEX 2007,21102,4.3243
MEX 2006,20966,4.3215
MEX 2005,20277,4.307
MEX 2004,20127,4.3038
MEX 2003,19701,4.2945
MEX 2002,19745,4.2955
MEX 2001,20078,4.3027
MEX 2000,20470,4.3111
FSM 2023,3841,3.5845
FSM 2022,3816,3.5816
FSM 2021,3956,3.5972
FSM 2020,3861,3.5867
FSM 2019,3965,3.5982
FSM 2018,3839,3.5842
FSM 2017,3838,3.5841
FSM 2016,3774,3.5768
FSM 2015,3739,3.5728
FSM 2014,3593,3.5554
FSM 2013,3697,3.5678
FSM 2012,3847,3.5851
FSM 2011,3917,3.593
FSM 2010,3780,3.5775
FSM 2009,3702,3.5685
FSM 2008,3622,3.559
FSM 2007,3684,3.5663
FSM 2006,3718,3.5703
FSM 2005,3710,3.5694
FSM 2004,3595,3.5556
FSM 2003,3701,3.5683
FSM 2002,3632,3.5601
FSM 2001,3618,3.5585
FSM 2000,3564,3.5519
MDA 2023,15981,4.2036
MDA 2022,15350,4.1861
MDA 2021,15682,4.1954
MDA 2020,13559,4.1322
MDA 2019,14621,4.165
MDA 2018,13896,4.1429
MDA 2017,13119,4.1179
MDA 2016,12377,4.0926
MDA 2015,11691,4.0679
MDA 2014,11641,4.066
MDA 2013,11080,4.0445
MDA 2012,10158,4.0068
MDA 2011,10217,4.0093
MDA 2010,9650,3.9845
MDA 2009,9001,3.9543
MDA 2008,9564,3.9806
MDA 2007,8855,3.9472
MDA 2006,8577,3.9333
MDA 2005,8161,3.9118
MDA 2004,7574,3.8793
MDA 2003,7034,3.8472
MDA 2002,6580,3.8182
MDA 2001,6090,3.7846
MDA 2000,5727,3.7579
MNG 2023,16223,4.2101
MNG 2022,15310,4.185
MNG 2021,14792,4.17
MNG 2020,14801,4.1703
MNG 2019,15791,4.1984
MNG 2018,15230,4.1827
MNG 2017,14402,4.1584
MNG 2016,13898,4.143
MNG 2015,13975,4.1453
MNG 2014,13943,4.1444
MNG 2013,13210,4.1209
MNG 2012,12079,4.082
MNG 2011,10960,4.0398
MNG 2010,9507,3.978
MNG 2009,9096,3.9588
MNG 2008,9380,3.9722
MNG 2007,8750,3.942
MNG 2006,8044,3.9055
MNG 2005,7500,3.8751
MNG 2004,7071,3.8495
MNG 2003,6464,3.8105
MNG 2002,6118,3.7866
MNG 2001,5917,3.7721
MNG 2000,5818,3.7648
MNE 2023,27243,4.4353
MNE 2022,25583,4.408
MNE 2021,23690,4.3746
MNE 2020,20905,4.3202
MNE 2019,24585,4.3907
MNE 2018,23562,4.3722
MNE 2017,22514,4.3524
MNE 2016,21834,4.3391
MNE 2015,21132,4.3249
MNE 2014,20642,4.3147
MNE 2013,20201,4.3054
MNE 2012,19576,4.2917
MNE 2011,20110,4.3034
MNE 2010,19476,4.2895
MNE 2009,18985,4.2784
MNE 2008,20239,4.3062
MNE 2007,18966,4.278
MNE 2006,17727,4.2486
MNE 2005,16349,4.2135
MNE 2004,15716,4.1963
MNE 2003,15077,4.1783
MNE 2002,14770,4.1694
MNE 2001,14552,4.1629
MNE 2000,14452,4.1599
MAR 2023,8915,3.9501
MAR 2022,8690,3.939
MAR 2021,8623,3.9357
MAR 2020,8055,3.906
MAR 2019,8768,3.9429
MAR 2018,8612,3.9351
MAR 2017,8450,3.9269
MAR 2016,8142,3.9107
MAR 2015,8199,3.9138
MAR 2014,7952,3.9005
MAR 2013,7839,3.8943
MAR 2012,7629,3.8824
MAR 2011,7504,3.8753
MAR 2010,7211,3.858
MAR 2009,7064,3.849
MAR 2008,6902,3.839
MAR 2007,6621,3.8209
MAR 2006,6489,3.8122
MAR 2005,6103,3.7856
MAR 2004,5996,3.7779
MAR 2003,5810,3.7642
MAR 2002,5544,3.7438
MAR 2001,5418,3.7338
MAR 2000,5100,3.7076
MOZ 2023,1513,3.1797
MOZ 2022,1477,3.1693
MOZ 2021,1457,3.1635
MOZ 2020,1466,3.1662
MOZ 2019,1529,3.1844
MOZ 2018,1539,3.1872
MOZ 2017,1532,3.1853
MOZ 2016,1538,3.1869
MOZ 2015,1513,3.1797
MOZ 2014,1450,3.1613
MOZ 2013,1386,3.1417
MOZ 2012,1339,3.1266
MOZ 2011,1276,3.1057
MOZ 2010,1224,3.0879
MOZ 2009,1179,3.0714
MOZ 2008,1142,3.0576
MOZ 2007,1095,3.0395
MOZ 2006,1042,3.0178
MOZ 2005,970,2.9869
MOZ 2004,934,2.9704
MOZ 2003,883,2.9461
MOZ 2002,843,2.9256
MOZ 2001,786,2.8953
MOZ 2000,712,2.8525
MMR 2023,5364,3.7295
MMR 2022,5350,3.7284
MMR 2021,5178,3.7142
MMR 2020,5927,3.7728
MMR 2019,6563,3.8171
MMR 2018,6201,3.7925
MMR 2017,5878,3.7692
MMR 2016,5581,3.7467
MMR 2015,5314,3.7254
MMR 2014,5007,3.6995
MMR 2013,4667,3.669
MMR 2012,4341,3.6376
MMR 2011,4079,3.6105
MMR 2010,3894,3.5904
MMR 2009,3578,3.5537
MMR 2008,3255,3.5125
MMR 2007,2968,3.4725
MMR 2006,2669,3.4264
MMR 2005,2378,3.3762
MMR 2004,2110,3.3243
MMR 2003,1874,3.2728
MMR 2002,1662,3.2206
MMR 2001,1498,3.1756
MMR 2000,1360,3.1335
NAM 2023,10126,4.0054
NAM 2022,9953,3.998
NAM 2021,9709,3.9872
NAM 2020,9652,3.9846
NAM 2019,10813,4.034
NAM 2018,11214,4.0498
NAM 2017,11409,4.0572
NAM 2016,11847,4.0736
NAM 2015,12167,4.0852
NAM 2014,11983,4.0786
NAM 2013,11594,4.0642
NAM 2012,11267,4.0518
NAM 2011,10965,4.04
NAM 2010,10615,4.0259
NAM 2009,10166,4.0072
NAM 2008,10287,4.0123
NAM 2007,10162,4.007
NAM 2006,9773,3.99
NAM 2005,9245,3.9659
NAM 2004,9131,3.9605
NAM 2003,8237,3.9158
NAM 2002,8017,3.904
NAM 2001,7787,3.8913
NAM 2000,7858,3.8953
NRU 2023,11859,4.074
NRU 2022,12019,4.0799
NRU 2021,12114,4.0833
NRU 2020,11306,4.0533
NRU 2019,11185,4.0486
NRU 2018,10403,4.0171
NRU 2017,10633,4.0267
NRU 2016,11531,4.0619
NRU 2015,11272,4.052
NRU 2014,11114,4.0459
NRU 2013,9800,3.9912
NRU 2012,9641,3.9841
NRU 2011,7882,3.8966
NRU 2010,6909,3.8394
NRU 2009,6928,3.8406
NRU 2008,7341,3.8657
NRU 2007,6110,3.7861
NRU 2006,7831,3.8938
NRU 2005,7210,3.8579
NRU 2004,7202,3.8574
NRU 2003,7527,3.8766
NRU 2002,7489,3.8744
NRU 2001,8279,3.918
NRU 2000,8846,3.9468
NPL 2023,4861,3.6867
NPL 2022,4763,3.6779
NPL 2021,4546,3.6577
NPL 2020,4413,3.6447
NPL 2019,4608,3.6635
NPL 2018,4371,3.6406
NPL 2017,4072,3.6098
NPL 2016,3744,3.5733
NPL 2015,3745,3.5735
NPL 2014,3622,3.5589
NPL 2013,3427,3.5349
NPL 2012,3317,3.5207
NPL 2011,3177,3.502
NPL 2010,3085,3.4893
NPL 2009,2962,3.4716
NPL 2008,2853,3.4552
NPL 2007,2709,3.4328
NPL 2006,2641,3.4218
NPL 2005,2580,3.4117
NPL 2004,2522,3.4017
NPL 2003,2439,3.3873
NPL 2002,2380,3.3766
NPL 2001,2414,3.3827
NPL 2000,2341,3.3694
NLD 2023,70199,4.8463
NLD 2022,71324,4.8532
NLD 2021,68574,4.8362
NLD 2020,64862,4.812
NLD 2019,67848,4.8315
NLD 2018,66758,4.8245
NLD 2017,65666,4.8173
NLD 2016,64268,4.808
NLD 2015,63081,4.7999
NLD 2014,62046,4.7927
NLD 2013,61281,4.7873
NLD 2012,61481,4.7887
NLD 2011,62318,4.7946
NLD 2010,61519,4.789
NLD 2009,61030,4.7855
NLD 2008,63678,4.804
NLD 2007,62602,4.7966
NLD 2006,60392,4.781
NLD 2005,58422,4.7666
NLD 2004,57391,4.7588
NLD 2003,56453,4.7517
NLD 2002,56664,4.7533
NLD 2001,56887,4.755
NLD 2000,56017,4.7483
NZL 2023,49593,4.6954
NZL 2022,49843,4.6976
NZL 2021,48202,4.6831
NZL 2020,46326,4.6658
NZL 2019,47392,4.6757
NZL 2018,46975,4.6719
NZL 2017,46286,4.6654
NZL 2016,45746,4.6604
NZL 2015,45097,4.6541
NZL 2014,44370,4.6471
NZL 2013,43453,4.638
NZL 2012,42693,4.6304
NZL 2011,41962,4.6229
NZL 2010,41395,4.617
NZL 2009,41251,4.6154
NZL 2008,41682,4.62
NZL 2007,42473,4.6281
NZL 2006,41597,4.6191
NZL 2005,40970,4.6125
NZL 2004,40091,4.603
NZL 2003,39092,4.5921
NZL 2002,38072,4.5806
NZL 2001,36995,4.5681
NZL 2000,35985,4.5561
NIC 2023,7497,3.8749
NIC 2022,7278,3.862
NIC 2021,7119,3.8524
NIC 2020,6523,3.8145
NIC 2019,6757,3.8297
NIC 2018,7049,3.8481
NIC 2017,7391,3.8687
NIC 2016,7159,3.8548
NIC 2015,6939,3.8413
NIC 2014,6712,3.8269
NIC 2013,6494,3.8125
NIC 2012,6276,3.7977
NIC 2011,5976,3.7764
NIC 2010,5701,3.756
NIC 2009,5538,3.7434
NIC 2008,5809,3.7641
NIC 2007,5697,3.7557
NIC 2006,5500,3.7404
NIC 2005,5357,3.7289
NIC 2004,5204,3.7164
NIC 2003,5001,3.699
NIC 2002,4935,3.6933
NIC 2001,4958,3.6953
NIC 2000,4878,3.6883
NER 2023,1713,3.2337
NER 2022,1725,3.2368
NER 2021,1588,3.2008
NER 2020,1622,3.2101
NER 2019,1605,3.2055
NER 2018,1565,3.1945
NER 2017,1515,3.1806
NER 2016,1488,3.1726
NER 2015,1480,3.1704
NER 2014,1472,3.1678
NER 2013,1432,3.1559
NER 2012,1412,3.1497
NER 2011,1326,3.1225
NER 2010,1344,3.1286
NER 2009,1285,3.109
NER 2008,1308,3.1167
NER 2007,1260,3.1004
NER 2006,1268,3.103
NER 2005,1241,3.0938
NER 2004,1199,3.0789
NER 2003,1239,3.0929
NER 2002,1256,3.0991
NER 2001,1240,3.0936
NER 2000,1198,3.0783
NGA 2023,7843,3.8945
NGA 2022,7752,3.8894
NGA 2021,7588,3.8802
NGA 2020,7664,3.8845
NGA 2019,8362,3.9223
NGA 2018,8363,3.9223
NGA 2017,8397,3.9241
NGA 2016,8535,3.9312
NGA 2015,8892,3.949
NGA 2014,8885,3.9486
NGA 2013,8581,3.9335
NGA 2012,8266,3.9173
NGA 2011,8154,3.9113
NGA 2010,7963,3.9011
NGA 2009,7581,3.8797
NGA 2008,7216,3.8583
NGA 2007,6949,3.8419
NGA 2006,6703,3.8263
NGA 2005,6497,3.8127
NGA 2004,6275,3.7976
NGA 2003,5905,3.7712
NGA 2002,5655,3.7524
NGA 2001,5040,3.7024
NGA 2000,4889,3.6892
MKD 2023,23455,4.3702
MKD 2022,22822,4.3584
MKD 2021,22144,4.3453
MKD 2020,20971,4.3216
MKD 2019,21767,4.3378
MKD 2018,20806,4.3182
MKD 2017,20121,4.3037
MKD 2016,19826,4.2972
MKD 2015,19215,4.2836
MKD 2014,18452,4.266
MKD 2013,17758,4.2494
MKD 2012,17190,4.2353
MKD 2011,17201,4.2356
MKD 2010,16731,4.2235
MKD 2009,16084,4.2064
MKD 2008,16038,4.2052
MKD 2007,15118,4.1795
MKD 2006,14118,4.1498
MKD 2005,13354,4.1256
MKD 2004,12683,4.1032
MKD 2003,12078,4.082
MKD 2002,11830,4.073
MKD 2001,11572,4.0634
MKD 2000,11988,4.0788
NOR 2023,94365,4.9748
NOR 2022,95110,4.9782
NOR 2021,92206,4.9648
NOR 2020,89012,4.9494
NOR 2019,90773,4.958
NOR 2018,90064,4.9546
NOR 2017,89665,4.9526
NOR 2016,88042,4.9447
NOR 2015,87688,4.9429
NOR 2014,86791,4.9385
NOR 2013,85974,4.9344
NOR 2012,85926,4.9341
NOR 2011,84671,4.9277
NOR 2010,84605,4.9274
NOR 2009,84813,4.9285
NOR 2008,87297,4.941
NOR 2007,87671,4.9429
NOR 2006,85653,4.9327
NOR 2005,83955,4.924
NOR 2004,82091,4.9143
NOR 2003,79150,4.8985
NOR 2002,78753,4.8963
NOR 2001,78041,4.8923
NOR 2000,76776,4.8852
OMN 2023,37794,4.5774
OMN 2022,39780,4.5997
OMN 2021,38719,4.5879
OMN 2020,37561,4.5747
OMN 2019,38292,4.5831
OMN 2018,38674,4.5874
OMN 2017,38691,4.5876
OMN 2016,39861,4.6005
OMN 2015,39814,4.6
OMN 2014,39640,4.5981
OMN 2013,40854,4.6112
OMN 2012,41964,4.6229
OMN 2011,44440,4.6478
OMN 2010,48192,4.683
OMN 2009,48304,4.684
OMN 2008,46586,4.6683
OMN 2007,43697,4.6405
OMN 2006,42540,4.6288
OMN 2005,41551,4.6186
OMN 2004,41352,4.6165
OMN 2003,41248,4.6154
OMN 2002,42654,4.63
OMN 2001,43492,4.6384
OMN 2000,42086,4.6241
PAK 2023,5419,3.7339
PAK 2022,5526,3.7424
PAK 2021,5367,3.7298
PAK 2020,5135,3.7105
PAK 2019,5296,3.7239
PAK 2018,5255,3.7206
PAK 2017,5032,3.7017
PAK 2016,4887,3.689
PAK 2015,4645,3.667
PAK 2014,4520,3.6552
PAK 2013,4407,3.6442
PAK 2012,4292,3.6327
PAK 2011,4246,3.628
PAK 2010,4229,3.6262
PAK 2009,4270,3.6305
PAK 2008,4233,3.6267
PAK 2007,4258,3.6292
PAK 2006,4186,3.6218
PAK 2005,4042,3.6066
PAK 2004,3860,3.5865
PAK 2003,3669,3.5645
PAK 2002,3564,3.5519
PAK 2001,3560,3.5514
PAK 2000,3532,3.548
PLW 2023,16487,4.2171
PLW 2022,16259,4.2111
PLW 2021,16312,4.2125
PLW 2020,18509,4.2674
PLW 2019,19686,4.2941
PLW 2018,19609,4.2925
PLW 2017,19693,4.2943
PLW 2016,20408,4.3098
PLW 2015,20104,4.3033
PLW 2014,18575,4.2689
PLW 2013,17891,4.2526
PLW 2012,18025,4.2559
PLW 2011,17355,4.2394
PLW 2010,16313,4.2125
PLW 2009,16541,4.2186
PLW 2008,17355,4.2394
PLW 2007,18097,4.2576
PLW 2006,17706,4.2481
PLW 2005,17465,4.2422
PLW 2004,16974,4.2298
PLW 2003,16539,4.2185
PLW 2002,17033,4.2313
PLW 2001,16393,4.2147
PLW 2000,15410,4.1878
PAN 2023,35873,4.5548
PAN 2022,33915,4.5304
PAN 2021,30933,4.4904
PAN 2020,26882,4.4295
PAN 2019,33164,4.5207
PAN 2018,32681,4.5143
PAN 2017,31980,4.5049
PAN 2016,30765,4.4881
PAN 2015,29933,4.4762
PAN 2014,28932,4.4614
PAN 2013,28135,4.4493
PAN 2012,26927,4.4302
PAN 2011,24999,4.3979
PAN 2010,22739,4.3568
PAN 2009,21823,4.3389
PAN 2008,21868,4.3398
PAN 2007,20209,4.3055
PAN 2006,18190,4.2598
PAN 2005,16868,4.2271
PAN 2004,15875,4.2007
PAN 2003,14958,4.1749
PAN 2002,14507,4.1616
PAN 2001,14428,4.1592
PAN 2000,14573,4.1635
PNG 2023,4206,3.6239
PNG 2022,4126,3.6155
PNG 2021,3977,3.5996
PNG 2020,4078,3.6105
PNG 2019,4302,3.6337
PNG 2018,4212,3.6245
PNG 2017,4323,3.6358
PNG 2016,4276,3.6311
PNG 2015,4155,3.6186
PNG 2014,3999,3.602
PNG 2013,3616,3.5582
PNG 2012,3578,3.5536
PNG 2011,3515,3.546
PNG 2010,3580,3.5538
PNG 2009,3350,3.5251
PNG 2008,3234,3.5098
PNG 2007,3346,3.5246
PNG 2006,3203,3.5055
PNG 2005,3137,3.4965
PNG 2004,3047,3.4838
PNG 2003,3065,3.4864
PNG 2002,3101,3.4915
PNG 2001,3212,3.5068
PNG 2000,3327,3.5221
PRY 2023,15832,4.1995
PRY 2022,15223,4.1825
PRY 2021,15401,4.1875
PRY 2020,14990,4.1758
PRY 2019,15319,4.1852
PRY 2018,15591,4.1929
PRY 2017,15318,4.1852
PRY 2016,14825,4.171
PRY 2015,14426,4.1591
PRY 2014,14218,4.1528
PRY 2013,13699,4.1367
PRY 2012,12833,4.1083
PRY 2011,13108,4.1175
PRY 2010,12737,4.1051
PRY 2009,11600,4.0645
PRY 2008,11750,4.07
PRY 2007,11140,4.0469
PRY 2006,10672,4.0282
PRY 2005,10289,4.0124
PRY 2004,10186,4.008
PRY 2003,9902,3.9957
PRY 2002,9610,3.9827
PRY 2001,9748,3.9889
PRY 2000,9997,3.9999
PER 2023,15342,4.1859
PER 2022,15567,4.1922
PER 2021,15286,4.1843
PER 2020,13608,4.1338
PER 2019,15461,4.1893
PER 2018,15384,4.1871
PER 2017,15067,4.178
PER 2016,14915,4.1736
PER 2015,14541,4.1626
PER 2014,14243,4.1536
PER 2013,14050,4.1477
PER 2012,13394,4.1269
PER 2011,12725,4.1047
PER 2010,12057,4.0813
PER 2009,11203,4.0493
PER 2008,11150,4.0473
PER 2007,10285,4.0122
PER 2006,9547,3.9798
PER 2005,8949,3.9518
PER 2004,8495,3.9292
PER 2003,8173,3.9124
PER 2002,7931,3.8993
PER 2001,7611,3.8814
PER 2000,7668,3.8847
PHL 2023,9899,3.9956
PHL 2022,9457,3.9758
PHL 2021,8858,3.9473
PHL 2020,8455,3.9271
PHL 2019,9452,3.9755
PHL 2018,9016,3.955
PHL 2017,8584,3.9337
PHL 2016,8132,3.9102
PHL 2015,7692,3.886
PHL 2014,7340,3.8657
PHL 2013,7017,3.8461
PHL 2012,6698,3.8259
PHL 2011,6388,3.8054
PHL 2010,6273,3.7975
PHL 2009,5965,3.7756
PHL 2008,5987,3.7772
PHL 2007,5840,3.7664
PHL 2006,5579,3.7465
PHL 2005,5387,3.7313
PHL 2004,5229,3.7185
PHL 2003,5003,3.6993
PHL 2002,4856,3.6863
PHL 2001,4778,3.6793
PHL 2000,4740,3.6758
POL 2023,43673,4.6402
POL 2022,43405,4.6375
POL 2021,41060,4.6134
POL 2020,37853,4.5781
POL 2019,38182,4.5819
POL 2018,36500,4.5623
POL 2017,34355,4.536
POL 2016,32675,4.5142
POL 2015,31700,4.5011
POL 2014,30335,4.4819
POL 2013,29169,4.4649
POL 2012,28953,4.4617
POL 2011,28522,4.4552
POL 2010,27112,4.4332
POL 2009,26204,4.4184
POL 2008,25554,4.4075
POL 2007,24484,4.3889
POL 2006,22921,4.3602
POL 2005,21569,4.3338
POL 2004,20879,4.3197
POL 2003,19856,4.2979
POL 2002,19167,4.2826
POL 2001,18801,4.2742
POL 2000,18566,4.2687
PRT 2023,41768,4.6208
PRT 2022,41071,4.6135
PRT 2021,38658,4.5872
PRT 2020,36852,4.5665
PRT 2019,40188,4.6041
PRT 2018,39124,4.5924
PRT 2017,37943,4.5791
PRT 2016,36636,4.5639
PRT 2015,35803,4.5539
PRT 2014,35097,4.5453
PRT 2013,34652,4.5397
PRT 2012,34805,4.5416
PRT 2011,36127,4.5578
PRT 2010,36703,4.5647
PRT 2009,36093,4.5574
PRT 2008,37292,4.5716
PRT 2007,37226,4.5709
PRT 2006,36388,4.561
PRT 2005,35870,4.5547
PRT 2004,35658,4.5522
PRT 2003,35115,4.5455
PRT 2002,35579,4.5512
PRT 2001,35500,4.5502
PRT 2000,35070,4.5449
PRI 2023,42838,4.6318
PRI 2022,42311,4.6265
PRI 2021,40559,4.6081
PRI 2020,40171,4.6039
PRI 2019,41656,4.6197
PRI 2018,41119,4.614
PRI 2017,41480,4.6178
PRI 2016,41858,4.6218
PRI 2015,41738,4.6205
PRI 2014,41594,4.619
PRI 2013,41557,4.6186
PRI 2012,41347,4.6164
PRI 2011,40973,4.6125
PRI 2010,40778,4.6104
PRI 2009,40772,4.6104
PRI 2008,41358,4.6166
PRI 2007,41889,4.6221
PRI 2006,42134,4.6246
PRI 2005,42556,4.629
PRI 2004,43356,4.637
PRI 2003,39876,4.6007
PRI 2002,39880,4.6008
PRI 2001,39569,4.5974
PRI 2000,37299,4.5717
QAT 2023,116159,5.0651
QAT 2022,114740,5.0597
QAT 2021,116833,5.0676
QAT 2020,103062,5.0131
QAT 2019,113161,5.0537
QAT 2018,114910,5.0604
QAT 2017,115065,5.0609
QAT 2016,120054,5.0794
QAT 2015,123071,5.0902
QAT 2014,128014,5.1073
QAT 2013,138047,5.14
QAT 2012,147077,5.1675
QAT 2011,149025,5.1733
QAT 2010,132502,5.1222
QAT 2009,114070,5.0572
QAT 2008,114879,5.0602
QAT 2007,115273,5.0617
QAT 2006,121378,5.0841
QAT 2005,113384,5.0546
QAT 2004,112584,5.0515
QAT 2003,98068,4.9915
QAT 2002,99001,4.9956
QAT 2001,96902,4.9863
QAT 2000,98029,4.9914
ROU 2023,40117,4.6033
ROU 2022,39257,4.5939
ROU 2021,37534,4.5744
ROU 2020,35284,4.5476
ROU 2019,36399,4.5611
ROU 2018,34829,4.5419
ROU 2017,32853,4.5166
ROU 2016,30189,4.4799
ROU 2015,29182,4.4651
ROU 2014,28156,4.4496
ROU 2013,26942,4.4304
ROU 2012,26767,4.4276
ROU 2011,26151,4.4175
ROU 2010,24903,4.3963
ROU 2009,25762,4.411
ROU 2008,27040,4.432
ROU 2007,24328,4.3861
ROU 2006,22355,4.3494
ROU 2005,20571,4.3133
ROU 2004,19532,4.2908
ROU 2003,17587,4.2452
ROU 2002,17062,4.232
ROU 2001,15848,4.2
ROU 2000,14854,4.1718
RUS 2023,39881,4.6008
RUS 2022,38215,4.5822
RUS 2021,38638,4.587
RUS 2020,36376,4.5608
RUS 2019,37319,4.5719
RUS 2018,36537,4.5627
RUS 2017,35571,4.5511
RUS 2016,35005,4.5441
RUS 2015,35037,4.5445
RUS 2014,35853,4.5545
RUS 2013,36260,4.5594
RUS 2012,35741,4.5532
RUS 2011,34445,4.5371
RUS 2010,33064,4.5193
RUS 2009,31654,4.5004
RUS 2008,34342,4.5358
RUS 2007,32630,4.5136
RUS 2006,30023,4.4774
RUS 2005,27657,4.4418
RUS 2004,25894,4.4132
RUS 2003,24058,4.3813
RUS 2002,22320,4.3487
RUS 2001,21220,4.3267
RUS 2000,20105,4.3033
RWA 2023,3168,3.5008
RWA 2022,2983,3.4747
RWA 2021,2776,3.4435
RWA 2020,2618,3.4179
RWA 2019,2754,3.4399
RWA 2018,2578,3.4112
RWA 2017,2441,3.3876
RWA 2016,2387,3.3778
RWA 2015,2313,3.3642
RWA 2014,2176,3.3377
RWA 2013,2110,3.3242
RWA 2012,2064,3.3146
RWA 2011,1946,3.289
RWA 2010,1847,3.2664
RWA 2009,1765,3.2467
RWA 2008,1704,3.2315
RWA 2007,1574,3.197
RWA 2006,1502,3.1766
RWA 2005,1412,3.1499
RWA 2004,1326,3.1225
RWA 2003,1267,3.1028
RWA 2002,1267,3.1028
RWA 2001,1135,3.0549
RWA 2000,1055,3.0234
WSM 2023,7385,3.8683
WSM 2022,6450,3.8096
WSM 2021,6351,3.8028
WSM 2020,6746,3.8291
WSM 2019,7034,3.8472
WSM 2018,6806,3.8329
WSM 2017,6920,3.8401
WSM 2016,6888,3.8381
WSM 2015,6433,3.8084
WSM 2014,6249,3.7958
WSM 2013,6263,3.7968
WSM 2012,6313,3.8002
WSM 2011,6618,3.8207
WSM 2010,6428,3.8081
WSM 2009,6105,3.7857
WSM 2008,6184,3.7912
WSM 2007,6014,3.7792
WSM 2006,6018,3.7795
WSM 2005,5916,3.772
WSM 2004,5569,3.7458
WSM 2003,5426,3.7345
WSM 2002,5184,3.7147
WSM 2001,4942,3.6939
WSM 2000,4639,3.6664
SMR 2023,70952,4.851
SMR 2022,70888,4.8506
SMR 2021,64745,4.8112
SMR 2020,55998,4.7482
SMR 2019,60171,4.7794
SMR 2018,59194,4.7723
SMR 2017,59525,4.7747
SMR 2016,60670,4.783
SMR 2015,59648,4.7756
SMR 2014,58744,4.769
SMR 2013,58468,4.7669
SMR 2012,58176,4.7647
SMR 2011,64214,4.8076
SMR 2010,68669,4.8368
SMR 2009,73094,4.8639
SMR 2008,85120,4.93
SMR 2007,86785,4.9384
SMR 2006,83782,4.9231
SMR 2005,81632,4.9119
SMR 2004,80725,4.907
SMR 2003,81688,4.9122
SMR 2002,79650,4.9012
SMR 2001,80421,4.9054
SMR 2000,77149,4.8873
STP 2023,5541,3.7436
STP 2022,5632,3.7507
STP 2021,5733,3.7584
STP 2020,5743,3.7591
STP 2019,5702,3.756
STP 2018,5675,3.7539
STP 2017,5521,3.742
STP 2016,5389,3.7315
STP 2015,5210,3.7169
STP 2014,5223,3.7179
STP 2013,5072,3.7052
STP 2012,4920,3.6919
STP 2011,4876,3.6881
STP 2010,4882,3.6886
STP 2009,4919,3.6919
STP 2008,4873,3.6878
STP 2007,4698,3.6719
STP 2006,4644,3.6669
STP 2005,4371,3.6406
STP 2004,4203,3.6235
STP 2003,4162,3.6193
STP 2002,3943,3.5958
STP 2001,3907,3.5918
STP 2000,3853,3.5858
SAU 2023,64482,4.8094
SAU 2022,67179,4.8272
SAU 2021,62690,4.7972
SAU 2020,57421,4.7591
SAU 2019,62648,4.7969
SAU 2018,61359,4.7879
SAU 2017,57943,4.763
SAU 2016,57308,4.7582
SAU 2015,58499,4.7671
SAU 2014,58872,4.7699
SAU 2013,57998,4.7634
SAU 2012,59472,4.7743
SAU 2011,58645,4.7682
SAU 2010,54912,4.7397
SAU 2009,51761,4.714
SAU 2008,54408,4.7357
SAU 2007,53318,4.7269
SAU 2006,54374,4.7354
SAU 2005,54932,4.7398
SAU 2004,54197,4.734
SAU 2003,52235,4.718
SAU 2002,50372,4.7022
SAU 2001,53309,4.7268
SAU 2000,55962,4.7479
SEN 2023,4305,3.6339
SEN 2022,4229,3.6262
SEN 2021,4174,3.6205
SEN 2020,4018,3.604
SEN 2019,4071,3.6097
SEN 2018,3998,3.6019
SEN 2017,3871,3.5879
SEN 2016,3710,3.5694
SEN 2015,3594,3.5556
SEN 2014,3484,3.5421
SEN 2013,3385,3.5296
SEN 2012,3405,3.5321
SEN 2011,3363,3.5267
SEN 2010,3404,3.5319
SEN 2009,3371,3.5278
SEN 2008,3360,3.5263
SEN 2007,3316,3.5207
SEN 2006,3301,3.5186
SEN 2005,3302,3.5188
SEN 2004,3240,3.5106
SEN 2003,3170,3.5011
SEN 2002,3075,3.4879
SEN 2001,3149,3.4982
SEN 2000,3093,3.4904
SRB 2023,25735,4.4105
SRB 2022,24652,4.3918
SRB 2021,23406,4.3693
SRB 2020,21479,4.332
SRB 2019,21541,4.3333
SRB 2018,20454,4.3108
SRB 2017,19439,4.2887
SRB 2016,18889,4.2762
SRB 2015,18248,4.2612
SRB 2014,17922,4.2534
SRB 2013,18163,4.2592
SRB 2012,17994,4.2551
SRB 2011,17987,4.2549
SRB 2010,17841,4.2514
SRB 2009,17488,4.2427
SRB 2008,17983,4.2549
SRB 2007,17028,4.2312
SRB 2006,15727,4.1967
SRB 2005,15078,4.1783
SRB 2004,14194,4.1521
SRB 2003,13274,4.123
SRB 2002,12662,4.1025
SRB 2001,11879,4.0748
SRB 2000,11106,4.0456
SYC 2023,28714,4.4581
SYC 2022,27276,4.4358
SYC 2021,29980,4.4768
SYC 2020,30056,4.4779
SYC 2019,34346,4.5359
SYC 2018,32841,4.5164
SYC 2017,31596,4.4996
SYC 2016,29905,4.4757
SYC 2015,27032,4.4319
SYC 2014,25379,4.4045
SYC 2013,24771,4.3939
SYC 2012,24920,4.3965
SYC 2011,24406,4.3875
SYC 2010,21709,4.3366
SYC 2009,21361,4.3296
SYC 2008,21990,4.3422
SYC 2007,23118,4.3639
SYC 2006,21342,4.3292
SYC 2005,19917,4.2992
SYC 2004,18356,4.2638
SYC 2003,18825,4.2747
SYC 2002,19778,4.2962
SYC 2001,20147,4.3042
SYC 2000,20634,4.3146
SLE 2023,3035,3.4822
SLE 2022,2935,3.4676
SLE 2021,2849,3.4548
SLE 2020,2753,3.4397
SLE 2019,2853,3.4553
SLE 2018,2767,3.4421
SLE 2017,2753,3.4399
SLE 2016,2732,3.4365
SLE 2015,2628,3.4197
SLE 2014,2813,3.4491
SLE 2013,3125,3.4948
SLE 2012,2793,3.4461
SLE 2011,2591,3.4134
SLE 2010,2460,3.3909
SLE 2009,2377,3.376
SLE 2008,2405,3.3811
SLE 2007,2378,3.3762
SLE 2006,2343,3.3697
SLE 2005,2297,3.3611
SLE 2004,2261,3.3543
SLE 2003,2196,3.3417
SLE 2002,2089,3.32
SLE 2001,1749,3.2429
SLE 2000,1982,3.297
SGP 2023,130297,5.1149
SGP 2022,134828,5.1298
SGP 2021,133990,5.1271
SGP 2020,116684,5.067
SGP 2019,120678,5.0816
SGP 2018,120669,5.0816
SGP 2017,117493,5.07
SGP 2016,112720,5.052
SGP 2015,109894,5.041
SGP 2014,107991,5.0334
SGP 2013,105260,5.0223
SGP 2012,102061,5.0089
SGP 2011,100154,5.0007
SGP 2010,96280,4.9835
SGP 2009,85576,4.9324
SGP 2008,88083,4.9449
SGP 2007,91198,4.96
SGP 2006,87210,4.9406
SGP 2005,82547,4.9167
SGP 2004,78713,4.896
SGP 2003,72498,4.8603
SGP 2002,68329,4.8346
SGP 2001,66352,4.8219
SGP 2000,68904,4.8382
SXM 2023,46571,4.6681
SXM 2022,45516,4.6582
SXM 2021,40507,4.6075
SXM 2020,39266,4.594
SXM 2019,45997,4.6627
SXM 2018,42154,4.6248
SXM 2017,46088,4.6636
SXM 2016,50818,4.706
SXM 2015,51376,4.7108
SXM 2014,52439,4.7197
SXM 2013,52801,4.7226
SXM 2012,53357,4.7272
SXM 2011,53786,4.7307
SXM 2010,52141,4.7172
SXM 2009,50981,4.7074
SVK 2023,39502,4.5966
SVK 2022,38649,4.5871
SVK 2021,38330,4.5835
SVK 2020,36201,4.5587
SVK 2019,37194,4.5705
SVK 2018,36416,4.5613
SVK 2017,35043,4.5446
SVK 2016,34116,4.533
SVK 2015,33508,4.5251
SVK 2014,31889,4.5036
SVK 2013,31078,4.4925
SVK 2012,30894,4.4899
SVK 2011,30469,4.4839
SVK 2010,29746,4.4734
SVK 2009,27880,4.4453
SVK 2008,29544,4.4705
SVK 2007,28064,4.4482
SVK 2006,25332,4.4037
SVK 2005,23257,4.3666
SVK 2004,21843,4.3393
SVK 2003,20722,4.3164
SVK 2002,19749,4.2955
SVK 2001,18907,4.2766
SVK 2000,18336,4.2633
SVN 2023,47986,4.6811
SVN 2022,47059,4.6726
SVN 2021,45923,4.662
SVN 2020,42472,4.6281
SVN 2019,44578,4.6491
SVN 2018,43369,4.6372
SVN 2017,41701,4.6201
SVN 2016,39675,4.5985
SVN 2015,38535,4.5859
SVN 2014,37662,4.5759
SVN 2013,36686,4.5645
SVN 2012,37041,4.5687
SVN 2011,38233,4.5824
SVN 2010,38063,4.5805
SVN 2009,37809,4.5776
SVN 2008,41286,4.6158
SVN 2007,40003,4.6021
SVN 2006,37546,4.5746
SVN 2005,35565,4.551
SVN 2004,34305,4.5354
SVN 2003,32834,4.5163
SVN 2002,31837,4.5029
SVN 2001,30863,4.4894
SVN 2000,30061,4.478
SLB 2023,2340,3.3692
SLB 2022,2330,3.3674
SLB 2021,2450,3.3892
SLB 2020,2515,3.4006
SLB 2019,2662,3.4252
SLB 2018,2686,3.4292
SLB 2017,2704,3.432
SLB 2016,2716,3.4339
SLB 2015,2665,3.4257
SLB 2014,2717,3.4341
SLB 2013,2784,3.4447
SLB 2012,2744,3.4384
SLB 2011,2778,3.4437
SLB 2010,2683,3.4286
SLB 2009,2515,3.4006
SLB 2008,2490,3.3962
SLB 2007,2385,3.3774
SLB 2006,2341,3.3694
SLB 2005,2288,3.3594
SLB 2004,2169,3.3362
SLB 2003,2051,3.3119
SLB 2002,1961,3.2924
SLB 2001,2056,3.3129
SLB 2000,2277,3.3574
SOM 2023,1402,3.1466
SOM 2022,1388,3.1422
SOM 2021,1392,3.1437
SOM 2020,1396,3.1449
SOM 2019,1491,3.1736
SOM 2018,1505,3.1775
SOM 2017,1528,3.184
SOM 2016,1384,3.1412
SOM 2015,1344,3.1284
SOM 2014,1259,3.1001
SOM 2013,1198,3.0784
SOM 2012,1115,3.0472
SOM 2011,1054,3.023
SOM 2010,995,2.9979
SOM 2009,956,2.9806
SOM 2008,919,2.9634
SOM 2007,887,2.9481
SOM 2006,858,2.9335
SOM 2005,831,2.9195
SOM 2004,803,2.9047
SOM 2003,778,2.8909
SOM 2002,750,2.875
SOM 2001,723,2.8594
SOM 2000,703,2.8469
ZAF 2023,13695,4.1366
ZAF 2022,13767,4.1389
ZAF 2021,13682,4.1361
ZAF 2020,13251,4.1222
ZAF 2019,14353,4.1569
ZAF 2018,14554,4.163
ZAF 2017,14574,4.1636
ZAF 2016,14501,4.1614
ZAF 2015,14542,4.1626
ZAF 2014,14643,4.1656
ZAF 2013,14681,4.1668
ZAF 2012,14564,4.1633
ZAF 2011,14434,4.1594
ZAF 2010,14165,4.1512
ZAF 2009,13911,4.1433
ZAF 2008,14298,4.1553
ZAF 2007,14016,4.1466
ZAF 2006,13444,4.1285
ZAF 2005,12862,4.1093
ZAF 2004,12341,4.0914
ZAF 2003,11923,4.0764
ZAF 2002,11698,4.0681
ZAF 2001,11387,4.0564
ZAF 2000,11184,4.0486
ESP 2023,47323,4.6751
ESP 2022,46733,4.6696
ESP 2021,44252,4.6459
ESP 2020,41553,4.6186
ESP 2019,46896,4.6711
ESP 2018,46325,4.6658
ESP 2017,45446,4.6575
ESP 2016,44275,4.6462
ESP 2015,43054,4.634
ESP 2014,41339,4.6164
ESP 2013,40595,4.6085
ESP 2012,41034,4.6131
ESP 2011,42272,4.6261
ESP 2010,42696,4.6304
ESP 2009,42852,4.632
ESP 2008,44926,4.6525
ESP 2007,45301,4.6561
ESP 2006,44573,4.6491
ESP 2005,43571,4.6392
ESP 2004,42793,4.6314
ESP 2003,42223,4.6256
ESP 2002,41766,4.6208
ESP 2001,41224,4.6152
ESP 2000,39946,4.6015
LKA 2023,13065,4.1161
LKA 2022,13249,4.1222
LKA 2021,14316,4.1558
LKA 2020,13887,4.1426
LKA 2019,14637,4.1655
LKA 2018,14760,4.1691
LKA 2017,14572,4.1635
LKA 2016,13846,4.1413
LKA 2015,13330,4.1248
LKA 2014,12910,4.1109
LKA 2013,12250,4.0881
LKA 2012,11448,4.0587
LKA 2011,10618,4.0261
LKA 2010,9832,3.9927
LKA 2009,9156,3.9617
LKA 2008,8898,3.9493
LKA 2007,8454,3.9271
LKA 2006,7971,3.9015
LKA 2005,7453,3.8723
LKA 2004,7060,3.8488
LKA 2003,6741,3.8287
LKA 2002,6410,3.8068
LKA 2001,6230,3.7945
LKA 2000,6429,3.8081
KNA 2023,30617,4.486
KNA 2022,29750,4.4735
KNA 2021,26897,4.4297
KNA 2020,26737,4.4271
KNA 2019,31512,4.4985
KNA 2018,30576,4.4854
KNA 2017,29949,4.4764
KNA 2016,29867,4.4752
KNA 2015,28730,4.4583
KNA 2014,28530,4.4553
KNA 2013,26532,4.4238
KNA 2012,25114,4.3999
KNA 2011,25380,4.4045
KNA 2010,24998,4.3979
KNA 2009,24974,4.3975
KNA 2008,25899,4.4133
KNA 2007,23330,4.3679
KNA 2006,23259,4.3666
KNA 2005,22613,4.3544
KNA 2004,20661,4.3152
KNA 2003,19927,4.2994
KNA 2002,20813,4.3183
KNA 2001,20649,4.3149
KNA 2000,19841,4.2976
LCA 2023,23636,4.3736
LCA 2022,22811,4.3581
LCA 2021,19141,4.282
LCA 2020,17248,4.2367
LCA 2019,22445,4.3511
LCA 2018,22761,4.3572
LCA 2017,22207,4.3465
LCA 2016,21566,4.3338
LCA 2015,20940,4.321
LCA 2014,21011,4.3224
LCA 2013,20827,4.3186
LCA 2012,21309,4.3286
LCA 2011,21430,4.331
LCA 2010,20649,4.3149
LCA 2009,20707,4.3161
LCA 2008,21443,4.3313
LCA 2007,20560,4.313
LCA 2006,20354,4.3086
LCA 2005,19304,4.2856
LCA 2004,19526,4.2906
LCA 2003,18345,4.2635
LCA 2002,17740,4.2489
LCA 2001,17821,4.2509
LCA 2000,18638,4.2704
VCT 2023,17858,4.2518
VCT 2022,16835,4.2262
VCT 2021,16201,4.2095
VCT 2020,15764,4.1977
VCT 2019,16365,4.2139
VCT 2018,16139,4.2079
VCT 2017,15533,4.1913
VCT 2016,15198,4.1818
VCT 2015,14509,4.1616
VCT 2014,14040,4.1474
VCT 2013,13804,4.14
VCT 2012,13398,4.127
VCT 2011,13169,4.1195
VCT 2010,13176,4.1198
VCT 2009,13724,4.1375
VCT 2008,13850,4.1415
VCT 2007,13732,4.1377
VCT 2006,13233,4.1217
VCT 2005,12320,4.0906
VCT 2004,11980,4.0785
VCT 2003,11475,4.0598
VCT 2002,10736,4.0308
VCT 2001,10178,4.0077
VCT 2000,9999,4
SDN 2023,2181,3.3387
SDN 2022,3132,3.4958
SDN 2021,3249,3.5117
SDN 2020,3401,3.5316
SDN 2019,3626,3.5594
SDN 2018,3817,3.5817
SDN 2017,4061,3.6086
SDN 2016,4175,3.6206
SDN 2015,4159,3.619
SDN 2014,4208,3.624
SDN 2013,4130,3.616
SDN 2012,4146,3.6176
SDN 2011,4468,3.6501
SDN 2010,4220,3.6253
SDN 2009,4188,3.622
SDN 2008,4446,3.648
SDN 2007,4416,3.645
SDN 2006,4300,3.6335
SDN 2005,4152,3.6183
SDN 2004,4041,3.6065
SDN 2003,3947,3.5963
SDN 2002,3814,3.5814
SDN 2001,3702,3.5684
SDN 2000,3576,3.5534
SUR 2023,19021,4.2792
SUR 2022,18743,4.2728
SUR 2021,18458,4.2662
SUR 2020,19091,4.2808
SUR 2019,22967,4.3611
SUR 2018,22939,4.3606
SUR 2017,22071,4.3438
SUR 2016,21950,4.3414
SUR 2015,23328,4.3679
SUR 2014,24414,4.3876
SUR 2013,24624,4.3914
SUR 2012,24194,4.3837
SUR 2011,23830,4.3771
SUR 2010,22772,4.3574
SUR 2009,21906,4.3406
SUR 2008,21516,4.3328
SUR 2007,20902,4.3202
SUR 2006,20114,4.3035
SUR 2005,19220,4.2838
SUR 2004,18586,4.2692
SUR 2003,17384,4.2401
SUR 2002,16678,4.2221
SUR 2001,16557,4.219
SUR 2000,16220,4.2101
SWE 2023,62123,4.7932
SWE 2022,62545,4.7962
SWE 2021,62191,4.7937
SWE 2020,59458,4.7742
SWE 2019,61071,4.7858
SWE 2018,60125,4.7791
SWE 2017,59769,4.7765
SWE 2016,59460,4.7742
SWE 2015,58956,4.7705
SWE 2014,57078,4.7565
SWE 2013,56353,4.7509
SWE 2012,56193,4.7497
SWE 2011,56846,4.7547
SWE 2010,55520,4.7445
SWE 2009,52951,4.7239
SWE 2008,55777,4.7465
SWE 2007,56737,4.7539
SWE 2006,55374,4.7433
SWE 2005,53199,4.7259
SWE 2004,51961,4.7157
SWE 2003,50072,4.6996
SWE 2002,49331,4.6931
SWE 2001,48390,4.6848
SWE 2000,47869,4.68
CHE 2023,85383,4.9314
CHE 2022,85762,4.9333
CHE 2021,83525,4.9218
CHE 2020,79271,4.8991
CHE 2019,81695,4.9122
CHE 2018,81372,4.9105
CHE 2017,79334,4.8995
CHE 2016,78956,4.8974
CHE 2015,78326,4.8939
CHE 2014,78087,4.8926
CHE 2013,77085,4.887
CHE 2012,76570,4.8841
CHE 2011,76527,4.8838
CHE 2010,76309,4.8826
CHE 2009,74673,4.8732
CHE 2008,77104,4.8871
CHE 2007,76162,4.8817
CHE 2006,73902,4.8687
CHE 2005,71414,4.8538
CHE 2004,69812,4.8439
CHE 2003,68521,4.8358
CHE 2002,69228,4.8403
CHE 2001,69490,4.8419
CHE 2000,68835,4.8378
SYR 2022,4579,3.6608
SYR 2021,4766,3.6781
SYR 2020,4811,3.6822
SYR 2019,4928,3.6927
SYR 2018,5061,3.7043
SYR 2017,5084,3.7062
SYR 2016,5129,3.71
SYR 2015,5415,3.7336
SYR 2014,5414,3.7335
SYR 2013,5649,3.7519
SYR 2012,7296,3.8631
SYR 2011,9854,3.9936
SYR 2010,9750,3.989
SYR 2009,9482,3.9769
SYR 2008,9093,3.9587
SYR 2007,9017,3.9551
SYR 2006,9075,3.9578
SYR 2005,9017,3.955
SYR 2004,8710,3.94
SYR 2003,8351,3.9218
SYR 2002,8502,3.9295
SYR 2001,8076,3.9072
SYR 2000,7974,3.9017
TJK 2023,4472,3.6505
TJK 2022,4214,3.6247
TJK 2021,3986,3.6005
TJK 2020,3725,3.5711
TJK 2019,3650,3.5623
TJK 2018,3480,3.5415
TJK 2017,3313,3.5202
TJK 2016,3170,3.5011
TJK 2015,3041,3.4831
TJK 2014,2943,3.4688
TJK 2013,2828,3.4515
TJK 2012,2700,3.4314
TJK 2011,2572,3.4104
TJK 2010,2449,3.389
TJK 2009,2350,3.371
TJK 2008,2308,3.3633
TJK 2007,2182,3.3388
TJK 2006,2063,3.3146
TJK 2005,1965,3.2934
TJK 2004,1878,3.2738
TJK 2003,1737,3.2397
TJK 2002,1595,3.2027
TJK 2001,1467,3.1665
TJK 2000,1365,3.1352
TZA 2023,3621,3.5588
TZA 2022,3547,3.5499
TZA 2021,3493,3.5432
TZA 2020,3450,3.5378
TZA 2019,3485,3.5422
TZA 2018,3393,3.5305
TZA 2017,3318,3.5209
TZA 2016,3214,3.5071
TZA 2015,3111,3.493
TZA 2014,3028,3.4811
TZA 2013,2925,3.4661
TZA 2012,2822,3.4506
TZA 2011,2780,3.444
TZA 2010,2655,3.424
TZA 2009,2561,3.4084
TZA 2008,2493,3.3968
TZA 2007,2424,3.3845
TZA 2006,2334,3.3681
TZA 2005,2253,3.3528
TZA 2004,2155,3.3335
TZA 2003,2060,3.3138
TZA 2002,1983,3.2972
TZA 2001,1900,3.2787
TZA 2000,1840,3.2648
THA 2023,21245,4.3273
THA 2022,20768,4.3174
THA 2021,20237,4.3061
THA 2020,19950,4.2999
THA 2019,21280,4.328
THA 2018,20882,4.3198
THA 2017,20097,4.3031
THA 2016,19373,4.2872
THA 2015,18814,4.2745
THA 2014,18327,4.2631
THA 2013,18244,4.2611
THA 2012,17872,4.2522
THA 2011,16768,4.2245
THA 2010,16732,4.2236
THA 2009,15668,4.195
THA 2008,15894,4.2012
THA 2007,15744,4.1971
THA 2006,15053,4.1776
THA 2005,14460,4.1602
THA 2004,13999,4.1461
THA 2003,13289,4.1235
THA 2002,12514,4.0974
THA 2001,11903,4.0756
THA 2000,11624,4.0653
TLS 2023,4331,3.6366
TLS 2022,5348,3.7282
TLS 2021,6825,3.8341
TLS 2020,6595,3.8192
TLS 2019,5103,3.7078
TLS 2018,4189,3.6221
TLS 2017,4290,3.6325
TLS 2016,4515,3.6547
TLS 2015,4468,3.6501
TLS 2014,4445,3.6479
TLS 2013,4340,3.6375
TLS 2012,4298,3.6333
TLS 2011,4190,3.6222
TLS 2010,4047,3.6072
TLS 2009,3792,3.5789
TLS 2008,3531,3.5479
TLS 2007,3257,3.5128
TLS 2006,3039,3.4827
TLS 2005,3264,3.5137
TLS 2004,3235,3.5099
TLS 2003,3265,3.5139
TLS 2002,3481,3.5417
TLS 2001,4038,3.6062
TLS 2000,3784,3.5779
TGO 2023,3216,3.5073
TGO 2022,3086,3.4895
TGO 2021,2952,3.4701
TGO 2020,2861,3.4566
TGO 2019,2863,3.4568
TGO 2018,2788,3.4452
TGO 2017,2709,3.4327
TGO 2016,2649,3.4231
TGO 2015,2588,3.413
TGO 2014,2501,3.3982
TGO 2013,2416,3.3832
TGO 2012,2333,3.368
TGO 2011,2247,3.3515
TGO 2010,2182,3.3388
TGO 2009,2126,3.3277
TGO 2008,2083,3.3186
TGO 2007,2067,3.3154
TGO 2006,2159,3.3342
TGO 2005,2164,3.3353
TGO 2004,2327,3.3667
TGO 2003,2408,3.3816
TGO 2002,2313,3.3642
TGO 2001,2284,3.3586
TGO 2000,2322,3.3659
TON 2023,7031,3.847
TON 2022,6811,3.8332
TON 2021,6930,3.8407
TON 2020,6981,3.8439
TON 2019,6860,3.8363
TON 2018,6886,3.838
TON 2017,6864,3.8365
TON 2016,6640,3.8222
TON 2015,6195,3.7921
TON 2014,6098,3.7852
TON 2013,5952,3.7747
TON 2012,5908,3.7714
TON 2011,5848,3.767
TON 2010,5489,3.7395
TON 2009,5455,3.7368
TON 2008,5759,3.7604
TON 2007,5507,3.7409
TON 2006,5672,3.7537
TON 2005,5829,3.7656
TON 2004,5901,3.7709
TON 2003,6055,3.7821
TON 2002,6086,3.7843
TON 2001,5861,3.768
TON 2000,5809,3.7641
TTO 2023,31197,4.4941
TTO 2022,30784,4.4883
TTO 2021,30482,4.484
TTO 2020,30721,4.4874
TTO 2019,33749,4.5283
TTO 2018,33710,4.5278
TTO 2017,34096,4.5327
TTO 2016,35915,4.5553
TTO 2015,38964,4.5907
TTO 2014,39249,4.5938
TTO 2013,37994,4.5797
TTO 2012,36904,4.5671
TTO 2011,34770,4.5412
TTO 2010,35145,4.5459
TTO 2009,34212,4.5342
TTO 2008,35825,4.5542
TTO 2007,34794,4.5415
TTO 2006,33349,4.5231
TTO 2005,29536,4.4704
TTO 2004,26758,4.4275
TTO 2003,24911,4.3964
TTO 2002,21877,4.34
TTO 2001,20367,4.3089
TTO 2000,19638,4.2931
TUN 2023,12651,4.1021
TUN 2022,12712,4.1042
TUN 2021,12444,4.095
TUN 2020,11956,4.0776
TUN 2019,13244,4.122
TUN 2018,13163,4.1194
TUN 2017,12955,4.1125
TUN 2016,12804,4.1073
TUN 2015,12803,4.1073
TUN 2014,12824,4.108
TUN 2013,12588,4.1
TUN 2012,12436,4.0947
TUN 2011,12069,4.0817
TUN 2010,12458,4.0955
TUN 2009,12230,4.0874
TUN 2008,11990,4.0788
TUN 2007,11614,4.065
TUN 2006,10984,4.0408
TUN 2005,10529,4.0224
TUN 2004,10264,4.0113
TUN 2003,9752,3.9891
TUN 2002,9408,3.9735
TUN 2001,9381,3.9722
TUN 2000,9134,3.9607
TUR 2023,35069,4.5449
TUR 2022,33521,4.5253
TUR 2021,32106,4.5066
TUR 2020,28977,4.462
TUR 2019,28741,4.4585
TUR 2018,28780,4.4591
TUR 2017,28195,4.4502
TUR 2016,26490,4.4231
TUR 2015,25985,4.4147
TUR 2014,24889,4.396
TUR 2013,24117,4.3823
TUR 2012,22518,4.3525
TUR 2011,21760,4.3377
TUR 2010,19897,4.2988
TUR 2009,18612,4.2698
TUR 2008,19840,4.2975
TUR 2007,19909,4.2991
TUR 2006,18972,4.2781
TUR 2005,17903,4.2529
TUR 2004,16584,4.2197
TUR 2003,15256,4.1834
TUR 2002,14588,4.164
TUR 2001,13872,4.1421
TUR 2000,14857,4.1719
TKM 2023,17686,4.2476
TKM 2022,16944,4.229
TKM 2021,16260,4.2111
TKM 2020,15631,4.194
TKM 2019,15081,4.1784
TKM 2018,14499,4.1613
TKM 2017,13963,4.145
TKM 2016,13420,4.1278
TKM 2015,12927,4.1115
TKM 2014,12424,4.0943
TKM 2013,11516,4.0613
TKM 2012,10689,4.029
TKM 2011,9838,3.9929
TKM 2010,8759,3.9424
TKM 2009,8187,3.9131
TKM 2008,7870,3.896
TKM 2007,6994,3.8447
TKM 2006,6416,3.8072
TKM 2005,5890,3.7701
TKM 2004,5310,3.7251
TKM 2003,5155,3.7122
TKM 2002,5090,3.7068
TKM 2001,5179,3.7143
TKM 2000,5064,3.7045
TCA 2023,31839,4.503
TCA 2022,28210,4.4504
TCA 2021,25056,4.3989
TCA 2020,19703,4.2945
TCA 2019,30611,4.4859
TCA 2018,30286,4.4812
TCA 2017,29540,4.4704
TCA 2016,17626,4.2461
TCA 2015,17202,4.2356
TCA 2014,16139,4.2079
TCA 2013,15462,4.1893
TCA 2012,16025,4.2048
TCA 2011,17147,4.2342
TCA 2010,17000,4.2305
TCA 2009,17512,4.2433
TCA 2008,22689,4.3558
TCA 2007,21879,4.34
TUV 2023,5315,3.7255
TUV 2022,5045,3.7028
TUV 2021,5552,3.7444
TUV 2020,5442,3.7358
TUV 2019,5516,3.7416
TUV 2018,4785,3.6799
TUV 2017,4669,3.6692
TUV 2016,4496,3.6528
TUV 2015,4278,3.6312
TUV 2014,3903,3.5914
TUV 2013,3833,3.5836
TUV 2012,3716,3.57
TUV 2011,3879,3.5888
TUV 2010,3664,3.564
TUV 2009,3812,3.5812
TUV 2008,4094,3.6121
TUV 2007,3894,3.5904
TUV 2006,3688,3.5668
TUV 2005,3683,3.5662
TUV 2004,3875,3.5882
TUV 2003,3998,3.6019
TUV 2002,4212,3.6244
TUV 2001,3903,3.5914
TUV 2000,3893,3.5903
UGA 2023,2791,3.4458
UGA 2022,2725,3.4354
UGA 2021,2685,3.4289
UGA 2020,2678,3.4278
UGA 2019,2689,3.4297
UGA 2018,2614,3.4173
UGA 2017,2544,3.4055
UGA 2016,2554,3.4073
UGA 2015,2520,3.4014
UGA 2014,2471,3.3928
UGA 2013,2421,3.384
UGA 2012,2405,3.3811
UGA 2011,2384,3.3774
UGA 2010,2245,3.3511
UGA 2009,2188,3.3401
UGA 2008,2110,3.3243
UGA 2007,1999,3.3008
UGA 2006,1899,3.2785
UGA 2005,1765,3.2468
UGA 2004,1709,3.2328
UGA 2003,1649,3.2173
UGA 2002,1599,3.2037
UGA 2001,1517,3.181
UGA 2000,1487,3.1723
UKR 2023,15917,4.2019
UKR 2022,13787,4.1395
UKR 2021,17846,4.2516
UKR 2020,17093,4.2328
UKR 2019,17637,4.2464
UKR 2018,16979,4.2299
UKR 2017,16310,4.2125
UKR 2016,15857,4.2002
UKR 2015,15404,4.1876
UKR 2014,16979,4.2299
UKR 2013,17889,4.2526
UKR 2012,17849,4.2516
UKR 2011,17784,4.25
UKR 2010,16812,4.2256
UKR 2009,16093,4.2066
UKR 2008,18884,4.2761
UKR 2007,18374,4.2642
UKR 2006,16902,4.2279
UKR 2005,15611,4.1934
UKR 2004,15021,4.1767
UKR 2003,13343,4.1252
UKR 2002,12093,4.0825
UKR 2001,11379,4.0561
UKR 2000,10364,4.0155
ARE 2023,70240,4.8466
ARE 2022,70076,4.8456
ARE 2021,68580,4.8362
ARE 2020,66809,4.8248
ARE 2019,72823,4.8623
ARE 2018,72671,4.8614
ARE 2017,72529,4.8605
ARE 2016,75671,4.8789
ARE 2015,75239,4.8764
ARE 2014,74145,4.8701
ARE 2013,74237,4.8706
ARE 2012,73644,4.8671
ARE 2011,73190,4.8645
ARE 2010,70914,4.8507
ARE 2009,71489,4.8542
ARE 2008,80285,4.9046
ARE 2007,87181,4.9404
ARE 2006,94873,4.9771
ARE 2005,92751,4.9673
ARE 2004,93166,4.9693
ARE 2003,89828,4.9534
ARE 2002,87479,4.9419
ARE 2001,90750,4.9578
ARE 2000,95391,4.9795
GBR 2023,53423,4.7277
GBR 2022,53980,4.7322
GBR 2021,51840,4.7147
GBR 2020,47931,4.6806
GBR 2019,53374,4.7273
GBR 2018,52983,4.7241
GBR 2017,52429,4.7196
GBR 2016,51168,4.709
GBR 2015,50463,4.703
GBR 2014,49763,4.6969
GBR 2013,48601,4.6866
GBR 2012,48100,4.6821
GBR 2011,47714,4.6786
GBR 2010,47683,4.6784
GBR 2009,46996,4.6721
GBR 2008,49629,4.6957
GBR 2007,50046,4.6994
GBR 2006,49001,4.6902
GBR 2005,48305,4.684
GBR 2004,47317,4.675
GBR 2003,46505,4.6675
GBR 2002,45265,4.6558
GBR 2001,44694,4.6502
GBR 2000,43818,4.6417
USA 2023,74352,4.8713
USA 2022,72829,4.8623
USA 2021,71441,4.8539
USA 2020,67407,4.8287
USA 2019,69121,4.8396
USA 2018,67728,4.8308
USA 2017,66164,4.8206
USA 2016,65026,4.8131
USA 2015,64368,4.8087
USA 2014,63027,4.7995
USA 2013,61967,4.7922
USA 2012,61142,4.7863
USA 2011,60253,4.78
USA 2010,59797,4.7767
USA 2009,58722,4.7688
USA 2008,60806,4.7839
USA 2007,61314,4.7876
USA 2006,60684,4.7831
USA 2005,59612,4.7753
USA 2004,58139,4.7645
USA 2003,56505,4.7521
USA 2002,55443,4.7438
USA 2001,55024,4.7406
USA 2000,55046,4.7407
URY 2023,31101,4.4928
URY 2022,30840,4.4891
URY 2021,29432,4.4688
URY 2020,27788,4.4439
URY 2019,30011,4.4773
URY 2018,29758,4.4736
URY 2017,29762,4.4737
URY 2016,29333,4.4673
URY 2015,28942,4.4615
URY 2014,28935,4.4614
URY 2013,28119,4.449
URY 2012,26953,4.4306
URY 2011,26099,4.4166
URY 2010,24880,4.3958
URY 2009,23138,4.3643
URY 2008,22249,4.3473
URY 2007,20804,4.3181
URY 2006,19560,4.2914
URY 2005,18811,4.2744
URY 2004,17519,4.2435
URY 2003,16694,4.2226
URY 2002,16573,4.2194
URY 2001,17987,4.255
URY 2000,18752,4.273
UZB 2023,10514,4.0218
UZB 2022,10091,4.004
UZB 2021,9706,3.987
UZB 2020,9145,3.9612
UZB 2019,9169,3.9623
UZB 2018,8743,3.9416
UZB 2017,8413,3.925
UZB 2016,8173,3.9124
UZB 2015,7792,3.8917
UZB 2014,7344,3.866
UZB 2013,6933,3.8409
UZB 2012,6525,3.8146
UZB 2011,6171,3.7903
UZB 2010,5795,3.7631
UZB 2009,5472,3.7381
UZB 2008,5146,3.7115
UZB 2007,4793,3.6806
UZB 2006,4440,3.6474
UZB 2005,4186,3.6218
UZB 2004,3963,3.598
UZB 2003,3734,3.5722
UZB 2002,3626,3.5594
UZB 2001,3531,3.5478
UZB 2000,3431,3.5354
VUT 2023,3783,3.5778
VUT 2022,3659,3.5633
VUT 2021,3546,3.5497
VUT 2020,3672,3.5649
VUT 2019,3987,3.6006
VUT 2018,3951,3.5967
VUT 2017,3948,3.5963
VUT 2016,3877,3.5885
VUT 2015,3826,3.5827
VUT 2014,3780,3.5775
VUT 2013,3749,3.5739
VUT 2012,3815,3.5815
VUT 2011,3861,3.5867
VUT 2010,3826,3.5827
VUT 2009,3868,3.5875
VUT 2008,3850,3.5855
VUT 2007,3739,3.5727
VUT 2006,3724,3.571
VUT 2005,3518,3.5463
VUT 2004,3423,3.5344
VUT 2003,3373,3.528
VUT 2002,3315,3.5204
VUT 2001,3585,3.5545
VUT 2000,3806,3.5804
VNM 2023,13535,4.1315
VNM 2022,12980,4.1133
VNM 2021,12049,4.0809
VNM 2020,11851,4.0738
VNM 2019,11629,4.0655
VNM 2018,10937,4.0389
VNM 2017,10291,4.0124
VNM 2016,9743,3.9887
VNM 2015,9248,3.966
VNM 2014,8752,3.9421
VNM 2013,8324,3.9203
VNM 2012,7980,3.902
VNM 2011,7653,3.8838
VNM 2010,7275,3.8618
VNM 2009,6914,3.8398
VNM 2008,6659,3.8234
VNM 2007,6419,3.8074
VNM 2006,6098,3.7852
VNM 2005,5776,3.7617
VNM 2004,5421,3.7341
VNM 2003,5090,3.7067
VNM 2002,4810,3.6821
VNM 2001,4570,3.6599
VNM 2000,4349,3.6384
VIR 2022,46479,4.6673
VIR 2021,46894,4.6711
VIR 2020,45056,4.6538
VIR 2019,45633,4.6593
VIR 2018,44205,4.6455
VIR 2017,43277,4.6363
VIR 2016,43502,4.6385
VIR 2015,42739,4.6308
VIR 2014,42854,4.632
VIR 2013,43564,4.6391
VIR 2012,46422,4.6667
VIR 2011,54443,4.7359
VIR 2010,59272,4.7729
VIR 2009,58895,4.7701
VIR 2008,63058,4.7997
VIR 2007,62333,4.7947
VIR 2006,59912,4.7775
VIR 2005,57838,4.7622
VIR 2004,55883,4.7473
VIR 2003,54086,4.7331
VIR 2002,54299,4.7348
PSE 2023,5562,3.7453
PSE 2022,5753,3.7599
PSE 2021,5663,3.7531
PSE 2020,5424,3.7343
PSE 2019,6270,3.7973
PSE 2018,6343,3.8023
PSE 2017,6427,3.808
PSE 2016,6464,3.8105
PSE 2015,6073,3.7834
PSE 2014,5990,3.7775
PSE 2013,6142,3.7883
PSE 2012,6009,3.7788
PSE 2011,5805,3.7638
PSE 2010,5432,3.735
PSE 2009,5271,3.7219
PSE 2008,4985,3.6976
PSE 2007,4770,3.6785
PSE 2006,4714,3.6734
PSE 2005,4885,3.6889
PSE 2004,4503,3.6535
PSE 2003,3789,3.5785
PSE 2002,3409,3.5326
PSE 2001,3997,3.6017
PSE 2000,4521,3.6552
ZMB 2023,3673,3.5651
ZMB 2022,3585,3.5545
ZMB 2021,3503,3.5444
ZMB 2020,3392,3.5304
ZMB 2019,3592,3.5553
ZMB 2018,3647,3.5619
ZMB 2017,3613,3.5578
ZMB 2016,3598,3.5561
ZMB 2015,3577,3.5535
ZMB 2014,3586,3.5546
ZMB 2013,3535,3.5484
ZMB 2012,3475,3.5409
ZMB 2011,3336,3.5232
ZMB 2010,3267,3.5141
ZMB 2009,3066,3.4866
ZMB 2008,2908,3.4636
ZMB 2007,2796,3.4466
ZMB 2006,2673,3.4271
ZMB 2005,2564,3.409
ZMB 2004,2472,3.393
ZMB 2003,2384,3.3773
ZMB 2002,2299,3.3616
ZMB 2001,2269,3.3558
ZMB 2000,2221,3.3465
ZWE 2023,5218,3.7175
ZWE 2022,5037,3.7022
ZWE 2021,4827,3.6837
ZWE 2020,4528,3.6559
ZWE 2019,4994,3.6984
ZWE 2018,5415,3.7336
ZWE 2017,5234,3.7189
ZWE 2016,5070,3.705
ZWE 2015,5103,3.7078
ZWE 2014,5081,3.706
ZWE 2013,5032,3.7017
ZWE 2012,5004,3.6993
ZWE 2011,4359,3.6394
ZWE 2010,3885,3.5894
ZWE 2009,3299,3.5184
ZWE 2008,2954,3.4704
ZWE 2007,3632,3.5601
ZWE 2006,3819,3.582
ZWE 2005,4005,3.6026
ZWE 2004,4288,3.6322
ZWE 2003,4602,3.6629
ZWE 2002,5610,3.749
ZWE 2001,6217,3.7936
ZWE 2000,6170,3.7903
